customer_id,full_name,customer_type,gender,birth_date,email,phone,city,kvkk_consent,marketing_consent,created_at,updated_at
C000001,İbrahim Bulut,individual,M,1975-06-09,ibrahim.bulut4@yahoo.com,+905429933989,İstanbul,True,True,2024-06-30T13:03:10,2024-12-17T13:03:10
C000002,Halil Turan,individual,M,1988-07-11,halil.turan@hotmail.com,+905428326182,İstanbul,True,True,2026-01-06T14:01:52,2026-01-27T14:01:52
C000003,Esra Aydın,individual,F,1983-12-11,,+905344429190,İstanbul,True,False,2025-10-02T18:35:15,2026-01-31T18:35:15
C000004,Meridyen Danışmanlık Ltd. Şti.,corporate,,,meridyendanismanlik@meridyen.com.tr,+905447297363,Eskişehir,True,False,2024-10-01T19:45:06,2024-11-22T19:45:06
C000005,İrem Koç,individual,F,1994-04-01,irem.koc@icloud.com,+905367494546,ankara,True,True,2025-10-11T05:03:56,2025-12-11T05:03:56
C000006,Onur Karaca,individual,M,1981-09-22,onur.karaca@yahoo.com,+905481759998,İzmir,True,True,2025-07-19T06:37:15,2025-08-23T06:37:15
C000007,Kuzey Gıda A.Ş.,corporate,,,kuzeygida@kuzey.com.tr,+905532535336,Ankara,True,False,2025-02-23T10:13:22,2025-05-23T10:13:22
C000008,Ege Danışmanlık Ltd. Şti.,corporate,,,egedanismanlik@ege.com.tr,+905448044616,Ankara,True,True,2024-09-15T11:24:48,2025-01-27T11:24:48
C000009,Tolga Yıldız,individual,M,1981-07-18,tolga.yildiz54@gmail.com,+905381194508,İstanbul,True,False,2025-03-24T14:46:28,2025-07-10T14:46:28
C000010,Ufuk İnşaat Ltd. Şti.,corporate,,,ufukinsaat@ufuk.com.tr,+905376934803,İstanbul,True,False,2024-02-02T10:22:48,2024-04-06T10:22:48
C000011,Merve Arslan,individual,F,1991-12-02,merve.arslan31@yahoo.com,+905583854249,Kocaeli,False,True,2026-02-25T18:57:34,2026-06-29T18:57:34
C000012,Aslı Çelik,individual,F,1989-07-07,asli.celik95@yahoo.com,+905327737471,Samsun,True,False,2026-08-22T15:48:46,2026-09-14T15:48:46
C000013,Cem Uzun,individual,M,1971-07-11,cem.uzun73@yahoo.com,0 (530) 943-1317,İstanbul,True,True,2025-11-26T23:42:28,2025-12-09T23:42:28
C000014,Umut Koç,individual,M,1996-03-12,umut.koc98@icloud.com,+905445506670,Mersin,True,True,2025-12-30T11:32:29,2026-02-02T11:32:29
C000015,Nazlı Yılmaz,individual,F,1984-10-20,nazli.yilmaz@gmail.com,+905358778828,Ankara,True,False,2024-12-01T05:41:29,2025-05-10T05:41:29
C000016,Atlas Danışmanlık Ltd. Şti.,corporate,,,atlasdanismanlik@atlas.com.tr,+905392189950,İstanbul,True,False,2026-08-01T14:15:08,2026-11-06T14:15:08
C000017,Ebru Kurt,individual,F,1981-11-20,ebru.kurt63@outlook.com,+905421058599,İstanbul,True,False,2025-11-29T05:10:57,2026-06-10T05:10:57
C000018,Ali Özkan,individual,M,1980-05-16,ali.ozkan@yahoo.com,+905433093766,Kocaeli,True,False,2023-12-30T09:41:05,2024-07-03T09:41:05
C000019,Selin Turan,individual,F,1971-03-06,selin.turan@gmail.com,+905435779148,Gaziantep,True,False,2024-06-27T20:09:04,2024-08-15T20:09:04
C000020,Meridyen Yazılım A.Ş.,corporate,,,meridyenyazilim@meridyen.com.tr,05342730711,İzmir,True,True,2024-09-27T12:00:02,2025-03-10T12:00:02
C000021,Esra Keskin,individual,F,1985-07-30,esra.keskin12@hotmail.com,+905358478945,İstanbul,True,False,2024-04-02T03:14:31,2024-04-12T03:14:31
C000022,Umut Yıldırım,individual,M,1983-03-30,umut.yildirim84@outlook.com,+905373052628,İstanbul,True,True,2026-05-01T16:38:42,2026-06-19T16:38:42
C000023,Oğuz Keskin,individual,M,1996-12-06,oguz.keskin82@icloud.com,+905328534178,Denizli,True,False,2025-09-25T04:26:59,2026-03-12T04:26:59
C000024,İbrahim Özdemir,individual,M,1987-04-17,ibrahim.ozdemir@outlook.com,+905558503285,Ankara,True,False,2026-07-25T21:07:05,2026-10-25T21:07:05
C000025,Zirve Teknoloji A.Ş.,corporate,,,zirveteknoloji@zirve.com.tr,05364044131,İstanbul,True,True,2025-06-23T23:17:05,2025-09-04T23:17:05
C000026,İrem Yalçın,individual,F,1969-05-16,irem.yalcin90@gmail.com,+905469644436,İstanbul,True,False,2025-01-17T18:48:38,2025-07-05T18:48:38
C000027,Aslı Polat,individual,F,1974-01-02,asli.polat@yahoo.com,5572188925,Gaziantep,True,True,2024-04-10T10:20:05,2024-08-12T10:20:05
C000028,Ayşe Öztürk,individual,F,1996-04-19,ayse.ozturk@outlook.com,+905539969937,İzmir,False,True,2025-01-01T00:48:42,2025-06-09T00:48:42
C000029,Ufuk Tekstil Ltd. Şti.,corporate,,,ufuktekstil@ufuk.com.tr,+905461070682,İstanbul,True,True,2024-01-21T11:57:24,2024-05-14T11:57:24
C000030,Emre Şahin,individual,M,2002-11-18,emre.sahin92@hotmail.com,+905325393740,İstanbul,True,False,2025-10-30T00:29:18,2026-03-10T00:29:18
C000031,Halil Tekin,individual,M,1981-05-27,halil.tekin27@gmail.com,+905349651678,İstanbul,False,True,2024-08-09T10:34:34,2024-09-07T10:34:34
C000032,Mustafa Bulut,individual,M,1993-08-31,mustafa.bulut77@gmail.com,+905591044015,İstanbul,False,True,2025-08-15T04:45:40,2026-01-05T04:45:40
C000033,Ebru Sarı,individual,F,1967-01-05,ebru.sari68@hotmail.com,+905544881713,ankara,True,True,2025-10-31T12:12:11,2025-12-29T12:12:11
C000034,Hüseyin Ünal,individual,M,1999-08-19,huseyin.unal@icloud.com,+905538532068,İstanbul,True,False,2026-08-27T18:08:31,2026-08-31T18:08:31
C000035,Ege Tekstil Ltd. Şti.,corporate,,,egetekstil@ege.com.tr,0537 316 74 52,İstanbul,True,False,2025-08-30T06:13:06,2026-02-07T06:13:06
C000036,Ceren Uzun,individual,F,1985-10-31,ceren.uzun81@yahoo.com,+905583146975,Kocaeli,True,True,2025-06-25T21:10:17,2025-11-05T21:10:17
C000037,İbrahim Sarı,individual,M,1969-03-30,ibrahim.sari45@hotmail.com,+905505540778,İstanbul,True,False,2024-04-09T17:59:27,2024-04-26T17:59:27
C000038,Beyza Şimşek,individual,F,1987-03-08,beyza.simsek@yahoo.com,+905485583819,Muğla,True,True,2025-11-29T20:52:42,2025-12-09T20:52:42
C000039,Dilara Erdoğan,individual,F,1990-04-05,dilara.erdogan@yahoo.com,+905468056727,Ankara,True,False,2024-03-20T18:50:54,2024-06-17T18:50:54
C000040,Halil Yalçın,individual,M,1972-11-23,halil.yalcin@yahoo.com,+905345154925,Konya,True,True,2024-02-21T18:25:14,2024-06-01T18:25:14
C000041,Marmara Gıda A.Ş.,corporate,,,marmaragida@marmara.com.tr,+905428070222,İstanbul,True,True,2025-07-05T11:30:41,2025-11-04T11:30:41
C000042,Emre Çelik,individual,M,1996-02-08,emre.celik4@outlook.com,+905361857178,Ankara,True,False,2024-02-10T19:54:15,2024-06-03T19:54:15
C000043,Ayşe Karaca,individual,F,1987-09-09,ayse.karaca54@icloud.com,+905409655940,İzmir,True,False,2025-03-30T20:32:44,2025-07-10T20:32:44
C000044,Emre Karaca,individual,M,1992-10-12,emre.karaca@hotmail.com,+905312042710,Ankara,True,False,2024-08-11T00:13:02,2025-01-22T00:13:02
C000045,Ayşe Çelik,individual,F,1973-12-25,ayse.celik@gmail.com,+905547355482,İstanbul,True,True,2024-12-22T17:17:14,2025-06-11T17:17:14
C000046,Boğaziçi İnşaat A.Ş.,corporate,,,bogaziciinsaat@bogazici.com.tr,+905595046207,Konya,True,False,2023-11-24T19:29:07,2024-04-26T19:29:07
C000047,Halil Demir,individual,M,1984-05-11,halil.demir@outlook.com,+905512493161,İstanbul,True,False,2024-04-17T17:01:04,2024-10-25T17:01:04
C000048,Zeynep Keskin,individual,F,1968-06-27,zeynep.keskin33@hotmail.com,+905314904010,Antalya,True,True,2023-11-28T13:46:26,2024-01-28T13:46:26
C000049,Akdeniz Medya A.Ş.,corporate,,,akdenizmedya@akdeniz.com.tr,+905355411777,İstanbul,True,True,2024-03-17T22:24:36,2024-03-19T22:24:36
C000050,Tolga Aslan,individual,M,1985-12-12,tolga.aslan@icloud.com,+905317524544,Antalya,True,True,2025-07-04T12:43:44,2025-09-15T12:43:44
C000051,Hüseyin Tekin,individual,M,1961-09-05,huseyin.tekin@icloud.com,+905338652467,Ankara,True,True,2025-03-07T05:48:18,2025-08-23T05:48:18
C000052,Tolga Kara,individual,M,1983-07-03,tolga.kara1@yahoo.com,+905371223408,İstanbul,True,True,2024-09-06T16:59:36,2024-11-29T16:59:36
C000053,Zirve Turizm A.Ş.,corporate,,,zirveturizm@zirve.com.tr,+905456703927,Bursa,False,False,2024-08-03T10:38:27,2025-01-25T10:38:27
C000054,İbrahim Yıldırım,individual,M,1996-07-19,ibrahim.yildirim@gmail.com,+905335564047,Gaziantep,True,False,2023-11-22T03:36:50,2024-04-16T03:36:50
C000055,Eren Güneş,individual,M,1981-03-19,eren.gunes@outlook.com,0 (530) 211-4827,İstanbul,True,False,2025-11-12T17:25:54,2026-05-23T17:25:54
C000056,Onur Aksoy,individual,M,1978-07-19,onur.aksoy@yahoo.com,+905465863708,İstanbul,True,False,2024-05-01T18:56:37,2024-10-08T18:56:37
C000057,Nazlı Şahin,individual,F,1995-02-04,nazli.sahin@gmail.com,+905308789108,Antalya,True,False,2025-09-09T18:49:28,2025-11-24T18:49:28
C000058,Mehmet Taş,individual,M,1983-12-26,mehmet.tas@outlook.com,+905307836825,İzmir,True,False,2025-04-04T11:42:32,2025-06-23T11:42:32
C000059,Tuğba Yıldırım,individual,F,1955-02-25,tugba.yildirim@hotmail.com,0 (533) 347-3425,İstanbul,True,True,2024-07-25T01:03:52,2024-12-07T01:03:52
C000060,İbrahim Kılıç,individual,M,1961-12-18,ibrahim.kilic76@icloud.com,+905336173846,İstanbul,False,False,2024-11-21T06:55:25,2025-04-16T06:55:25
C000061,Serkan Aydın,individual,M,1985-06-09,serkan.aydin9@yahoo.com,+905303716314,İstanbul,True,True,2025-04-30T23:04:41,2025-07-29T23:04:41
C000062,Hasan Kurt,individual,M,1993-01-18,hasan.kurt@yahoo.com,+905463928084,İstanbul,True,True,2024-07-09T06:54:18,2025-01-21T06:54:18
C000063,Büşra Çelik,individual,F,1998-04-13,busra.celik18@yahoo.com,+905303549222,Gaziantep,True,False,2024-02-19T01:16:25,2024-06-15T01:16:25
C000064,Selim Ateş,individual,M,1989-03-31,selim.ates@gmail.com,+905535232482,Eskişehir,True,True,2024-06-20T02:34:09,2024-07-27T02:34:09
C000065,Mehmet Sarı,individual,M,1986-11-22,mehmet.sari@gmail.com,+905381369711,İstanbul,True,True,2023-10-11T05:05:14,2024-04-24T05:05:14
C000066,Zeynep Kara,individual,F,1995-07-28,zeynep.kara77@hotmail.com,+905369794275,Bursa,True,True,2025-01-05T12:14:09,2025-03-06T12:14:09
C000067,Yıldız Otomotiv Yan Sanayi Ltd. Şti.,corporate,,,yildizotomotivyansanayi@yildiz.com.tr,+905453473543,İstanbul,True,True,2024-01-01T12:53:13,2024-04-07T12:53:13
C000068,Derya Aslan,individual,F,1971-06-12,derya.aslan24@yahoo.com,+905367695496,Bursa,False,True,2024-08-31T16:30:10,2024-11-05T16:30:10
C000069,Cansu Şahin,individual,F,1977-09-19,cansu.sahin@hotmail.com,+905572694897,ISTANBUL,True,True,2024-01-31T04:43:12,2024-06-20T04:43:12
C000070,Cem Yılmaz,individual,M,2002-05-27,cem.yilmaz28@yahoo.com,+905432464691,İzmir,True,False,2026-03-23T14:04:06,2026-05-20T14:04:06
C000071,Burak Turan,individual,M,1964-10-16,burak.turan72@outlook.com,+905468192920,İstanbul,True,True,2026-02-07T14:18:42,2026-05-21T14:18:42
C000072,Yıldız Yazılım A.Ş.,corporate,,,yildizyazilim@yildiz.com.tr,+905411171307,İstanbul,True,False,2024-11-27T22:40:08,2025-05-15T22:40:08
C000073,Berk Ateş,individual,M,1969-05-03,berk.ates77@yahoo.com,+905312556495,Bursa,True,False,2024-02-06T05:28:37,2024-03-29T05:28:37
C000074,Hüseyin Kılıç,individual,M,1984-01-11,huseyin.kilic@outlook.com,0 (546) 248-8643,Samsun,True,True,2024-11-29T01:27:40,2025-04-02T01:27:40
C000075,İbrahim Şahin,individual,M,2002-10-30,ibrahim.sahin@icloud.com,+905558864995,İstanbul,True,False,2023-09-21T20:49:23,2023-10-28T20:49:23
C000076,Berk Sarı,individual,M,1971-06-28,berk.sari@gmail.com,+905429318039,Muğla,True,False,2024-02-12T20:44:31,2024-05-24T20:44:31
C000077,Naz Polat,individual,F,1980-05-18,naz.polat@gmail.com,+905409653945,İstanbul,True,True,2024-11-07T03:18:36,2025-05-09T03:18:36
C000078,Mehmet Karaca,individual,M,2002-03-01,mehmet.karaca@yahoo.com,+905451798949,İstanbul,True,False,2024-11-26T19:45:04,2025-04-23T19:45:04
C000079,Delta Danışmanlık Ltd. Şti.,corporate,,,deltadanismanlik@delta.com.tr,+905535525924,Gaziantep,True,False,2026-04-01T03:39:13,2026-04-20T03:39:13
C000080,Selin Şahin,individual,F,1964-02-13,selin.sahin87@icloud.com,+905486142588,İstanbul,True,False,2024-09-16T19:27:59,2025-01-10T19:27:59
C000081,Zeynep Doğan,individual,F,1983-09-02,zeynep.dogan39@gmail.com,+905501420873,İstanbul,False,True,2024-08-03T17:28:46,2024-10-09T17:28:46
C000082,Arda Çelik,individual,M,1991-07-20,arda.celik20@hotmail.com,+905445092320,Ankara,True,True,2023-11-03T09:48:33,2023-12-24T09:48:33
C000083,Cem Öztürk,individual,M,2002-10-14,cem.ozturk25@icloud.com,+905567954066,Antalya,False,False,2024-07-27T23:30:23,2025-01-23T23:30:23
C000084,Boğaziçi Sağlık A.Ş.,corporate,,,bogazicisaglik@bogazici.com.tr,+905464826452,İstanbul,True,False,2024-05-02T06:18:52,2024-05-21T06:18:52
C000085,Aslı Demir,individual,F,1987-12-04,asli.demir@icloud.com,+905523664295,Bursa,True,True,2026-03-22T00:21:25,2026-04-13T00:21:25
C000086,Mustafa Aksoy,individual,M,1961-04-16,mustafa.aksoy@icloud.com,+905372600487,İstanbul,True,True,2024-10-27T01:51:42,2025-04-14T01:51:42
C000087,Efe Yalçın,individual,M,1971-06-20,efe.yalcin86@outlook.com,5373997795,Ankara,True,False,2025-10-28T14:47:04,2025-12-15T14:47:04
C000088,Ömer Koç,individual,M,1963-08-06,omer.koc@hotmail.com,+905402185793,İstanbul,True,False,2025-04-03T13:00:07,2025-04-20T13:00:07
C000089,Eren Polat,individual,M,1996-07-17,eren.polat86@hotmail.com,+905349251634,İstanbul,True,False,2023-10-04T21:06:46,2023-10-18T21:06:46
C000090,Esra Taş,individual,F,2002-07-22,esra.tas@hotmail.com,+905448552901,Antalya,True,True,2024-10-11T17:44:15,2024-11-10T17:44:15
C000091,Eren Şimşek,individual,M,1959-12-30,eren.simsek@yahoo.com,+905369314048,ISTANBUL,True,False,2025-12-01T10:01:04,2026-04-30T10:01:04
C000092,Sude Çelik,individual,F,1974-01-14,sude.celik43@gmail.com,+905444536346,İzmir,True,True,2024-02-15T15:29:24,2024-05-07T15:29:24
C000093,Serkan Avcı,individual,M,1979-04-24,serkan.avci@icloud.com,+905351816258,İstanbul,True,True,2025-05-02T00:54:08,2025-09-14T00:54:08
C000094,Ali Çelik,individual,M,1977-08-02,ali.celik@icloud.com,+905409527819,İstanbul,True,False,2025-04-05T08:48:03,2025-06-22T08:48:03
C000095,İbrahim Keskin,individual,M,1982-08-19,ibrahim.keskin19@outlook.com,+905504673409,İstanbul,True,True,2025-08-09T21:31:01,2026-01-21T21:31:01
C000096,Hüseyin Çakır,individual,M,1979-12-11,huseyin.cakir79@gmail.com,+905588745672,Antalya,True,False,2024-04-05T09:41:43,2024-05-09T09:41:43
C000097,Boğaziçi Enerji A.Ş.,corporate,,,,+905579192941,İzmir,True,True,2024-01-21T12:32:59,2024-05-09T12:32:59
C000098,Gizem Arslan,individual,F,1984-05-01,gizem.arslan71@yahoo.com,+905437168848,İstanbul,True,True,2026-08-04T21:13:37,2026-12-22T21:13:37
C000099,Oğuz Sarı,individual,M,1976-03-01,oguz.sari84@outlook.com,+905436689821,Ankara,True,True,2025-04-19T17:39:46,2025-07-08T17:39:46
C000100,Arda Yalçın,individual,M,1997-02-10,arda.yalcin@gmail.com,+905446636047,Antalya,True,False,2023-12-26T03:17:31,2024-03-26T03:17:31
C000101,Eren Ateş,individual,M,1985-09-29,eren.ates@outlook.com,+905472509295,Gaziantep,True,True,2024-04-28T10:17:56,2024-07-27T10:17:56
C000102,Atlas İnşaat Ltd. Şti.,corporate,,,atlasinsaat@atlas.com.tr,+905334510562,İstanbul,False,True,2026-01-21T11:26:40,2026-07-29T11:26:40
C000103,Halil Aydın,individual,M,1968-11-20,halil.aydin92@outlook.com,+905373435689,Kocaeli,True,False,2024-01-30T23:15:46,2024-04-29T23:15:46
C000104,Ali Yıldırım,individual,M,1990-12-01,ali.yildirim@icloud.com,+905491011226,Bursa,False,True,2026-01-20T08:13:26,2026-08-06T08:13:26
C000105,Hüseyin Kurt,individual,M,1970-09-29,huseyin.kurt46@outlook.com,+905507867807,İstanbul,True,False,2024-10-09T09:33:09,2024-12-18T09:33:09
C000106,Aslı Aslan,individual,F,1967-05-01,asli.aslan79@outlook.com,+905346128777,Samsun,True,True,2024-06-20T13:08:57,2024-12-12T13:08:57
C000107,Boğaziçi Medya A.Ş.,corporate,,,bogazicimedya@bogazici.com.tr,+905438656421,İstanbul,True,False,2023-12-05T23:35:20,2024-05-07T23:35:20
C000108,Gamze Koç,individual,F,2002-10-02,gamze.koc@icloud.com,+905311834804,Kocaeli,True,False,2026-02-18T11:57:35,2026-06-15T11:57:35
C000109,Tolga Koç,individual,M,1965-10-15,tolga.koc41@gmail.com,+905497763416,İstanbul,True,True,2024-04-28T19:01:55,2024-07-04T19:01:55
C000110,Mustafa Güneş,individual,M,1973-11-11,mustafa.gunes97@outlook.com,+905574536263,İstanbul,True,False,2025-08-16T23:20:29,2026-02-23T23:20:29
C000111,Mehmet Yılmaz,individual,M,1986-02-28,mehmet.yilmaz@outlook.com,+905464455594,Ankara,True,True,2025-11-26T00:46:24,2026-05-10T00:46:24
C000112,Deniz Aydın,individual,M,1985-09-29,deniz.aydin@outlook.com,+905406051007,Kocaeli,True,True,2024-12-03T00:14:03,2024-12-29T00:14:03
C000113,Hasan Acar,individual,M,1977-07-08,hasan.acar1@icloud.com,+905536816616,Samsun,True,False,2024-04-21T05:32:54,2024-05-10T05:32:54
C000114,Beyza Güneş,individual,F,1962-07-30,beyza.gunes@icloud.com,+905501242847,İstanbul,True,True,2024-07-27T11:23:15,2024-09-07T11:23:15
C000115,Ayşe Öztürk,individual,F,1991-11-06,ayse.ozturk32@gmail.com,+905404080319,İstanbul,True,True,2025-03-29T12:29:18,2025-05-20T12:29:18
C000116,Cansu Özdemir,individual,F,1999-12-21,cansu.ozdemir@icloud.com,+905358671440,İstanbul,True,False,2024-01-06T04:00:39,2024-05-23T04:00:39
C000117,Anadolu Enerji A.Ş.,corporate,,,anadoluenerji@anadolu.com.tr,+905449537808,İstanbul,True,False,2025-03-30T12:14:42,2025-09-30T12:14:42
C000118,Efe Ateş,individual,M,2002-11-06,efe.ates79@hotmail.com,+905442152473,Ankara,True,True,2024-11-09T21:25:01,2025-05-24T21:25:01
C000119,Melis Aydın,individual,F,1989-12-04,melis.aydin79@gmail.com,+905549395015,Denizli,True,True,2025-07-25T15:57:53,2025-09-17T15:57:53
C000120,Murat Erdoğan,individual,M,1991-07-30,murat.erdogan96@gmail.com,+905451851757,İstanbul,True,False,2024-09-14T05:30:28,2025-03-26T05:30:28
C000121,Halil Çakır,individual,M,1985-08-23,halil.cakir@hotmail.com,+905471941354,Denizli,True,False,2024-03-18T12:35:57,2024-07-29T12:35:57
C000122,Eren Kara,individual,M,1983-06-02,eren.kara@gmail.com,+905321238791,Ankara,True,False,2023-10-14T03:57:31,2023-11-30T03:57:31
C000123,Kuzey Danışmanlık Ltd. Şti.,corporate,,,kuzeydanismanlik@kuzey.com.tr,+905568908871,İstanbul,True,False,2025-02-26T01:56:14,2025-03-09T01:56:14
C000124,Halil Aksoy,individual,M,1981-10-06,halil.aksoy@icloud.com,+905558663580,Mersin,True,False,2026-01-15T07:28:07,2026-02-21T07:28:07
C000125,Berk Özdemir,individual,M,1986-05-24,berk.ozdemir@hotmail.com,+905584329858,İstanbul,True,True,2026-08-11T11:10:50,2027-02-03T11:10:50
C000126,Nazlı Arslan,individual,F,1963-04-03,nazli.arslan93@hotmail.com,+905437211140,Ankara,True,False,2025-03-24T09:07:50,2025-04-15T09:07:50
C000127,Yıldız Lojistik A.Ş.,corporate,,,yildizlojistik@yildiz.com.tr,+905572928937,ankara,True,True,2024-10-18T03:31:41,2025-01-24T03:31:41
C000128,Hasan Korkmaz,individual,M,1979-09-10,hasan.korkmaz@yahoo.com,+905499916670,İstanbul,True,True,2025-05-31T06:38:59,2025-11-21T06:38:59
C000129,Zirve Medya A.Ş.,corporate,,,zirvemedya@zirve.com.tr,+905586946399,Muğla,True,True,2025-02-06T12:13:26,2025-02-14T12:13:26
C000130,Ufuk Yazılım Ltd. Şti.,corporate,,,ufukyazilim@ufuk.com.tr,+905333544053,Adana,True,True,2026-05-26T07:08:41,2026-06-06T07:08:41
C000131,Selim Kara,individual,M,1986-03-29,selim.kara44@outlook.com,+905398121479,Mersin,True,False,2024-07-13T22:15:06,2024-08-19T22:15:06
C000132,Hasan Yıldırım,individual,M,2000-11-22,hasan.yildirim@yahoo.com,5482142417,Konya,True,True,2026-08-04T15:09:56,2026-10-20T15:09:56
C000133,Furkan Demir,individual,M,2002-06-24,furkan.demir85@yahoo.com,+905354523561,İstanbul,True,True,2024-10-28T15:46:52,2025-02-18T15:46:52
C000134,Emre Kılıç,individual,M,1989-04-02,emre.kilic85@yahoo.com,+905542968337,Mersin,True,False,2024-04-14T04:00:16,2024-10-05T04:00:16
C000135,Kuzey Tekstil A.Ş.,corporate,,,kuzeytekstil@kuzey.com.tr,+905342756117,İstanbul,True,False,2026-08-06T01:10:20,2026-09-27T01:10:20
C000136,Oğuz Çetin,individual,M,1959-07-07,oguz.cetin@hotmail.com,+905402009638,Konya,True,True,2024-01-19T14:06:09,2024-02-06T14:06:09
C000137,Ahmet Kılıç,individual,M,1986-08-11,ahmet.kilic18@yahoo.com,+905502458845,İzmir,True,False,2024-03-10T13:44:47,2024-06-04T13:44:47
C000138,Sude Kurt,individual,F,1993-06-09,sude.kurt@gmail.com,+905584930006,Ankara,False,True,2025-02-27T10:14:17,2025-06-09T10:14:17
C000139,Zirve Tekstil A.Ş.,corporate,,,zirvetekstil@zirve.com.tr,+905516738480,İstanbul,True,False,2025-02-05T20:57:55,2025-02-08T20:57:55
C000140,Nur Keskin,individual,F,1978-07-27,nur.keskin@yahoo.com,+905425104506,Antalya,True,False,2026-05-17T07:32:20,2026-09-21T07:32:20
C000141,Eren Sarı,individual,M,1991-04-29,eren.sari37@outlook.com,+905451410728,Kocaeli,True,True,2024-10-10T01:11:33,2025-03-06T01:11:33
C000142,Anadolu İnşaat A.Ş.,corporate,,,anadoluinsaat@anadolu.com.tr,+905523021522,IZMIR,True,True,2024-01-04T01:17:19,2024-06-30T01:17:19
C000143,Cansu Koç,individual,F,1979-09-16,cansu.koc@hotmail.com,+905357373417,Antalya,True,True,2025-04-03T03:41:57,2025-09-07T03:41:57
C000144,Yasemin Koç,individual,F,1984-07-21,yasemin.koc@gmail.com,+90 532 480 5277,Bursa,True,False,2024-02-12T01:17:10,2024-05-18T01:17:10
C000145,Ali Uzun,individual,M,1990-09-09,ali.uzun36@yahoo.com,+905417471503,Ankara,True,True,2024-09-11T15:08:51,2024-10-29T15:08:51
C000146,Kuzey Yazılım A.Ş.,corporate,,,kuzeyyazilim@kuzey.com.tr,+905419107173,İstanbul,True,False,2026-03-31T08:09:37,2026-05-17T08:09:37
C000147,Selim Polat,individual,M,1997-07-21,selim.polat@yahoo.com,5458123062,Eskişehir,True,True,2025-07-04T04:29:19,2025-11-23T04:29:19
C000148,Arda Keskin,individual,M,1981-01-07,,+905337416332,Adana,True,False,2026-08-19T12:38:01,2026-10-03T12:38:01
C000149,Cem Tekin,individual,M,1974-11-29,cem.tekin40@hotmail.com,+905584886611,Izmir,True,True,2025-07-21T01:05:01,2025-09-27T01:05:01
C000150,Esra Demir,individual,F,1990-04-07,esra.demir@yahoo.com,+905502727290,Bursa,True,False,2024-11-15T18:00:25,2025-05-29T18:00:25
C000151,Anadolu Danışmanlık Ltd. Şti.,corporate,,,anadoludanismanlik@anadolu.com.tr,+905423117307,Kocaeli,True,False,2024-06-17T14:16:14,2024-10-07T14:16:14
C000152,Damla Sarı,individual,F,1986-10-07,damla.sari@hotmail.com,+905558569546,İstanbul,True,False,2025-11-17T05:46:36,2025-12-29T05:46:36
C000153,Kuzey Turizm A.Ş.,corporate,,,kuzeyturizm@kuzey.com.tr,+905547908577,Ankara,True,False,2025-11-07T09:20:02,2025-11-24T09:20:02
C000154,Zeynep Korkmaz,individual,F,1989-08-05,zeynep.korkmaz@icloud.com,05527213616,İzmir,False,True,2025-02-07T11:34:28,2025-06-17T11:34:28
C000155,Kerem Öztürk,individual,M,1984-08-18,kerem.ozturk41@outlook.com,+905352668377,İstanbul,True,True,2025-01-26T05:53:01,2025-03-05T05:53:01
C000156,Ceren Şimşek,individual,F,1986-03-28,ceren.simsek28@yahoo.com,+905454618429,Konya,True,False,2024-01-27T17:33:36,2024-06-01T17:33:36
C000157,Kerem Taş,individual,M,1975-08-22,kerem.tas39@outlook.com,+905378635425,Adana,True,True,2026-06-01T15:08:18,2026-11-19T15:08:18
C000158,Barış Aydın,individual,M,1984-03-02,baris.aydin@hotmail.com,+905519777077,Denizli,True,True,2023-12-26T21:45:14,2024-03-23T21:45:14
C000159,Onur Bozkurt,individual,M,1989-08-09,onur.bozkurt12@hotmail.com,+905455546251,Ankara,True,False,2025-09-06T14:01:15,2025-12-31T14:01:15
C000160,Arda Tekin,individual,M,1988-10-10,arda.tekin52@outlook.com,+905581071644,Kocaeli,True,False,2025-01-10T10:45:09,2025-06-03T10:45:09
C000161,Cem Ateş,individual,M,1970-10-27,,+905385649143,Gaziantep,True,False,2023-12-17T11:21:19,2024-05-22T11:21:19
C000162,Murat Özkan,individual,M,2001-10-14,murat.ozkan@hotmail.com,+905581220057,Kocaeli,True,False,2025-06-26T08:39:45,2025-08-29T08:39:45
C000163,Yıldız Sağlık A.Ş.,corporate,,,yildizsaglik@yildiz.com.tr,+905521278035,Gaziantep,True,False,2025-05-10T11:51:57,2025-10-30T11:51:57
C000164,Arda Polat,individual,M,1982-12-25,arda.polat54@yahoo.com,+905533211297,Antalya,True,True,2025-04-05T05:37:21,2025-06-12T05:37:21
C000165,Serkan Acar,individual,M,1981-01-29,serkan.acar13@hotmail.com,+905392813814,İzmir,True,False,2025-01-05T18:55:06,2025-01-16T18:55:06
C000166,Delta Otomotiv Yan Sanayi Ltd. Şti.,corporate,,,deltaotomotivyansanayi@delta.com.tr,+905509297076,Eskişehir,True,True,2024-09-18T10:08:31,2024-11-15T10:08:31
C000167,Zirve Yazılım A.Ş.,corporate,,,zirveyazilim@zirve.com.tr,+905321666519,Muğla,True,False,2024-04-20T16:17:23,2024-09-13T16:17:23
C000168,Hasan Yıldız,individual,M,1984-06-14,hasan.yildiz@outlook.com,+905437341141,Bursa,True,True,2024-11-28T12:34:54,2025-02-05T12:34:54
C000169,Ceren Avcı,individual,F,1967-03-31,ceren.avci83@outlook.com,+905558933221,Bursa,True,True,2025-08-08T13:09:44,2025-08-23T13:09:44
C000170,Mustafa Kara,individual,M,1991-01-17,mustafa.kara56@outlook.com,+905485007405,Ankara,True,True,2024-07-09T06:56:27,2024-11-08T06:56:27
C000171,Emre Kılıç,individual,M,1995-04-11,emre.kilic44@hotmail.com,+905363975920,İstanbul,True,True,2026-08-26T17:17:38,2026-11-22T17:17:38
C000172,Ahmet Demir,individual,M,1998-06-26,ahmet.demir@hotmail.com,+905575426312,Denizli,True,False,2025-03-01T02:50:36,2025-09-16T02:50:36
C000173,Tolga Avcı,individual,M,1994-04-16,tolga.avci55@gmail.com,+905455055187,Mersin,True,True,2025-01-26T08:13:26,2025-02-23T08:13:26
C000174,Serkan Aksoy,individual,M,2002-12-04,serkan.aksoy22@icloud.com,+905339469685,İstanbul,True,False,2025-05-17T13:28:16,2025-06-25T13:28:16
C000175,İbrahim Bozkurt,individual,M,2002-09-11,ibrahim.bozkurt@yahoo.com,+905525428815,Ankara,False,True,2024-02-20T02:26:49,2024-08-07T02:26:49
C000176,Hande Kara,individual,F,1989-04-12,hande.kara@hotmail.com,+905406751244,Ankara,True,False,2026-08-23T21:55:38,2026-10-26T21:55:38
C000177,Gamze Yılmaz,individual,F,1974-11-01,gamze.yilmaz@gmail.com,+905576236546,Muğla,True,True,2026-06-03T17:33:28,2026-11-09T17:33:28
C000178,Deniz Güneş,individual,M,1981-08-15,deniz.gunes@hotmail.com,+905423976092,İstanbul,True,True,2024-11-21T16:55:45,2025-03-07T16:55:45
C000179,Hasan Yalçın,individual,M,1996-03-05,hasan.yalcin96@yahoo.com,+905376902855,İstanbul,True,True,2024-08-13T02:23:11,2024-08-15T02:23:11
C000180,Anadolu Danışmanlık Ltd. Şti.,corporate,,,anadoludanismanlik@anadolu.com.tr,+905456459096,ISTANBUL,True,True,2023-11-01T02:22:23,2024-01-16T02:22:23
C000181,Büşra Öztürk,individual,F,1986-12-16,busra.ozturk@yahoo.com,+905349076376,ankara,True,False,2025-09-16T18:36:09,2025-10-26T18:36:09
C000182,Hüseyin Turan,individual,M,1975-02-13,huseyin.turan47@icloud.com,+905311943369,İstanbul,True,True,2025-11-12T18:32:11,2026-01-21T18:32:11
C000183,Barış Uzun,individual,M,1981-07-06,baris.uzun@outlook.com,+905555275201,İstanbul,True,True,2026-02-04T17:00:20,2026-03-11T17:00:20
C000184,Deniz Acar,individual,M,1988-12-26,deniz.acar@icloud.com,+905366477276,Denizli,True,False,2024-12-21T23:14:16,2025-06-24T23:14:16
C000185,Ufuk Yazılım Ltd. Şti.,corporate,,,ufukyazilim@ufuk.com.tr,+905573093611,Mersin,True,True,2024-04-03T15:16:19,2024-10-14T15:16:19
C000186,Halil Keskin,individual,M,1990-05-23,halil.keskin57@yahoo.com,+905327325933,Bursa,True,True,2025-10-16T11:41:38,2026-03-10T11:41:38
C000187,Oğuz Ateş,individual,M,1996-01-01,oguz.ates37@yahoo.com,+905436338056,İstanbul,True,True,2025-11-06T16:08:55,2026-05-13T16:08:55
C000188,Halil Arslan,individual,M,1991-06-10,halil.arslan@yahoo.com,+905327236338,İstanbul,False,True,2025-07-09T19:33:10,2025-10-07T19:33:10
C000189,Pınar Koç,individual,F,1961-12-16,pinar.koc@hotmail.com,+905401229921,İstanbul,True,False,2025-03-14T13:12:30,2025-08-30T13:12:30
C000190,Oğuz Kurt,individual,M,1990-09-04,oguz.kurt87@icloud.com,+905342683771,İstanbul,True,True,2024-06-24T05:12:11,2024-11-08T05:12:11
C000191,Tolga Kara,individual,M,1986-10-06,tolga.kara28@outlook.com,+905413958307,İzmir,True,True,2024-08-01T21:49:40,2024-12-09T21:49:40
C000192,Serkan Çelik,individual,M,1991-01-08,serkan.celik@outlook.com,+90 534 119 6482,İzmir,True,True,2024-10-19T08:30:18,2025-04-07T08:30:18
C000193,Emre Kurt,individual,M,1981-08-12,emre.kurt@outlook.com,+905387927016,Antalya,True,False,2026-05-17T20:41:24,2026-10-21T20:41:24
C000194,Kuzey Danışmanlık A.Ş.,corporate,,,kuzeydanismanlik@kuzey.com.tr,+905348143483,Ankara,False,True,2025-04-10T13:39:07,2025-06-16T13:39:07
C000195,Zeynep Aydın,individual,F,1997-11-14,zeynep.aydin96@hotmail.com,+905317533942,İstanbul,True,True,2024-04-15T23:45:51,2024-10-21T23:45:51
C000196,Emre Bozkurt,individual,M,1983-01-18,emre.bozkurt96@hotmail.com,+905552469939,Ankara,True,False,2025-11-04T06:49:15,2026-02-01T06:49:15
C000197,Kaan Aslan,individual,M,1989-04-28,kaan.aslan30@gmail.com,+905367429293,İstanbul,True,False,2025-05-09T23:39:29,2025-09-22T23:39:29
C000198,Melis Aksoy,individual,F,1962-08-03,melis.aksoy46@outlook.com,+905473392393,Adana,True,True,2023-11-01T22:35:22,2023-12-13T22:35:22
C000199,İrem Turan,individual,F,1952-05-18,irem.turan74@yahoo.com,+905583036800,Kocaeli,True,False,2026-05-20T16:56:13,2026-09-18T16:56:13
C000200,Fatma Aslan,individual,F,1979-03-19,fatma.aslan53 at yahoo.com,+905301661029,İzmir,True,True,2024-09-16T08:34:27,2025-03-20T08:34:27
C000201,Hande Karaca,individual,F,1983-10-05,hande.karaca19@gmail.com,+905404075182,Istanbul,True,True,2026-08-09T08:35:10,2026-10-13T08:35:10
C000202,Furkan Tekin,individual,M,1975-12-29,furkan.tekin@yahoo.com,+905307965454,İstanbul,True,False,2025-03-06T14:47:00,2025-06-09T14:47:00
C000203,Tolga Yılmaz,individual,M,1974-02-23,tolga.yilmaz@outlook.com,+905595009479,İstanbul,True,False,2026-06-12T05:00:15,2026-11-13T05:00:15
C000204,Murat Bozkurt,individual,M,1968-07-10,murat.bozkurt84@yahoo.com,+905428666135,İstanbul,True,True,2026-08-07T20:47:11,2026-08-15T20:47:11
C000205,Barış Sarı,individual,M,1982-03-05,baris.sari88@icloud.com,+905451467632,Istanbul,True,True,2025-11-19T23:42:05,2026-02-10T23:42:05
C000206,Halil Çetin,individual,M,1979-07-22,halil.cetin81@yahoo.com,+905535471387,Mersin,True,True,2023-09-10T07:07:59,2024-03-21T07:07:59
C000207,Emre Kurt,individual,M,1970-09-22,emre.kurt@yahoo.com,+905406074761,İstanbul,True,True,2024-06-16T05:07:30,2024-08-22T05:07:30
C000208,Global Lojistik A.Ş.,corporate,,,globallojistik@global.com.tr,+905326966319,İstanbul,True,False,2025-06-17T01:18:28,2025-08-08T01:18:28
C000209,Cem Korkmaz,individual,M,1976-02-23,cem.korkmaz47@yahoo.com,+905519997887,İstanbul,True,False,2024-02-19T23:35:05,2024-04-10T23:35:05
C000210,Meridyen Teknoloji A.Ş.,corporate,,,meridyenteknoloji@meridyen.com.tr,+905499527436,Denizli,True,True,2025-02-10T17:15:51,2025-06-26T17:15:51
C000211,Oğuz Turan,individual,M,1983-08-01,,+905312048491,istanbul,True,False,2025-06-09T14:49:35,2025-10-17T14:49:35
C000212,Arda Sarı,individual,M,1983-07-19,arda.sari14@gmail.com,0 (546) 520-6551,İstanbul,True,True,2026-04-10T02:49:49,2026-06-08T02:49:49
C000213,Damla Taş,individual,F,1985-09-22,damla.tas62@icloud.com,+905469977802,İstanbul,True,False,2025-09-28T21:37:09,2026-03-01T21:37:09
C000214,Efe Kaya,individual,M,1979-09-08,efe.kaya6@gmail.com,+905598204232,Bursa,True,False,2025-04-13T06:22:34,2025-07-13T06:22:34
C000215,Yusuf Güneş,individual,M,1991-03-13,yusuf.gunes@hotmail.com,+905437791131,İzmir,True,False,2026-04-10T01:57:50,2026-04-18T01:57:50
C000216,Furkan Turan,individual,M,1980-12-30,furkan.turan3@hotmail.com,+905517333998,İstanbul,True,True,2024-03-25T18:51:52,2024-07-01T18:51:52
C000217,Fatma Koç,individual,F,1970-02-26,fatma.koc@yahoo.com,+905396458484,İzmir,True,False,2024-04-23T19:55:39,2024-06-21T19:55:39
C000218,Kuzey Gıda Ltd. Şti.,corporate,,,kuzeygida@kuzey.com.tr,+905522898212,Konya,True,True,2024-08-09T13:25:42,2024-11-11T13:25:42
C000219,Serkan Polat,individual,M,1972-05-29,serkan.polat@outlook.com,+905414462150,İstanbul,True,True,2026-05-11T13:02:26,2026-06-09T13:02:26
C000220,Deniz Bozkurt,individual,M,1989-09-28,deniz.bozkurt94@outlook.com,+905521722495,İstanbul,True,False,2023-11-14T06:34:28,2024-01-19T06:34:28
C000221,Deniz Aksoy,individual,M,1970-10-31,deniz.aksoy31@outlook.com,+905524855533,İstanbul,True,False,2026-02-22T11:28:21,2026-08-07T11:28:21
C000222,Ufuk İnşaat A.Ş.,corporate,,,ufukinsaat@ufuk.com.tr,+90 545 755 0927,İstanbul,True,False,2024-10-10T07:28:19,2024-10-10T07:28:19
C000223,Derya Kaya,individual,F,1987-12-18,derya.kaya54@icloud.com,+905445934459,İstanbul,True,False,2026-03-23T20:54:49,2026-09-16T20:54:49
C000224,Fatma Çakır,individual,F,1974-07-21,fatma.cakir29@hotmail.com,+905336986925,Samsun,True,True,2025-02-05T13:08:45,2025-07-20T13:08:45
C000225,Yusuf Çelik,individual,M,1970-08-16,yusuf.celik76@gmail.com,+905312349473,İstanbul,True,False,2024-06-02T10:23:36,2024-09-24T10:23:36
C000226,Ebru Kaya,individual,F,1981-11-25,ebru.kaya12@hotmail.com,+905359884676,Antalya,True,False,2023-10-23T16:36:17,2023-11-13T16:36:17
C000227,Ece Kaya,individual,F,1986-12-16,ece.kaya@icloud.com,+905374567266,Muğla,True,False,2026-07-30T10:19:50,2026-09-05T10:19:50
C000228,Hüseyin Kara,individual,M,1981-08-24,huseyin.kara79@hotmail.com,+905388853852,Ankara,False,False,2025-11-26T08:38:45,2026-01-30T08:38:45
C000229,Tolga Öztürk,individual,M,1956-09-14,tolga.ozturk11@icloud.com,+905328656690,Ankara,True,True,2024-01-29T20:43:33,2024-08-02T20:43:33
C000230,Boğaziçi Otomotiv Yan Sanayi Ltd. Şti.,corporate,,,bogaziciotomotivyansanayi@bogazici.com.tr,+905321500283,Bursa,True,False,2023-12-27T00:08:22,2024-05-13T00:08:22
C000231,Kaan Koç,individual,M,1989-02-09,kaan.koc@outlook.com,+905356979103,Ankara,True,False,2025-10-03T19:37:02,2025-12-18T19:37:02
C000232,Hasan Uzun,individual,M,1993-01-11,hasan.uzun@icloud.com,+905428654511,istanbul,True,False,2025-02-10T08:43:03,2025-06-06T08:43:03
C000233,Berk Öztürk,individual,M,1993-04-01,berk.ozturk10@hotmail.com,+905565993503,Ankara,True,False,2026-08-05T05:24:14,2026-12-18T05:24:14
C000234,Murat Yıldırım,individual,M,1969-01-31,murat.yildirim58@icloud.com,+905551322503,İstanbul,True,True,2026-03-06T00:17:50,2026-07-28T00:17:50
C000235,Anadolu Tekstil A.Ş.,corporate,,,anadolutekstil@anadolu.com.tr,0 (558) 443-5301,İstanbul,True,True,2026-06-03T03:06:58,2026-09-12T03:06:58
C000236,Efe Bozkurt,individual,M,1986-03-26,efe.bozkurt79@yahoo.com,0 (558) 268-4462,İzmir,True,False,2026-05-14T23:35:41,2026-08-02T23:35:41
C000237,Kaan Kılıç,individual,M,1975-04-18,kaan.kilic81@gmail.com,+905507953537,İstanbul,True,True,2025-07-19T06:39:26,2026-01-25T06:39:26
C000238,Efe Kara,individual,M,1988-04-01,efe.kara63@gmail.com,0533 328 70 78,İstanbul,True,False,2026-04-13T02:22:35,2026-05-02T02:22:35
C000239,Kaan Şimşek,individual,M,1992-09-04,kaan.simsek@icloud.com,+905536635432,İstanbul,True,True,2024-02-27T13:09:16,2024-09-06T13:09:16
C000240,Selim Öztürk,individual,M,2002-02-09,selim.ozturk@icloud.com,+905301317537,Bursa,True,False,2025-03-31T02:34:53,2025-10-08T02:34:53
C000241,Zirve Lojistik A.Ş.,corporate,,,zirvelojistik@zirve.com.tr,+905435676226,Ankara,True,True,2023-09-02T00:01:22,2023-11-08T00:01:22
C000242,Nur Sarı,individual,F,1975-02-07,nur.sari@yahoo.com,+905336793663,Ankara,False,True,2024-07-19T14:13:34,2024-11-05T14:13:34
C000243,Eren Erdoğan,individual,M,1978-05-06,eren.erdogan@gmail.com,+905523233184,İzmir,True,True,2024-01-06T06:10:02,2024-04-18T06:10:02
C000244,Delta Medya Ltd. Şti.,corporate,,,deltamedya@delta.com.tr,+905306927704,Muğla,True,False,2024-10-18T16:23:11,2025-02-06T16:23:11
C000245,Kerem Yılmaz,individual,M,1964-02-13,kerem.yilmaz@yahoo.com,+905388525796,İstanbul,True,True,2024-01-13T18:50:02,2024-03-23T18:50:02
C000246,Seda Bulut,individual,F,1972-01-14,seda.bulut84@gmail.com,+905536873104,Samsun,True,True,2025-12-19T19:42:29,2026-05-14T19:42:29
C000247,Onur Erdoğan,individual,M,1978-02-15,onur.erdogan82@yahoo.com,+905517781144,Ankara,True,True,2025-09-01T03:10:21,2025-12-02T03:10:21
C000248,Beyza Özdemir,individual,F,1985-06-02,beyza.ozdemir@yahoo.com,+905531776537,Ankara,True,True,2024-08-07T18:22:51,2024-09-30T18:22:51
C000249,Hasan Yalçın,individual,M,1983-02-15,hasan.yalcin95@outlook.com,+905472343151,Denizli,True,True,2026-05-14T06:40:50,2026-08-06T06:40:50
C000250,Aslı Sarı,individual,F,1967-03-19,asli.sari@yahoo.com,+905354857335,Ankara,True,True,2026-04-30T05:04:13,2026-06-18T05:04:13
C000251,Serkan Güneş,individual,M,1980-03-19,,0556 405 40 69,İstanbul,True,False,2026-02-24T08:56:50,2026-07-19T08:56:50
C000252,Burak Polat,individual,M,1976-08-23,burak.polat73@hotmail.com,+905414682030,Denizli,True,True,2024-04-17T07:27:27,2024-08-08T07:27:27
C000253,Oğuz Yıldız,individual,M,1971-11-10,oguz.yildiz@outlook.com,+905481631029,Samsun,True,True,2025-02-20T19:43:15,2025-04-21T19:43:15
C000254,Halil Acar,individual,M,1991-06-01,halil.acar@hotmail.com,+905547252241,Ankara,True,False,2026-01-06T16:10:53,2026-06-04T16:10:53
C000255,Deniz Turan,individual,M,1985-04-01,deniz.turan73@icloud.com,+905375373699,İzmir,False,True,2024-03-06T20:09:35,2024-06-16T20:09:35
C000256,Arda Bozkurt,individual,M,1976-03-28,arda.bozkurt81@outlook.com,+905568663408,Istanbul,True,True,2026-06-21T23:12:32,2026-11-05T23:12:32
C000257,Ahmet Bulut,individual,M,1985-09-20,ahmet.bulut23 at outlook.com,+905591662448,İzmir,True,True,2026-01-25T10:12:11,2026-03-15T10:12:11
C000258,Hasan Bulut,individual,M,1990-08-16,hasan.bulut@hotmail.com,+905578267025,Ankara,True,True,2023-09-15T06:46:17,2023-12-09T06:46:17
C000259,Nur Koç,individual,F,1988-11-10,nur.koc@outlook.com,5382780218,İstanbul,True,True,2025-10-15T01:42:09,2026-02-03T01:42:09
C000260,Burak Uzun,individual,M,1966-12-14,burak.uzun57@outlook.com,+905352918168,Adana,True,False,2025-04-07T17:16:22,2025-09-06T17:16:22
C000261,Barış Yılmaz,individual,M,1986-02-01,baris.yilmaz@icloud.com,+905331727068,Adana,True,False,2024-05-05T11:24:24,2024-11-02T11:24:24
C000262,İbrahim Yıldız,individual,M,1979-03-03,ibrahim.yildiz@hotmail.com,+905391241318,İstanbul,False,True,2025-06-05T16:50:19,2025-06-19T16:50:19
C000263,Berk Aksoy,individual,M,1980-09-25,berk.aksoy@yahoo.com,+905367786814,İstanbul,True,False,2026-01-23T16:00:10,2026-05-13T16:00:10
C000264,Delta Gıda A.Ş.,corporate,,,deltagida@delta.com.tr,+905326740109,İstanbul,True,True,2025-03-17T08:50:57,2025-08-16T08:50:57
C000265,Kaan Ünal,individual,M,1985-05-05,kaan.unal@yahoo.com,5523015257,İstanbul,True,False,2025-01-16T10:47:32,2025-08-01T10:47:32
C000266,Serkan Kaya,individual,M,1986-09-11,serkan.kaya98@gmail.com,+905476468518,ISTANBUL,True,True,2025-01-07T13:41:14,2025-01-30T13:41:14
C000267,Gizem Çetin,individual,F,1985-10-30,gizem.cetin@yahoo.com,+905431254630,İstanbul,True,True,2026-04-14T07:47:15,2026-09-14T07:47:15
C000268,Beyza Kara,individual,F,1975-06-11,beyza.kara87@outlook.com,+905577651670,Muğla,True,True,2026-07-13T17:04:27,2026-12-26T17:04:27
C000269,Eren Karaca,individual,M,1975-03-25,eren.karaca@outlook.com,+905499579281,Bursa,True,True,2024-09-22T09:25:58,2025-01-29T09:25:58
C000270,Tolga Ateş,individual,M,1995-04-08,tolga.ates25@icloud.com,+905366286491,Ankara,True,True,2026-04-28T06:14:52,2026-05-10T06:14:52
C000271,Can Güneş,individual,M,1967-07-05,can.gunes@icloud.com,+905584885129,İzmir,True,True,2025-12-09T06:59:55,2026-06-22T06:59:55
C000272,Sude Çakır,individual,F,1986-08-14,sude.cakir83 at yahoo.com,+905389376399,ANKARA,True,False,2024-11-24T00:33:04,2025-05-21T00:33:04
C000273,Esra Şimşek,individual,F,1990-07-28,esra.simsek15@outlook.com,+905461008909,Ankara,True,True,2024-11-14T00:41:56,2025-01-15T00:41:56
C000274,Büşra Öztürk,individual,F,1980-06-26,busra.ozturk@hotmail.com,+905332742757,İstanbul,False,False,2025-10-14T13:06:07,2025-11-12T13:06:07
C000275,Sude Öztürk,individual,F,1973-08-21,sude.ozturk@icloud.com,+905334455565,İstanbul,False,True,2024-04-12T04:34:09,2024-07-06T04:34:09
C000276,Deniz Doğan,individual,M,1977-01-16,deniz.dogan@hotmail.com,+905518850847,Ankara,True,False,2025-07-03T05:09:34,2025-08-01T05:09:34
C000277,Ece Ünal,individual,F,1968-03-02,ece.unal@outlook.com,+905461067346,Muğla,True,False,2023-10-09T17:04:13,2024-02-06T17:04:13
C000278,Berk Karaca,individual,M,1950-12-30,berk.karaca@icloud.com,+905369219063,İzmir,True,False,2025-05-25T13:49:43,2025-09-14T13:49:43
C000279,Aslı Özkan,individual,F,2002-05-14,asli.ozkan@gmail.com,05338333882,İstanbul,True,True,2023-09-14T05:43:09,2024-02-09T05:43:09
C000280,Oğuz Kılıç,individual,M,1984-08-12,oguz.kilic10@outlook.com,+905449220429,İstanbul,True,True,2025-12-29T16:44:16,2026-05-15T16:44:16
C000281,Emre Erdoğan,individual,M,1991-11-14,emre.erdogan@hotmail.com,+905472017748,İstanbul,True,True,2025-11-23T02:03:55,2026-01-13T02:03:55
C000282,Gizem Yılmaz,individual,F,1989-10-30,gizem.yilmaz64@icloud.com,+905454604118,Denizli,True,False,2026-06-20T18:36:26,2026-11-30T18:36:26
C000283,Hüseyin Kurt,individual,M,1980-04-17,huseyin.kurt@gmail.com,+905523171640,İstanbul,True,True,2023-12-19T20:43:30,2024-06-22T20:43:30
C000284,Mehmet Ateş,individual,M,1974-11-17,mehmet.ates@outlook.com,+905448421939,Ankara,True,False,2023-10-26T09:59:14,2024-03-05T09:59:14
C000285,Kaan Aydın,individual,M,2002-09-27,kaan.aydin74@yahoo.com,+905475807190,Antalya,True,False,2025-08-20T19:07:08,2025-09-11T19:07:08
C000286,Ali Yılmaz,individual,M,1966-07-08,ali.yilmaz@icloud.com,+905371824038,Konya,True,True,2024-07-02T19:04:49,2024-09-19T19:04:49
C000287,Murat Ünal,individual,M,1978-08-23,murat.unal39@yahoo.com,+905306421752,Adana,True,False,2024-06-20T00:36:35,2024-09-03T00:36:35
C000288,Serkan Korkmaz,individual,M,1991-12-18,serkan.korkmaz@hotmail.com,+905356192335,İstanbul,True,False,2024-07-27T23:34:26,2024-12-01T23:34:26
C000289,Mehmet Koç,individual,M,1998-11-05,mehmet.koc@yahoo.com,+905533238071,Eskişehir,True,True,2025-01-18T07:30:45,2025-07-01T07:30:45
C000290,Ali Çelik,individual,M,1968-05-24,,+905366380013,İstanbul,True,True,2024-04-24T20:01:28,2024-05-26T20:01:28
C000291,Tolga Çelik,individual,M,1997-02-21,tolga.celik@icloud.com,+905305780856,İstanbul,True,False,2024-08-13T11:23:02,2025-02-21T11:23:02
C000292,Gamze Şahin,individual,F,2002-12-07,gamze.sahin60@hotmail.com,+905333247316,İstanbul,True,False,2024-05-04T23:21:39,2024-09-12T23:21:39
C000293,Hüseyin Tekin,individual,M,1972-03-29,huseyin.tekin@outlook.com,+905358652360,Eskişehir,False,True,2026-06-03T11:33:05,2026-11-30T11:33:05
C000294,Zeynep Kara,individual,F,1989-12-24,zeynep.kara@gmail.com,+905587355354,İstanbul,True,False,2023-10-31T06:57:35,2024-03-31T06:57:35
C000295,İrem Aksoy,individual,F,1978-10-03,irem.aksoy30@icloud.com,+905491042037,Bursa,True,True,2025-06-14T08:11:16,2025-09-12T08:11:16
C000296,Aslı Avcı,individual,F,1978-02-13,asli.avci33@hotmail.com,+905357150952,Ankara,True,True,2023-11-09T08:45:36,2023-12-17T08:45:36
C000297,Deniz Yalçın,individual,M,1989-06-28,deniz.yalcin10@yahoo.com,+905526140707,Bursa,True,False,2025-03-08T13:40:22,2025-08-23T13:40:22
C000298,Pınar Acar,individual,F,1961-12-23,pinar.acar@outlook.com,+905317615723,İzmir,True,False,2023-11-10T15:33:04,2024-01-08T15:33:04
C000299,Nazlı Karaca,individual,F,1972-11-09,nazli.karaca48@yahoo.com,+905551512218,İstanbul,True,True,2024-08-29T22:24:35,2025-01-31T22:24:35
C000300,Akdeniz Sağlık Ltd. Şti.,corporate,,,akdenizsaglik@akdeniz.com.tr,+905317215822,Izmir,True,True,2026-08-11T13:26:57,2026-11-27T13:26:57
C000301,Arda Şahin,individual,M,1961-12-21,arda.sahin@icloud.com,+905312151250,İzmir,True,True,2024-09-09T04:40:51,2025-03-01T04:40:51
C000302,Naz Yıldırım,individual,F,1998-03-14,naz.yildirim18@hotmail.com,+905512314352,İstanbul,True,True,2026-06-25T15:39:45,2026-12-14T15:39:45
C000303,Atlas Gıda A.Ş.,corporate,,,atlasgida@atlas.com.tr,+905497839485,Bursa,True,True,2024-04-25T13:40:52,2024-07-11T13:40:52
C000304,Burak Yıldız,individual,M,1979-03-24,burak.yildiz@hotmail.com,+905554750336,Denizli,True,True,2026-05-31T20:21:27,2026-07-12T20:21:27
C000305,Emre Doğan,individual,M,1978-12-05,emre.dogan@icloud.com,+905523286216,İstanbul,True,True,2026-03-22T13:02:35,2026-05-31T13:02:35
C000306,Mustafa Arslan,individual,M,1985-09-28,mustafa.arslan69@gmail.com,05505192914,Kocaeli,True,True,2026-08-10T13:40:55,2026-09-17T13:40:55
C000307,Yıldız Otomotiv Yan Sanayi A.Ş.,corporate,,,yildizotomotivyansanayi@yildiz.com.tr,+905341138998,İstanbul,False,True,2025-03-17T15:25:55,2025-04-12T15:25:55
C000308,Kaan Uzun,individual,M,1993-04-25,kaan.uzun91@yahoo.com,+905463667114,İstanbul,True,False,2026-04-23T23:09:37,2026-07-01T23:09:37
C000309,Murat Demir,individual,M,1982-02-01,murat.demir48@hotmail.com,+905338288547,Kocaeli,True,True,2023-12-07T02:11:38,2024-02-06T02:11:38
C000310,Gizem Özkan,individual,F,1987-03-12,gizem.ozkan34@yahoo.com,+905524101211,İstanbul,True,False,2026-08-07T10:55:47,2027-02-13T10:55:47
C000311,Mustafa Çetin,individual,M,1988-06-22,mustafa.cetin81@outlook.com,+905399587265,Ankara,True,True,2024-02-04T10:32:00,2024-02-25T10:32:00
C000312,Zirve Medya A.Ş.,corporate,,,zirvemedya@zirve.com.tr,+905482230378,İzmir,True,True,2023-10-05T06:26:23,2023-12-28T06:26:23
C000313,Efe Kılıç,individual,M,1959-10-24,efe.kilic@yahoo.com,+905585472815,Antalya,True,True,2025-02-15T18:12:05,2025-03-14T18:12:05
C000314,Ali Sarı,individual,M,1998-01-30,ali.sari91@hotmail.com,5446396569,ISTANBUL,True,False,2023-11-08T16:51:54,2024-04-17T16:51:54
C000315,Gamze Özdemir,individual,F,1973-02-07,gamze.ozdemir@outlook.com,0532 812 42 02,İstanbul,True,True,2023-12-17T00:23:11,2024-02-17T00:23:11
C000316,Oğuz Özdemir,individual,M,1974-02-09,oguz.ozdemir@gmail.com,+905473007324,Ankara,False,True,2024-11-19T17:07:18,2025-04-06T17:07:18
C000317,Fatma Arslan,individual,F,1988-01-02,fatma.arslan@outlook.com,+905452689098,İstanbul,True,True,2026-05-16T12:26:33,2026-07-23T12:26:33
C000318,Arda Tekin,individual,M,1993-11-21,arda.tekin@outlook.com,+905561295808,İstanbul,True,True,2025-06-08T01:11:24,2025-06-12T01:11:24
C000319,Serkan Öztürk,individual,M,1964-09-19,serkan.ozturk@yahoo.com,+905392605060,İzmir,True,False,2026-04-01T22:20:51,2026-06-09T22:20:51
C000320,Kaan Şimşek,individual,M,1986-08-20,kaan.simsek14@yahoo.com,0 (531) 881-1926,Samsun,True,True,2025-04-01T12:16:42,2025-09-19T12:16:42
C000321,Akdeniz Danışmanlık Ltd. Şti.,corporate,,,akdenizdanismanlik@akdeniz.com.tr,+905581298828,Ankara,True,False,2024-07-23T01:08:20,2024-09-18T01:08:20
C000322,Barış Bulut,individual,M,1988-02-04,baris.bulut93@yahoo.com,+905344573522,Istanbul,False,True,2026-04-20T17:28:37,2026-09-06T17:28:37
C000323,Zeynep Uzun,individual,F,2001-12-11,zeynep.uzun@gmail.com,+905458509803,İstanbul,True,False,2025-09-28T00:01:32,2025-10-07T00:01:32
C000324,Cansu Güneş,individual,F,1984-02-27,cansu.gunes78@outlook.com,05465600556,İstanbul,True,True,2025-08-22T18:39:52,2025-12-23T18:39:52
C000325,Aslı Koç,individual,F,1965-10-24,asli.koc@gmail.com,+905491987542,İstanbul,True,True,2024-06-27T06:36:02,2024-09-15T06:36:02
C000326,Mustafa Çetin,individual,M,1974-04-25,mustafa.cetin@icloud.com,+905377727568,Muğla,True,True,2025-01-04T04:26:17,2025-01-19T04:26:17
C000327,Nova Lojistik A.Ş.,corporate,,,novalojistik@nova.com.tr,+905351423603,İstanbul,True,False,2025-12-13T04:41:52,2025-12-21T04:41:52
C000328,Deniz Kurt,individual,M,1986-02-04,deniz.kurt@icloud.com,+905491008932,Ankara,True,False,2026-02-16T20:59:56,2026-06-22T20:59:56
C000329,Fatma Doğan,individual,F,1980-04-03,fatma.dogan47@yahoo.com,+905413593793,İstanbul,True,False,2026-01-12T18:38:24,2026-01-26T18:38:24
C000330,Umut Acar,individual,M,1992-05-29,umut.acar78@outlook.com,+905415974043,İstanbul,True,False,2025-04-28T06:02:55,2025-07-22T06:02:55
C000331,Hasan Karaca,individual,M,1972-02-19,hasan.karaca@yahoo.com,+905502791668,Ankara,True,False,2025-04-22T17:14:54,2025-09-18T17:14:54
C000332,Yusuf Bulut,individual,M,1984-01-29,yusuf.bulut@gmail.com,+905478347212,İstanbul,True,False,2026-03-26T10:09:05,2026-06-02T10:09:05
C000333,Tolga Çakır,individual,M,1983-08-23,tolga.cakir@yahoo.com,+905477685005,Bursa,True,False,2023-10-04T11:07:39,2024-01-11T11:07:39
C000334,Kerem Polat,individual,M,2001-10-10,kerem.polat@gmail.com,+905576484863,Antalya,True,True,2026-07-30T13:26:13,2027-01-07T13:26:13
C000335,Nazlı Arslan,individual,F,1983-04-09,nazli.arslan@outlook.com,+905339391240,İstanbul,True,True,2025-09-13T22:44:09,2025-10-13T22:44:09
C000336,Yıldız Yazılım A.Ş.,corporate,,,yildizyazilim@yildiz.com.tr,+905513683560,İstanbul,True,False,2025-07-19T17:24:52,2025-12-25T17:24:52
C000337,Tolga Özkan,individual,M,1975-07-02,tolga.ozkan87@yahoo.com,+905444796043,İstanbul,False,True,2025-08-16T16:52:12,2025-11-20T16:52:12
C000338,Oğuz Ateş,individual,M,2000-11-15,oguz.ates51@gmail.com,+905445824289,Kocaeli,True,True,2026-06-25T13:15:01,2026-12-27T13:15:01
C000339,Serkan Yıldız,individual,M,1974-09-30,serkan.yildiz@outlook.com,+905305346170,Gaziantep,True,True,2026-08-01T20:14:34,2026-09-05T20:14:34
C000340,Burak Polat,individual,M,1987-04-09,burak.polat14@gmail.com,+905517707529,İstanbul,True,False,2026-02-15T04:40:12,2026-06-20T04:40:12
C000341,Deniz Taş,individual,M,1997-03-26,deniz.tas12@icloud.com,+905413633351,Antalya,True,True,2025-02-12T17:30:36,2025-03-29T17:30:36
C000342,Ufuk Lojistik Ltd. Şti.,corporate,,,ufuklojistik@ufuk.com.tr,+905528945626,Gaziantep,False,True,2026-01-30T18:05:19,2026-06-15T18:05:19
C000343,Dilara Sarı,individual,F,1992-09-27,dilara.sari50@yahoo.com,0548 279 06 10,İstanbul,True,False,2024-02-05T15:46:24,2024-04-24T15:46:24
C000344,Onur Şahin,individual,M,1986-09-14,onur.sahin35@hotmail.com,+905389678542,İstanbul,True,True,2024-02-23T18:05:35,2024-07-17T18:05:35
C000345,Umut Erdoğan,individual,M,1985-07-31,umut.erdogan@icloud.com,+905352825220,IZMIR,False,False,2024-02-05T12:58:01,2024-02-26T12:58:01
C000346,Ebru Bulut,individual,F,1972-12-19,ebru.bulut@yahoo.com,+905493489147,Ankara,True,False,2024-04-26T00:14:42,2024-09-04T00:14:42
C000347,Ebru Şahin,individual,F,1985-11-08,ebru.sahin43@hotmail.com,+905582891732,İstanbul,True,True,2026-03-29T22:35:24,2026-08-28T22:35:24
C000348,Burak Ateş,individual,M,1984-09-18,burak.ates22@hotmail.com,+905449010131,Eskisehir,True,True,2024-04-21T15:59:13,2024-06-10T15:59:13
C000349,Akdeniz Otomotiv Yan Sanayi A.Ş.,corporate,,,akdenizotomotivyansanayi@akdeniz.com.tr,+905564239393,Ankara,True,True,2024-12-04T06:32:45,2024-12-11T06:32:45
C000350,Cansu Bulut,individual,F,1964-09-13,cansu.bulut86@gmail.com,5302539031,Bursa,True,True,2023-10-30T08:21:15,2023-11-17T08:21:15
C000351,Ahmet Uzun,individual,M,1967-11-10,ahmet.uzun68@hotmail.com,+905481830318,İzmir,True,False,2023-10-14T13:38:33,2024-04-29T13:38:33
C000352,Meridyen Teknoloji A.Ş.,corporate,,,meridyenteknoloji@meridyen.com.tr,+905528950106,İstanbul,True,False,2024-12-08T09:39:24,2025-06-23T09:39:24
C000353,Gizem Ateş,individual,F,1980-05-08,gizem.ates87@gmail.com,+905357825349,Gaziantep,False,False,2025-11-13T05:01:32,2026-05-09T05:01:32
C000354,Barış Aksoy,individual,M,1970-03-11,baris.aksoy17@gmail.com,+905508659332,Ankara,True,False,2025-07-31T06:51:50,2026-01-02T06:51:50
C000355,Emre Öztürk,individual,M,1984-03-27,emre.ozturk@yahoo.com,+905476940025,Eskişehir,True,False,2025-01-04T02:48:31,2025-04-29T02:48:31
C000356,Ali Özdemir,individual,M,1974-05-25,ali.ozdemir21@yahoo.com,+905451130456,Adana,True,True,2026-01-29T08:57:39,2026-02-16T08:57:39
C000357,Damla Özkan,individual,F,1980-04-17,damla.ozkan51@icloud.com,+905434354536,Antalya,True,True,2025-07-23T09:38:00,2025-09-29T09:38:00
C000358,Kaan Kurt,individual,M,1998-08-14,kaan.kurt9@yahoo.com,+905538502368,İstanbul,True,False,2024-12-10T10:33:50,2025-03-22T10:33:50
C000359,Oğuz Ünal,individual,M,1981-05-17,oguz.unal@yahoo.com,5447340123,Ankara,True,False,2026-02-12T16:34:29,2026-03-04T16:34:29
C000360,Emre Turan,individual,M,1991-01-25,emre.turan@icloud.com,+905585749308,Denizli,True,False,2024-04-02T05:10:33,2024-04-27T05:10:33
C000361,Merve Bozkurt,individual,F,1985-12-06,merve.bozkurt@hotmail.com,+905448005243,İzmir,True,True,2025-05-09T04:31:23,2025-06-04T04:31:23
C000362,Damla Uzun,individual,F,1980-01-08,damla.uzun45@icloud.com,+905489421151,İzmir,True,False,2025-08-30T17:06:35,2026-02-14T17:06:35
C000363,Meridyen Teknoloji A.Ş.,corporate,,,meridyenteknoloji@meridyen.com.tr,+905594850323,istanbul,True,False,2024-01-30T11:40:46,2024-07-08T11:40:46
C000364,Furkan Çelik,individual,M,1989-03-10,furkan.celik@outlook.com,0538 216 54 42,Ankara,False,False,2024-07-10T23:08:50,2024-09-13T23:08:50
C000365,Deniz Aksoy,individual,M,2002-09-26,deniz.aksoy29@outlook.com,+905317845914,Bursa,True,False,2026-08-15T07:40:49,2027-01-21T07:40:49
C000366,Ömer Keskin,individual,M,1985-08-28,omer.keskin@outlook.com,0532 354 97 52,İstanbul,True,True,2025-11-11T03:46:14,2026-05-17T03:46:14
C000367,Seda Yılmaz,individual,F,1979-09-02,seda.yilmaz66@outlook.com,+905305229688,İstanbul ,True,False,2025-10-13T15:08:43,2025-10-14T15:08:43
C000368,Berk Şimşek,individual,M,1984-09-08,berk.simsek@icloud.com,+905418586102,Ankara,True,True,2024-02-02T04:36:21,2024-03-13T04:36:21
C000369,Yasemin Bulut,individual,F,1964-11-25,yasemin.bulut2@hotmail.com,+905575208389,Bursa,True,False,2025-03-27T04:38:06,2025-08-16T04:38:06
C000370,Serkan Sarı,individual,M,1974-08-14,serkan.sari25@yahoo.com,0545 740 90 96,İzmir,True,False,2025-02-11T18:12:09,2025-05-26T18:12:09
C000371,Nur Korkmaz,individual,F,1979-08-10,nur.korkmaz@icloud.com,+905375773104,Bursa,True,False,2024-02-05T19:47:57,2024-02-24T19:47:57
C000372,Deniz Sarı,individual,M,1987-03-22,deniz.sari80@yahoo.com,+905464563213,İstanbul,True,True,2026-04-05T18:46:43,2026-10-06T18:46:43
C000373,Pınar Polat,individual,F,1994-06-25,pinar.polat27@hotmail.com,+905396040516,İstanbul,True,False,2026-06-07T16:48:08,2026-06-26T16:48:08
C000374,Kaan Kara,individual,M,1984-11-22,kaan.kara60@icloud.com,+905434084193,İstanbul,True,True,2025-02-26T19:36:44,2025-08-04T19:36:44
C000375,Hande Çetin,individual,F,1998-12-06,hande.cetin21@yahoo.com,0552 182 01 82,İstanbul,True,True,2026-04-23T14:25:30,2026-05-15T14:25:30
C000376,Mehmet Polat,individual,M,1965-08-15,mehmet.polat@yahoo.com,+905587008756,Muğla,True,True,2024-01-25T03:10:30,2024-02-15T03:10:30
C000377,Beyza Bozkurt,individual,F,1997-09-08,beyza.bozkurt9@yahoo.com,+905421626834,İstanbul,False,True,2024-03-26T10:19:50,2024-04-23T10:19:50
C000378,Dilara Özdemir,individual,F,1970-02-18,dilara.ozdemir6@yahoo.com,+905494347982,Ankara,True,False,2026-07-26T10:11:03,2026-08-12T10:11:03
C000379,Fatma Aydın,individual,F,1977-11-26,fatma.aydin@icloud.com,+905569816594,Muğla,True,True,2025-01-24T15:03:53,2025-07-11T15:03:53
C000380,Nova Enerji A.Ş.,corporate,,,novaenerji@nova.com.tr,+905514056961,Ankara,True,False,2024-08-20T23:44:38,2024-10-12T23:44:38
C000381,Furkan Yıldırım,individual,M,1998-09-01,furkan.yildirim79@yahoo.com,+905376510009,İstanbul,True,True,2024-02-15T19:09:38,2024-03-23T19:09:38
C000382,Ali Yalçın,individual,M,1983-02-08,ali.yalcin95@yahoo.com,+905562995274,Bursa,True,True,2023-12-06T23:38:35,2024-02-28T23:38:35
C000383,Ahmet Özdemir,individual,M,1981-02-18,ahmet.ozdemir64@yahoo.com,+905354195540,Ankara,True,True,2026-05-19T06:34:19,2026-10-28T06:34:19
C000384,Furkan Özdemir,individual,M,1984-11-27,furkan.ozdemir@gmail.com,+905527258338,İstanbul,True,True,2025-03-20T00:23:38,2025-04-16T00:23:38
C000385,Derya Koç,individual,F,1973-12-15,derya.koc@outlook.com,+905355924495,İzmir,True,False,2025-10-25T23:11:34,2025-12-27T23:11:34
C000386,Arda Taş,individual,M,1992-03-06,arda.tas@gmail.com,+905345041459,Bursa,True,False,2025-12-03T16:38:57,2026-03-30T16:38:57
C000387,Furkan Korkmaz,individual,M,1980-04-07,furkan.korkmaz@icloud.com,+905592573370,İstanbul,True,True,2024-11-04T18:52:31,2025-01-30T18:52:31
C000388,Cem Polat,individual,M,1996-05-17,cem.polat29@yahoo.com,0544 586 12 77,İstanbul,True,True,2025-11-07T19:44:44,2025-11-11T19:44:44
C000389,Nazlı Sarı,individual,F,1986-06-01,nazli.sari@gmail.com,+905362802765,Istanbul,True,False,2024-02-14T13:25:36,2024-04-18T13:25:36
C000390,Aslı Çelik,individual,F,1978-08-07,asli.celik55@hotmail.com,+905329658715,Eskişehir,True,False,2025-09-09T19:35:15,2026-01-29T19:35:15
C000391,Yusuf Özkan,individual,M,1987-06-04,yusuf.ozkan@hotmail.com,+905566305556,İstanbul,True,True,2025-03-02T08:17:12,2025-06-14T08:17:12
C000392,Berk Yıldız,individual,M,1981-07-20,berk.yildiz@yahoo.com,+905458251268,İstanbul,True,False,2023-10-16T17:42:04,2024-01-19T17:42:04
C000393,Ali Yıldırım,individual,M,1985-11-20,ali.yildirim50@yahoo.com,+905557828260,Ankara,True,True,2023-11-27T05:26:26,2024-04-16T05:26:26
C000394,Ege Yazılım A.Ş.,corporate,,,egeyazilim@ege.com.tr,+905371538778,Ankara,True,True,2024-12-11T06:23:43,2024-12-17T06:23:43
C000395,Murat Kaya,individual,M,1974-07-27,murat.kaya@gmail.com,+905429169262,İstanbul,True,True,2025-02-01T12:56:10,2025-03-19T12:56:10
C000396,Kerem Şahin,individual,M,1984-10-28,kerem.sahin@outlook.com,+905309901793,İstanbul ,True,True,2025-10-21T02:05:48,2026-01-09T02:05:48
C000397,Can Erdoğan,individual,M,1989-04-26,can.erdogan@yahoo.com,0 (546) 987-2677,İzmir,True,False,2026-01-12T05:22:58,2026-02-17T05:22:58
C000398,Hüseyin Kara,individual,M,1988-04-21,huseyin.kara@icloud.com,+905342501273,İstanbul,True,True,2026-05-29T19:36:58,2026-06-11T19:36:58
C000399,Onur Tekin,individual,M,1979-01-17,onur.tekin51@hotmail.com,05359054291,Samsun,True,False,2025-09-06T18:58:08,2025-09-26T18:58:08
C000400,Hasan Doğan,individual,M,1983-10-21,hasan.dogan19@gmail.com,+905367860934,İstanbul,True,True,2025-11-24T14:04:31,2026-04-12T14:04:31
C000401,Aslı Bozkurt,individual,F,1991-09-09,,+905442635565,Bursa,True,True,2023-11-18T20:36:30,2024-02-25T20:36:30
C000402,Eren Kara,individual,M,1992-11-15,eren.kara@yahoo.com,+905597211014,İstanbul,True,False,2025-11-24T22:45:46,2025-11-30T22:45:46
C000403,Ömer Karaca,individual,M,1950-06-07,omer.karaca@hotmail.com,05345286560,Kocaeli,True,False,2025-08-18T21:44:11,2025-11-10T21:44:11
C000404,Boğaziçi Otomotiv Yan Sanayi A.Ş.,corporate,,,bogaziciotomotivyansanayi@bogazici.com.tr,+905384062323,Kocaeli,True,True,2024-06-16T02:19:01,2024-09-15T02:19:01
C000405,Atlas Tekstil A.Ş.,corporate,,,atlastekstil@atlas.com.tr,+905459605685,Ankara,True,False,2025-04-04T15:32:24,2025-08-27T15:32:24
C000406,Serkan Koç,individual,M,1985-02-22,serkan.koc49@gmail.com,+905307812426,Kocaeli,False,True,2026-02-10T03:50:25,2026-03-07T03:50:25
C000407,Cansu Turan,individual,F,1980-03-25,cansu.turan@outlook.com,+905519707216,İstanbul,True,False,2025-06-05T17:36:14,2025-06-06T17:36:14
C000408,Dilara Sarı,individual,F,1988-01-13,dilara.sari@hotmail.com,+905351759103,İzmir,True,True,2024-04-25T17:31:03,2024-09-24T17:31:03
C000409,Mustafa Acar,individual,M,2002-06-07,mustafa.acar@outlook.com,+905377424745,Bursa,False,True,2025-01-30T03:12:21,2025-06-24T03:12:21
C000410,Yasemin Şimşek,individual,F,1988-01-07,yasemin.simsek@yahoo.com,+905533094490,Ankara,True,True,2026-04-21T03:23:23,2026-06-11T03:23:23
C000411,Kaan Koç,individual,M,1965-04-17,kaan.koc@yahoo.com,+905316566861,Ankara,True,True,2024-11-09T06:26:32,2025-05-06T06:26:32
C000412,Furkan Şimşek,individual,M,1974-06-28,furkan.simsek64@hotmail.com,+90 556 526 6505,İstanbul,True,True,2026-06-26T01:17:41,2026-08-16T01:17:41
C000413,Cem Ünal,individual,M,1984-01-06,cem.unal67@gmail.com,+905467571922,İstanbul,False,False,2025-05-15T23:45:58,2025-08-13T23:45:58
C000414,Büşra Bozkurt,individual,F,1967-03-03,busra.bozkurt@icloud.com,5563155824,İstanbul,False,True,2025-02-21T21:36:44,2025-07-09T21:36:44
C000415,Nur Tekin,individual,F,1988-02-07,nur.tekin@outlook.com,+905472063177,Antalya,True,False,2025-08-23T10:58:21,2025-11-18T10:58:21
C000416,Beyza Özkan,individual,F,1986-11-19,beyza.ozkan93@gmail.com,+905427512353,İstanbul,True,False,2025-06-09T01:09:00,2025-07-24T01:09:00
C000417,Seda Taş,individual,F,1969-01-06,seda.tas@outlook.com,+905395634227,Eskişehir,True,False,2025-03-04T09:29:57,2025-04-03T09:29:57
C000418,Ahmet Tekin,individual,M,1988-12-24,ahmet.tekin36@gmail.com,+905524002410,İstanbul,True,False,2024-12-28T08:00:39,2025-01-28T08:00:39
C000419,Nova Yazılım A.Ş.,corporate,,,novayazilim@nova.com.tr,+905475954796,Ankara,True,False,2026-05-19T08:56:10,2026-11-18T08:56:10
C000420,Derya Özkan,individual,F,2002-10-17,derya.ozkan15@hotmail.com,+905469446330,Antalya,True,True,2026-07-12T18:49:22,2026-07-14T18:49:22
C000421,Arda Çakır,individual,M,1950-09-14,arda.cakir59@hotmail.com,+905342282838,İstanbul,True,True,2025-05-16T09:46:49,2025-07-02T09:46:49
C000422,Gamze Kılıç,individual,F,1964-01-15,gamze.kilic@icloud.com,+905393667487,İstanbul,True,True,2025-05-14T16:37:07,2025-07-08T16:37:07
C000423,Esra Aydın,individual,F,1971-09-23,esra.aydin49@gmail.com,0552 118 23 28,Ankara,True,False,2025-02-18T08:36:54,2025-06-18T08:36:54
C000424,Cansu Demir,individual,F,1983-05-20,cansu.demir@outlook.com,+905547570667,İstanbul,True,True,2025-10-11T20:37:59,2026-01-03T20:37:59
C000425,Tuğba Acar,individual,F,1988-09-01,tugba.acar@gmail.com,+905329150555,İstanbul,True,False,2025-08-22T10:17:51,2025-09-06T10:17:51
C000426,Efe Erdoğan,individual,M,1965-01-02,efe.erdogan@hotmail.com,0 (543) 895-7765,Mersin,True,True,2025-01-04T10:45:31,2025-05-11T10:45:31
C000427,Mustafa Özkan,individual,M,1991-04-07,mustafa.ozkan@outlook.com,+90 556 865 3879,Ankara,False,True,2024-07-13T11:52:52,2024-07-14T11:52:52
C000428,Berk Aksoy,individual,M,1996-10-02,berk.aksoy@hotmail.com,+905437943999,İstanbul,True,True,2025-09-07T09:48:48,2026-01-08T09:48:48
C000429,Ece Aydın,individual,F,1984-11-27,ece.aydin@icloud.com,+905558896842,Ankara,True,True,2024-08-18T14:41:46,2024-10-02T14:41:46
C000430,Halil Erdoğan,individual,M,1993-09-22,halil.erdogan54@icloud.com,05578655056,Antalya,True,False,2024-11-27T16:43:40,2024-12-06T16:43:40
C000431,Umut Kurt,individual,M,1982-04-24,umut.kurt60@hotmail.com,+905455528429,Ankara,True,False,2025-08-17T10:43:08,2025-11-08T10:43:08
C000432,Esra Ünal,individual,F,1988-03-01,esra.unal@outlook.com,05405720883,Ankara,False,True,2024-02-06T23:18:32,2024-03-31T23:18:32
C000433,Naz Korkmaz,individual,F,1979-10-20,naz.korkmaz@gmail.com,+905347714937,İstanbul,True,False,2023-09-03T18:49:10,2023-11-21T18:49:10
C000434,Pınar Çelik,individual,F,1987-01-03,pinar.celik at hotmail.com,+905499841012,İstanbul,True,False,2025-05-10T11:55:05,2025-10-08T11:55:05
C000435,Deniz Çetin,individual,M,1987-04-30,deniz.cetin@yahoo.com,+905398392366,İstanbul,True,True,2024-10-04T10:17:46,2025-01-30T10:17:46
C000436,Furkan Ateş,individual,M,1975-12-18,furkan.ates@outlook.com,+905454827888,Antalya,True,False,2023-11-19T02:02:34,2024-05-19T02:02:34
C000437,Mustafa Taş,individual,M,1979-08-20,mustafa.tas@gmail.com,+90 536 263 6338,İstanbul,True,True,2024-04-20T04:56:15,2024-07-19T04:56:15
C000438,Burak Sarı,individual,M,1989-05-29,burak.sari92@gmail.com,+905511957425,İstanbul,False,False,2026-03-27T17:33:21,2026-06-21T17:33:21
C000439,Pınar Erdoğan,individual,F,1986-09-23,pinar.erdogan47@outlook.com,+905495609677,İstanbul,True,False,2025-04-24T22:53:44,2025-09-21T22:53:44
C000440,Nova Turizm Ltd. Şti.,corporate,,,novaturizm@nova.com.tr,+905563978286,Adana,True,True,2025-07-31T14:51:01,2025-10-12T14:51:01
C000441,Seda Erdoğan,individual,F,1981-10-05,seda.erdogan84@gmail.com,+905352582647,Bursa,True,True,2024-09-08T08:35:28,2024-10-02T08:35:28
C000442,Atlas Gıda A.Ş.,corporate,,,atlasgida@atlas.com.tr,+905509265564,Muğla,True,True,2023-09-03T00:18:57,2024-02-19T00:18:57
C000443,Derya Kaya,individual,F,2002-07-23,derya.kaya@icloud.com,0533 994 18 47,Samsun,True,False,2024-01-01T07:46:17,2024-04-24T07:46:17
C000444,Cansu Ateş,individual,F,1980-12-06,cansu.ates@outlook.com,+905418874073,İstanbul,True,True,2024-11-21T22:00:49,2025-02-18T22:00:49
C000445,Ömer Avcı,individual,M,1982-09-23,omer.avci41@hotmail.com,0 (553) 887-1717,İstanbul,False,True,2024-01-24T19:54:29,2024-04-01T19:54:29
C000446,Gamze Çelik,individual,F,1980-04-11,gamze.celik42@yahoo.com,+905305244613,Bursa,True,False,2026-03-27T02:14:16,2026-09-01T02:14:16
C000447,Ömer Şimşek,individual,M,1969-03-10,omer.simsek@yahoo.com,+905599822026,Antalya,True,True,2025-02-05T23:47:36,2025-05-04T23:47:36
C000448,Elif Aydın,individual,F,1981-08-06,elif.aydin17@gmail.com,+905373362409,Kocaeli,True,False,2025-01-19T22:12:25,2025-05-21T22:12:25
C000449,Mehmet Şimşek,individual,M,1983-09-08,mehmet.simsek15@yahoo.com,+905389698774,Ankara,True,True,2025-11-26T07:42:37,2026-03-28T07:42:37
C000450,Ali Yıldırım,individual,M,1988-11-13,ali.yildirim@hotmail.com,+905493130082,İstanbul,True,False,2024-08-13T04:58:38,2025-01-11T04:58:38
C000451,Delta Teknoloji Ltd. Şti.,corporate,,,deltateknoloji@delta.com.tr,+905303030741,İstanbul,True,True,2025-09-16T21:19:59,2026-01-04T21:19:59
C000452,Cem Turan,individual,M,2001-12-12,cem.turan91@outlook.com,+905304276974,Ankara,True,False,2024-04-04T03:50:30,2024-05-16T03:50:30
C000453,Dilara Sarı,individual,F,1974-06-30,dilara.sari@yahoo.com,5578459245,Ankara,True,True,2025-02-09T10:20:33,2025-05-21T10:20:33
C000454,Yasemin Özdemir,individual,F,1979-12-28,yasemin.ozdemir64@yahoo.com,0543 954 79 18,İstanbul,True,True,2023-09-20T08:51:47,2023-09-21T08:51:47
C000455,Yusuf Yıldırım,individual,M,1991-05-18,yusuf.yildirim@yahoo.com,+905419702523,Ankara,True,True,2026-08-28T10:15:41,2027-01-17T10:15:41
C000456,Arda Aksoy,individual,M,1982-04-15,arda.aksoy92@outlook.com,0 (536) 263-3089,İstanbul,True,True,2026-07-13T04:30:55,2026-11-25T04:30:55
C000457,Fatma Erdoğan,individual,F,1991-03-10,fatma.erdogan47@hotmail.com,+905324677406,Bursa,True,True,2026-02-09T08:44:29,2026-05-01T08:44:29
C000458,Serkan Acar,individual,M,1980-06-16,serkan.acar3@hotmail.com,+905515505461,ISTANBUL,True,False,2023-09-19T09:53:54,2023-11-29T09:53:54
C000459,Furkan Erdoğan,individual,M,1979-04-28,furkan.erdogan83@gmail.com,+905538052201,İstanbul,True,True,2026-03-10T17:25:50,2026-09-07T17:25:50
C000460,Dilara Erdoğan,individual,F,1987-02-23,dilara.erdogan8@icloud.com,+905341138328,İstanbul,True,True,2026-02-17T10:18:04,2026-08-11T10:18:04
C000461,Cansu Çakır,individual,F,1980-11-30,cansu.cakir65@gmail.com,+905364333108,Antalya,True,True,2023-10-10T00:43:10,2024-03-04T00:43:10
C000462,Cem Kurt,individual,M,1984-06-02,cem.kurt3@hotmail.com,+905563558559,Ankara,True,False,2024-01-15T09:40:32,2024-03-09T09:40:32
C000463,Elif Turan,individual,F,1974-02-14,elif.turan63@gmail.com,+905503188510,İstanbul,True,False,2025-03-25T04:49:05,2025-07-19T04:49:05
C000464,Eren Aslan,individual,M,1952-06-16,eren.aslan@icloud.com,0 (540) 406-2705,İzmir,True,False,2024-02-12T19:25:16,2024-07-27T19:25:16
C000465,Ahmet Şahin,individual,M,1963-12-09,ahmet.sahin47@outlook.com,+905507227939,İstanbul,True,True,2024-12-28T15:56:34,2025-07-13T15:56:34
C000466,Emre Aydın,individual,M,1993-07-09,emre.aydin87@icloud.com,+905596149469,Bursa,True,True,2026-04-19T22:49:14,2026-06-07T22:49:14
C000467,Boğaziçi İnşaat A.Ş.,corporate,,,bogaziciinsaat@bogazici.com.tr,05579470561,İstanbul,True,False,2025-09-17T15:26:19,2025-11-30T15:26:19
C000468,Oğuz Ateş,individual,M,1983-04-15,oguz.ates57@hotmail.com,+905354072179,Ankara,True,True,2026-04-21T11:24:38,2026-06-24T11:24:38
C000469,Efe Aslan,individual,M,1988-04-25,efe.aslan48@hotmail.com,0553 427 41 72,İstanbul,True,False,2025-07-23T08:16:29,2025-11-05T08:16:29
C000470,Kuzey Teknoloji A.Ş.,corporate,,,kuzeyteknoloji@kuzey.com.tr,+905585783542,Muğla,True,False,2024-03-25T12:28:16,2024-06-27T12:28:16
C000471,Tuğba Uzun,individual,F,1998-03-29,tugba.uzun87@gmail.com,+905583130155,İstanbul,True,True,2026-08-09T19:41:27,2026-08-25T19:41:27
C000472,Esra Özdemir,individual,F,1995-08-31,esra.ozdemir21@hotmail.com,+905411179133,İstanbul,True,False,2023-09-14T20:40:02,2023-11-16T20:40:02
C000473,Delta Tekstil A.Ş.,corporate,,,deltatekstil@delta.com.tr,0 (547) 469-1025,Gaziantep,True,True,2026-06-03T00:27:25,2026-08-24T00:27:25
C000474,Selim Doğan,individual,M,2001-05-16,selim.dogan31@gmail.com,+905396423258,İstanbul,True,False,2024-04-07T10:46:05,2024-08-11T10:46:05
C000475,Atlas Lojistik Ltd. Şti.,corporate,,,atlaslojistik@atlas.com.tr,+905406954176,Bursa,True,True,2025-02-18T20:32:28,2025-06-17T20:32:28
C000476,Hüseyin Yılmaz,individual,M,1996-07-03,huseyin.yilmaz@outlook.com,+905581394724,İstanbul,True,False,2025-08-27T05:49:46,2026-01-11T05:49:46
C000477,Tuğba Kara,individual,F,1977-05-22,tugba.kara95@icloud.com,+905313621369,İstanbul,True,True,2025-11-04T11:51:38,2026-02-10T11:51:38
C000478,Kerem Kaya,individual,M,1983-06-08,kerem.kaya@hotmail.com,+905534913956,İzmir,True,False,2025-06-29T11:07:14,2025-10-10T11:07:14
C000479,Esra Şahin,individual,F,1981-01-03,esra.sahin@hotmail.com,+905567904362,İstanbul,True,False,2024-10-08T00:29:36,2024-11-15T00:29:36
C000480,Naz Aksoy,individual,F,1981-08-12,naz.aksoy@icloud.com,+905548475712,İstanbul,True,False,2024-05-27T21:19:20,2024-11-04T21:19:20
C000481,Elif Çelik,individual,F,1978-10-23,elif.celik6@yahoo.com,+905596423765,Ankara,True,True,2025-04-24T21:37:49,2025-09-15T21:37:49
C000482,Global Enerji Ltd. Şti.,corporate,,,globalenerji@global.com.tr,+905596612175,Ankara,True,True,2024-02-25T08:15:48,2024-04-13T08:15:48
C000483,Umut Karaca,individual,M,1984-07-12,umut.karaca@gmail.com,+905445273042,İstanbul,True,False,2024-11-10T22:19:17,2024-12-09T22:19:17
C000484,Serkan Keskin,individual,M,1981-03-06,serkan.keskin92@hotmail.com,+905427740307,Antalya,True,True,2026-08-16T12:01:32,2027-02-19T12:01:32
C000485,Aslı Demir,individual,F,2002-12-30,asli.demir@icloud.com,+905488451316,İzmir,True,False,2025-05-01T20:12:53,2025-10-11T20:12:53
C000486,Murat Turan,individual,M,1999-09-23,murat.turan81@gmail.com,+905508530130,Ankara,True,False,2024-07-13T03:52:58,2024-12-10T03:52:58
C000487,Anadolu Otomotiv Yan Sanayi Ltd. Şti.,corporate,,,anadoluotomotivyansanayi@anadolu.com.tr,+905547900313,İzmir,True,True,2025-12-04T04:26:46,2026-04-22T04:26:46
C000488,Furkan Taş,individual,M,1979-06-01,furkan.tas64@yahoo.com,+905539250254,İstanbul,False,True,2024-12-25T19:01:59,2025-06-29T19:01:59
C000489,Eren Yıldırım,individual,M,1984-11-09,eren.yildirim23@yahoo.com,+90 540 858 4940,İstanbul,True,False,2023-10-15T15:14:10,2024-02-04T15:14:10
C000490,Kaan Acar,individual,M,1988-09-16,kaan.acar58@gmail.com,+905316925900,İstanbul,True,True,2026-05-07T08:27:32,2026-09-14T08:27:32
C000491,Marmara Enerji A.Ş.,corporate,,,marmaraenerji@marmara.com.tr,0539 509 70 72,Ankara,True,False,2024-04-26T18:15:49,2024-08-01T18:15:49
C000492,Arda Özdemir,individual,M,2002-01-31,arda.ozdemir30@gmail.com,+905563986313,İstanbul,True,False,2025-11-26T10:22:30,2026-04-16T10:22:30
C000493,Merve Kurt,individual,F,1992-03-11,merve.kurt2@icloud.com,+905436921025,ANKARA,True,True,2025-03-06T14:32:44,2025-04-23T14:32:44
C000494,Gamze Karaca,individual,F,1987-05-11,gamze.karaca@icloud.com,+905482871762,Ankara,True,False,2025-11-24T22:06:36,2026-04-09T22:06:36
C000495,Kaan Polat,individual,M,1970-04-18,kaan.polat@yahoo.com,+905502549420,İstanbul,True,True,2025-12-04T02:53:50,2026-02-16T02:53:50
C000496,Nova Danışmanlık Ltd. Şti.,corporate,,,novadanismanlik@nova.com.tr,0552 165 86 26,İstanbul,True,True,2024-03-06T02:47:11,2024-04-03T02:47:11
C000497,Murat Turan,individual,M,1984-01-27,murat.turan33@icloud.com,+905441921332,İstanbul,True,True,2024-07-18T08:59:11,2024-10-12T08:59:11
C000498,Aslı Güneş,individual,F,1983-12-06,asli.gunes9@gmail.com,+905309238944,Kocaeli,True,True,2024-05-17T01:35:13,2024-10-16T01:35:13
C000499,Tuğba Öztürk,individual,F,1977-04-29,tugba.ozturk@icloud.com,+905381986075,İstanbul,True,True,2026-08-01T09:32:33,2026-10-01T09:32:33
C000500,Naz Aslan,individual,F,1967-05-07,naz.aslan81@yahoo.com,+905371353313,İstanbul,True,False,2024-10-31T22:10:40,2025-04-09T22:10:40
C000501,Serkan Çetin,individual,M,1979-01-18,serkan.cetin@yahoo.com,+905568970965,İstanbul,True,True,2025-08-13T23:22:39,2026-01-06T23:22:39
C000502,Kerem Turan,individual,M,1992-09-12,kerem.turan at yahoo.com,+905554704555,Kocaeli,True,False,2026-03-22T05:15:08,2026-06-06T05:15:08
C000503,Onur Yıldırım,individual,M,1978-09-16,onur.yildirim@outlook.com,+905582797511,İstanbul,True,False,2024-07-29T02:43:41,2024-11-27T02:43:41
C000504,Melis Polat,individual,F,1972-06-27,melis.polat@outlook.com,+905596251441,İzmir,False,True,2025-12-14T01:37:21,2026-02-15T01:37:21
C000505,Can Özdemir,individual,M,1991-10-07,can.ozdemir17@yahoo.com,+905319988258,İzmir,True,True,2023-09-15T09:48:52,2024-03-24T09:48:52
C000506,Zeynep Yıldız,individual,F,1982-10-02,zeynep.yildiz14@gmail.com,+905329261481,İstanbul,True,True,2024-11-08T06:55:25,2025-02-14T06:55:25
C000507,Zeynep Güneş,individual,F,1986-12-11,zeynep.gunes91@gmail.com,+905534939914,Denizli,True,False,2025-06-21T21:19:42,2025-08-12T21:19:42
C000508,Naz Erdoğan,individual,F,1979-04-18,naz.erdogan@hotmail.com,+905543128963,İzmir,True,True,2024-06-22T15:30:43,2024-08-16T15:30:43
C000509,İrem Şahin,individual,F,1973-05-05,irem.sahin at icloud.com,+905522834028,İzmir,True,False,2025-11-01T09:50:23,2026-02-15T09:50:23
C000510,Barış Ateş,individual,M,2001-05-13,baris.ates64@outlook.com,5426801447,Kocaeli,True,True,2024-10-03T22:11:57,2025-03-11T22:11:57
C000511,Eren Öztürk,individual,M,1975-02-21,eren.ozturk@yahoo.com,+905345411051,İstanbul,True,False,2025-06-15T02:22:06,2025-12-31T02:22:06
C000512,Nur Güneş,individual,F,1968-11-18,nur.gunes@gmail.com,+905547270353,Istanbul,True,True,2024-04-25T17:47:12,2024-06-18T17:47:12
C000513,Akdeniz Sağlık A.Ş.,corporate,,,akdenizsaglik@akdeniz.com.tr,+905389371636,ankara,True,True,2024-05-19T08:34:23,2024-10-31T08:34:23
C000514,Murat Çakır,individual,M,1974-01-23,murat.cakir37@gmail.com,+905457136349,İstanbul,True,True,2025-09-23T11:50:59,2026-02-17T11:50:59
C000515,Yasemin Keskin,individual,F,1979-11-21,yasemin.keskin50@hotmail.com,+905337972322,İstanbul,True,True,2026-02-13T00:22:22,2026-07-03T00:22:22
C000516,Ege Medya Ltd. Şti.,corporate,,,egemedya@ege.com.tr,+905314180662,İstanbul,True,True,2025-11-05T16:12:48,2026-04-06T16:12:48
C000517,Tolga Çetin,individual,M,1992-03-30,tolga.cetin@gmail.com,+905481220409,Denizli,True,False,2024-02-09T12:16:22,2024-04-20T12:16:22
C000518,Nur Ateş,individual,F,1994-07-20,nur.ates@outlook.com,+905322162477,istanbul,True,False,2024-04-12T09:10:36,2024-04-12T09:10:36
C000519,Ali Kurt,individual,M,2000-04-14,ali.kurt@icloud.com,+905301351945,İstanbul,True,True,2023-11-11T00:25:41,2024-03-04T00:25:41
C000520,Büşra Güneş,individual,F,1979-08-09,,+905331372223,Bursa,True,True,2025-07-24T00:13:29,2025-08-14T00:13:29
C000521,Ebru Avcı,individual,F,1982-05-13,ebru.avci@icloud.com,+905489500326,İstanbul,True,False,2023-12-16T16:59:55,2023-12-27T16:59:55
C000522,Eren Ateş,individual,M,1993-11-24,eren.ates39@gmail.com,+905308954534,İstanbul,True,False,2024-09-19T07:14:18,2025-03-01T07:14:18
C000523,Aslı Kurt,individual,F,1980-11-21,asli.kurt83@gmail.com,+905403254581,Gaziantep,False,True,2024-08-20T19:41:45,2024-10-04T19:41:45
C000524,Hasan Kurt,individual,M,1975-01-06,hasan.kurt@outlook.com,+905401277380,Gaziantep,True,False,2025-04-03T07:27:15,2025-05-06T07:27:15
C000525,Kuzey Enerji A.Ş.,corporate,,,kuzeyenerji@kuzey.com.tr,+905394212013,Ankara,False,True,2025-11-10T10:39:49,2025-12-02T10:39:49
C000526,Anadolu Teknoloji A.Ş.,corporate,,,anadoluteknoloji@anadolu.com.tr,+905372936306,İstanbul,True,True,2024-07-10T20:37:04,2024-10-03T20:37:04
C000527,Nazlı Özdemir,individual,F,1977-02-26,nazli.ozdemir80@icloud.com,+905458538054,Adana,True,False,2026-02-08T22:01:38,2026-04-18T22:01:38
C000528,Dilara Taş,individual,F,1983-12-10,dilara.tas@gmail.com,5436399022,İzmir,True,True,2026-07-20T05:26:02,2026-07-30T05:26:02
C000529,Hüseyin Kaya,individual,M,1986-01-23,huseyin.kaya33@gmail.com,+905366958793,İstanbul ,True,True,2024-09-19T03:38:38,2025-01-08T03:38:38
C000530,Meridyen Danışmanlık Ltd. Şti.,corporate,,,meridyendanismanlik@meridyen.com.tr,+905481910794,İstanbul,True,False,2024-08-31T04:09:58,2025-01-29T04:09:58
C000531,Ece Bozkurt,individual,F,1984-10-14,ece.bozkurt80@yahoo.com,+905408764540,Ankara,True,True,2023-09-22T12:18:55,2023-10-13T12:18:55
C000532,Serkan Korkmaz,individual,M,1969-01-23,serkan.korkmaz59@hotmail.com,+905527450416,Bursa,False,False,2024-08-21T19:52:15,2024-09-03T19:52:15
C000533,Can Şimşek,individual,M,1974-09-29,can.simsek@outlook.com,+905473178696,İstanbul,True,True,2026-05-27T13:44:11,2026-09-30T13:44:11
C000534,Deniz Tekin,individual,M,1973-10-01,deniz.tekin@icloud.com,+905426008999,Ankara,True,False,2026-05-10T15:04:47,2026-08-28T15:04:47
C000535,Marmara Lojistik Ltd. Şti.,corporate,,,marmaralojistik@marmara.com.tr,+905576865347,İstanbul,True,True,2024-12-14T11:48:33,2025-01-13T11:48:33
C000536,Merve Arslan,individual,F,1994-08-02,merve.arslan54@icloud.com,+905571093582,İzmir,True,False,2025-08-03T23:02:56,2025-12-04T23:02:56
C000537,Mehmet Yıldız,individual,M,1992-04-05,mehmet.yildiz15@outlook.com,+905427018252,İstanbul ,True,False,2023-11-18T19:34:37,2024-02-24T19:34:37
C000538,Serkan Güneş,individual,M,1979-12-27,serkan.gunes27@yahoo.com,+905536223660,İstanbul,True,True,2025-07-14T05:58:44,2025-09-08T05:58:44
C000539,Arda Acar,individual,M,1994-11-04,arda.acar95@yahoo.com,+90 553 819 5191,Eskişehir,True,False,2024-04-10T23:51:42,2024-09-05T23:51:42
C000540,Esra Aslan,individual,F,1991-08-11,esra.aslan@icloud.com,+905564168274,İstanbul,True,False,2025-06-18T03:23:49,2025-10-27T03:23:49
C000541,Ali Çakır,individual,M,1982-05-31,ali.cakir89@yahoo.com,+905524462324,Ankara,True,True,2024-07-12T02:13:38,2024-09-24T02:13:38
C000542,Ali Özkan,individual,M,1985-04-10,ali.ozkan7@icloud.com,+905563267477,Antalya,True,True,2023-12-25T10:49:05,2024-04-12T10:49:05
C000543,Derya Yalçın,individual,F,1956-06-20,derya.yalcin@outlook.com,+905408413069,İstanbul,True,True,2026-05-14T08:17:55,2026-11-21T08:17:55
C000544,Mehmet Çetin,individual,M,2001-04-06,mehmet.cetin61@yahoo.com,+905565954414,Antalya,False,False,2025-07-06T23:59:11,2025-11-11T23:59:11
C000545,Arda Şahin,individual,M,1995-12-03,arda.sahin73@gmail.com,+905391617040,İstanbul,True,False,2025-12-15T03:29:25,2026-05-18T03:29:25
C000546,İbrahim Şimşek,individual,M,1978-02-27,ibrahim.simsek59@hotmail.com,+905529061047,Bursa,True,False,2026-04-28T17:19:45,2026-10-26T17:19:45
C000547,Deniz Aydın,individual,M,1997-05-30,deniz.aydin@outlook.com,+905564258367,Antalya,True,True,2024-08-02T20:21:09,2024-12-16T20:21:09
C000548,Murat Polat,individual,M,1988-04-10,murat.polat@gmail.com,+905351773180,Antalya,True,True,2024-10-24T09:33:32,2025-03-22T09:33:32
C000549,Anadolu Otomotiv Yan Sanayi A.Ş.,corporate,,,anadoluotomotivyansanayi@anadolu.com.tr,+905407701812,Eskişehir,False,True,2025-02-22T13:42:15,2025-07-08T13:42:15
C000550,Naz Güneş,individual,F,2002-08-10,naz.gunes@hotmail.com,+90 537 983 4869,Gaziantep,True,True,2026-03-10T23:26:32,2026-06-23T23:26:32
C000551,Hüseyin Bozkurt,individual,M,1976-08-27,huseyin.bozkurt@icloud.com,+905338794527,Ankara,True,False,2026-08-26T02:32:07,2027-02-04T02:32:07
C000552,Kaan Çetin,individual,M,1977-02-27,kaan.cetin@icloud.com,0533 907 97 05,İstanbul,True,True,2024-03-06T09:04:27,2024-08-07T09:04:27
C000553,Barış Çakır,individual,M,1980-03-27,baris.cakir@gmail.com,+905485578847,Ankara,True,False,2025-06-25T03:17:45,2025-11-26T03:17:45
C000554,Cem Demir,individual,M,1987-03-15,cem.demir@yahoo.com,+905456435696,Bursa,True,True,2025-02-20T15:57:53,2025-07-28T15:57:53
C000555,Ahmet Turan,individual,M,1994-07-19,ahmet.turan71@gmail.com,+905345262475,İstanbul,True,True,2025-02-25T18:10:50,2025-07-12T18:10:50
C000556,Nazlı Polat,individual,F,1959-09-19,nazli.polat@icloud.com,+905578865923,İstanbul,True,True,2025-08-16T18:43:57,2025-08-31T18:43:57
C000557,Melis Tekin,individual,F,1972-11-03,melis.tekin11@yahoo.com,+905562975260,Konya,True,False,2026-05-01T18:46:27,2026-09-14T18:46:27
C000558,Meridyen Medya A.Ş.,corporate,,,meridyenmedya@meridyen.com.tr,+905488387013,İstanbul,True,True,2026-08-25T09:04:51,2026-11-22T09:04:51
C000559,Melis Özkan,individual,F,1981-06-25,melis.ozkan@gmail.com,5394333776,İzmir,True,True,2025-05-28T03:44:46,2025-11-09T03:44:46
C000560,Hande Kaya,individual,F,2002-07-19,hande.kaya16@outlook.com,+905484957438,Ankara,True,True,2025-04-21T03:06:24,2025-05-26T03:06:24
C000561,Hasan Avcı,individual,M,2002-08-30,hasan.avci49@yahoo.com,+905347674878,İstanbul,True,False,2025-02-06T17:21:11,2025-07-24T17:21:11
C000562,Oğuz Erdoğan,individual,M,1986-05-02,oguz.erdogan77@gmail.com,+905459645575,Adana,True,True,2025-01-03T14:41:05,2025-01-15T14:41:05
C000563,Onur Yıldırım,individual,M,1985-06-22,onur.yildirim@hotmail.com,+905532203124,İstanbul,False,True,2025-07-28T03:49:51,2025-11-15T03:49:51
C000564,Onur Karaca,individual,M,1990-07-02,onur.karaca@yahoo.com,+905385797491,Gaziantep,True,False,2024-05-24T06:27:20,2024-08-25T06:27:20
C000565,Ceren Yıldız,individual,F,1968-04-25,ceren.yildiz@yahoo.com,+905339932127,İstanbul,True,True,2026-02-12T02:17:57,2026-06-11T02:17:57
C000566,Nazlı Şimşek,individual,F,1979-10-15,nazli.simsek@outlook.com,+905506645136,Adana,True,False,2024-05-08T16:13:44,2024-09-03T16:13:44
C000567,Büşra Korkmaz,individual,F,1995-06-30,busra.korkmaz@hotmail.com,+905375101666,İstanbul,True,True,2024-10-08T23:57:04,2025-01-21T23:57:04
C000568,Zeynep Keskin,individual,F,1988-08-07,zeynep.keskin85@gmail.com,+905595478036,İstanbul,True,False,2023-09-17T19:00:00,2023-10-31T19:00:00
C000569,Umut Keskin,individual,M,1981-10-17,umut.keskin39@hotmail.com,+905449958680,ANKARA,False,True,2023-10-23T04:54:37,2024-03-06T04:54:37
C000570,Halil Çakır,individual,M,1984-04-11,halil.cakir@outlook.com,0540 662 10 05,Kocaeli,True,True,2025-07-02T15:27:16,2025-11-12T15:27:16
C000571,Berk Özdemir,individual,M,1976-07-22,berk.ozdemir@hotmail.com,+905596147646,Eskişehir,True,False,2025-09-23T11:34:52,2026-03-29T11:34:52
C000572,Ali Özdemir,individual,M,1978-03-23,ali.ozdemir15@outlook.com,+905598687324,İzmir,True,False,2025-02-28T13:01:21,2025-05-16T13:01:21
C000573,Boğaziçi Teknoloji Ltd. Şti.,corporate,,,bogaziciteknoloji@bogazici.com.tr,0 (551) 152-8004,İstanbul,True,False,2025-12-11T12:21:56,2026-03-23T12:21:56
C000574,Arda Özdemir,individual,M,1984-04-16,arda.ozdemir@gmail.com,+905568100175,Adana,True,False,2023-12-26T08:25:17,2024-01-25T08:25:17
C000575,Hasan Bulut,individual,M,1962-02-18,hasan.bulut@yahoo.com,+90 535 356 1067,Eskişehir,True,True,2026-08-24T12:50:21,2026-11-12T12:50:21
C000576,Deniz Tekin,individual,M,1990-07-29,deniz.tekin82@icloud.com,+905393395456,İstanbul,True,True,2024-11-04T16:05:37,2024-12-04T16:05:37
C000577,Pınar Tekin,individual,F,1977-06-29,pinar.tekin65@icloud.com,+905338981252,Kocaeli,True,True,2025-05-18T02:36:04,2025-07-13T02:36:04
C000578,Kerem Polat,individual,M,1997-11-13,kerem.polat3@hotmail.com,+905409267268,İstanbul,True,True,2024-07-13T22:45:38,2024-07-18T22:45:38
C000579,Serkan Çelik,individual,M,2001-11-02,serkan.celik11@yahoo.com,+905351297532,Istanbul,True,True,2026-03-26T15:17:19,2026-09-30T15:17:19
C000580,Pınar Şimşek,individual,F,2002-12-04,pinar.simsek@outlook.com,+905331458141,İstanbul,True,False,2023-10-27T20:58:30,2024-02-27T20:58:30
C000581,Efe Şahin,individual,M,1982-07-02,efe.sahin55@outlook.com,+905514866661,Adana,False,False,2026-03-03T16:00:00,2026-03-03T16:00:00
C000582,Ceren Çelik,individual,F,1984-11-25,ceren.celik20@outlook.com,05327864036,İstanbul,True,True,2026-07-09T13:01:50,2026-10-23T13:01:50
C000583,Global Otomotiv Yan Sanayi A.Ş.,corporate,,,globalotomotivyansanayi@global.com.tr,+905354075338,Bursa,True,True,2026-04-03T06:54:23,2026-07-13T06:54:23
C000584,Fatma Şahin,individual,F,1977-10-16,fatma.sahin@outlook.com,+905373478257,Bursa,True,False,2024-07-19T09:55:10,2024-09-22T09:55:10
C000585,Oğuz Özkan,individual,M,2000-04-08,oguz.ozkan16@gmail.com,+905487197843,İzmir,True,True,2024-06-18T13:03:24,2024-10-26T13:03:24
C000586,Yusuf Yıldız,individual,M,1995-10-29,yusuf.yildiz36@icloud.com,+905325933976,İstanbul,True,True,2024-04-18T14:10:59,2024-07-17T14:10:59
C000587,Arda Keskin,individual,M,2000-10-28,arda.keskin@yahoo.com,+905487617627,İzmir,True,False,2025-08-01T02:37:50,2025-11-01T02:37:50
C000588,Serkan Karaca,individual,M,1991-03-31,serkan.karaca@icloud.com,+905474232659,Bursa,True,True,2024-12-10T13:04:56,2024-12-14T13:04:56
C000589,Selim Demir,individual,M,1992-12-27,selim.demir@yahoo.com,+905377369825,Bursa,True,False,2024-01-22T03:32:39,2024-05-25T03:32:39
C000590,Ömer Tekin,individual,M,1974-12-07,omer.tekin@hotmail.com,+905595139538,İstanbul,False,True,2024-11-29T15:50:28,2025-02-21T15:50:28
C000591,Sude Uzun,individual,F,1995-07-12,sude.uzun8@yahoo.com,+905348614453,İstanbul,True,False,2024-07-15T03:47:18,2024-09-22T03:47:18
C000592,Ceren Özdemir,individual,F,1976-08-27,ceren.ozdemir@gmail.com,+905434648565,İstanbul ,True,False,2025-04-14T14:12:48,2025-07-11T14:12:48
C000593,Pınar Yıldırım,individual,F,1961-11-22,pinar.yildirim31@outlook.com,+905579632320,İstanbul,True,True,2025-01-18T08:13:06,2025-04-25T08:13:06
C000594,Meridyen İnşaat A.Ş.,corporate,,,meridyeninsaat@meridyen.com.tr,+905555464865,İzmir,True,True,2023-12-04T04:18:25,2024-03-26T04:18:25
C000595,Ceren Doğan,individual,F,1972-10-13,ceren.dogan@gmail.com,+905374407735,İzmir,True,True,2026-06-23T16:38:10,2026-09-23T16:38:10
C000596,Emre Acar,individual,M,1986-08-08,emre.acar94@yahoo.com,+90 532 896 4240,İstanbul,True,True,2025-02-10T12:27:13,2025-05-11T12:27:13
C000597,Ceren Yalçın,individual,F,1996-04-27,ceren.yalcin17@icloud.com,+905322991621,Ankara,True,True,2023-10-02T17:00:22,2023-10-15T17:00:22
C000598,Hasan Erdoğan,individual,M,1970-01-03,hasan.erdogan@outlook.com,+905415142166,İstanbul,True,False,2025-12-08T01:13:08,2025-12-25T01:13:08
C000599,Damla Özkan,individual,F,1985-07-13,damla.ozkan@yahoo.com,+905596787840,Eskişehir,True,False,2026-07-05T08:36:35,2026-07-31T08:36:35
C000600,Onur Korkmaz,individual,M,1969-02-09,onur.korkmaz@icloud.com,+905407502758,İstanbul,True,False,2025-03-01T12:51:04,2025-05-29T12:51:04
C000601,Fatma Korkmaz,individual,F,1995-03-07,fatma.korkmaz@gmail.com,+905501090871,İstanbul,True,False,2024-01-31T23:45:12,2024-05-11T23:45:12
C000602,Sude Yıldırım,individual,F,1984-04-18,sude.yildirim85@icloud.com,+905358648851,İzmir,True,True,2024-10-15T23:58:12,2025-04-02T23:58:12
C000603,Eren Bozkurt,individual,M,1995-02-28,eren.bozkurt38@outlook.com,+905346254591,İstanbul,True,False,2025-01-17T07:16:53,2025-06-08T07:16:53
C000604,Esra Uzun,individual,F,1985-01-25,esra.uzun@hotmail.com,+905527199276,ankara,True,False,2026-07-12T10:43:55,2026-08-01T10:43:55
C000605,Kerem Yıldız,individual,M,1994-04-07,kerem.yildiz@icloud.com,+905446094159,Ankara,True,True,2026-03-03T11:52:40,2026-05-11T11:52:40
C000606,Dilara Özdemir,individual,F,1992-10-16,dilara.ozdemir@outlook.com,+905438930487,Bursa,True,False,2024-04-13T23:59:39,2024-06-16T23:59:39
C000607,Gizem Taş,individual,F,1984-04-30,gizem.tas81@hotmail.com,+905348847907,Bursa,True,False,2025-01-20T07:49:54,2025-05-22T07:49:54
C000608,Aslı Yıldız,individual,F,1974-11-12,asli.yildiz42@outlook.com,+905593869768,İzmir,True,False,2024-01-29T11:56:02,2024-02-11T11:56:02
C000609,Barış Bozkurt,individual,M,1995-04-08,baris.bozkurt31@outlook.com,+905325721706,İstanbul,True,False,2024-04-16T04:54:18,2024-08-21T04:54:18
C000610,Seda Aydın,individual,F,1981-01-27,seda.aydin@icloud.com,+905585683935,İstanbul,True,True,2025-02-16T18:43:46,2025-06-02T18:43:46
C000611,Mustafa Güneş,individual,M,1994-05-29,mustafa.gunes@icloud.com,+905371721324,Antalya,True,True,2025-04-01T10:27:01,2025-05-17T10:27:01
C000612,Kuzey Lojistik A.Ş.,corporate,,,kuzeylojistik@kuzey.com.tr,+905391981809,İstanbul,True,False,2024-11-07T03:01:23,2025-03-15T03:01:23
C000613,Can Şimşek,individual,M,1973-08-26,can.simsek69@hotmail.com,+905548315216,Adana,True,True,2026-05-25T12:12:25,2026-07-13T12:12:25
C000614,İbrahim Korkmaz,individual,M,1993-05-03,ibrahim.korkmaz91@yahoo.com,+905377005656,İstanbul,True,True,2025-02-19T23:16:24,2025-03-10T23:16:24
C000615,Ece Çetin,individual,F,1966-04-28,ece.cetin@hotmail.com,+905464669921,İstanbul,True,False,2023-10-18T05:35:54,2024-04-06T05:35:54
C000616,Hüseyin Çelik,individual,M,1970-04-12,huseyin.celik@outlook.com,05301408876,ISTANBUL,True,True,2026-08-21T23:54:59,2026-11-25T23:54:59
C000617,Furkan Yıldırım,individual,M,1994-10-12,furkan.yildirim@icloud.com,+905569180057,Mersin,True,True,2025-11-14T07:06:19,2026-01-03T07:06:19
C000618,Deniz Sarı,individual,M,1972-06-17,deniz.sari@icloud.com,+905494977793,İstanbul,True,True,2024-02-24T13:09:36,2024-04-10T13:09:36
C000619,Mehmet Korkmaz,individual,M,1983-06-13,mehmet.korkmaz@icloud.com,+905583253465,İstanbul,True,False,2026-05-12T16:20:23,2026-05-21T16:20:23
C000620,Ege Sağlık A.Ş.,corporate,,,egesaglik@ege.com.tr,+905341121379,Antalya,True,False,2024-04-12T17:32:34,2024-07-14T17:32:34
C000621,Cem Özdemir,individual,M,1975-09-07,cem.ozdemir5@hotmail.com,+905592700973,İstanbul,True,True,2024-02-06T06:46:54,2024-04-06T06:46:54
C000622,Hasan Avcı,individual,M,1995-04-05,hasan.avci5@hotmail.com,+905339512441,İstanbul,True,False,2025-01-22T18:49:23,2025-05-19T18:49:23
C000623,Berk Acar,individual,M,1980-05-14,berk.acar@gmail.com,+905316035583,İstanbul,True,True,2024-06-11T03:58:10,2024-08-08T03:58:10
C000624,Melis Erdoğan,individual,F,1979-03-05,melis.erdogan43@hotmail.com,+905478878943,İstanbul,True,True,2026-03-24T08:04:53,2026-06-26T08:04:53
C000625,Serkan Avcı,individual,M,1972-09-08,serkan.avci@outlook.com,05487773852,Ankara,True,True,2025-07-13T12:57:52,2026-01-08T12:57:52
C000626,Deniz Acar,individual,M,1964-02-10,deniz.acar@hotmail.com,+905408386621,Konya,True,False,2025-12-08T19:55:23,2026-01-24T19:55:23
C000627,İrem Kara,individual,F,1976-11-10,irem.kara@outlook.com,+905377700026,Ankara,True,False,2025-09-09T03:01:23,2026-01-25T03:01:23
C000628,Tuğba Ünal,individual,F,1981-06-26,tugba.unal2@hotmail.com,05348419824,İstanbul,True,False,2024-10-20T14:55:55,2025-03-15T14:55:55
C000629,Kuzey Medya A.Ş.,corporate,,,kuzeymedya@kuzey.com.tr,+905374819242,Bursa,True,False,2024-11-25T16:55:19,2025-03-06T16:55:19
C000630,Efe Acar,individual,M,1976-01-08,efe.acar@yahoo.com,+905371025841,ISTANBUL,True,True,2024-06-20T01:36:40,2024-07-30T01:36:40
C000631,Ebru Özkan,individual,F,1973-02-17,ebru.ozkan@yahoo.com,+905566840040,İstanbul,True,True,2025-07-18T08:29:01,2025-11-10T08:29:01
C000632,Umut Yalçın,individual,M,1981-05-20,umut.yalcin@yahoo.com,+90 552 405 1287,İstanbul,True,True,2023-09-27T22:03:51,2023-09-30T22:03:51
C000633,Selin Kılıç,individual,F,1987-12-16,selin.kilic@icloud.com,+905453619303,İzmir,True,False,2025-03-04T06:52:05,2025-06-16T06:52:05
C000634,Hüseyin Koç,individual,M,1996-04-23,huseyin.koc87@gmail.com,+905377471358,Adana,True,True,2026-06-20T19:07:09,2026-11-10T19:07:09
C000635,Gamze Ünal,individual,F,1975-05-27,gamze.unal50@outlook.com,+905344070517,Bursa,True,True,2023-10-19T13:25:50,2024-01-14T13:25:50
C000636,Barış Yıldırım,individual,M,2002-12-24,baris.yildirim81@icloud.com,0558 822 69 02,ISTANBUL,True,True,2023-10-01T14:24:36,2024-03-26T14:24:36
C000637,Ufuk İnşaat Ltd. Şti.,corporate,,,ufukinsaat@ufuk.com.tr,+905431227435,Kocaeli,True,True,2024-10-09T09:57:45,2024-12-03T09:57:45
C000638,Gizem Yıldız,individual,F,1966-07-26,gizem.yildiz96@hotmail.com,+905444934354,Ankara,True,False,2026-05-03T03:47:08,2026-06-05T03:47:08
C000639,Burak Acar,individual,M,1988-12-13,burak.acar@icloud.com,+905487659050,Adana,True,False,2025-07-22T14:02:00,2025-10-02T14:02:00
C000640,Hüseyin Güneş,individual,M,1983-08-02,huseyin.gunes3@gmail.com,+905373476176,İstanbul,True,False,2024-11-01T01:15:55,2025-03-14T01:15:55
C000641,Ömer Çetin,individual,M,1971-03-28,omer.cetin@yahoo.com,+905472971843,İstanbul,True,False,2026-05-31T16:07:46,2026-11-05T16:07:46
C000642,Kuzey Lojistik A.Ş.,corporate,,,kuzeylojistik@kuzey.com.tr,+905324301885,İstanbul,True,True,2024-09-27T21:49:27,2025-01-27T21:49:27
C000643,Yıldız Lojistik A.Ş.,corporate,,,yildizlojistik@yildiz.com.tr,+905575323325,Antalya,True,False,2025-06-19T02:34:44,2025-09-14T02:34:44
C000644,Hande Keskin,individual,F,1975-10-10,hande.keskin@outlook.com,+905493855237,İzmir,True,False,2025-06-09T15:28:14,2025-08-19T15:28:14
C000645,Büşra Bozkurt,individual,F,1981-07-23,busra.bozkurt90@gmail.com,+905454466547,Ankara,True,True,2026-08-05T23:03:02,2026-09-14T23:03:02
C000646,Can Çetin,individual,M,1965-09-09,can.cetin57@gmail.com,+905325077234,Ankara,True,False,2025-08-18T22:59:55,2025-10-05T22:59:55
C000647,Kerem Yıldırım,individual,M,1985-03-09,kerem.yildirim@outlook.com,+905352032389,Antalya,True,True,2026-08-05T09:06:32,2026-11-24T09:06:32
C000648,Tuğba Özdemir,individual,F,1985-10-04,tugba.ozdemir@hotmail.com,+905504819287,Konya,True,True,2025-12-25T11:18:43,2026-04-30T11:18:43
C000649,Anadolu Tekstil A.Ş.,corporate,,,anadolutekstil@anadolu.com.tr,+905536707672,İstanbul,True,True,2024-07-10T15:46:02,2024-07-15T15:46:02
C000650,Ömer Ünal,individual,M,1979-01-26,omer.unal@hotmail.com,+905306814419,Ankara,True,False,2025-11-14T14:06:13,2026-05-05T14:06:13
C000651,Ebru Ünal,individual,F,1991-10-04,ebru.unal40@yahoo.com,+905494134023,İstanbul,True,False,2024-05-15T20:06:32,2024-11-27T20:06:32
C000652,Aslı Yılmaz,individual,F,1991-03-30,asli.yilmaz8@gmail.com,+905364508237,İstanbul,False,True,2025-05-29T21:43:28,2025-12-05T21:43:28
C000653,Ayşe Koç,individual,F,2002-03-24,ayse.koc23@hotmail.com,+905333989886,İstanbul,True,True,2024-04-30T02:41:06,2024-06-12T02:41:06
C000654,Seda Özdemir,individual,F,1987-05-03,seda.ozdemir@icloud.com,+905457128695,ankara,True,True,2023-10-19T12:02:13,2023-11-12T12:02:13
C000655,Naz Uzun,individual,F,1987-09-06,naz.uzun@icloud.com,+905318895759,İstanbul,True,False,2026-07-26T02:26:55,2026-12-03T02:26:55
C000656,Onur Öztürk,individual,M,1981-03-29,onur.ozturk@outlook.com,+905443896007,İzmir,True,True,2025-06-28T19:45:44,2025-08-11T19:45:44
C000657,Büşra Şimşek,individual,F,1963-11-22,busra.simsek@gmail.com,+905457451924,İstanbul,True,True,2026-01-02T02:54:16,2026-05-21T02:54:16
C000658,Mehmet Kara,individual,M,1990-05-15,mehmet.kara@yahoo.com,+905476999442,İzmir,True,False,2024-10-11T03:19:05,2025-03-22T03:19:05
C000659,Gamze Avcı,individual,F,1976-02-26,gamze.avci@yahoo.com,0 (542) 517-2948,Kocaeli,True,True,2025-06-04T16:06:03,2025-09-13T16:06:03
C000660,Zeynep Öztürk,individual,F,1997-04-28,zeynep.ozturk@yahoo.com,+905387271829,Ankara,True,False,2024-05-23T04:14:54,2024-05-26T04:14:54
C000661,Nova Danışmanlık A.Ş.,corporate,,,novadanismanlik@nova.com.tr,+905585446671,Bursa,True,False,2026-05-19T16:02:35,2026-11-27T16:02:35
C000662,Ahmet Keskin,individual,M,1992-08-23,ahmet.keskin@icloud.com,+905594422158,İzmir,True,False,2025-10-17T23:38:36,2025-11-09T23:38:36
C000663,Emre Özdemir,individual,M,2002-10-11,emre.ozdemir90@outlook.com,+905474932802,İstanbul,True,False,2026-01-02T12:24:55,2026-03-22T12:24:55
C000664,Onur Yılmaz,individual,M,1979-02-23,,+905468401052,Konya,True,True,2024-07-19T20:46:51,2024-07-24T20:46:51
C000665,Can Kara,individual,M,1975-06-21,can.kara@icloud.com,+905596662780,İstanbul,True,True,2024-06-28T04:55:31,2024-07-13T04:55:31
C000666,Yıldız Teknoloji A.Ş.,corporate,,,yildizteknoloji@yildiz.com.tr,+905375667693,Eskişehir,True,False,2023-09-07T16:03:07,2024-02-27T16:03:07
C000667,Eren Yıldız,individual,M,2002-04-15,eren.yildiz@icloud.com,+905451028394,İzmir,True,False,2024-03-27T04:39:31,2024-09-21T04:39:31
C000668,Kuzey İnşaat A.Ş.,corporate,,,kuzeyinsaat@kuzey.com.tr,+905596314861,İstanbul,True,True,2026-06-02T12:09:37,2026-06-03T12:09:37
C000669,Ceren Sarı,individual,F,1978-01-01,ceren.sari@icloud.com,+905544035456,Mersin,True,True,2025-04-29T09:22:16,2025-06-10T09:22:16
C000670,Selim Keskin,individual,M,1988-07-04,selim.keskin60@icloud.com,+905432114975,İstanbul,True,False,2024-05-09T10:53:06,2024-06-13T10:53:06
C000671,Ahmet Bozkurt,individual,M,1978-12-07,ahmet.bozkurt40@yahoo.com,+905329657613,İstanbul,False,True,2023-12-04T07:32:48,2024-02-07T07:32:48
C000672,Mehmet Bozkurt,individual,M,1975-09-18,mehmet.bozkurt97@outlook.com,+905324445423,İstanbul,True,True,2024-12-14T17:33:42,2025-06-20T17:33:42
C000673,Esra Kaya,individual,F,1985-06-13,esra.kaya38@outlook.com,+905567477166,Kocaeli,False,True,2024-10-18T04:25:58,2024-10-21T04:25:58
C000674,Tuğba Çelik,individual,F,1988-04-28,tugba.celik@outlook.com,+905365070283,Ankara,True,False,2026-02-09T06:31:07,2026-08-26T06:31:07
C000675,Emre Yıldırım,individual,M,1995-02-02,emre.yildirim@icloud.com,+905363444088,Antalya,True,True,2025-07-25T01:04:58,2025-10-10T01:04:58
C000676,Berk Korkmaz,individual,M,1988-07-20,,5323114353,İstanbul,True,True,2025-02-06T21:29:10,2025-07-17T21:29:10
C000677,Anadolu Enerji A.Ş.,corporate,,,anadoluenerji@anadolu.com.tr,0 (558) 677-2760,İstanbul,True,True,2024-06-08T04:35:19,2024-09-03T04:35:19
C000678,Barış Korkmaz,individual,M,1991-11-18,,+905414983951,Samsun,True,False,2025-06-04T07:19:44,2025-10-20T07:19:44
C000679,Ufuk Medya Ltd. Şti.,corporate,,,,+905599979814,Gaziantep,True,True,2024-07-16T04:12:16,2024-12-31T04:12:16
C000680,Serkan Ünal,individual,M,1984-03-08,serkan.unal3@hotmail.com,+905462223724,İzmir,True,False,2024-08-05T11:52:02,2025-01-12T11:52:02
C000681,Selim Aydın,individual,M,1968-11-20,,+905404149087,Bursa,True,False,2024-02-10T10:10:35,2024-07-11T10:10:35
C000682,Kaan Turan,individual,M,1977-02-16,kaan.turan@gmail.com,+905559590722,Adana,True,True,2026-02-02T17:41:47,2026-08-19T17:41:47
C000683,Murat Kılıç,individual,M,1975-06-15,murat.kilic34@gmail.com,+905445810967,istanbul,True,True,2025-10-26T10:02:22,2025-12-17T10:02:22
C000684,Tuğba Kılıç,individual,F,1983-06-28,tugba.kilic87@gmail.com,+905473925838,Denizli,True,True,2026-08-01T12:40:49,2026-10-17T12:40:49
C000685,Kuzey Tekstil A.Ş.,corporate,,,kuzeytekstil@kuzey.com.tr,+905493924369,İstanbul,True,False,2025-09-25T19:03:55,2025-12-04T19:03:55
C000686,Umut Taş,individual,M,1978-07-06,umut.tas@icloud.com,05563291264,İstanbul,True,True,2024-11-16T06:57:00,2025-04-05T06:57:00
C000687,Global Tekstil Ltd. Şti.,corporate,,,globaltekstil at global.com.tr,+905426502204,İzmir,True,True,2026-08-28T17:59:34,2026-12-14T17:59:34
C000688,Mehmet Kılıç,individual,M,1989-01-19,mehmet.kilic@outlook.com,+905577217980,istanbul,True,True,2025-06-20T23:17:42,2025-07-27T23:17:42
C000689,Can Şahin,individual,M,1982-11-02,can.sahin@outlook.com,+905303132347,İstanbul,True,False,2025-11-12T17:26:13,2026-01-14T17:26:13
C000690,Esra Öztürk,individual,F,2002-04-03,esra.ozturk@outlook.com,+905456633738,İstanbul,True,False,2025-06-25T19:10:06,2026-01-01T19:10:06
C000691,Onur Taş,individual,M,1973-06-21,onur.tas@yahoo.com,+905358622969,Gaziantep,True,True,2023-09-10T11:59:42,2024-02-14T11:59:42
C000692,Halil Bozkurt,individual,M,1977-06-05,halil.bozkurt5@outlook.com,+905514170528,Eskişehir,True,False,2026-05-10T11:21:45,2026-05-20T11:21:45
C000693,Ege Otomotiv Yan Sanayi A.Ş.,corporate,,,egeotomotivyansanayi@ege.com.tr,+905393943782,İstanbul,True,True,2026-07-28T14:44:26,2026-11-30T14:44:26
C000694,Beyza Bulut,individual,F,1970-03-14,beyza.bulut@outlook.com,+905406910790,İstanbul,True,False,2025-10-17T14:08:40,2025-11-18T14:08:40
C000695,Damla Yalçın,individual,F,1979-04-27,damla.yalcin@outlook.com,+905333974222,Kocaeli,True,True,2026-06-25T17:51:20,2026-10-17T17:51:20
C000696,Tuğba Yıldız,individual,F,1981-05-29,tugba.yildiz@yahoo.com,0548 917 06 44,İstanbul,True,True,2026-08-13T09:08:17,2027-01-10T09:08:17
C000697,Mustafa Güneş,individual,M,1992-05-14,mustafa.gunes80@icloud.com,+905354551129,İstanbul,True,True,2026-01-10T01:18:47,2026-02-03T01:18:47
C000698,Seda Doğan,individual,F,1950-08-27,seda.dogan@icloud.com,+905392832613,Ankara,True,True,2025-09-01T01:15:18,2025-09-10T01:15:18
C000699,Gizem Polat,individual,F,1973-08-27,gizem.polat43@gmail.com,+905361738696,İstanbul,True,False,2025-06-03T22:31:11,2025-11-27T22:31:11
C000700,Mustafa Polat,individual,M,1997-12-29,mustafa.polat@outlook.com,+905443565476,Ankara,True,True,2024-01-24T13:32:44,2024-04-04T13:32:44
C000701,Murat Acar,individual,M,1985-09-19,murat.acar8@icloud.com,+905479576517,İstanbul,True,True,2023-10-12T07:38:32,2024-04-07T07:38:32
C000702,Meridyen Turizm A.Ş.,corporate,,,meridyenturizm@meridyen.com.tr,+905475311578,İzmir,True,False,2024-10-26T10:48:24,2025-01-05T10:48:24
C000703,Ege Yazılım A.Ş.,corporate,,,egeyazilim@ege.com.tr,+905439224478,Antalya,True,True,2026-02-18T18:28:14,2026-02-26T18:28:14
C000704,Serkan Çakır,individual,M,1986-03-12,serkan.cakir94@yahoo.com,+905424154685,İstanbul,True,True,2026-07-15T04:44:45,2026-11-17T04:44:45
C000705,Anadolu Yazılım Ltd. Şti.,corporate,,,anadoluyazilim@anadolu.com.tr,+905532156830,Ankara,True,True,2026-07-01T19:50:12,2026-12-30T19:50:12
C000706,Furkan Çakır,individual,M,2001-10-05,furkan.cakir@icloud.com,+905396433276,Istanbul,True,True,2025-08-12T07:42:57,2026-02-27T07:42:57
C000707,Onur Kurt,individual,M,1992-03-21,onur.kurt@gmail.com,+905576302423,Ankara,True,False,2023-09-16T23:08:47,2023-11-14T23:08:47
C000708,Mustafa Taş,individual,M,1971-04-22,mustafa.tas12@outlook.com,+905361868712,Ankara,True,True,2026-04-19T03:10:45,2026-05-14T03:10:45
C000709,Ceren Arslan,individual,F,1998-09-28,ceren.arslan31@gmail.com,+905578492565,Denizli,True,False,2025-06-18T17:16:04,2025-10-23T17:16:04
C000710,Merve Uzun,individual,F,1991-11-23,merve.uzun42@yahoo.com,+905528370484,Samsun,True,True,2026-05-31T11:35:58,2026-10-21T11:35:58
C000711,Fatma Aydın,individual,F,1990-12-24,fatma.aydin53@gmail.com,05384765505,İstanbul,True,False,2024-05-21T11:33:10,2024-07-16T11:33:10
C000712,Büşra Erdoğan,individual,F,1986-06-29,busra.erdogan17@outlook.com,+905479155940,İstanbul,False,True,2025-05-20T05:44:48,2025-10-03T05:44:48
C000713,Cem Tekin,individual,M,1990-10-25,cem.tekin@gmail.com,+905434392566,İstanbul,True,True,2026-02-10T06:11:35,2026-04-28T06:11:35
C000714,Arda Özdemir,individual,M,1983-10-09,arda.ozdemir@yahoo.com,+905413642321,Antalya,True,True,2026-05-31T12:38:29,2026-11-15T12:38:29
C000715,Kuzey Enerji Ltd. Şti.,corporate,,,kuzeyenerji@kuzey.com.tr,+905387860071,Muğla,True,False,2023-09-23T09:18:14,2024-02-04T09:18:14
C000716,Serkan Çelik,individual,M,1989-04-15,serkan.celik@icloud.com,+905354301385,Bursa,True,False,2025-05-19T23:20:53,2025-08-15T23:20:53
C000717,Hüseyin Yalçın,individual,M,1969-11-29,huseyin.yalcin@outlook.com,+905507284666,İstanbul,True,True,2025-06-22T21:16:11,2025-07-01T21:16:11
C000718,Hande Polat,individual,F,1969-03-05,hande.polat4@outlook.com,+905382703954,İstanbul,True,False,2025-01-19T13:02:14,2025-06-06T13:02:14
C000719,Büşra Öztürk,individual,F,1969-04-10,busra.ozturk69@gmail.com,+905519653798,İstanbul,True,False,2023-10-21T19:45:43,2023-11-11T19:45:43
C000720,Berk Doğan,individual,M,1987-11-25,berk.dogan@yahoo.com,+905395246238,Ankara,True,True,2026-05-17T10:14:04,2026-08-31T10:14:04
C000721,Umut Bozkurt,individual,M,1978-05-28,umut.bozkurt@icloud.com,+905303692251,Eskişehir,True,False,2024-04-30T22:48:51,2024-06-20T22:48:51
C000722,Elif Koç,individual,F,1998-02-17,elif.koc97@outlook.com,5496704923,İstanbul,True,False,2026-04-25T22:48:11,2026-05-17T22:48:11
C000723,Meridyen Otomotiv Yan Sanayi A.Ş.,corporate,,,meridyenotomotivyansanayi@meridyen.com.tr,+905579830652,İstanbul,True,True,2025-08-13T05:49:44,2026-01-02T05:49:44
C000724,İbrahim Avcı,individual,M,1978-01-07,ibrahim.avci@outlook.com,+905411231968,Ankara,False,False,2026-07-22T12:57:44,2026-08-20T12:57:44
C000725,Kaan Bulut,individual,M,2002-12-31,kaan.bulut@hotmail.com,+905493693505,Samsun,True,True,2026-02-05T10:29:38,2026-04-26T10:29:38
C000726,Ali Aydın,individual,M,1992-06-05,ali.aydin@gmail.com,+905532258252,Muğla,True,False,2025-09-25T05:49:28,2025-10-08T05:49:28
C000727,Serkan Doğan,individual,M,1987-10-03,serkan.dogan@yahoo.com,+905457163486,İstanbul,True,False,2024-11-16T03:30:14,2025-03-05T03:30:14
C000728,Marmara Medya A.Ş.,corporate,,,marmaramedya@marmara.com.tr,+905401497031,İstanbul,False,False,2024-08-16T22:54:57,2025-02-23T22:54:57
C000729,Furkan Polat,individual,M,1981-12-26,furkan.polat@outlook.com,+905307283551,İstanbul,False,False,2025-10-16T15:47:19,2026-01-23T15:47:19
C000730,Meridyen İnşaat Ltd. Şti.,corporate,,,meridyeninsaat@meridyen.com.tr,+905517617555,İstanbul,True,True,2025-06-28T09:03:00,2025-11-13T09:03:00
C000731,Barış Sarı,individual,M,1982-08-12,baris.sari52@outlook.com,+90 552 281 7039,İstanbul,True,True,2024-04-15T05:54:48,2024-09-20T05:54:48
C000732,Halil Şimşek,individual,M,1977-05-05,halil.simsek92@hotmail.com,+905535242977,Ankara,True,True,2026-01-23T22:17:07,2026-04-06T22:17:07
C000733,Kaan Doğan,individual,M,1978-09-09,kaan.dogan@outlook.com,+905469672916,ISTANBUL,True,False,2025-01-25T23:37:23,2025-04-11T23:37:23
C000734,Umut Çetin,individual,M,1981-01-15,umut.cetin@gmail.com,+905506973124,Ankara,True,True,2024-09-03T01:15:09,2024-11-16T01:15:09
C000735,Ece Aydın,individual,F,2002-09-20,ece.aydin58@hotmail.com,+905333155319,Adana,True,True,2024-04-21T13:08:12,2024-08-14T13:08:12
C000736,Selim Bulut,individual,M,1985-11-02,selim.bulut18@gmail.com,+905491069864,İstanbul,True,True,2024-09-06T21:55:01,2024-12-01T21:55:01
C000737,Nur Ateş,individual,F,1977-10-24,nur.ates@icloud.com,+905422765082,İstanbul,True,True,2026-02-26T23:36:30,2026-06-18T23:36:30
C000738,Nur Turan,individual,F,1986-08-19,nur.turan@icloud.com,+905498676665,İstanbul,True,True,2026-01-05T14:09:55,2026-04-02T14:09:55
C000739,Hüseyin Avcı,individual,M,1978-10-13,huseyin.avci10@gmail.com,+905436309005,Ankara,True,False,2026-01-05T13:20:13,2026-06-17T13:20:13
C000740,Mustafa Şimşek,individual,M,1979-06-20,mustafa.simsek@yahoo.com,+905359125362,İstanbul,True,True,2026-02-06T03:51:02,2026-02-15T03:51:02
C000741,Meridyen Yazılım A.Ş.,corporate,,,meridyenyazilim@meridyen.com.tr,+905554162983,Ankara,False,True,2026-05-23T10:42:33,2026-10-05T10:42:33
C000742,Global Danışmanlık Ltd. Şti.,corporate,,,globaldanismanlik@global.com.tr,+905379799729,İstanbul,True,True,2024-07-05T15:32:19,2024-08-23T15:32:19
C000743,Onur Aksoy,individual,M,1994-12-07,onur.aksoy42@icloud.com,5457360112,İstanbul,True,True,2026-04-14T18:17:06,2026-07-06T18:17:06
C000744,Mustafa Aydın,individual,M,1988-07-11,mustafa.aydin@outlook.com,+905374264877,Ankara,True,True,2026-08-13T21:01:45,2027-01-02T21:01:45
C000745,Yusuf Çelik,individual,M,1963-02-28,yusuf.celik86@yahoo.com,+905356773064,İstanbul,True,True,2026-07-26T09:29:27,2027-01-02T09:29:27
C000746,Serkan Yalçın,individual,M,1968-10-01,serkan.yalcin93@outlook.com,0 (547) 718-9968,İstanbul,True,False,2026-04-01T04:24:41,2026-08-19T04:24:41
C000747,Hüseyin Ateş,individual,M,1972-05-12,huseyin.ates@icloud.com,+905573857993,Ankara,True,False,2025-01-12T12:46:36,2025-05-13T12:46:36
C000748,Ege Teknoloji Ltd. Şti.,corporate,,,egeteknoloji@ege.com.tr,+905349704408,İstanbul,True,True,2024-04-15T07:06:56,2024-07-06T07:06:56
C000749,Melis Keskin,individual,F,2002-04-30,melis.keskin@gmail.com,+905564606334,İstanbul,True,False,2026-06-09T02:43:44,2026-08-01T02:43:44
C000750,Oğuz Öztürk,individual,M,1981-07-31,oguz.ozturk@icloud.com,+905508557850,Ankara,True,True,2024-04-24T04:56:38,2024-05-02T04:56:38
C000751,Merve Şimşek,individual,F,1981-10-09,merve.simsek@hotmail.com,+905317297769,İzmir,True,False,2026-04-12T04:42:05,2026-05-07T04:42:05
C000752,Ege Enerji A.Ş.,corporate,,,egeenerji@ege.com.tr,+905508722813,Ankara,True,True,2025-09-20T14:41:27,2025-09-26T14:41:27
C000753,Damla Çetin,individual,F,1981-12-26,damla.cetin@outlook.com,+905333460286,Konya,True,True,2025-12-30T06:49:40,2026-05-26T06:49:40
C000754,Ceren Özkan,individual,F,1971-05-03,ceren.ozkan@gmail.com,+905465127810,İzmir,True,True,2023-11-27T01:08:02,2024-05-27T01:08:02
C000755,Burak Kılıç,individual,M,1996-04-05,burak.kilic94@icloud.com,+905488168297,İstanbul,True,False,2025-10-09T14:19:02,2026-04-16T14:19:02
C000756,Burak Aydın,individual,M,1985-11-15,burak.aydin@outlook.com,+905504698365,İstanbul,True,False,2024-10-02T05:13:55,2025-03-07T05:13:55
C000757,Nova Danışmanlık Ltd. Şti.,corporate,,,novadanismanlik@nova.com.tr,+905476864572,İstanbul,True,False,2026-08-09T12:54:44,2027-02-13T12:54:44
C000758,Zeynep Keskin,individual,F,1988-06-15,zeynep.keskin22@hotmail.com,+905326015693,İstanbul,True,True,2025-09-28T23:32:49,2025-11-18T23:32:49
C000759,Yasemin Karaca,individual,F,1998-05-27,yasemin.karaca@hotmail.com,+905401646427,İstanbul,True,False,2025-11-07T08:54:45,2026-03-24T08:54:45
C000760,Hasan Avcı,individual,M,1978-08-04,hasan.avci@icloud.com,+905388980610,İzmir,True,False,2026-05-18T07:59:17,2026-10-27T07:59:17
C000761,Sude Tekin,individual,F,1999-05-07,sude.tekin29@gmail.com,+905567391371,Bursa,True,False,2024-06-11T19:49:05,2024-10-24T19:49:05
C000762,Ufuk Lojistik A.Ş.,corporate,,,ufuklojistik@ufuk.com.tr,+905362350214,İzmir,True,True,2025-03-13T06:06:09,2025-05-01T06:06:09
C000763,Mustafa Demir,individual,M,1986-04-03,mustafa.demir68@icloud.com,0 (557) 459-2039,Samsun,True,True,2025-01-09T12:02:37,2025-07-22T12:02:37
C000764,Burak Aslan,individual,M,1993-10-04,burak.aslan@icloud.com,+905334051963,İstanbul,True,True,2023-12-13T18:23:38,2024-01-21T18:23:38
C000765,Onur Avcı,individual,M,1982-10-20,onur.avci79@gmail.com,+905425909424,Bursa,True,False,2025-12-28T13:35:51,2026-01-26T13:35:51
C000766,Tolga Sarı,individual,M,1968-06-16,tolga.sari58@outlook.com,+905357388840,Antalya,True,False,2024-05-22T14:11:27,2024-09-30T14:11:27
C000767,Yusuf Şimşek,individual,M,1961-11-07,yusuf.simsek71@yahoo.com,+905399659043,Bursa,True,False,2024-10-29T09:29:20,2025-03-16T09:29:20
C000768,Büşra Taş,individual,F,2002-08-28,busra.tas5@outlook.com,+905368533993,İstanbul,True,True,2025-02-21T08:16:30,2025-06-19T08:16:30
C000769,Pınar Çelik,individual,F,1960-03-18,pinar.celik@gmail.com,+905509114902,Ankara,True,False,2025-02-23T03:19:54,2025-05-12T03:19:54
C000770,Hasan Acar,individual,M,1995-08-19,hasan.acar at yahoo.com,+905326816845,Samsun,True,True,2024-07-31T06:17:48,2024-12-03T06:17:48
C000771,Derya Turan,individual,F,1990-04-10,derya.turan26@hotmail.com,0 (535) 580-2494,İstanbul,True,True,2026-08-09T14:08:29,2027-01-15T14:08:29
C000772,Kuzey Sağlık A.Ş.,corporate,,,kuzeysaglik@kuzey.com.tr,+905499901606,Mersin,True,False,2026-08-14T06:07:26,2026-10-15T06:07:26
C000773,Ege Enerji Ltd. Şti.,corporate,,,egeenerji@ege.com.tr,+905362556881,Denizli,True,True,2023-11-25T03:18:18,2023-12-23T03:18:18
C000774,Furkan Polat,individual,M,1989-09-09,furkan.polat@outlook.com,+905454147823,İstanbul,False,True,2026-03-01T18:27:05,2026-05-30T18:27:05
C000775,Cem Aydın,individual,M,1977-07-16,cem.aydin3@outlook.com,+905484258294,Adana,True,True,2024-03-30T23:03:53,2024-07-28T23:03:53
C000776,Ceren Ateş,individual,F,1971-10-26,ceren.ates58@gmail.com,+905514338357,İstanbul,True,False,2024-09-02T21:58:13,2024-11-16T21:58:13
C000777,Sude Kara,individual,F,1974-04-06,,+905576847677,istanbul,True,False,2025-10-05T04:11:35,2025-11-11T04:11:35
C000778,Ali Kurt,individual,M,1981-03-18,ali.kurt@yahoo.com,+905383688972,İstanbul,True,True,2024-02-28T10:31:17,2024-04-19T10:31:17
C000779,Büşra Özdemir,individual,F,1980-11-23,busra.ozdemir81@gmail.com,+905457172064,Ankara,True,False,2024-04-29T19:15:05,2024-08-21T19:15:05
C000780,Fatma Özkan,individual,F,1968-10-12,fatma.ozkan34@yahoo.com,+905363761385,Ankara,True,False,2024-04-04T02:41:50,2024-05-18T02:41:50
C000781,Nazlı Avcı,individual,F,1985-03-13,nazli.avci@yahoo.com,+905355856813,İzmir,True,False,2026-07-23T08:34:20,2026-12-07T08:34:20
C000782,Emre Arslan,individual,M,1984-05-29,emre.arslan@outlook.com,+905315814286,Ankara,True,True,2024-05-03T18:27:23,2024-07-21T18:27:23
C000783,Ömer Tekin,individual,M,1989-01-18,omer.tekin84@outlook.com,+905572347518,Denizli,True,True,2026-03-13T08:43:50,2026-06-24T08:43:50
C000784,Ece Arslan,individual,F,2002-03-05,ece.arslan@yahoo.com,0559 433 55 94,İstanbul,True,True,2024-06-11T12:09:03,2024-11-26T12:09:03
C000785,Umut Turan,individual,M,1977-05-26,umut.turan@yahoo.com,+905317558097,İstanbul,True,True,2023-11-27T12:11:41,2024-05-15T12:11:41
C000786,Halil Şimşek,individual,M,1973-12-06,halil.simsek91@yahoo.com,+905502409637,İstanbul,False,False,2026-01-30T17:39:36,2026-03-03T17:39:36
C000787,Ahmet Yıldız,individual,M,1999-02-09,ahmet.yildiz88@yahoo.com,+905456155189,Denizli,True,True,2024-08-19T04:04:22,2024-12-30T04:04:22
C000788,Ceren Turan,individual,F,1971-09-07,,+905411334610,İstanbul,True,True,2025-03-01T03:34:17,2025-03-11T03:34:17
C000789,İbrahim Karaca,individual,M,1968-07-04,ibrahim.karaca76@outlook.com,0547 554 15 19,Antalya,True,False,2023-09-12T14:56:27,2023-11-24T14:56:27
C000790,Mehmet Şahin,individual,M,1977-01-22,mehmet.sahin@outlook.com,05555387655,İstanbul,True,False,2024-04-01T21:38:17,2024-08-22T21:38:17
C000791,Tolga Uzun,individual,M,1956-04-29,tolga.uzun@yahoo.com,+905441581218,İstanbul,True,True,2025-03-25T12:54:18,2025-07-21T12:54:18
C000792,Murat Sarı,individual,M,1988-12-17,murat.sari35@gmail.com,+905581982477,Antalya,True,False,2026-07-03T00:25:34,2026-10-02T00:25:34
C000793,Nazlı Yıldırım,individual,F,1984-12-03,nazli.yildirim@yahoo.com,+905582972567,İstanbul,True,False,2024-09-12T21:05:33,2025-02-25T21:05:33
C000794,Merve Koç,individual,F,1993-11-27,merve.koc@outlook.com,+90 530 252 7340,İstanbul,True,True,2024-08-20T20:11:20,2024-10-20T20:11:20
C000795,Ebru Taş,individual,F,1975-01-26,ebru.tas@outlook.com,+905539447454,İstanbul,True,True,2023-10-11T23:27:07,2024-03-29T23:27:07
C000796,Mehmet Taş,individual,M,1992-04-30,mehmet.tas@gmail.com,+905472546987,İstanbul,True,False,2025-10-09T18:21:13,2025-11-20T18:21:13
C000797,Efe Ateş,individual,M,1977-10-28,efe.ates@hotmail.com,+905468487839,ISTANBUL,True,False,2025-05-13T18:38:43,2025-10-08T18:38:43
C000798,Kuzey Danışmanlık Ltd. Şti.,corporate,,,kuzeydanismanlik at kuzey.com.tr,+905518268322,Samsun,True,True,2024-02-03T02:45:22,2024-06-10T02:45:22
C000799,Akdeniz İnşaat Ltd. Şti.,corporate,,,akdenizinsaat@akdeniz.com.tr,+905542546161,İstanbul,True,True,2026-01-19T22:51:02,2026-04-14T22:51:02
C000800,Hande Keskin,individual,F,1984-08-29,hande.keskin31@yahoo.com,+905425938775,İstanbul,True,True,2024-01-08T01:14:44,2024-02-27T01:14:44
C000801,Deniz Ateş,individual,M,1985-05-25,deniz.ates66@outlook.com,+905381974903,Ankara,True,True,2025-02-26T09:08:55,2025-05-04T09:08:55
C000802,Oğuz Avcı,individual,M,1976-08-26,oguz.avci@icloud.com,+905431647129,İstanbul,True,True,2024-10-04T23:53:32,2025-02-21T23:53:32
C000803,Ali Aydın,individual,M,1995-08-06,ali.aydin50@gmail.com,+905557184492,Ankara,True,True,2025-03-24T02:14:36,2025-09-26T02:14:36
C000804,Cem Erdoğan,individual,M,1970-11-25,cem.erdogan@outlook.com,+905381799290,İstanbul,True,False,2025-03-02T04:15:39,2025-09-03T04:15:39
C000805,Delta Enerji A.Ş.,corporate,,,deltaenerji@delta.com.tr,+905456902329,Adana,False,True,2026-03-27T08:43:38,2026-05-27T08:43:38
C000806,Deniz Özdemir,individual,M,1991-06-24,deniz.ozdemir21@hotmail.com,+905436807533,Samsun,True,False,2023-09-29T12:25:27,2023-11-24T12:25:27
C000807,Aslı Keskin,individual,F,1981-08-12,asli.keskin1@yahoo.com,+905578773474,İstanbul,True,True,2024-08-18T17:07:13,2024-12-20T17:07:13
C000808,Delta Lojistik A.Ş.,corporate,,,deltalojistik@delta.com.tr,0545 278 07 00,Mersin,True,False,2025-09-14T23:19:51,2025-11-12T23:19:51
C000809,Mehmet Demir,individual,M,1981-02-22,mehmet.demir@hotmail.com,+90 549 620 1205,Adana,True,True,2024-05-04T09:41:06,2024-08-12T09:41:06
C000810,Kaan Korkmaz,individual,M,1987-03-23,kaan.korkmaz41@yahoo.com,+905365609705,İstanbul,True,True,2024-10-30T09:14:43,2025-04-06T09:14:43
C000811,Delta Otomotiv Yan Sanayi A.Ş.,corporate,,,deltaotomotivyansanayi@delta.com.tr,+905464389766,Kocaeli,True,False,2026-01-10T08:04:41,2026-06-13T08:04:41
C000812,Hüseyin Uzun,individual,M,1975-07-02,huseyin.uzun92@icloud.com,+905486657087,Samsun,True,False,2026-05-10T14:23:22,2026-08-23T14:23:22
C000813,Ege Enerji A.Ş.,corporate,,,egeenerji@ege.com.tr,05348929763,Antalya,True,True,2026-01-17T06:56:06,2026-05-16T06:56:06
C000814,Ömer Avcı,individual,M,1999-09-10,omer.avci@outlook.com,0 (538) 964-0208,Ankara,True,False,2024-07-13T02:51:05,2024-11-14T02:51:05
C000815,Selin Taş,individual,F,2002-02-03,selin.tas73@icloud.com,+905402225688,İstanbul,True,False,2026-07-26T14:15:09,2026-09-13T14:15:09
C000816,Naz Şimşek,individual,F,1992-05-02,naz.simsek@icloud.com,5368315044,Bursa,False,True,2025-07-26T16:27:26,2025-08-17T16:27:26
C000817,Sude Keskin,individual,F,2001-01-19,sude.keskin96@icloud.com,+905529159174,Ankara,True,False,2026-03-31T00:43:22,2026-07-19T00:43:22
C000818,Barış Bulut,individual,M,1999-10-20,baris.bulut78@icloud.com,0 (552) 524-5266,İzmir,True,True,2026-04-14T15:46:56,2026-06-12T15:46:56
C000819,Gizem Ünal,individual,F,1982-07-29,gizem.unal@gmail.com,+905547248779,Ankara,True,False,2024-10-08T12:10:54,2025-03-01T12:10:54
C000820,Can Korkmaz,individual,M,1979-02-04,can.korkmaz63@gmail.com,+905302411333,İzmir,True,True,2024-06-12T10:54:31,2024-08-12T10:54:31
C000821,Melis Karaca,individual,F,1985-07-01,melis.karaca59@outlook.com,+905305721061,İzmir,True,False,2025-02-14T21:04:15,2025-04-26T21:04:15
C000822,Selim Kaya,individual,M,1986-07-29,selim.kaya6@icloud.com,+905521455349,Ankara,True,False,2024-11-24T02:00:39,2025-02-24T02:00:39
C000823,Tolga Koç,individual,M,1982-05-16,tolga.koc25@icloud.com,+905516785291,Bursa,True,True,2024-02-18T00:56:35,2024-08-27T00:56:35
C000824,Yasemin Çetin,individual,F,1994-05-24,yasemin.cetin@gmail.com,+905356786949,İzmir,True,True,2024-01-21T18:37:57,2024-06-04T18:37:57
C000825,Efe Ünal,individual,M,1970-10-22,efe.unal@hotmail.com,+905576733936,İstanbul,True,True,2025-03-11T11:21:34,2025-07-18T11:21:34
C000826,Ceren Avcı,individual,F,1980-10-10,ceren.avci@yahoo.com,+905392847222,İstanbul,True,False,2024-03-29T05:44:36,2024-06-01T05:44:36
C000827,Hüseyin Kara,individual,M,1976-06-08,huseyin.kara@gmail.com,+905364094378,İstanbul,True,True,2026-07-05T22:58:22,2026-11-13T22:58:22
C000828,Yasemin Öztürk,individual,F,1980-07-18,yasemin.ozturk@hotmail.com,0 (532) 541-7532,Denizli,True,False,2026-03-23T19:57:21,2026-08-01T19:57:21
C000829,Ayşe Acar,individual,F,1977-06-07,ayse.acar97@outlook.com,+905511319795,İstanbul,True,False,2025-01-30T08:29:50,2025-07-04T08:29:50
C000830,Yıldız Teknoloji Ltd. Şti.,corporate,,,yildizteknoloji@yildiz.com.tr,+905555042330,Antalya,True,False,2024-08-04T11:52:31,2024-09-22T11:52:31
C000831,Yıldız Yazılım Ltd. Şti.,corporate,,,yildizyazilim@yildiz.com.tr,+905392728419,Ankara,True,False,2025-05-17T16:47:45,2025-05-19T16:47:45
C000832,Boğaziçi Turizm A.Ş.,corporate,,,bogaziciturizm@bogazici.com.tr,+905334820318,İstanbul,True,True,2024-05-12T04:49:41,2024-07-06T04:49:41
C000833,Umut Avcı,individual,M,1983-06-21,umut.avci4@yahoo.com,+905515220350,İstanbul,True,False,2025-07-05T09:35:55,2025-07-31T09:35:55
C000834,Ufuk Yazılım A.Ş.,corporate,,,ufukyazilim@ufuk.com.tr,+905459945436,İstanbul,True,True,2023-12-10T14:35:34,2023-12-17T14:35:34
C000835,Berk Şahin,individual,M,1979-03-01,berk.sahin98@hotmail.com,+905401993980,İstanbul,True,True,2026-07-08T14:32:57,2026-08-21T14:32:57
C000836,Ceren Aslan,individual,F,1976-04-14,ceren.aslan@icloud.com,+905421076542,İzmir,True,True,2024-09-02T15:59:37,2025-01-26T15:59:37
C000837,Kerem Ünal,individual,M,1993-04-21,kerem.unal@icloud.com,+905515097611,Ankara,True,False,2025-03-23T11:25:03,2025-06-13T11:25:03
C000838,Hande Polat,individual,F,1981-11-15,hande.polat39@hotmail.com,+905338325443,İzmir,True,True,2023-09-17T02:45:40,2023-11-09T02:45:40
C000839,Serkan Sarı,individual,M,1988-05-29,serkan.sari8@outlook.com,+905505443372,Mersin,True,True,2025-05-02T08:56:35,2025-09-29T08:56:35
C000840,Barış Çakır,individual,M,1995-09-23,baris.cakir59@outlook.com,+905375306416,Konya,True,False,2024-01-26T05:33:41,2024-06-19T05:33:41
C000841,Arda Ünal,individual,M,1985-10-18,arda.unal84@hotmail.com,+905464388192,Antalya,True,False,2025-05-25T23:19:32,2025-09-20T23:19:32
C000842,Büşra Kurt,individual,F,1985-04-18,,+905468069514,Antalya,True,False,2024-04-09T08:52:07,2024-04-13T08:52:07
C000843,Murat Çetin,individual,M,1965-01-14,murat.cetin@outlook.com,+905458770902,İstanbul,True,False,2026-07-21T01:42:02,2026-12-14T01:42:02
C000844,Deniz Özkan,individual,M,2002-02-15,deniz.ozkan@hotmail.com,+905515698309,Gaziantep,True,False,2023-10-24T09:55:52,2024-05-02T09:55:52
C000845,Beyza Bulut,individual,F,1997-03-05,beyza.bulut39@outlook.com,+905519442476,İzmir,True,True,2024-07-05T02:44:30,2024-08-08T02:44:30
C000846,Global Enerji A.Ş.,corporate,,,,+905477150988,Antalya,True,False,2023-09-22T03:32:45,2024-03-01T03:32:45
C000847,İrem Kurt,individual,F,1985-04-20,irem.kurt@outlook.com,+905388938943,İstanbul,False,True,2025-06-16T15:22:18,2025-08-19T15:22:18
C000848,Ali Tekin,individual,M,2001-10-24,ali.tekin50@icloud.com,+905554655926,İstanbul,True,False,2025-01-31T10:32:19,2025-07-02T10:32:19
C000849,Hande Taş,individual,F,1988-06-24,hande.tas@outlook.com,5354087581,Bursa,True,False,2025-06-22T22:03:00,2025-09-28T22:03:00
C000850,Zirve Teknoloji A.Ş.,corporate,,,zirveteknoloji@zirve.com.tr,+905313390473,İstanbul,True,True,2025-10-14T20:39:56,2026-02-10T20:39:56
C000851,Murat Demir,individual,M,1958-11-07,murat.demir39@outlook.com,+905399591732,İstanbul,True,True,2025-05-08T23:42:54,2025-07-10T23:42:54
C000852,Beyza Yıldız,individual,F,1976-04-28,beyza.yildiz24@outlook.com,+905437335341,Kocaeli,True,True,2026-04-09T09:15:49,2026-05-25T09:15:49
C000853,Ömer Acar,individual,M,1986-04-30,omer.acar53@outlook.com,0552 527 39 54,Gaziantep,True,True,2026-05-14T19:15:01,2026-08-04T19:15:01
C000854,Berk Ünal,individual,M,1968-04-27,berk.unal95@hotmail.com,+905488511697,İstanbul,True,False,2026-04-13T21:04:14,2026-06-08T21:04:14
C000855,Ece Sarı,individual,F,1980-06-11,ece.sari@outlook.com,+905342054669,İstanbul ,True,False,2024-12-23T08:44:23,2025-06-15T08:44:23
C000856,Delta Yazılım Ltd. Şti.,corporate,,,deltayazilim@delta.com.tr,+905432421049,İstanbul,True,True,2026-01-08T19:17:13,2026-04-13T19:17:13
C000857,Esra Aydın,individual,F,1968-09-18,esra.aydin@gmail.com,05484712043,İstanbul,True,False,2025-07-30T19:42:01,2025-09-16T19:42:01
C000858,Aslı Karaca,individual,F,1983-08-14,asli.karaca@hotmail.com,+905448793675,Ankara,True,False,2024-08-16T09:16:27,2025-02-01T09:16:27
C000859,Boğaziçi Lojistik A.Ş.,corporate,,,bogazicilojistik@bogazici.com.tr,+905517451817,Eskisehir,True,True,2023-11-02T20:25:58,2024-04-21T20:25:58
C000860,Eren Yalçın,individual,M,2002-06-14,eren.yalcin89@hotmail.com,+905334479188,İstanbul,True,True,2026-08-05T13:51:22,2027-01-17T13:51:22
C000861,Yusuf Çetin,individual,M,1965-11-26,yusuf.cetin11@gmail.com,+905518862927,İzmir,True,True,2026-08-01T10:26:03,2026-11-07T10:26:03
C000862,Elif Aksoy,individual,F,1972-01-05,elif.aksoy@outlook.com,+905438643111,İstanbul,True,True,2025-09-28T00:47:58,2026-02-11T00:47:58
C000863,Kaan Ünal,individual,M,1986-05-30,kaan.unal@gmail.com,+905379935469,İstanbul,True,True,2025-10-18T22:54:50,2026-04-01T22:54:50
C000864,Eren Aydın,individual,M,1985-04-23,eren.aydin36@gmail.com,+905434584461,Eskişehir,True,True,2024-09-04T02:17:18,2024-09-22T02:17:18
C000865,İrem Arslan,individual,F,1976-09-30,irem.arslan22@yahoo.com,+905516465995,İstanbul,True,True,2024-02-01T09:43:55,2024-05-05T09:43:55
C000866,Yusuf Ünal,individual,M,2002-10-03,yusuf.unal@yahoo.com,+905533480378,Eskişehir,True,False,2025-03-18T11:58:21,2025-09-01T11:58:21
C000867,Atlas Gıda Ltd. Şti.,corporate,,,atlasgida@atlas.com.tr,+905575428264,Adana,True,True,2025-04-29T01:09:17,2025-08-02T01:09:17
C000868,Deniz Özkan,individual,M,1988-11-20,deniz.ozkan35@outlook.com,+905492168049,İstanbul,True,True,2025-09-13T12:31:39,2026-01-26T12:31:39
C000869,Gizem Şahin,individual,F,1989-03-28,gizem.sahin46@gmail.com,+905368948440,Istanbul,True,True,2026-05-09T08:26:28,2026-05-13T08:26:28
C000870,Yusuf Tekin,individual,M,1989-12-29,yusuf.tekin54@hotmail.com,+905368407334,İstanbul,True,True,2023-12-02T04:51:57,2024-03-30T04:51:57
C000871,İrem Demir,individual,F,1985-11-10,irem.demir@hotmail.com,+905587561635,Bursa,True,True,2025-02-08T12:35:42,2025-04-11T12:35:42
C000872,Melis Doğan,individual,F,2000-03-18,melis.dogan7@gmail.com,+905342397476,Adana,True,False,2024-12-19T10:16:36,2025-05-31T10:16:36
C000873,Oğuz Taş,individual,M,1998-03-05,oguz.tas@yahoo.com,+905374193390,Konya,True,False,2025-09-30T18:37:08,2026-01-30T18:37:08
C000874,Hasan Özkan,individual,M,1975-01-02,hasan.ozkan@gmail.com,+905546627258,Ankara,True,True,2023-09-30T07:02:35,2024-01-29T07:02:35
C000875,Ahmet Şimşek,individual,M,1987-08-06,ahmet.simsek@icloud.com,+905431514377,İstanbul,True,True,2024-06-24T12:34:31,2024-09-05T12:34:31
C000876,Arda Yıldırım,individual,M,1966-12-30,arda.yildirim90@outlook.com,+905362883839,İstanbul,True,False,2024-07-15T02:59:41,2024-10-04T02:59:41
C000877,Murat Turan,individual,M,1978-02-06,murat.turan60@icloud.com,+905393507564,İstanbul,True,True,2025-10-30T10:27:50,2025-12-03T10:27:50
C000878,Umut Bulut,individual,M,1964-01-01,umut.bulut@hotmail.com,+905434843192,İstanbul,True,True,2025-02-24T22:26:11,2025-07-21T22:26:11
C000879,Furkan Keskin,individual,M,1965-01-23,furkan.keskin@yahoo.com,+905432053630,İzmir,True,True,2025-07-03T21:37:03,2025-08-30T21:37:03
C000880,Akdeniz Gıda A.Ş.,corporate,,,akdenizgida@akdeniz.com.tr,+905387651085,İstanbul,True,False,2024-06-22T22:53:36,2024-09-29T22:53:36
C000881,Tuğba Öztürk,individual,F,1968-01-29,tugba.ozturk62@outlook.com,+905521089422,İstanbul,True,True,2024-05-17T21:12:10,2024-11-22T21:12:10
C000882,Ege Yazılım Ltd. Şti.,corporate,,,egeyazilim@ege.com.tr,+905591142733,Muğla,True,False,2026-07-23T11:30:53,2026-12-26T11:30:53
C000883,Serkan Koç,individual,M,1988-01-20,serkan.koc@hotmail.com,+905538035087,Antalya,True,True,2026-02-21T09:24:36,2026-06-29T09:24:36
C000884,Ayşe Korkmaz,individual,F,1979-03-31,ayse.korkmaz22@outlook.com,+905499649182,Antalya,True,True,2025-09-18T12:11:31,2026-01-08T12:11:31
C000885,Efe Kılıç,individual,M,1972-01-05,efe.kilic39@hotmail.com,+905363175129,Kocaeli,True,False,2025-07-15T17:47:27,2026-01-10T17:47:27
C000886,Arda Taş,individual,M,1982-04-04,arda.tas60@yahoo.com,+905432017473,Muğla,True,False,2024-12-15T07:00:37,2025-03-03T07:00:37
C000887,Umut Polat,individual,M,1989-11-17,umut.polat@gmail.com,+905529336924,İstanbul,True,False,2025-11-03T12:34:14,2026-05-06T12:34:14
C000888,Hande Yıldırım,individual,F,1973-01-22,hande.yildirim@hotmail.com,+905435287620,Muğla,True,True,2026-06-10T21:27:38,2026-07-17T21:27:38
C000889,Hüseyin Ünal,individual,M,1995-12-03,huseyin.unal11@outlook.com,+905321742099,Bursa,True,True,2026-04-06T14:43:36,2026-09-06T14:43:36
C000890,Damla Kara,individual,F,1990-12-05,,+905421120349,Ankara,True,False,2024-05-26T21:19:25,2024-09-15T21:19:25
C000891,Esra Bozkurt,individual,F,1988-02-08,esra.bozkurt90@hotmail.com,+905369471092,istanbul,True,True,2025-05-19T01:32:11,2025-11-24T01:32:11
C000892,Pınar Kurt,individual,F,1985-04-04,pinar.kurt@outlook.com,+905455196786,Ankara,True,True,2025-11-26T21:55:49,2026-03-10T21:55:49
C000893,Gizem Karaca,individual,F,1985-01-03,gizem.karaca@icloud.com,+905424786590,Kocaeli,True,False,2025-07-03T11:01:23,2025-11-09T11:01:23
C000894,Anadolu Tekstil Ltd. Şti.,corporate,,,anadolutekstil@anadolu.com.tr,+905516672291,İstanbul,True,True,2024-08-08T09:03:39,2024-10-07T09:03:39
C000895,Atlas Enerji Ltd. Şti.,corporate,,,atlasenerji@atlas.com.tr,0550 412 31 73,Ankara,True,False,2026-03-01T20:12:01,2026-04-03T20:12:01
C000896,Kaan Kara,individual,M,1977-09-22,kaan.kara16@gmail.com,+905465614872,İzmir,True,True,2025-01-02T23:44:57,2025-03-22T23:44:57
C000897,Eren Öztürk,individual,M,1982-05-02,eren.ozturk10@yahoo.com,+905466162855,Mersin,True,False,2025-10-03T17:27:42,2025-10-07T17:27:42
C000898,Murat Arslan,individual,M,1988-11-08,murat.arslan46@yahoo.com,+905525631636,Ankara,True,False,2026-06-13T05:07:55,2026-07-31T05:07:55
C000899,Eren Keskin,individual,M,1988-10-15,eren.keskin18@outlook.com,+905406085292,İzmir,True,False,2025-11-21T01:01:09,2026-05-31T01:01:09
C000900,Kaan Öztürk,individual,M,1974-05-16,kaan.ozturk@outlook.com,+905447435050,İzmir,True,False,2025-12-07T15:16:58,2026-01-01T15:16:58
C000901,Nur Avcı,individual,F,1995-03-23,nur.avci@hotmail.com,+905429782658,Ankara,True,True,2024-11-14T09:48:18,2025-01-21T09:48:18
C000902,Emre Aydın,individual,M,1984-06-19,emre.aydin25@yahoo.com,+905385467096,Adana,True,False,2025-09-24T09:38:34,2026-01-31T09:38:34
C000903,Merve Turan,individual,F,1984-07-30,merve.turan@icloud.com,+905462609083,İstanbul,True,True,2024-03-14T07:20:24,2024-09-19T07:20:24
C000904,Can Aksoy,individual,M,1982-10-12,can.aksoy25@icloud.com,+905376459847,Konya,True,True,2024-08-27T17:58:50,2025-02-03T17:58:50
C000905,Damla Ünal,individual,F,2002-08-22,damla.unal@icloud.com,+905333463539,İstanbul,True,False,2026-08-01T21:08:57,2026-09-10T21:08:57
C000906,Selim Aslan,individual,M,1976-10-20,selim.aslan@hotmail.com,+905308113999,istanbul,True,False,2024-02-20T11:32:27,2024-03-07T11:32:27
C000907,Dilara Uzun,individual,F,1999-01-29,dilara.uzun95@gmail.com,+905496421923,Muğla,True,False,2024-01-13T10:22:42,2024-06-10T10:22:42
C000908,Umut Acar,individual,M,1987-08-09,umut.acar@icloud.com,+905501739061,İzmir,True,True,2026-07-03T21:00:43,2026-11-02T21:00:43
C000909,Kaan Erdoğan,individual,M,1982-12-04,kaan.erdogan@gmail.com,+905478750641,İstanbul,True,True,2026-06-16T09:03:55,2026-10-19T09:03:55
C000910,Nova İnşaat A.Ş.,corporate,,,novainsaat@nova.com.tr,+905371159923,İstanbul,True,False,2024-01-26T09:18:22,2024-07-05T09:18:22
C000911,Fatma Ateş,individual,F,1984-03-08,fatma.ates@icloud.com,+905545598994,İstanbul,True,False,2026-05-31T11:06:11,2026-06-20T11:06:11
C000912,Ece Tekin,individual,F,1975-07-13,ece.tekin@icloud.com,+905441734533,Mersin,True,False,2024-07-27T15:50:47,2025-01-26T15:50:47
C000913,Merve Arslan,individual,F,1960-03-06,merve.arslan94@outlook.com,+905471349027,Ankara,True,False,2023-10-01T07:52:16,2023-11-25T07:52:16
C000914,Ufuk Danışmanlık Ltd. Şti.,corporate,,,ufukdanismanlik@ufuk.com.tr,+905481264912,İstanbul,True,True,2024-02-29T13:19:23,2024-03-20T13:19:23
C000915,Serkan Öztürk,individual,M,1991-05-28,serkan.ozturk67@hotmail.com,+905488388977,İstanbul,True,True,2025-01-10T23:38:24,2025-05-20T23:38:24
C000916,Meridyen Sağlık Ltd. Şti.,corporate,,,meridyensaglik@meridyen.com.tr,+905494579770,İstanbul,True,True,2023-09-26T17:28:15,2023-12-18T17:28:15
C000917,Global İnşaat Ltd. Şti.,corporate,,,globalinsaat@global.com.tr,+905323075620,İstanbul,True,True,2025-06-29T19:45:41,2025-11-18T19:45:41
C000918,Halil Keskin,individual,M,1975-11-03,halil.keskin@yahoo.com,+905527519517,İstanbul,True,False,2025-04-01T16:25:44,2025-05-30T16:25:44
C000919,Tuğba Şahin,individual,F,1974-05-28,tugba.sahin@yahoo.com,+905457763754,Ankara,True,True,2024-03-17T12:00:25,2024-04-25T12:00:25
C000920,Hüseyin Keskin,individual,M,1987-06-12,huseyin.keskin97@yahoo.com,+905508914080,Konya,True,True,2024-05-19T05:40:45,2024-09-22T05:40:45
C000921,Global Sağlık A.Ş.,corporate,,,globalsaglik@global.com.tr,+905511292703,Izmir,True,False,2026-06-06T11:24:50,2026-07-09T11:24:50
C000922,Mehmet Ateş,individual,M,1968-01-11,mehmet.ates@yahoo.com,+905598101221,Izmir,False,True,2024-09-30T19:31:34,2025-02-22T19:31:34
C000923,Atlas Tekstil A.Ş.,corporate,,,atlastekstil at atlas.com.tr,+905496493989,Kocaeli,True,False,2024-08-18T22:12:18,2024-09-23T22:12:18
C000924,Meridyen Lojistik Ltd. Şti.,corporate,,,meridyenlojistik@meridyen.com.tr,+905454857822,Ankara,True,True,2024-02-08T18:12:22,2024-02-19T18:12:22
C000925,Hande Koç,individual,F,1994-07-27,hande.koc45@gmail.com,+905464562965,Denizli,True,False,2023-10-24T14:43:32,2024-02-19T14:43:32
C000926,Meridyen Gıda Ltd. Şti.,corporate,,,meridyengida@meridyen.com.tr,+905589961918,Mersin,True,False,2024-06-16T18:51:16,2024-10-03T18:51:16
C000927,Efe Çelik,individual,M,1987-10-02,efe.celik16@gmail.com,0543 463 59 68,Bursa,True,False,2025-06-09T03:41:18,2025-08-02T03:41:18
C000928,Melis Çakır,individual,F,1983-01-02,melis.cakir@gmail.com,+905321070476,Gaziantep,True,True,2025-02-26T00:42:57,2025-03-28T00:42:57
C000929,Delta Lojistik A.Ş.,corporate,,,deltalojistik@delta.com.tr,+905433212495,İstanbul,True,True,2026-03-18T04:03:38,2026-06-10T04:03:38
C000930,Marmara Otomotiv Yan Sanayi Ltd. Şti.,corporate,,,marmaraotomotivyansanayi@marmara.com.tr,+905393884767,İstanbul,True,False,2025-03-02T04:59:40,2025-03-27T04:59:40
C000931,Mehmet Özkan,individual,M,1979-12-19,mehmet.ozkan@yahoo.com,+905495390146,İstanbul,True,True,2026-03-30T06:57:45,2026-07-29T06:57:45
C000932,Hasan Aydın,individual,M,1995-03-07,hasan.aydin31@yahoo.com,+905313162267,Kocaeli,True,False,2025-06-25T18:45:00,2025-11-19T18:45:00
C000933,Can Bozkurt,individual,M,1980-02-05,can.bozkurt63@yahoo.com,+905432623898,İstanbul,True,False,2025-06-08T04:36:48,2025-08-04T04:36:48
C000934,Furkan Bozkurt,individual,M,1988-07-09,furkan.bozkurt@yahoo.com,+905564729874,İzmir,True,False,2026-08-13T08:11:02,2027-01-27T08:11:02
C000935,Zeynep Sarı,individual,F,2000-05-22,zeynep.sari@hotmail.com,+905551688413,ANKARA,True,False,2024-12-24T15:05:30,2025-04-01T15:05:30
C000936,Yusuf Çakır,individual,M,1990-12-28,yusuf.cakir95@gmail.com,0 (542) 176-5535,Bursa,True,False,2025-08-15T05:52:24,2025-08-31T05:52:24
C000937,Selin Sarı,individual,F,1954-05-02,selin.sari@yahoo.com,+905544654795,Bursa,True,False,2024-08-14T14:04:03,2024-09-19T14:04:03
C000938,Umut Aydın,individual,M,1970-06-12,umut.aydin37@hotmail.com,+905378500508,Eskişehir,True,True,2025-07-09T20:03:53,2025-08-02T20:03:53
C000939,Seda Yılmaz,individual,F,1989-02-01,seda.yilmaz6@gmail.com,05482592922,İstanbul,True,True,2025-04-14T23:19:56,2025-08-29T23:19:56
C000940,Gizem Turan,individual,F,1977-09-17,gizem.turan76@icloud.com,+905486859699,İstanbul,False,True,2025-09-09T12:59:59,2025-09-20T12:59:59
C000941,Yıldız Danışmanlık A.Ş.,corporate,,,yildizdanismanlik at yildiz.com.tr,+905549429889,Samsun,True,True,2025-11-21T17:04:36,2026-05-22T17:04:36
C000942,Yıldız Gıda Ltd. Şti.,corporate,,,yildizgida@yildiz.com.tr,+905437193246,Ankara,True,True,2026-03-10T00:32:20,2026-06-21T00:32:20
C000943,Emre Turan,individual,M,1985-06-15,emre.turan17@outlook.com,+905585183691,Adana,True,True,2025-03-13T07:43:43,2025-07-09T07:43:43
C000944,Hüseyin Kurt,individual,M,1990-07-19,huseyin.kurt39@hotmail.com,+905374701596,İstanbul,True,True,2025-12-02T01:02:12,2026-04-20T01:02:12
C000945,Meridyen İnşaat Ltd. Şti.,corporate,,,meridyeninsaat@meridyen.com.tr,0545 250 60 91,IZMIR,True,True,2024-09-18T21:16:20,2024-12-27T21:16:20
C000946,Fatma Aksoy,individual,F,1978-06-18,fatma.aksoy@icloud.com,+905329324243,istanbul,True,False,2023-09-02T14:59:37,2023-11-12T14:59:37
C000947,Deniz Kaya,individual,M,1999-05-14,deniz.kaya28@hotmail.com,+905502103785,İstanbul,True,True,2024-09-22T16:07:54,2024-12-01T16:07:54
C000948,İbrahim Çelik,individual,M,1974-10-24,ibrahim.celik@gmail.com,+905451055474,Ankara,True,True,2025-12-03T20:58:27,2025-12-05T20:58:27
C000949,Arda Demir,individual,M,1973-09-17,arda.demir91@yahoo.com,+905519013970,İstanbul,True,False,2025-06-13T23:49:33,2025-09-21T23:49:33
C000950,Aslı Şahin,individual,F,1999-08-28,asli.sahin@hotmail.com,+905363274246,Samsun,True,True,2023-12-28T19:09:01,2024-03-15T19:09:01
C000951,Meridyen Lojistik Ltd. Şti.,corporate,,,meridyenlojistik@meridyen.com.tr,+905495806719,İstanbul,True,True,2025-05-11T07:18:28,2025-05-30T07:18:28
C000952,Hande Acar,individual,F,1973-12-11,hande.acar@hotmail.com,+905504632520,İstanbul,True,False,2026-01-22T17:19:55,2026-05-01T17:19:55
C000953,İrem Aslan,individual,F,1986-08-26,irem.aslan@gmail.com,+905478077280,İstanbul,True,True,2025-10-13T11:51:06,2025-11-21T11:51:06
C000954,Hüseyin Keskin,individual,M,1979-01-01,huseyin.keskin57@outlook.com,+905545378240,Kocaeli,True,True,2026-08-24T19:29:10,2026-10-01T19:29:10
C000955,Büşra Tekin,individual,F,1958-04-22,busra.tekin55@outlook.com,+905481139429,Mersin,True,True,2024-02-05T13:04:29,2024-06-15T13:04:29
C000956,Efe Uzun,individual,M,1964-06-05,efe.uzun@outlook.com,0 (549) 936-1905,İstanbul,True,False,2025-08-26T19:42:00,2025-09-17T19:42:00
C000957,Boğaziçi Tekstil A.Ş.,corporate,,,bogazicitekstil@bogazici.com.tr,+90 559 431 9587,İstanbul,True,False,2024-09-26T10:02:37,2025-01-23T10:02:37
C000958,Cansu Özdemir,individual,F,1961-08-26,cansu.ozdemir29@icloud.com,+905344479311,İstanbul,True,True,2025-02-20T03:48:22,2025-05-02T03:48:22
C000959,Emre Aksoy,individual,M,2002-10-22,emre.aksoy70@outlook.com,+905394451318,İstanbul,True,False,2025-10-08T18:29:43,2025-11-08T18:29:43
C000960,Burak Şahin,individual,M,1986-01-04,burak.sahin5@icloud.com,+905339920560,Denizli,True,True,2026-05-20T09:18:54,2026-09-24T09:18:54
C000961,Yasemin Doğan,individual,F,1975-12-22,yasemin.dogan98@yahoo.com,+905572593041,İstanbul,True,False,2024-03-05T20:32:04,2024-04-06T20:32:04
C000962,Barış Bulut,individual,M,1979-05-19,baris.bulut@gmail.com,+905586600601,Samsun,True,True,2026-08-30T09:58:55,2027-03-10T09:58:55
C000963,Nur Bozkurt,individual,F,2003-01-02,nur.bozkurt@icloud.com,+905581320227,İstanbul,True,True,2026-07-23T08:59:15,2026-12-11T08:59:15
C000964,Kerem Aksoy,individual,M,1993-05-15,kerem.aksoy2@yahoo.com,0559 816 68 16,Bursa,True,False,2025-01-31T07:32:21,2025-07-26T07:32:21
C000965,Hüseyin Şimşek,individual,M,1986-10-04,huseyin.simsek95@yahoo.com,+905456018915,İstanbul,True,False,2025-08-05T22:52:49,2026-02-02T22:52:49
C000966,Hasan Sarı,individual,M,1992-01-07,hasan.sari@yahoo.com,+905593029208,Ankara,True,False,2025-10-26T14:05:55,2025-11-20T14:05:55
C000967,Emre Çetin,individual,M,1987-05-18,,+905352349612,İstanbul,True,False,2025-08-31T20:01:40,2025-10-30T20:01:40
C000968,Nazlı Özdemir,individual,F,2002-05-12,nazli.ozdemir@yahoo.com,+905589280486,Antalya,True,True,2024-12-06T14:13:03,2025-05-16T14:13:03
C000969,Ömer Şahin,individual,M,1995-09-07,,0 (555) 493-4389,İstanbul,True,False,2024-12-28T00:28:17,2024-12-30T00:28:17
C000970,Melis Aksoy,individual,F,1968-07-09,melis.aksoy22@icloud.com,+905343082865,İstanbul,True,False,2024-10-18T17:35:52,2024-12-17T17:35:52
C000971,Umut Aydın,individual,M,1967-07-22,umut.aydin@yahoo.com,+905372893092,Ankara,True,False,2025-02-12T01:30:47,2025-06-30T01:30:47
C000972,Boğaziçi Tekstil Ltd. Şti.,corporate,,,bogazicitekstil@bogazici.com.tr,+905562239928,İstanbul,True,False,2024-10-02T05:33:11,2025-03-04T05:33:11
C000973,İbrahim Korkmaz,individual,M,2003-01-04,ibrahim.korkmaz@gmail.com,5404988630,İstanbul,True,True,2024-02-16T05:57:51,2024-04-26T05:57:51
C000974,Ömer Acar,individual,M,1988-01-11,omer.acar55@outlook.com,+905338102455,Ankara,True,False,2023-09-03T01:36:20,2024-03-11T01:36:20
C000975,Marmara Danışmanlık A.Ş.,corporate,,,marmaradanismanlik@marmara.com.tr,0556 968 71 62,İstanbul,True,False,2026-02-27T16:49:55,2026-04-05T16:49:55
C000976,Naz Kılıç,individual,F,1985-06-10,naz.kilic@gmail.com,+905381442489,İstanbul,True,True,2026-04-14T02:28:48,2026-08-30T02:28:48
C000977,Esra Bozkurt,individual,F,1976-06-16,esra.bozkurt61@icloud.com,+905531004045,Ankara,True,True,2024-07-31T11:12:25,2024-10-24T11:12:25
C000978,Arda Demir,individual,M,1986-05-08,arda.demir50@gmail.com,+905336115839,Bursa,True,True,2025-02-17T15:25:30,2025-09-03T15:25:30
C000979,Boğaziçi Sağlık A.Ş.,corporate,,,bogazicisaglik@bogazici.com.tr,5306085138,İstanbul,True,False,2024-06-10T08:53:25,2024-06-17T08:53:25
C000980,Meridyen Medya Ltd. Şti.,corporate,,,meridyenmedya@meridyen.com.tr,+905377459313,Kocaeli,True,False,2025-09-29T17:03:37,2026-02-25T17:03:37
C000981,İrem Aslan,individual,F,1990-04-16,irem.aslan46@yahoo.com,+905424012370,Antalya,True,False,2025-04-01T04:34:45,2025-08-15T04:34:45
C000982,Ece Korkmaz,individual,F,1987-10-13,ece.korkmaz36@outlook.com,+905524038881,İstanbul,True,False,2023-09-05T16:08:20,2024-03-18T16:08:20
C000983,Anadolu Gıda Ltd. Şti.,corporate,,,anadolugida@anadolu.com.tr,+905339839453,Kocaeli,True,True,2023-10-23T19:41:16,2024-01-14T19:41:16
C000984,Ömer Kılıç,individual,M,1984-05-05,omer.kilic@gmail.com,+905582043090,Adana,True,True,2024-01-01T05:51:32,2024-01-14T05:51:32
C000985,Naz Ünal,individual,F,1977-06-14,naz.unal@hotmail.com,+905556433283,Adana,True,True,2024-05-03T05:29:53,2024-07-03T05:29:53
C000986,Beyza Uzun,individual,F,1960-11-30,,+905437352308,Adana,True,True,2026-01-06T23:28:12,2026-07-16T23:28:12
C000987,Cem Kara,individual,M,1984-11-06,cem.kara@icloud.com,+905554128892,Adana,True,False,2024-07-31T21:45:47,2024-11-01T21:45:47
C000988,Kerem Özkan,individual,M,1979-04-19,kerem.ozkan@yahoo.com,+905564952498,Ankara,True,True,2024-09-24T23:03:50,2025-01-23T23:03:50
C000989,Global Danışmanlık A.Ş.,corporate,,,globaldanismanlik@global.com.tr,+905475831125,Ankara,True,False,2025-07-16T00:24:55,2026-01-31T00:24:55
C000990,Yusuf Çakır,individual,M,1986-02-18,yusuf.cakir@outlook.com,+905546223767,İstanbul ,True,True,2026-02-01T04:13:02,2026-06-23T04:13:02
C000991,Burak Erdoğan,individual,M,1981-10-19,burak.erdogan@icloud.com,0 (530) 526-4653,Ankara,False,False,2025-06-24T11:23:05,2025-07-31T11:23:05
C000992,Halil Bulut,individual,M,1986-07-24,halil.bulut96@yahoo.com,+905419735098,Konya,True,False,2023-10-19T11:50:49,2024-04-03T11:50:49
C000993,Elif Ünal,individual,F,1991-10-08,elif.unal@outlook.com,+905467122545,Ankara,True,False,2025-05-06T19:56:29,2025-05-31T19:56:29
C000994,Ömer Aslan,individual,M,2002-05-07,omer.aslan88@outlook.com,+905305482397,İstanbul,False,True,2026-01-15T14:53:17,2026-06-24T14:53:17
C000995,Kerem Aksoy,individual,M,1980-01-06,kerem.aksoy@gmail.com,+905456079045,İstanbul,True,False,2026-07-02T16:38:30,2026-07-04T16:38:30
C000996,Efe Çetin,individual,M,1990-12-02,efe.cetin@hotmail.com,+905582739333,İstanbul,True,False,2025-07-28T02:26:57,2025-11-24T02:26:57
C000997,Ahmet Koç,individual,M,1970-06-20,ahmet.koc60@icloud.com,+905479346811,Kocaeli,True,True,2026-05-13T21:01:19,2026-11-23T21:01:19
C000998,Ömer Karaca,individual,M,1994-06-11,omer.karaca@icloud.com,+905457812140,İstanbul,True,True,2025-12-05T10:13:29,2025-12-09T10:13:29
C000999,Berk Aksoy,individual,M,2002-01-28,berk.aksoy@outlook.com,+905492690311,İstanbul,True,True,2023-09-21T12:28:07,2024-04-02T12:28:07
C001000,Ege Gıda Ltd. Şti.,corporate,,,egegida@ege.com.tr,+905576497508,İstanbul,True,False,2025-07-07T12:50:52,2025-11-09T12:50:52
C001001,Kerem Çetin,individual,M,2002-09-27,kerem.cetin@yahoo.com,+905421494328,Eskişehir,True,False,2026-07-04T20:16:40,2026-09-02T20:16:40
C001002,Yasemin Kara,individual,F,2002-02-07,yasemin.kara9@yahoo.com,+905447198769,İstanbul,True,True,2025-04-05T11:05:45,2025-10-01T11:05:45
C001003,Barış Korkmaz,individual,M,1980-02-15,baris.korkmaz@outlook.com,+905516956307,Mersin,True,False,2024-11-08T06:49:31,2025-04-06T06:49:31
C001004,Ebru Bulut,individual,F,1979-10-14,ebru.bulut78@yahoo.com,+905307906115,Ankara,True,True,2024-05-16T23:43:44,2024-11-11T23:43:44
C001005,Pınar Arslan,individual,F,1981-12-19,pinar.arslan@outlook.com,+905538601381,İstanbul,True,False,2024-11-10T11:37:12,2025-03-19T11:37:12
C001006,Ege Teknoloji Ltd. Şti.,corporate,,,egeteknoloji@ege.com.tr,+905377265628,İzmir,False,True,2026-08-06T09:54:20,2026-11-04T09:54:20
C001007,Naz Sarı,individual,F,1977-03-27,naz.sari@yahoo.com,+905511470128,ISTANBUL,True,False,2025-08-24T14:02:55,2026-02-09T14:02:55
C001008,Selin Sarı,individual,F,1986-04-04,selin.sari@gmail.com,+905532981180,Ankara,True,False,2024-11-29T05:58:33,2024-12-31T05:58:33
C001009,Delta Lojistik Ltd. Şti.,corporate,,,deltalojistik@delta.com.tr,+905583587045,İzmir,True,True,2025-01-09T21:52:50,2025-07-09T21:52:50
C001010,Oğuz Çelik,individual,M,1990-02-17,oguz.celik64@gmail.com,+905509480724,Ankara,True,False,2024-01-25T14:48:03,2024-02-07T14:48:03
C001011,Deniz Yılmaz,individual,M,1986-12-17,deniz.yilmaz@yahoo.com,+905375260933,Denizli,True,False,2025-03-22T06:02:44,2025-08-04T06:02:44
C001012,Hüseyin Çetin,individual,M,1987-10-15,huseyin.cetin@gmail.com,+905362938763,Denizli,True,False,2024-04-04T05:25:57,2024-10-06T05:25:57
C001013,Beyza Özdemir,individual,F,1995-11-18,beyza.ozdemir83@gmail.com,0 (554) 744-1618,Ankara,True,True,2024-05-07T13:09:40,2024-06-14T13:09:40
C001014,Ece Keskin,individual,F,1997-07-24,ece.keskin@yahoo.com,5414606037,İstanbul,True,False,2025-05-16T09:55:39,2025-08-06T09:55:39
C001015,Nur Şahin,individual,F,1991-04-04,nur.sahin40@icloud.com,+905354880240,Ankara,True,False,2025-03-12T02:10:28,2025-04-06T02:10:28
C001016,Gamze Avcı,individual,F,1989-01-22,gamze.avci@yahoo.com,+905541594188,İstanbul,True,True,2024-10-22T16:53:07,2025-01-21T16:53:07
C001017,Eren Bulut,individual,M,1985-09-13,eren.bulut@gmail.com,+905502067727,İstanbul,True,False,2026-04-15T16:41:46,2026-09-18T16:41:46
C001018,Ayşe Sarı,individual,F,1983-02-01,ayse.sari51@icloud.com,+905363718098,İstanbul,True,False,2025-06-02T01:06:48,2025-06-03T01:06:48
C001019,Onur Yılmaz,individual,M,1994-04-01,onur.yilmaz17@gmail.com,+905511573619,İstanbul,True,False,2025-09-18T00:32:18,2026-01-20T00:32:18
C001020,Umut Kurt,individual,M,1982-11-13,umut.kurt66@icloud.com,+905555930041,Samsun,True,False,2026-07-28T01:50:49,2026-11-21T01:50:49
C001021,Murat Kaya,individual,M,1975-03-17,murat.kaya51@icloud.com,+905303082674,İstanbul,True,True,2026-02-11T01:13:24,2026-03-27T01:13:24
C001022,Seda Güneş,individual,F,1989-03-19,seda.gunes@hotmail.com,+905446477550,Ankara,True,False,2024-02-24T19:25:01,2024-03-21T19:25:01
C001023,Ali Yıldırım,individual,M,1977-02-27,ali.yildirim3@icloud.com,+905357088239,İstanbul,True,False,2026-01-21T02:17:45,2026-06-29T02:17:45
C001024,Hüseyin Kara,individual,M,1983-06-06,huseyin.kara10@hotmail.com,+905545671639,Ankara,True,False,2025-01-16T02:53:54,2025-06-27T02:53:54
C001025,Arda Yalçın,individual,M,2002-09-22,arda.yalcin@outlook.com,+905311623588,Ankara,True,False,2026-08-15T07:32:20,2026-12-17T07:32:20
C001026,Oğuz Çakır,individual,M,1992-11-30,oguz.cakir@outlook.com,+905344059432,İstanbul,True,False,2024-07-04T22:10:47,2024-11-14T22:10:47
C001027,Selim Taş,individual,M,1989-10-31,selim.tas82@gmail.com,+905354073703,Ankara,True,True,2026-02-12T04:52:51,2026-06-14T04:52:51
C001028,Kuzey Turizm A.Ş.,corporate,,,kuzeyturizm@kuzey.com.tr,+905387394898,İstanbul,True,False,2024-12-03T06:50:11,2024-12-09T06:50:11
C001029,Serkan Tekin,individual,M,1980-11-28,serkan.tekin@hotmail.com,+905397384561,İstanbul,False,True,2026-05-09T19:55:44,2026-08-12T19:55:44
C001030,Kaan Çetin,individual,M,1983-07-28,kaan.cetin@outlook.com,+905305609892,Antalya,True,True,2025-06-01T04:14:25,2025-11-11T04:14:25
C001031,Eren Yıldız,individual,M,1986-12-27,eren.yildiz31@gmail.com,+905358570307,Bursa,True,False,2025-04-27T05:18:49,2025-09-02T05:18:49
C001032,Mustafa Taş,individual,M,1978-01-27,mustafa.tas68@yahoo.com,+905492031563,Kocaeli,True,True,2023-10-20T16:52:49,2023-12-17T16:52:49
C001033,Hande Ateş,individual,F,1995-11-03,hande.ates@yahoo.com,+905324017546,İstanbul,True,True,2024-12-07T14:22:29,2025-02-24T14:22:29
C001034,Mehmet Yılmaz,individual,M,1982-04-17,mehmet.yilmaz92@hotmail.com,+905517639793,Gaziantep,True,True,2026-08-19T08:28:29,2027-02-02T08:28:29
C001035,Mustafa Bulut,individual,M,1978-11-11,mustafa.bulut37@yahoo.com,+905353757857,ISTANBUL,False,False,2025-05-05T17:03:14,2025-05-16T17:03:14
C001036,Yusuf Korkmaz,individual,M,1987-12-05,yusuf.korkmaz55@icloud.com,+905494499839,Denizli,True,True,2024-05-09T14:42:18,2024-05-16T14:42:18
C001037,Ufuk İnşaat Ltd. Şti.,corporate,,,ufukinsaat@ufuk.com.tr,+905333385011,Bursa,True,False,2025-10-09T17:08:45,2026-04-24T17:08:45
C001038,Cansu Yalçın,individual,F,1982-12-06,cansu.yalcin@gmail.com,+905489392416,Ankara,True,True,2026-06-13T14:48:04,2026-09-07T14:48:04
C001039,Büşra Aslan,individual,F,1967-02-06,busra.aslan@icloud.com,+905587521681,İstanbul,True,False,2024-09-13T10:40:21,2024-10-08T10:40:21
C001040,Tolga Kurt,individual,M,1991-10-14,tolga.kurt76@gmail.com,+905375073839,Ankara,True,False,2026-01-23T10:04:57,2026-03-13T10:04:57
C001041,Ömer Çelik,individual,M,1974-04-26,omer.celik@outlook.com,5415196927,Ankara,True,True,2025-04-07T15:03:02,2025-09-06T15:03:02
C001042,Cansu Sarı,individual,F,1976-10-30,cansu.sari@icloud.com,+905562323549,Ankara,True,True,2025-10-01T08:11:46,2026-02-02T08:11:46
C001043,Eren Demir,individual,M,1973-01-17,eren.demir@hotmail.com,+905558908015,İstanbul,True,False,2024-05-19T07:16:40,2024-10-19T07:16:40
C001044,Ömer Polat,individual,M,1983-04-08,omer.polat6@gmail.com,+905561731528,İstanbul,True,False,2025-11-21T13:17:39,2026-02-21T13:17:39
C001045,Ece Karaca,individual,F,1968-02-13,ece.karaca16@hotmail.com,+905449737590,İstanbul,True,False,2024-10-07T20:56:36,2024-11-25T20:56:36
C001046,Deniz Taş,individual,M,1978-08-20,deniz.tas@gmail.com,+905579385345,İzmir,False,True,2025-06-14T23:32:21,2025-10-12T23:32:21
C001047,Akdeniz Teknoloji A.Ş.,corporate,,,akdenizteknoloji@akdeniz.com.tr,+905347454848,İzmir,True,True,2025-07-08T02:01:51,2025-11-08T02:01:51
C001048,Efe Kara,individual,M,2002-11-02,efe.kara65@icloud.com,+905335548057,Bursa,True,True,2026-01-11T22:34:14,2026-07-25T22:34:14
C001049,Oğuz Bozkurt,individual,M,1989-03-31,oguz.bozkurt@icloud.com,+905434826996,Ankara,False,False,2025-04-07T09:17:52,2025-10-11T09:17:52
C001050,Sude Bozkurt,individual,F,1984-01-18,sude.bozkurt92@hotmail.com,0557 883 40 07,Antalya,False,False,2023-09-04T04:47:38,2024-03-16T04:47:38
C001051,Tuğba Yıldız,individual,F,1989-02-15,tugba.yildiz@icloud.com,+905502188448,Ankara,True,False,2026-07-21T17:18:51,2027-01-01T17:18:51
C001052,Berk Çakır,individual,M,1978-06-08,berk.cakir42@gmail.com,+905515059767,İstanbul,True,True,2025-06-28T05:14:58,2025-12-26T05:14:58
C001053,Elif Güneş,individual,F,1985-06-15,elif.gunes@hotmail.com,+905334940905,İstanbul,True,False,2024-08-30T09:41:47,2025-03-17T09:41:47
C001054,Oğuz Çelik,individual,M,1982-08-15,oguz.celik@outlook.com,+905337874655,İstanbul,True,False,2026-03-16T16:11:09,2026-04-21T16:11:09
C001055,Arda Avcı,individual,M,1998-03-22,arda.avci43@icloud.com,+905534049436,İzmir,True,False,2026-02-01T06:27:40,2026-05-26T06:27:40
C001056,Cem Polat,individual,M,1994-03-05,cem.polat@gmail.com,+905348643569,İstanbul,True,False,2024-04-27T07:51:47,2024-09-11T07:51:47
C001057,Gamze Kurt,individual,F,1976-07-08,gamze.kurt@yahoo.com,+905339430655,Ankara,True,True,2023-09-24T08:11:36,2024-01-28T08:11:36
C001058,Tolga Çetin,individual,M,1986-01-14,tolga.cetin17@outlook.com,+905449681941,Adana,True,False,2025-04-28T20:34:25,2025-05-12T20:34:25
C001059,Barış Bozkurt,individual,M,1975-10-03,,+90 531 428 4257,İstanbul,True,True,2024-06-05T06:37:31,2024-08-24T06:37:31
C001060,Selin Karaca,individual,F,1990-09-17,selin.karaca5@yahoo.com,0533 307 23 46,Ankara,True,True,2024-11-28T14:33:22,2024-12-08T14:33:22
C001061,Mustafa Avcı,individual,M,1985-09-08,mustafa.avci@outlook.com,0 (556) 474-4864,İstanbul,False,True,2024-01-12T04:03:21,2024-03-17T04:03:21
C001062,Tuğba Kara,individual,F,1984-11-01,tugba.kara@gmail.com,+905497377671,İstanbul,True,False,2025-08-21T02:12:58,2025-09-24T02:12:58
C001063,Mustafa Kurt,individual,M,1988-04-19,mustafa.kurt93@hotmail.com,+90 544 138 7743,İstanbul,True,True,2025-09-12T20:30:30,2026-01-29T20:30:30
C001064,Cem Özdemir,individual,M,1993-05-10,cem.ozdemir@yahoo.com,+905562940714,İzmir,True,True,2026-05-21T18:05:12,2026-06-24T18:05:12
C001065,Kerem Erdoğan,individual,M,1986-05-11,kerem.erdogan11@gmail.com,+905444799628,İzmir,True,True,2024-01-27T12:13:06,2024-02-29T12:13:06
C001066,Mustafa Yılmaz,individual,M,1970-03-11,mustafa.yilmaz@outlook.com,+905344188625,İstanbul,True,True,2023-11-25T10:41:26,2024-06-05T10:41:26
C001067,Pınar Erdoğan,individual,F,2002-03-26,pinar.erdogan@outlook.com,+905555647299,Denizli,True,True,2025-09-30T01:14:10,2026-03-30T01:14:10
C001068,Ali Aydın,individual,M,1986-04-23,ali.aydin@gmail.com,5511434626,İstanbul,True,False,2024-02-04T09:27:37,2024-06-12T09:27:37
C001069,Hasan Güneş,individual,M,1971-11-26,hasan.gunes83@yahoo.com,+905452663370,Gaziantep,True,True,2026-05-20T00:20:53,2026-06-25T00:20:53
C001070,Barış Ateş,individual,M,1971-04-29,baris.ates4@icloud.com,+905428091165,Bursa,True,False,2026-04-25T17:37:26,2026-10-26T17:37:26
C001071,Onur Yıldırım,individual,M,1970-03-29,onur.yildirim@gmail.com,+905472746967,Denizli,True,False,2026-03-15T19:24:39,2026-04-29T19:24:39
C001072,Marmara Enerji A.Ş.,corporate,,,marmaraenerji@marmara.com.tr,+905455817342,Konya,True,True,2024-09-30T09:27:06,2024-11-13T09:27:06
C001073,Barış Yıldız,individual,M,1983-11-17,baris.yildiz60@icloud.com,+905343200114,İstanbul,True,True,2025-02-19T20:19:37,2025-03-10T20:19:37
C001074,Aslı Polat,individual,F,1974-01-13,asli.polat@yahoo.com,+905592157059,Kocaeli,True,False,2025-03-11T04:38:28,2025-08-03T04:38:28
C001075,Ayşe Özkan,individual,F,1983-09-21,ayse.ozkan46@yahoo.com,5454343485,Antalya,True,True,2025-03-27T13:02:27,2025-08-27T13:02:27
C001076,Hande Yıldız,individual,F,1995-07-18,hande.yildiz@icloud.com,+905313815575,Antalya,True,False,2024-05-29T12:50:22,2024-12-13T12:50:22
C001077,Halil Kara,individual,M,1983-04-22,halil.kara73@icloud.com,+905326229224,Kocaeli,True,False,2026-03-25T12:20:48,2026-07-03T12:20:48
C001078,Umut Arslan,individual,M,1984-02-12,umut.arslan52@yahoo.com,+90 537 803 8399,Antalya,True,True,2024-08-26T11:30:40,2024-10-04T11:30:40
C001079,Hasan Aydın,individual,M,1986-04-26,hasan.aydin@outlook.com,+905313581555,Ankara,True,True,2025-05-07T08:04:18,2025-10-25T08:04:18
C001080,Akdeniz Tekstil A.Ş.,corporate,,,akdeniztekstil@akdeniz.com.tr,0 (553) 387-7957,İstanbul,False,True,2025-05-07T23:19:23,2025-07-15T23:19:23
C001081,Global Teknoloji A.Ş.,corporate,,,globalteknoloji@global.com.tr,+905553757519,İstanbul,True,False,2023-11-09T09:32:03,2024-02-10T09:32:03
C001082,Zeynep Arslan,individual,F,1989-07-12,zeynep.arslan@yahoo.com,+905363647758,İstanbul,True,True,2024-01-21T14:16:55,2024-07-05T14:16:55
C001083,Burak Aksoy,individual,M,1968-05-06,,+905375501593,İzmir,False,False,2026-04-17T11:55:06,2026-09-25T11:55:06
C001084,Derya Çelik,individual,F,1984-03-09,derya.celik18@outlook.com,+905316275413,İstanbul,True,True,2024-05-07T19:39:49,2024-10-29T19:39:49
C001085,Esra Kara,individual,F,1975-12-07,esra.kara64@yahoo.com,05565606467,İstanbul,True,True,2024-09-20T10:28:29,2024-10-27T10:28:29
C001086,Nova Sağlık Ltd. Şti.,corporate,,,novasaglik@nova.com.tr,+905576468734,Mersin,False,True,2024-09-08T18:07:51,2025-03-20T18:07:51
C001087,Boğaziçi Otomotiv Yan Sanayi A.Ş.,corporate,,,bogaziciotomotivyansanayi@bogazici.com.tr,+905455569141,Ankara,True,False,2024-11-29T01:04:23,2025-01-22T01:04:23
C001088,Ali Aydın,individual,M,1980-11-08,,+905423806511,İstanbul,True,True,2025-05-15T21:30:24,2025-11-24T21:30:24
C001089,Anadolu Turizm A.Ş.,corporate,,,anadoluturizm@anadolu.com.tr,+905455324460,İstanbul,True,True,2026-03-11T11:07:05,2026-09-11T11:07:05
C001090,Kerem Avcı,individual,M,1990-07-23,kerem.avci@yahoo.com,+905358206556,İstanbul,True,False,2025-07-19T12:28:49,2025-08-31T12:28:49
C001091,Zirve Enerji Ltd. Şti.,corporate,,,zirveenerji@zirve.com.tr,+905541589350,İstanbul,True,True,2024-03-06T17:43:28,2024-04-02T17:43:28
C001092,Pınar Korkmaz,individual,F,1979-06-10,pinar.korkmaz@yahoo.com,+905373961150,İstanbul,True,True,2026-01-05T23:51:23,2026-02-02T23:51:23
C001093,Oğuz Uzun,individual,M,2000-03-15,oguz.uzun@hotmail.com,+905578546379,İzmir,True,True,2024-12-13T04:07:38,2025-02-25T04:07:38
C001094,Gizem Polat,individual,F,1979-01-23,gizem.polat@icloud.com,+905506111173,İstanbul,True,True,2024-11-16T08:53:32,2025-01-29T08:53:32
C001095,Meridyen Gıda Ltd. Şti.,corporate,,,meridyengida@meridyen.com.tr,+905583150715,Ankara,True,True,2023-12-18T19:24:54,2024-05-15T19:24:54
C001096,Tolga Polat,individual,M,1973-07-02,tolga.polat64@hotmail.com,+905503618819,İstanbul,True,True,2024-09-27T18:24:16,2025-03-12T18:24:16
C001097,Yıldız Enerji A.Ş.,corporate,,,yildizenerji@yildiz.com.tr,5553274236,Bursa,True,True,2024-02-13T02:50:43,2024-05-25T02:50:43
C001098,Murat Bulut,individual,M,1968-12-25,murat.bulut27@icloud.com,+905385448595,ISTANBUL,True,True,2024-11-25T12:52:00,2024-11-30T12:52:00
C001099,Selim Kara,individual,M,1979-04-05,selim.kara36@outlook.com,0 (530) 842-9832,Antalya,True,False,2024-09-23T12:19:08,2024-11-06T12:19:08
C001100,Cem Kurt,individual,M,1982-06-03,cem.kurt@yahoo.com,+905564890649,Bursa,True,False,2024-07-14T23:31:14,2024-09-14T23:31:14
C001101,Nur Öztürk,individual,F,1975-04-14,nur.ozturk38@icloud.com,+905598714275,İstanbul,True,False,2023-09-28T17:03:10,2024-01-17T17:03:10
C001102,Boğaziçi Sağlık Ltd. Şti.,corporate,,,bogazicisaglik@bogazici.com.tr,+905535673279,İstanbul,False,False,2025-07-15T10:30:08,2025-10-17T10:30:08
C001103,Delta Teknoloji A.Ş.,corporate,,,deltateknoloji@delta.com.tr,+905592532218,İstanbul,True,True,2024-05-14T02:43:43,2024-11-26T02:43:43
C001104,Eren Ateş,individual,M,1988-01-06,eren.ates@gmail.com,0 (548) 821-2603,Ankara,True,True,2026-01-19T21:49:10,2026-07-15T21:49:10
C001105,Naz Turan,individual,F,1989-09-21,naz.turan@hotmail.com,+905583389724,İstanbul,True,False,2026-08-28T07:20:09,2026-12-24T07:20:09
C001106,Serkan Özkan,individual,M,1979-08-10,serkan.ozkan@gmail.com,+905561204282,İstanbul,True,False,2025-03-21T16:35:06,2025-08-26T16:35:06
C001107,Oğuz Aksoy,individual,M,1979-10-29,oguz.aksoy@yahoo.com,+905373176596,İstanbul,True,True,2023-11-06T02:08:12,2024-03-14T02:08:12
C001108,Merve Şimşek,individual,F,1985-03-30,merve.simsek@hotmail.com,+905508182362,İstanbul,True,True,2026-01-10T18:36:50,2026-05-07T18:36:50
C001109,Akdeniz Medya Ltd. Şti.,corporate,,,akdenizmedya@akdeniz.com.tr,+905339436496,Ankara,True,True,2026-05-18T21:41:15,2026-10-05T21:41:15
C001110,Hüseyin Güneş,individual,M,1997-03-14,huseyin.gunes54@yahoo.com,+905347233089,İstanbul ,True,False,2024-11-14T21:55:25,2025-02-08T21:55:25
C001111,Mustafa Acar,individual,M,2002-04-25,mustafa.acar@icloud.com,+905541612060,Kocaeli,True,True,2024-08-19T20:13:28,2024-08-25T20:13:28
C001112,Tolga Karaca,individual,M,1998-05-12,tolga.karaca92@yahoo.com,+905487987215,Mersin,True,True,2026-04-06T00:05:05,2026-09-14T00:05:05
C001113,Barış Keskin,individual,M,1976-10-29,baris.keskin89@yahoo.com,+905405284454,İstanbul,True,True,2024-06-27T13:12:03,2024-07-29T13:12:03
C001114,Barış Demir,individual,M,1994-03-07,baris.demir33@outlook.com,+905531826518,İstanbul,True,True,2025-07-31T09:58:10,2025-09-25T09:58:10
C001115,Kaan Sarı,individual,M,1987-07-05,kaan.sari32@icloud.com,+905473152839,İstanbul,True,True,2024-02-09T08:27:00,2024-06-19T08:27:00
C001116,Gamze Yıldız,individual,F,1997-07-12,gamze.yildiz at gmail.com,+905506379978,ISTANBUL,True,True,2024-10-11T14:16:25,2025-02-23T14:16:25
C001117,Deniz Kara,individual,M,1989-08-25,deniz.kara@outlook.com,+905417550661,Mersin,True,True,2025-10-17T13:23:12,2025-11-24T13:23:12
C001118,Hasan Avcı,individual,M,1967-06-09,hasan.avci40@gmail.com,+905525746563,İstanbul,True,False,2026-03-02T09:41:16,2026-08-03T09:41:16
C001119,Efe Taş,individual,M,1982-10-27,efe.tas@outlook.com,+905421460483,Antalya,True,False,2023-09-28T11:55:45,2023-11-27T11:55:45
C001120,Selim Güneş,individual,M,1995-06-19,,+905444680842,İzmir,True,True,2024-01-15T06:09:48,2024-06-18T06:09:48
C001121,Ahmet Yıldırım,individual,M,2002-01-31,ahmet.yildirim40@outlook.com,+905582115211,Gaziantep,True,True,2026-04-04T06:15:43,2026-09-19T06:15:43
C001122,Emre Keskin,individual,M,1993-12-25,emre.keskin74@icloud.com,+905395703644,İstanbul,True,True,2024-03-27T13:54:44,2024-09-12T13:54:44
C001123,Barış Karaca,individual,M,1988-03-31,baris.karaca@icloud.com,+905514841149,İstanbul,True,True,2024-04-14T15:06:36,2024-06-23T15:06:36
C001124,Büşra Acar,individual,F,1968-07-31,busra.acar72@outlook.com,+905543786515,Gaziantep,True,False,2026-03-11T21:33:22,2026-06-25T21:33:22
C001125,Cem Turan,individual,M,1970-01-23,cem.turan74@icloud.com,+90 559 723 2263,Ankara,True,True,2023-10-29T00:03:24,2024-02-05T00:03:24
C001126,Beyza Keskin,individual,F,1996-03-02,beyza.keskin@hotmail.com,+905511615966,ISTANBUL,True,False,2024-03-31T19:36:58,2024-07-24T19:36:58
C001127,Can Kaya,individual,M,1986-11-15,can.kaya15@yahoo.com,+905551262493,Antalya,True,False,2023-09-08T05:38:30,2023-09-30T05:38:30
C001128,Ali Özkan,individual,M,1996-09-29,ali.ozkan@yahoo.com,+905575263787,İstanbul,True,True,2024-07-25T22:40:49,2024-08-26T22:40:49
C001129,Ömer Yıldız,individual,M,1985-02-05,omer.yildiz72@gmail.com,+905434074357,Ankara,True,True,2024-10-18T12:24:11,2025-02-08T12:24:11
C001130,Seda Özdemir,individual,F,1991-01-01,seda.ozdemir4@outlook.com,+905307293474,Ankara,True,True,2025-04-03T21:23:17,2025-04-06T21:23:17
C001131,Gizem Korkmaz,individual,F,1969-05-31,gizem.korkmaz@yahoo.com,+905351507475,İzmir,True,True,2026-03-17T14:07:23,2026-07-28T14:07:23
C001132,Tuğba Aslan,individual,F,1982-02-24,tugba.aslan@icloud.com,+905467067531,Antalya,True,False,2024-11-22T21:13:31,2024-12-12T21:13:31
C001133,Tolga Çakır,individual,M,1963-07-13,tolga.cakir@yahoo.com,+905449441726,Muğla,True,True,2023-09-07T10:36:49,2024-01-29T10:36:49
C001134,Ali Acar,individual,M,1967-10-21,ali.acar@yahoo.com,+905513571667,Bursa,True,True,2026-01-07T04:13:23,2026-07-12T04:13:23
C001135,Kuzey İnşaat A.Ş.,corporate,,,kuzeyinsaat@kuzey.com.tr,0 (532) 497-0899,Ankara,True,False,2024-05-28T18:13:06,2024-11-20T18:13:06
C001136,Gizem Demir,individual,F,1981-07-05,gizem.demir@gmail.com,+905464681188,İzmir,True,False,2025-07-21T16:03:57,2025-10-19T16:03:57
C001137,Ayşe Korkmaz,individual,F,1983-09-16,ayse.korkmaz25@gmail.com,+905375226815,Samsun,True,True,2024-03-26T11:21:36,2024-05-28T11:21:36
C001138,Eren Arslan,individual,M,1950-04-23,eren.arslan@hotmail.com,+905528059201,İstanbul,True,True,2024-10-06T11:04:54,2025-04-11T11:04:54
C001139,Ceren Doğan,individual,F,1982-12-29,ceren.dogan88@icloud.com,+905351437091,İstanbul,True,False,2026-01-15T20:44:59,2026-06-25T20:44:59
C001140,Selin Korkmaz,individual,F,1987-03-15,selin.korkmaz@icloud.com,+905532110124,İstanbul,True,True,2024-04-14T00:54:27,2024-04-16T00:54:27
C001141,Melis Turan,individual,F,1983-02-21,melis.turan@hotmail.com,05514809538,İstanbul,True,True,2024-10-25T05:49:17,2025-05-10T05:49:17
C001142,Selim Taş,individual,M,1987-10-02,selim.tas@hotmail.com,+90 555 408 0657,Samsun,True,False,2024-03-12T00:53:25,2024-09-12T00:53:25
C001143,Hasan Güneş,individual,M,1962-06-22,hasan.gunes@yahoo.com,+905587588799,Bursa,True,True,2024-12-28T01:41:02,2025-07-14T01:41:02
C001144,Ahmet Avcı,individual,M,1988-09-05,ahmet.avci@hotmail.com,+905345267894,İzmir,True,False,2025-06-06T13:27:04,2025-10-11T13:27:04
C001145,Pınar Karaca,individual,F,1995-10-24,pinar.karaca53@yahoo.com,+905373703685,İstanbul,True,True,2024-11-25T06:21:29,2024-12-31T06:21:29
C001146,Cem Yılmaz,individual,M,1975-02-19,cem.yilmaz44@hotmail.com,+905557809601,Muğla,True,True,2024-06-12T17:10:29,2024-10-22T17:10:29
C001147,İbrahim Kurt,individual,M,1982-01-04,ibrahim.kurt74@gmail.com,+905339516344,İstanbul,True,True,2024-11-22T07:20:46,2025-04-15T07:20:46
C001148,Yasemin Yıldırım,individual,F,1976-12-27,yasemin.yildirim32@icloud.com,+905329829055,İstanbul,True,False,2024-03-16T05:37:35,2024-06-17T05:37:35
C001149,Hasan Erdoğan,individual,M,1996-08-04,hasan.erdogan18@outlook.com,+905356673626,İstanbul,True,False,2025-03-05T12:46:16,2025-09-08T12:46:16
C001150,Ece Turan,individual,F,1983-08-28,ece.turan79@gmail.com,+905544392600,İstanbul,True,True,2024-11-02T07:19:52,2025-03-05T07:19:52
C001151,Esra Bulut,individual,F,1983-07-05,esra.bulut@icloud.com,+905325115967,Antalya,False,True,2024-05-17T02:12:15,2024-10-14T02:12:15
C001152,Gamze Polat,individual,F,1956-02-28,gamze.polat@icloud.com,+905369859649,Ankara,True,True,2026-06-19T06:24:38,2026-08-13T06:24:38
C001153,Cem Avcı,individual,M,1980-10-25,cem.avci47@yahoo.com,+905354742124,Ankara,True,True,2025-06-11T08:36:13,2025-10-14T08:36:13
C001154,Efe Öztürk,individual,M,1979-05-01,efe.ozturk@outlook.com,+905508235654,istanbul,True,True,2025-10-31T07:32:58,2026-03-06T07:32:58
C001155,Can Turan,individual,M,1977-11-30,can.turan@icloud.com,+905342904262,Ankara,True,False,2025-06-09T17:05:39,2025-06-26T17:05:39
C001156,Hasan Şimşek,individual,M,1985-07-18,hasan.simsek50@icloud.com,+905514377483,Bursa,True,True,2024-05-04T10:29:31,2024-10-09T10:29:31
C001157,Yasemin Yıldız,individual,F,1978-02-13,yasemin.yildiz70@hotmail.com,+905311163505,İstanbul,False,True,2026-03-01T23:41:46,2026-06-20T23:41:46
C001158,Kuzey İnşaat A.Ş.,corporate,,,kuzeyinsaat@kuzey.com.tr,0 (556) 290-5848,Eskişehir,True,False,2024-06-23T04:09:27,2024-08-26T04:09:27
C001159,Büşra Şimşek,individual,F,2000-04-25,busra.simsek@gmail.com,+905483634927,İstanbul,True,True,2025-07-05T09:31:11,2025-08-15T09:31:11
C001160,Ege Enerji Ltd. Şti.,corporate,,,egeenerji@ege.com.tr,+905522314919,İzmir,True,True,2024-11-01T22:38:22,2025-01-21T22:38:22
C001161,Kaan Özdemir,individual,M,1970-06-11,kaan.ozdemir1@icloud.com,+905354864870,Ankara,True,True,2023-09-20T23:29:03,2024-03-29T23:29:03
C001162,Cem Aksoy,individual,M,1981-05-28,cem.aksoy61@icloud.com,+905382793019,Bursa,False,False,2024-11-03T02:34:57,2024-12-09T02:34:57
C001163,Merve Tekin,individual,F,1999-03-16,merve.tekin@yahoo.com,+905391766225,ISTANBUL,True,True,2025-02-15T01:34:48,2025-07-25T01:34:48
C001164,Onur Doğan,individual,M,1982-08-12,onur.dogan@yahoo.com,+905312365845,Adana,True,True,2024-10-26T13:32:34,2024-11-15T13:32:34
C001165,Yusuf Sarı,individual,M,1981-08-17,yusuf.sari@hotmail.com,+905456774473,Kocaeli,True,False,2025-01-03T06:44:32,2025-05-24T06:44:32
C001166,Delta Teknoloji Ltd. Şti.,corporate,,,deltateknoloji@delta.com.tr,+905489337549,İstanbul,True,True,2023-09-20T06:48:07,2023-10-24T06:48:07
C001167,Tolga Özkan,individual,M,1981-09-15,,+905313597306,Adana,True,False,2025-07-03T02:32:21,2026-01-02T02:32:21
C001168,Selin Polat,individual,F,1983-09-13,selin.polat11@yahoo.com,+905306679889,Denizli,True,True,2026-02-03T15:03:20,2026-03-03T15:03:20
C001169,Nova Lojistik A.Ş.,corporate,,,novalojistik@nova.com.tr,+905382227140,İzmir,True,True,2023-09-15T15:46:23,2023-12-05T15:46:23
C001170,Ufuk Enerji A.Ş.,corporate,,,ufukenerji@ufuk.com.tr,+905497822859,Ankara,True,False,2024-05-31T10:20:20,2024-08-07T10:20:20
C001171,Ahmet Bulut,individual,M,1985-05-28,ahmet.bulut48@hotmail.com,+905518169378,İstanbul,True,False,2024-08-29T21:25:28,2025-03-02T21:25:28
C001172,Boğaziçi Turizm A.Ş.,corporate,,,bogaziciturizm@bogazici.com.tr,+905399869852,İstanbul,True,False,2026-04-04T17:16:00,2026-06-10T17:16:00
C001173,İrem Keskin,individual,F,1963-07-14,irem.keskin71@yahoo.com,+905496485990,Gaziantep,True,False,2025-03-12T17:30:11,2025-07-10T17:30:11
C001174,Onur Bulut,individual,M,1986-11-10,onur.bulut93@yahoo.com,+905437065050,Antalya,True,True,2026-07-28T22:07:27,2027-01-11T22:07:27
C001175,Kaan Acar,individual,M,1992-03-16,kaan.acar@yahoo.com,+905328828397,İstanbul,True,True,2025-03-28T16:38:25,2025-04-22T16:38:25
C001176,Hasan Yıldız,individual,M,1983-04-01,hasan.yildiz@icloud.com,0 (548) 521-9179,İstanbul,True,True,2024-08-08T09:00:38,2024-10-24T09:00:38
C001177,Ayşe Çetin,individual,F,1986-04-24,ayse.cetin72@outlook.com,0 (557) 350-5322,İstanbul,True,False,2026-04-10T01:15:29,2026-06-28T01:15:29
C001178,Mehmet Kurt,individual,M,1985-08-02,mehmet.kurt85@hotmail.com,+905473485258,Konya,True,True,2026-07-08T00:32:08,2026-09-04T00:32:08
C001179,İrem Özkan,individual,F,1973-06-29,irem.ozkan@hotmail.com,+905482472935,İstanbul,True,False,2026-05-10T15:16:39,2026-09-18T15:16:39
C001180,Ebru Turan,individual,F,1979-06-01,ebru.turan@icloud.com,+905517016322,İstanbul,True,True,2025-01-10T22:45:10,2025-01-12T22:45:10
C001181,Berk Bulut,individual,M,1952-03-22,berk.bulut55@icloud.com,+905358594061,İstanbul,True,True,2025-09-09T02:54:30,2026-01-10T02:54:30
C001182,Ceren Öztürk,individual,F,2002-03-01,ceren.ozturk98@icloud.com,+905542294578,Ankara,True,False,2024-03-17T14:25:10,2024-07-25T14:25:10
C001183,Elif Kurt,individual,F,1982-10-07,elif.kurt86@icloud.com,+905336582967,Bursa,True,False,2025-03-18T16:01:40,2025-07-05T16:01:40
C001184,Oğuz Erdoğan,individual,M,1989-12-04,oguz.erdogan65@icloud.com,+905518867040,İstanbul,True,True,2026-06-06T10:55:55,2026-11-08T10:55:55
C001185,Oğuz Demir,individual,M,1960-06-06,oguz.demir@yahoo.com,+905395782411,Muğla,True,False,2023-10-28T18:52:30,2024-02-26T18:52:30
C001186,İrem Aslan,individual,F,1988-01-16,,+905512385630,İstanbul,True,True,2026-05-12T23:17:42,2026-06-28T23:17:42
C001187,Ali Kara,individual,M,1983-11-04,ali.kara@outlook.com,+905539908423,İstanbul,True,True,2023-10-09T11:25:22,2023-12-12T11:25:22
C001188,Furkan Demir,individual,M,1984-06-10,furkan.demir@yahoo.com,+905351490478,Antalya,True,True,2024-09-25T18:44:05,2024-09-25T18:44:05
C001189,Burak Çakır,individual,M,1979-10-24,burak.cakir@gmail.com,+905588901704,İstanbul,True,True,2025-10-06T20:06:18,2026-02-28T20:06:18
C001190,Serkan Öztürk,individual,M,1979-04-23,serkan.ozturk at hotmail.com,+905589693603,İzmir,True,True,2026-05-30T01:32:34,2026-11-22T01:32:34
C001191,Ece Karaca,individual,F,1989-05-23,ece.karaca97@outlook.com,+905566855026,istanbul,True,False,2024-05-16T23:04:13,2024-09-12T23:04:13
C001192,Nazlı Avcı,individual,F,1999-07-29,nazli.avci@yahoo.com,+90 532 814 2282,Ankara,True,True,2026-07-05T13:26:39,2026-07-08T13:26:39
C001193,Hasan Avcı,individual,M,2002-11-25,hasan.avci48@hotmail.com,+905485752164,İzmir,True,True,2025-02-04T16:16:13,2025-07-16T16:16:13
C001194,Selim Aslan,individual,M,1990-02-04,selim.aslan86@hotmail.com,+905536419331,İstanbul,True,True,2024-08-06T13:42:32,2024-09-01T13:42:32
C001195,Zirve Lojistik Ltd. Şti.,corporate,,,zirvelojistik@zirve.com.tr,+905383393389,Antalya,True,True,2024-09-12T03:10:37,2024-10-05T03:10:37
C001196,Yasemin Çakır,individual,F,1987-06-11,yasemin.cakir@icloud.com,+905366117391,İzmir,False,True,2025-06-15T23:08:52,2025-09-18T23:08:52
C001197,Akdeniz Sağlık Ltd. Şti.,corporate,,,akdenizsaglik@akdeniz.com.tr,+905566881730,ANKARA,True,True,2026-03-30T23:44:38,2026-09-19T23:44:38
C001198,Delta Teknoloji A.Ş.,corporate,,,deltateknoloji@delta.com.tr,+905578391501,Ankara,True,False,2026-04-22T08:34:24,2026-05-04T08:34:24
C001199,Sude Özkan,individual,F,2002-07-26,sude.ozkan15@outlook.com,+905336192286,Samsun,True,False,2024-05-24T12:41:16,2024-12-01T12:41:16
C001200,Yasemin Kurt,individual,F,1972-07-14,yasemin.kurt15@icloud.com,+905447727026,ANKARA,True,True,2025-10-09T05:48:39,2026-01-16T05:48:39
C001201,Halil Yıldırım,individual,M,1971-12-09,halil.yildirim28@hotmail.com,+905327423777,İstanbul,True,False,2025-08-30T16:43:34,2026-01-20T16:43:34
C001202,Ebru Aksoy,individual,F,1993-11-11,ebru.aksoy53@gmail.com,+905335878426,İstanbul,True,False,2026-07-11T02:13:51,2026-08-17T02:13:51
C001203,Akdeniz Medya A.Ş.,corporate,,,akdenizmedya@akdeniz.com.tr,05427821402,İstanbul,True,True,2024-08-20T02:49:53,2024-11-08T02:49:53
C001204,Merve Aydın,individual,F,1983-12-14,merve.aydin@hotmail.com,+905429322566,Denizli,True,False,2026-06-15T19:24:23,2026-07-01T19:24:23
C001205,Merve Polat,individual,F,2002-11-05,merve.polat93@hotmail.com,+905428039577,İstanbul,False,True,2023-10-23T05:24:46,2024-01-01T05:24:46
C001206,Deniz Taş,individual,M,1964-05-01,deniz.tas60@yahoo.com,+905594144450,İstanbul,True,True,2024-02-18T07:55:00,2024-04-13T07:55:00
C001207,Hüseyin Tekin,individual,M,1982-12-11,huseyin.tekin33@outlook.com,+905458175109,Ankara,True,False,2024-11-16T19:14:17,2025-04-19T19:14:17
C001208,Yusuf Aksoy,individual,M,1965-04-07,yusuf.aksoy94@yahoo.com,+905413816763,İzmir,True,False,2026-03-27T01:34:24,2026-08-21T01:34:24
C001209,Serkan Çelik,individual,M,1984-08-14,serkan.celik89@gmail.com,+905509274848,Adana,True,False,2025-04-14T19:35:45,2025-05-23T19:35:45
C001210,Cem Keskin,individual,M,1962-09-01,,+905538002572,Bursa,True,False,2024-06-29T10:17:25,2024-08-28T10:17:25
C001211,Beyza Erdoğan,individual,F,1988-02-03,beyza.erdogan@yahoo.com,+905518090499,İstanbul,True,True,2025-08-11T18:10:21,2026-02-17T18:10:21
C001212,Global Enerji Ltd. Şti.,corporate,,,globalenerji@global.com.tr,5446802726,Ankara,True,True,2023-09-18T14:23:34,2024-01-09T14:23:34
C001213,Efe Yılmaz,individual,M,1982-05-15,efe.yilmaz32@gmail.com,+905346852970,İstanbul,True,False,2024-04-09T16:23:46,2024-09-08T16:23:46
C001214,Naz Turan,individual,F,1987-07-17,naz.turan93@outlook.com,0539 688 74 97,Konya,True,True,2025-06-08T03:42:46,2025-09-27T03:42:46
C001215,Ufuk İnşaat Ltd. Şti.,corporate,,,ufukinsaat@ufuk.com.tr,+905568118133,İstanbul,True,True,2024-09-12T14:34:12,2024-11-05T14:34:12
C001216,Tuğba Sarı,individual,F,1971-01-03,tugba.sari65@yahoo.com,+905598966960,Ankara,True,True,2025-09-01T08:41:27,2025-11-03T08:41:27
C001217,İbrahim Güneş,individual,M,1988-11-23,ibrahim.gunes@hotmail.com,0 (557) 617-6532,İstanbul,False,True,2024-02-08T13:14:52,2024-06-25T13:14:52
C001218,Tolga Kurt,individual,M,1991-07-08,tolga.kurt@outlook.com,+905504974882,Bursa,True,False,2024-05-31T01:45:37,2024-10-12T01:45:37
C001219,Seda Özkan,individual,F,1984-11-03,seda.ozkan65@outlook.com,+905456905926,İzmir,True,True,2024-11-15T18:39:17,2024-12-15T18:39:17
C001220,İrem Tekin,individual,F,1986-10-25,irem.tekin10@hotmail.com,+905329410567,Mersin,True,False,2024-01-01T13:23:47,2024-01-25T13:23:47
C001221,Efe Bulut,individual,M,1990-08-21,efe.bulut@outlook.com,+905579948309,Antalya,True,False,2024-05-25T14:52:36,2024-08-15T14:52:36
C001222,Cansu Şahin,individual,F,1997-09-05,cansu.sahin@gmail.com,+905327260433,Adana,True,True,2026-02-07T19:50:49,2026-07-27T19:50:49
C001223,Elif Turan,individual,F,1993-06-19,elif.turan@gmail.com,+905333104373,Kocaeli,True,True,2024-02-11T00:43:32,2024-06-12T00:43:32
C001224,Ali Arslan,individual,M,1989-08-16,ali.arslan55@yahoo.com,+905483933609,İstanbul,True,True,2024-01-20T07:04:11,2024-05-10T07:04:11
C001225,Pınar Yılmaz,individual,F,1979-06-27,pinar.yilmaz87@yahoo.com,+905385221888,İstanbul,True,True,2024-08-28T13:48:43,2024-11-14T13:48:43
C001226,İbrahim Aydın,individual,M,1991-04-18,ibrahim.aydin@outlook.com,+905531296454,Antalya,True,True,2025-08-26T14:21:33,2025-10-18T14:21:33
C001227,Ege Tekstil A.Ş.,corporate,,,egetekstil@ege.com.tr,+905561049479,İzmir,True,False,2025-11-07T06:42:28,2025-11-16T06:42:28
C001228,Zeynep Erdoğan,individual,F,1986-06-29,zeynep.erdogan63@outlook.com,0 (557) 580-5831,Denizli,True,False,2024-04-30T22:57:01,2024-11-05T22:57:01
C001229,Marmara Enerji A.Ş.,corporate,,,marmaraenerji@marmara.com.tr,+905419036961,İstanbul,True,True,2025-04-16T13:48:26,2025-10-23T13:48:26
C001230,Dilara Arslan,individual,F,1986-05-25,dilara.arslan@gmail.com,+905438843965,Adana,True,False,2025-08-05T00:16:34,2025-11-15T00:16:34
C001231,Hande Şimşek,individual,F,1982-11-24,hande.simsek63@hotmail.com,+905493594872,Denizli,True,False,2024-01-19T12:45:05,2024-07-24T12:45:05
C001232,Melis Yıldız,individual,F,1987-06-19,melis.yildiz@gmail.com,+90 553 555 2801,İstanbul,True,False,2024-12-23T08:25:46,2024-12-31T08:25:46
C001233,Anadolu Gıda A.Ş.,corporate,,,,+905371342441,Denizli,True,False,2025-07-22T21:47:27,2025-08-27T21:47:27
C001234,Derya Çelik,individual,F,1987-06-19,derya.celik@hotmail.com,+905377551558,Samsun,True,True,2023-12-09T19:53:14,2024-04-23T19:53:14
C001235,Nova Gıda A.Ş.,corporate,,,novagida@nova.com.tr,+905404481749,Antalya,True,True,2024-11-16T07:00:56,2025-02-03T07:00:56
C001236,Ceren Acar,individual,F,1968-09-27,ceren.acar@gmail.com,0 (531) 864-1465,Eskişehir,True,True,2024-08-15T14:50:43,2025-02-28T14:50:43
C001237,Ahmet Korkmaz,individual,M,1985-02-21,ahmet.korkmaz20@gmail.com,+905336262359,İzmir,True,True,2024-06-23T14:22:23,2024-06-28T14:22:23
C001238,Furkan Güneş,individual,M,1987-10-15,furkan.gunes@hotmail.com,+905513401069,Antalya,True,True,2025-07-20T15:51:39,2025-09-20T15:51:39
C001239,Tolga Çelik,individual,M,1987-10-29,tolga.celik@hotmail.com,+905563552287,Adana,True,False,2026-06-20T01:12:19,2026-07-14T01:12:19
C001240,Cem Yıldız,individual,M,1965-02-14,cem.yildiz@gmail.com,+905326493668,İstanbul,True,False,2026-07-29T20:09:00,2026-11-25T20:09:00
C001241,Ali Polat,individual,M,1979-09-09,ali.polat32@outlook.com,+905403325838,Antalya,True,False,2026-02-23T05:53:50,2026-07-08T05:53:50
C001242,Halil Şimşek,individual,M,1987-04-05,halil.simsek51@hotmail.com,+905414556221,Adana,True,True,2026-07-19T17:41:02,2026-08-13T17:41:02
C001243,Hande Aydın,individual,F,1976-03-20,hande.aydin@hotmail.com,+905576523778,İstanbul,True,False,2026-07-26T17:21:41,2027-01-18T17:21:41
C001244,Zeynep Yalçın,individual,F,1995-07-16,zeynep.yalcin32@icloud.com,+905478598646,Kocaeli,True,True,2024-11-07T03:28:18,2025-04-30T03:28:18
C001245,Ayşe Avcı,individual,F,1996-05-10,ayse.avci33@hotmail.com,+905531307641,Eskişehir,True,True,2025-09-28T20:13:09,2026-02-24T20:13:09
C001246,Pınar Çakır,individual,F,1993-07-21,pinar.cakir84@hotmail.com,+905428557419,İstanbul,True,True,2026-04-29T14:13:30,2026-05-04T14:13:30
C001247,Yusuf Özdemir,individual,M,1972-05-03,yusuf.ozdemir@yahoo.com,+905526511399,İstanbul,True,False,2024-07-30T23:04:59,2024-10-17T23:04:59
C001248,Aslı Acar,individual,F,1991-02-28,asli.acar68@hotmail.com,+905362420596,İstanbul,True,False,2024-11-10T04:30:33,2025-05-07T04:30:33
C001249,Marmara İnşaat A.Ş.,corporate,,,marmarainsaat@marmara.com.tr,+905442806054,İstanbul,True,True,2024-01-23T02:52:21,2024-03-11T02:52:21
C001250,Ege İnşaat A.Ş.,corporate,,,egeinsaat at ege.com.tr,+905508538020,İstanbul,True,True,2026-02-14T15:27:35,2026-08-19T15:27:35
C001251,Efe Bozkurt,individual,M,1962-03-05,efe.bozkurt@outlook.com,+905436617825,Antalya,True,False,2025-10-29T11:43:52,2026-01-06T11:43:52
C001252,Melis Polat,individual,F,1982-12-17,melis.polat49@hotmail.com,+905366096260,İstanbul,True,False,2024-05-25T07:53:04,2024-07-18T07:53:04
C001253,Emre Kurt,individual,M,1976-09-25,emre.kurt1@gmail.com,+905341528330,Kocaeli,True,False,2026-01-03T16:54:31,2026-06-29T16:54:31
C001254,Büşra Ateş,individual,F,2002-11-15,busra.ates71@icloud.com,+905579943346,Bursa,True,True,2026-01-04T04:17:29,2026-07-13T04:17:29
C001255,Arda Uzun,individual,M,1974-10-04,arda.uzun75@outlook.com,+905464159001,Kocaeli,True,True,2026-04-02T12:06:18,2026-06-10T12:06:18
C001256,Ebru Kaya,individual,F,1992-04-08,ebru.kaya@outlook.com,+905317801509,İstanbul,True,False,2026-08-07T06:08:29,2026-09-09T06:08:29
C001257,İbrahim Yalçın,individual,M,1969-09-15,ibrahim.yalcin79@icloud.com,+905329983945,İstanbul,True,True,2024-09-17T14:56:31,2024-09-27T14:56:31
C001258,Umut Kılıç,individual,M,1990-02-18,umut.kilic62@yahoo.com,+905418483146,Ankara,False,True,2024-03-12T06:02:24,2024-09-14T06:02:24
C001259,Murat Şahin,individual,M,1999-07-09,murat.sahin@hotmail.com,+905585630964,İstanbul,True,False,2025-08-17T11:49:34,2025-08-26T11:49:34
C001260,Tolga Bozkurt,individual,M,1991-12-02,tolga.bozkurt84@gmail.com,+905554634510,Antalya,True,False,2024-03-20T19:35:31,2024-04-20T19:35:31
C001261,Emre Bulut,individual,M,1985-11-17,emre.bulut23@icloud.com,+905428333281,Eskişehir,True,True,2025-08-22T08:15:11,2025-11-25T08:15:11
C001262,Marmara Danışmanlık A.Ş.,corporate,,,marmaradanismanlik@marmara.com.tr,+905332378918,Kocaeli,True,False,2026-04-29T05:52:33,2026-09-23T05:52:33
C001263,Cansu Yılmaz,individual,F,1962-11-11,cansu.yilmaz29@outlook.com,+905462162112,Ankara,True,True,2026-03-19T19:56:55,2026-09-22T19:56:55
C001264,Ömer Polat,individual,M,1994-09-03,omer.polat67@hotmail.com,+905303428880,İzmir,True,True,2024-03-20T17:05:06,2024-07-20T17:05:06
C001265,Cem Tekin,individual,M,1990-12-14,cem.tekin66@yahoo.com,+905598835721,ankara,True,True,2024-10-16T03:36:02,2024-12-16T03:36:02
C001266,Kuzey Danışmanlık A.Ş.,corporate,,,,0 (554) 471-4916,İstanbul,True,True,2024-11-22T17:24:03,2025-03-14T17:24:03
C001267,Eren Doğan,individual,M,2002-02-17,eren.dogan65@yahoo.com,+905362688380,Kocaeli,False,False,2024-11-01T12:07:32,2025-01-12T12:07:32
C001268,Deniz Çelik,individual,M,1977-06-05,deniz.celik82@gmail.com,+905596733272,İstanbul,True,True,2025-05-31T04:32:55,2025-06-18T04:32:55
C001269,Efe Çelik,individual,M,1989-04-18,efe.celik@gmail.com,+905334397494,İstanbul,True,True,2025-08-31T17:47:58,2026-01-11T17:47:58
C001270,Burak Aslan,individual,M,1985-04-20,burak.aslan@gmail.com,+905313059590,Mersin,True,True,2024-07-24T14:22:33,2024-09-11T14:22:33
C001271,Damla Şahin,individual,F,1971-04-13,damla.sahin34@yahoo.com,+905351420343,Bursa,True,True,2025-01-22T14:27:33,2025-05-27T14:27:33
C001272,Ceren Özkan,individual,F,1985-11-12,ceren.ozkan@icloud.com,+905429887465,İstanbul,True,False,2024-02-02T07:00:11,2024-07-07T07:00:11
C001273,Deniz Aksoy,individual,M,1977-06-06,deniz.aksoy@yahoo.com,+905406078644,İstanbul,True,True,2025-04-03T14:18:15,2025-07-01T14:18:15
C001274,Kaan Taş,individual,M,1987-01-13,kaan.tas@gmail.com,+905596223250,Ankara,True,False,2026-04-08T18:55:52,2026-09-08T18:55:52
C001275,Atlas Danışmanlık A.Ş.,corporate,,,atlasdanismanlik@atlas.com.tr,+905368386413,İstanbul,True,False,2024-09-07T08:09:11,2024-12-18T08:09:11
C001276,Barış Avcı,individual,M,1971-05-21,baris.avci@hotmail.com,+905482362846,İstanbul,True,False,2024-04-14T02:32:37,2024-07-22T02:32:37
C001277,Esra Yıldız,individual,F,1974-05-11,esra.yildiz94@outlook.com,+905481368499,Antalya,True,True,2024-08-30T16:42:07,2024-09-13T16:42:07
C001278,Mustafa Keskin,individual,M,1988-04-02,mustafa.keskin97@hotmail.com,+905503343138,Ankara,True,True,2023-11-13T17:02:03,2024-01-11T17:02:03
C001279,Tuğba Özdemir,individual,F,1960-09-23,tugba.ozdemir@icloud.com,+905333690040,istanbul,True,True,2026-03-31T22:38:47,2026-04-19T22:38:47
C001280,Kerem Taş,individual,M,1980-10-24,kerem.tas@icloud.com,+905569003814,Bursa,True,False,2025-07-05T11:44:02,2025-07-31T11:44:02
C001281,Gamze Çelik,individual,F,1992-03-23,gamze.celik60@outlook.com,+90 531 370 1856,İstanbul,False,True,2024-03-05T05:14:47,2024-08-19T05:14:47
C001282,Kaan Güneş,individual,M,1981-10-17,kaan.gunes87@hotmail.com,+905527096268,İstanbul,False,False,2025-03-14T09:18:02,2025-08-25T09:18:02
C001283,Mehmet Kara,individual,M,1984-10-29,mehmet.kara62@gmail.com,+905396931112,İstanbul,True,True,2024-05-01T07:49:13,2024-11-09T07:49:13
C001284,Ömer Güneş,individual,M,1968-03-13,omer.gunes@gmail.com,+905316786470,İstanbul,True,True,2023-12-19T09:24:21,2024-06-19T09:24:21
C001285,Pınar Avcı,individual,F,1968-12-07,pinar.avci@icloud.com,+905315398827,Istanbul,True,False,2024-09-30T19:39:41,2025-01-02T19:39:41
C001286,Fatma Şimşek,individual,F,1978-12-02,fatma.simsek63@hotmail.com,+905328928386,İstanbul,True,True,2024-05-16T02:52:55,2024-07-09T02:52:55
C001287,Ali Yılmaz,individual,M,1981-07-01,ali.yilmaz13@hotmail.com,+905342944225,Mersin,False,False,2024-09-11T06:44:14,2024-10-16T06:44:14
C001288,Kaan Yılmaz,individual,M,2002-11-09,kaan.yilmaz49@hotmail.com,+905397088299,İstanbul,True,True,2024-07-27T11:01:18,2024-08-19T11:01:18
C001289,Tolga Çakır,individual,M,1988-12-25,tolga.cakir93@icloud.com,+905312222830,Samsun,True,True,2024-11-28T22:55:52,2025-02-18T22:55:52
C001290,Umut Koç,individual,M,1982-12-18,umut.koc@hotmail.com,+905381492001,Ankara,True,False,2026-01-19T22:18:17,2026-06-06T22:18:17
C001291,Kuzey Teknoloji A.Ş.,corporate,,,kuzeyteknoloji@kuzey.com.tr,+905452324999,Bursa,True,False,2024-06-18T15:21:58,2024-11-30T15:21:58
C001292,Meridyen Tekstil A.Ş.,corporate,,,meridyentekstil@meridyen.com.tr,+905315084030,İzmir,True,False,2025-11-07T08:28:03,2025-12-09T08:28:03
C001293,Naz Öztürk,individual,F,1981-02-01,naz.ozturk60@gmail.com,+905582339404,İstanbul,True,False,2026-04-13T14:07:34,2026-10-10T14:07:34
C001294,Kerem Güneş,individual,M,1962-11-10,kerem.gunes30@outlook.com,5431857611,İstanbul,True,False,2024-06-14T23:39:21,2024-10-15T23:39:21
C001295,Ceren Çelik,individual,F,1989-09-21,ceren.celik39@outlook.com,5388366619,İstanbul,True,True,2026-01-04T11:38:32,2026-03-16T11:38:32
C001296,Kaan Tekin,individual,M,2002-04-09,kaan.tekin5@gmail.com,+905476488967,ANKARA,True,True,2024-11-30T02:31:24,2025-03-19T02:31:24
C001297,Global Otomotiv Yan Sanayi Ltd. Şti.,corporate,,,globalotomotivyansanayi@global.com.tr,+905336452313,İstanbul,True,False,2024-05-03T17:44:32,2024-08-02T17:44:32
C001298,Umut Erdoğan,individual,M,1972-12-18,umut.erdogan@gmail.com,+905378971798,Eskişehir,True,False,2024-05-11T20:58:14,2024-11-07T20:58:14
C001299,Derya Tekin,individual,F,1990-11-19,derya.tekin97@hotmail.com,+905389324226,istanbul,True,True,2024-06-10T15:16:04,2024-07-10T15:16:04
C001300,Nur Arslan,individual,F,1980-11-13,nur.arslan@outlook.com,5331202148,Bursa,True,False,2026-08-23T04:18:18,2026-11-30T04:18:18
C001301,Deniz Yıldırım,individual,M,1989-08-26,deniz.yildirim98@icloud.com,+905311563844,İstanbul,False,False,2026-04-11T22:14:52,2026-06-28T22:14:52
C001302,Eren Öztürk,individual,M,1969-07-03,eren.ozturk18@hotmail.com,+905586934066,İstanbul,True,True,2024-10-11T22:14:09,2025-04-18T22:14:09
C001303,Berk Keskin,individual,M,1982-01-26,berk.keskin58@gmail.com,+905562123865,İzmir,True,True,2025-08-21T07:11:21,2026-03-08T07:11:21
C001304,Mehmet Yılmaz,individual,M,1972-09-19,mehmet.yilmaz95@hotmail.com,0 (533) 279-6135,Istanbul,True,True,2024-12-07T13:55:11,2025-04-20T13:55:11
C001305,Mehmet Ünal,individual,M,1974-01-27,mehmet.unal@outlook.com,+905562639990,Bursa,True,False,2026-08-10T17:48:22,2026-09-04T17:48:22
C001306,Cem Özdemir,individual,M,1974-01-30,cem.ozdemir@hotmail.com,+905488905156,İstanbul,True,False,2024-07-23T04:01:20,2024-12-13T04:01:20
C001307,Ömer Demir,individual,M,1975-03-08,omer.demir@icloud.com,+905311060499,İstanbul,True,False,2023-12-19T20:51:49,2024-03-29T20:51:49
C001308,Selim Aksoy,individual,M,1987-11-21,selim.aksoy15@hotmail.com,+905527848358,İzmir,True,True,2026-01-18T07:04:05,2026-05-06T07:04:05
C001309,Kerem Kara,individual,M,1972-03-30,kerem.kara58@yahoo.com,+905586472686,Ankara,True,False,2026-07-11T14:46:40,2026-07-22T14:46:40
C001310,Ömer Polat,individual,M,1979-06-25,omer.polat@outlook.com,5481392038,Denizli,True,False,2024-10-18T18:43:21,2025-03-09T18:43:21
C001311,Oğuz Çelik,individual,M,1996-05-07,oguz.celik49@icloud.com,+905311997785,Ankara,True,True,2026-02-23T07:58:27,2026-03-30T07:58:27
C001312,Nur Öztürk,individual,F,1982-04-24,nur.ozturk32@icloud.com,+905306148909,İstanbul ,True,True,2026-05-07T09:33:09,2026-09-21T09:33:09
C001313,Dilara Şahin,individual,F,1970-07-08,dilara.sahin24@hotmail.com,+905396213155,Gaziantep,True,True,2024-06-17T07:06:55,2024-07-06T07:06:55
C001314,Boğaziçi Danışmanlık A.Ş.,corporate,,,bogazicidanismanlik at bogazici.com.tr,+905347731138,Konya,True,False,2025-04-13T14:48:50,2025-05-23T14:48:50
C001315,Fatma Taş,individual,F,1987-02-10,fatma.tas@gmail.com,+905495724720,İstanbul,True,False,2024-06-04T09:53:42,2024-10-15T09:53:42
C001316,Halil Turan,individual,M,1979-04-16,halil.turan9@outlook.com,+905394792104,İzmir,True,False,2026-05-19T03:57:54,2026-08-03T03:57:54
C001317,Ebru Şimşek,individual,F,1992-03-12,ebru.simsek@outlook.com,0 (547) 555-2205,Ankara,True,False,2025-08-01T05:54:02,2025-12-04T05:54:02
C001318,Mustafa Ateş,individual,M,1974-05-05,mustafa.ates@yahoo.com,05469015199,Ankara,True,True,2025-05-24T20:40:20,2025-06-25T20:40:20
C001319,Ayşe Erdoğan,individual,F,1979-03-04,ayse.erdogan21@hotmail.com,+905423813646,İstanbul,True,False,2025-03-23T09:48:48,2025-03-26T09:48:48
C001320,Gizem Tekin,individual,F,1973-05-18,gizem.tekin32@outlook.com,+905528885995,Ankara,True,True,2025-06-26T02:36:43,2025-10-19T02:36:43
C001321,Berk Avcı,individual,M,1990-03-10,berk.avci@hotmail.com,+905555601320,İstanbul,True,True,2024-06-16T16:50:11,2024-11-03T16:50:11
C001322,Serkan Erdoğan,individual,M,1990-05-09,serkan.erdogan@icloud.com,+905476726853,İstanbul,True,True,2024-06-15T00:52:49,2024-10-19T00:52:49
C001323,Tolga Kılıç,individual,M,1992-11-08,tolga.kilic@icloud.com,+905303035837,İzmir,True,False,2024-11-18T07:05:45,2024-11-25T07:05:45
C001324,Zirve Gıda Ltd. Şti.,corporate,,,zirvegida@zirve.com.tr,0550 818 33 41,Bursa,False,True,2024-10-01T18:44:03,2025-01-12T18:44:03
C001325,Hüseyin Yılmaz,individual,M,2002-12-25,huseyin.yilmaz90@yahoo.com,+905328110285,Adana,True,False,2024-01-10T14:58:01,2024-05-24T14:58:01
C001326,Anadolu Gıda A.Ş.,corporate,,,anadolugida@anadolu.com.tr,+905428255667,İstanbul,True,False,2026-08-19T20:21:20,2027-02-03T20:21:20
C001327,Barış Çakır,individual,M,1983-03-02,baris.cakir@gmail.com,+905306498709,Bursa,True,True,2024-01-03T20:24:10,2024-03-20T20:24:10
C001328,Sude Yılmaz,individual,F,1989-04-08,sude.yilmaz60@yahoo.com,+90 545 267 0370,İstanbul,True,False,2024-06-22T02:56:02,2024-12-30T02:56:02
C001329,Furkan Şimşek,individual,M,1972-09-21,,+905482124809,İstanbul,True,False,2024-12-26T15:00:22,2025-05-12T15:00:22
C001330,İbrahim Yalçın,individual,M,1980-11-24,ibrahim.yalcin@hotmail.com,+905386255657,Ankara,True,False,2023-12-27T08:29:11,2024-01-30T08:29:11
C001331,Melis Bulut,individual,F,1961-05-11,,+905479918413,Ankara,True,False,2024-09-21T04:54:02,2025-03-20T04:54:02
C001332,Hüseyin Kurt,individual,M,1972-11-20,huseyin.kurt29@gmail.com,+905444101114,İstanbul,True,False,2025-12-05T07:36:38,2026-04-13T07:36:38
C001333,Mehmet Çetin,individual,M,1990-09-11,mehmet.cetin@icloud.com,0 (543) 997-4043,İstanbul,True,False,2025-04-15T10:31:01,2025-07-15T10:31:01
C001334,Melis Erdoğan,individual,F,1990-09-25,melis.erdogan56@yahoo.com,+905524935795,Konya,True,False,2025-07-05T05:07:48,2025-10-14T05:07:48
C001335,Berk Yıldız,individual,M,1979-11-05,berk.yildiz@icloud.com,5585982045,Adana,True,True,2025-10-12T17:29:32,2026-02-01T17:29:32
C001336,Elif Keskin,individual,F,1966-04-14,elif.keskin@hotmail.com,+905406065354,Antalya,True,True,2025-01-05T13:18:03,2025-05-26T13:18:03
C001337,Gamze Taş,individual,F,1989-03-07,gamze.tas@gmail.com,+905589105880,Antalya,True,False,2025-01-01T19:32:45,2025-03-14T19:32:45
C001338,Efe Tekin,individual,M,1980-05-29,efe.tekin@gmail.com,+905564364584,İstanbul,True,False,2025-06-23T07:50:40,2025-09-27T07:50:40
C001339,Melis Aydın,individual,F,1991-03-17,melis.aydin81@hotmail.com,+905428971423,İstanbul,True,True,2024-06-10T00:36:37,2024-07-14T00:36:37
C001340,Murat Koç,individual,M,1968-11-20,murat.koc@outlook.com,+905389794514,Bursa,True,True,2024-06-20T13:35:22,2024-07-17T13:35:22
C001341,Damla Taş,individual,F,1971-01-17,damla.tas98@outlook.com,+905483473606,İstanbul,True,True,2024-10-23T04:16:49,2025-01-01T04:16:49
C001342,Kerem Acar,individual,M,1994-07-24,kerem.acar83@outlook.com,+905499810004,Gaziantep,False,False,2026-02-28T22:53:42,2026-04-02T22:53:42
C001343,Emre Çelik,individual,M,1978-02-22,emre.celik90@hotmail.com,+905444303571,İstanbul,True,False,2024-10-19T06:26:48,2024-11-04T06:26:48
C001344,Hüseyin Karaca,individual,M,2002-10-09,huseyin.karaca@gmail.com,+905511136164,Bursa,True,False,2025-03-21T23:03:31,2025-08-18T23:03:31
C001345,Hüseyin Yıldırım,individual,M,1969-05-17,huseyin.yildirim90@hotmail.com,+905391999806,Adana,True,False,2024-10-13T13:21:33,2025-01-31T13:21:33
C001346,Pınar Turan,individual,F,1962-04-26,pinar.turan92@outlook.com,+905394413633,İstanbul,False,False,2026-01-15T13:44:35,2026-07-01T13:44:35
C001347,Yıldız İnşaat A.Ş.,corporate,,,yildizinsaat@yildiz.com.tr,05339220312,İstanbul,True,True,2024-05-22T13:42:31,2024-06-12T13:42:31
C001348,Barış Çakır,individual,M,2002-08-28,baris.cakir@hotmail.com,+905467694488,İzmir,True,False,2026-07-18T09:15:52,2026-12-15T09:15:52
C001349,Serkan Şimşek,individual,M,1985-07-15,serkan.simsek70@yahoo.com,+905475498875,ankara,True,True,2024-12-13T19:28:25,2025-04-14T19:28:25
C001350,Esra Öztürk,individual,F,1968-09-01,esra.ozturk29@gmail.com,+905386167847,Ankara,False,False,2024-03-26T05:08:16,2024-07-14T05:08:16
C001351,Selin Şimşek,individual,F,1977-01-02,selin.simsek@icloud.com,+905375291186,İstanbul,False,False,2025-02-09T04:01:58,2025-08-09T04:01:58
C001352,Fatma Aslan,individual,F,1982-11-18,fatma.aslan@outlook.com,+905455462527,İstanbul,True,True,2025-10-03T16:50:46,2025-10-21T16:50:46
C001353,Ege İnşaat Ltd. Şti.,corporate,,,egeinsaat@ege.com.tr,+905565284984,İstanbul,True,True,2023-11-09T22:36:59,2024-01-17T22:36:59
C001354,Beyza Kara,individual,F,2002-06-22,beyza.kara@outlook.com,+905552012770,İstanbul,True,False,2024-09-07T06:10:59,2025-03-17T06:10:59
C001355,Cem Keskin,individual,M,2002-12-23,cem.keskin@gmail.com,+905302591859,Ankara,True,False,2024-06-02T17:25:16,2024-08-21T17:25:16
C001356,Eren Şimşek,individual,M,1987-06-18,eren.simsek@outlook.com,0 (543) 366-4818,İstanbul,True,True,2024-12-29T07:55:27,2025-06-28T07:55:27
C001357,Oğuz Doğan,individual,M,1962-01-26,,+905555789684,İzmir,True,True,2025-08-09T20:49:29,2025-12-27T20:49:29
C001358,Cem Acar,individual,M,1986-10-21,cem.acar83@icloud.com,+905469723039,İzmir,True,True,2025-04-17T03:25:30,2025-06-01T03:25:30
C001359,Naz Ateş,individual,F,2002-04-10,naz.ates@hotmail.com,+905349288737,İstanbul,True,True,2026-03-06T17:14:23,2026-04-15T17:14:23
C001360,Ali Turan,individual,M,1987-08-05,ali.turan@gmail.com,+905353105858,Antalya,False,False,2025-03-28T04:49:40,2025-05-29T04:49:40
C001361,Selim Aydın,individual,M,1996-11-02,selim.aydin87@gmail.com,+905582004554,Antalya,True,False,2024-01-31T09:11:24,2024-02-09T09:11:24
C001362,Anadolu Lojistik A.Ş.,corporate,,,anadolulojistik@anadolu.com.tr,+905468899053,İstanbul,True,False,2024-08-18T05:49:22,2025-03-02T05:49:22
C001363,Oğuz Çetin,individual,M,1978-01-09,oguz.cetin60@hotmail.com,+905523931474,İstanbul,True,True,2026-08-01T12:40:46,2027-01-12T12:40:46
C001364,Ece Taş,individual,F,1977-02-12,ece.tas54@outlook.com,+905406715295,Ankara,True,True,2026-07-01T18:21:36,2026-08-10T18:21:36
C001365,Dilara Yıldız,individual,F,2002-12-14,dilara.yildiz@icloud.com,+905301365754,İstanbul,True,True,2024-07-10T13:10:04,2024-10-07T13:10:04
C001366,Nova Tekstil Ltd. Şti.,corporate,,,novatekstil@nova.com.tr,+905308250089,Konya,True,False,2026-02-02T02:13:21,2026-05-04T02:13:21
C001367,Damla Çelik,individual,F,1989-08-17,damla.celik@gmail.com,5378602150,Adana,True,True,2025-09-28T09:50:43,2026-02-10T09:50:43
C001368,Mustafa Kılıç,individual,M,1978-02-15,mustafa.kilic@yahoo.com,0535 996 59 48,Bursa,True,True,2025-06-20T13:56:13,2025-10-25T13:56:13
C001369,Selim Aydın,individual,M,1980-01-25,selim.aydin@gmail.com,+905434054347,İstanbul,True,False,2024-02-20T10:49:08,2024-05-28T10:49:08
C001370,Halil Korkmaz,individual,M,1982-08-14,halil.korkmaz17@gmail.com,+905336048366,İstanbul,False,False,2024-10-05T03:19:18,2024-12-11T03:19:18
C001371,Mehmet Turan,individual,M,1985-05-29,mehmet.turan@gmail.com,+905417076874,İstanbul,True,False,2026-07-03T05:18:34,2026-07-09T05:18:34
C001372,Selin Tekin,individual,F,2002-09-07,selin.tekin@yahoo.com,+905356204684,Ankara,True,False,2025-10-28T15:54:13,2026-01-13T15:54:13
C001373,Seda Taş,individual,F,1988-09-10,seda.tas@yahoo.com,+905361562539,İstanbul,True,True,2025-01-05T18:28:04,2025-05-08T18:28:04
C001374,Anadolu Turizm A.Ş.,corporate,,,anadoluturizm@anadolu.com.tr,+905409309547,Kocaeli,True,True,2026-08-27T04:03:19,2026-11-20T04:03:19
C001375,Dilara Güneş,individual,F,1985-05-29,dilara.gunes@hotmail.com,+905318762464,Mersin,True,False,2023-09-14T03:54:23,2024-01-10T03:54:23
C001376,Can Aslan,individual,M,1988-06-16,can.aslan@hotmail.com,+905436659082,İstanbul,True,False,2024-09-15T05:00:34,2024-10-16T05:00:34
C001377,Burak Kurt,individual,M,1983-11-06,burak.kurt@yahoo.com,+905556750390,Eskisehir,True,False,2026-06-01T20:36:32,2026-10-06T20:36:32
C001378,Cansu Özdemir,individual,F,1975-12-01,cansu.ozdemir@gmail.com,+905468274875,Ankara,True,True,2026-07-05T21:18:46,2026-09-27T21:18:46
C001379,Arda Avcı,individual,M,1989-01-20,arda.avci33@icloud.com,0542 721 71 03,Bursa,True,False,2025-09-10T04:53:54,2025-12-08T04:53:54
C001380,Büşra Özkan,individual,F,1989-08-15,busra.ozkan70@yahoo.com,+905564148538,İstanbul ,True,False,2026-02-21T23:15:52,2026-07-18T23:15:52
C001381,Melis Ateş,individual,F,1969-12-27,melis.ates35@yahoo.com,+905539904023,İstanbul,True,False,2026-06-26T00:42:06,2026-07-12T00:42:06
C001382,Fatma Yıldız,individual,F,1980-04-21,fatma.yildiz56@outlook.com,+905368217529,Konya,True,True,2026-08-19T13:56:02,2026-11-15T13:56:02
C001383,Hande Aydın,individual,F,1978-07-19,hande.aydin@yahoo.com,+905597963584,İstanbul,True,False,2026-01-29T21:04:51,2026-07-28T21:04:51
C001384,İbrahim Yalçın,individual,M,1983-08-30,ibrahim.yalcin22@hotmail.com,+905497334001,İstanbul,True,False,2025-07-05T05:18:44,2025-07-05T05:18:44
C001385,Gamze Sarı,individual,F,1994-04-19,gamze.sari@gmail.com,+905372068440,İstanbul,True,True,2025-07-11T09:57:06,2025-09-02T09:57:06
C001386,Cem Çakır,individual,M,1983-12-27,cem.cakir@yahoo.com,+905492801555,İstanbul,True,False,2025-12-19T12:06:10,2026-02-03T12:06:10
C001387,Delta Otomotiv Yan Sanayi A.Ş.,corporate,,,deltaotomotivyansanayi@delta.com.tr,+905318174379,İstanbul,True,False,2024-08-24T00:38:31,2025-02-09T00:38:31
C001388,Can Tekin,individual,M,1967-12-30,can.tekin23@icloud.com,+90 542 251 6409,İzmir,True,True,2025-03-02T22:20:18,2025-08-08T22:20:18
C001389,Kerem Bozkurt,individual,M,1982-12-10,kerem.bozkurt43@outlook.com,0 (535) 319-4258,Muğla,True,False,2025-08-03T15:37:15,2025-09-20T15:37:15
C001390,Hasan Kaya,individual,M,1962-12-11,hasan.kaya@outlook.com,+905326755425,Antalya,True,False,2025-01-09T20:31:40,2025-05-14T20:31:40
C001391,Arda Çetin,individual,M,1987-11-25,arda.cetin@gmail.com,+905491799841,İstanbul,True,True,2025-06-27T15:55:15,2025-08-25T15:55:15
C001392,Halil Kurt,individual,M,1983-09-25,halil.kurt@gmail.com,+905366792313,Samsun,True,True,2024-07-10T20:20:14,2024-08-09T20:20:14
C001393,Selim Ünal,individual,M,1966-09-21,selim.unal@icloud.com,+905548007536,Konya,True,False,2024-09-29T09:56:05,2025-03-31T09:56:05
C001394,Kuzey Sağlık A.Ş.,corporate,,,kuzeysaglik@kuzey.com.tr,+905451339514,Ankara,True,True,2025-06-19T21:34:42,2025-11-26T21:34:42
C001395,Emre Arslan,individual,M,2000-09-22,emre.arslan@gmail.com,+905554958002,İstanbul,True,True,2024-12-14T04:15:21,2025-01-12T04:15:21
C001396,Emre Kara,individual,M,2000-12-07,emre.kara@outlook.com,+905323422764,İstanbul,False,False,2025-04-01T06:49:38,2025-07-27T06:49:38
C001397,Barış Şahin,individual,M,1957-09-23,baris.sahin@hotmail.com,+905339916624,İstanbul,True,True,2025-07-22T23:34:30,2025-09-15T23:34:30
C001398,Efe Bozkurt,individual,M,1978-09-17,efe.bozkurt72@outlook.com,+905437071703,İzmir,False,False,2024-01-21T05:00:54,2024-07-24T05:00:54
C001399,Ufuk Teknoloji Ltd. Şti.,corporate,,,ufukteknoloji@ufuk.com.tr,+905386488580,İstanbul,True,False,2026-04-20T06:35:41,2026-08-02T06:35:41
C001400,Hasan Kara,individual,M,1981-04-17,hasan.kara84@icloud.com,+905527624871,Ankara,True,True,2024-12-05T00:29:25,2025-06-18T00:29:25
C001401,Kerem Çakır,individual,M,1990-09-12,kerem.cakir@icloud.com,05452296572,İstanbul,True,True,2024-09-29T05:19:07,2024-10-11T05:19:07
C001402,Ayşe Çakır,individual,F,1982-01-20,ayse.cakir@icloud.com,+905446738494,Bursa,True,False,2025-09-02T04:20:01,2025-10-14T04:20:01
C001403,Efe Özdemir,individual,M,1961-06-15,efe.ozdemir55@icloud.com,+905491953774,Samsun,True,False,2026-04-01T20:20:04,2026-08-23T20:20:04
C001404,Ece Bulut,individual,F,2002-08-30,ece.bulut@icloud.com,+905501981433,İzmir,True,False,2026-05-06T08:41:44,2026-10-25T08:41:44
C001405,Gizem Doğan,individual,F,1966-12-18,gizem.dogan54@yahoo.com,+905498113877,ankara,True,True,2025-08-08T17:53:42,2025-12-15T17:53:42
C001406,Fatma Yıldız,individual,F,1954-07-28,fatma.yildiz64@gmail.com,+905395146285,Ankara,False,True,2024-04-02T12:45:09,2024-09-22T12:45:09
C001407,Boğaziçi Sağlık Ltd. Şti.,corporate,,,bogazicisaglik@bogazici.com.tr,+905398088000,Gaziantep,False,False,2025-05-24T22:40:35,2025-08-31T22:40:35
C001408,Emre Kaya,individual,M,1980-08-22,emre.kaya@icloud.com,+905327900214,Eskişehir,True,False,2025-02-11T12:30:39,2025-07-06T12:30:39
C001409,Tolga Yılmaz,individual,M,1996-11-17,tolga.yilmaz@outlook.com,+905456297067,İzmir,True,True,2025-04-18T23:29:13,2025-08-18T23:29:13
C001410,Ömer Avcı,individual,M,1973-01-05,omer.avci86@hotmail.com,+905512665070,Eskişehir,True,True,2025-06-21T05:02:18,2025-10-24T05:02:18
C001411,Zirve Teknoloji A.Ş.,corporate,,,zirveteknoloji@zirve.com.tr,+905563029317,Gaziantep,True,False,2025-04-05T01:48:44,2025-04-15T01:48:44
C001412,Sude Doğan,individual,F,1977-11-15,sude.dogan35@outlook.com,+905582234648,İstanbul,True,False,2025-11-25T02:50:32,2026-01-18T02:50:32
C001413,Fatma Kaya,individual,F,1993-10-02,fatma.kaya@hotmail.com,0 (553) 370-1180,Ankara,False,False,2026-03-20T21:05:14,2026-07-06T21:05:14
C001414,Efe Özdemir,individual,M,1982-06-05,efe.ozdemir19@gmail.com,+905564009528,İstanbul,True,True,2025-08-18T18:39:18,2026-02-19T18:39:18
C001415,Ufuk Danışmanlık A.Ş.,corporate,,,ufukdanismanlik@ufuk.com.tr,+905462213256,İstanbul,True,True,2026-04-26T04:13:10,2026-08-16T04:13:10
C001416,Ufuk Enerji A.Ş.,corporate,,,,+905397363813,İstanbul,True,True,2025-12-20T06:25:06,2026-02-13T06:25:06
C001417,Zeynep Erdoğan,individual,F,1982-09-03,zeynep.erdogan@yahoo.com,+905556009969,İstanbul,True,False,2024-05-30T15:41:59,2024-10-23T15:41:59
C001418,Efe Yıldırım,individual,M,1985-03-21,efe.yildirim42@outlook.com,+905348016492,Antalya,True,False,2025-05-04T09:58:43,2025-08-02T09:58:43
C001419,Gizem Polat,individual,F,1971-08-18,gizem.polat@hotmail.com,+905506775969,İstanbul,True,False,2023-10-19T09:56:49,2023-12-14T09:56:49
C001420,Selin Güneş,individual,F,1991-09-06,selin.gunes@yahoo.com,+905488839058,İstanbul,True,True,2023-09-09T05:31:40,2023-11-30T05:31:40
C001421,Yusuf Polat,individual,M,2001-07-27,yusuf.polat48@hotmail.com,0541 918 22 00,İstanbul,True,False,2025-06-01T13:52:33,2025-11-09T13:52:33
C001422,Kaan Ateş,individual,M,1980-03-10,kaan.ates@icloud.com,+905364852669,Gaziantep,True,False,2023-12-11T15:33:53,2024-06-06T15:33:53
C001423,Tuğba Çakır,individual,F,1993-08-06,tugba.cakir41@hotmail.com,+905311753962,İzmir,True,True,2025-08-01T02:45:59,2025-09-03T02:45:59
C001424,Atlas Sağlık A.Ş.,corporate,,,atlassaglik@atlas.com.tr,+905508275324,Antalya,True,False,2026-04-29T14:37:06,2026-06-23T14:37:06
C001425,Seda Doğan,individual,F,1981-06-01,seda.dogan@yahoo.com,+905592367245,İstanbul,True,True,2024-05-19T04:13:44,2024-09-10T04:13:44
C001426,Gizem Özkan,individual,F,1990-08-03,,+905472906377,Gaziantep,True,False,2026-08-02T18:06:16,2026-10-24T18:06:16
C001427,Ege Yazılım Ltd. Şti.,corporate,,,egeyazilim@ege.com.tr,+905526221842,İstanbul,True,False,2024-08-16T22:07:35,2024-09-01T22:07:35
C001428,Ahmet Tekin,individual,M,1966-06-26,ahmet.tekin@yahoo.com,+905492543569,ISTANBUL,True,True,2025-01-14T12:26:30,2025-04-02T12:26:30
C001429,Ufuk Sağlık A.Ş.,corporate,,,ufuksaglik@ufuk.com.tr,+905488486776,İzmir,True,True,2026-04-15T16:51:46,2026-10-10T16:51:46
C001430,Mehmet Doğan,individual,M,1962-09-04,mehmet.dogan88@icloud.com,+905444663722,İstanbul,True,True,2025-08-04T21:51:41,2025-12-01T21:51:41
C001431,Sude Avcı,individual,F,1992-12-29,sude.avci84@hotmail.com,+905354449641,Antalya,True,True,2025-01-31T09:01:02,2025-01-31T09:01:02
C001432,Yusuf Tekin,individual,M,1979-05-14,yusuf.tekin19@gmail.com,+905421856902,Adana,True,True,2024-04-07T04:10:41,2024-04-23T04:10:41
C001433,Damla Bulut,individual,F,1980-07-06,damla.bulut@hotmail.com,+905353272946,İzmir,True,True,2026-01-09T19:04:54,2026-06-17T19:04:54
C001434,Kerem Çelik,individual,M,1982-06-24,kerem.celik70@hotmail.com,+905511705113,İstanbul,True,True,2026-07-02T02:29:32,2026-09-13T02:29:32
C001435,Nur Polat,individual,F,1984-02-25,nur.polat@hotmail.com,0 (532) 756-6799,Ankara,True,True,2023-11-01T08:44:58,2024-03-24T08:44:58
C001436,Yusuf Yıldız,individual,M,1977-03-29,yusuf.yildiz@outlook.com,+905528800923,İstanbul,True,False,2024-12-07T19:26:23,2025-02-17T19:26:23
C001437,Global Lojistik Ltd. Şti.,corporate,,,globallojistik@global.com.tr,+905498259905,Denizli,True,False,2025-11-30T17:03:52,2026-05-21T17:03:52
C001438,Burak Aslan,individual,M,1979-01-08,burak.aslan15@hotmail.com,+905531350025,İstanbul,True,True,2024-04-18T22:13:42,2024-10-09T22:13:42
C001439,Beyza Çelik,individual,F,1964-12-08,beyza.celik@outlook.com,+905562544154,Ankara,True,False,2024-07-28T11:06:34,2024-12-04T11:06:34
C001440,Esra Yıldırım,individual,F,1992-08-05,esra.yildirim@gmail.com,+905568174785,İstanbul,True,True,2026-07-19T15:03:23,2026-10-03T15:03:23
C001441,Mehmet Bozkurt,individual,M,1985-10-03,mehmet.bozkurt@yahoo.com,+905413287988,Bursa,True,False,2025-09-03T19:59:48,2025-11-06T19:59:48
C001442,Naz Aksoy,individual,F,1994-06-10,naz.aksoy@hotmail.com,+905567447265,İstanbul,True,False,2025-11-16T07:46:33,2025-11-27T07:46:33
C001443,Cansu Aksoy,individual,F,1981-12-16,cansu.aksoy@yahoo.com,+905504047405,İstanbul,True,False,2025-05-31T05:26:16,2025-08-26T05:26:16
C001444,Halil Bozkurt,individual,M,1963-03-15,halil.bozkurt@outlook.com,+905549944917,Kocaeli,True,True,2024-10-02T20:51:18,2025-03-26T20:51:18
C001445,İrem Bozkurt,individual,F,1984-10-30,irem.bozkurt@gmail.com,+905441443173,Kocaeli,True,True,2025-08-08T11:42:33,2026-02-01T11:42:33
C001446,Oğuz Ünal,individual,M,1983-02-23,oguz.unal@icloud.com,+905487312395,Bursa,True,True,2025-12-21T11:22:24,2026-01-08T11:22:24
C001447,Gamze Çetin,individual,F,1974-03-16,gamze.cetin@hotmail.com,+905345752136,İstanbul,True,False,2024-02-09T12:38:26,2024-07-19T12:38:26
C001448,Serkan Çelik,individual,M,1965-10-31,serkan.celik@gmail.com,+905362830637,Kocaeli,True,False,2023-10-13T17:15:46,2024-02-16T17:15:46
C001449,Murat Kaya,individual,M,1996-01-22,murat.kaya24@outlook.com,+905368117907,Adana,False,False,2026-02-28T11:42:42,2026-05-12T11:42:42
C001450,Esra Yıldırım,individual,F,1994-05-01,esra.yildirim44@gmail.com,+905472965470,İstanbul,True,True,2024-01-20T10:22:54,2024-02-17T10:22:54
C001451,Sude Arslan,individual,F,1993-12-12,sude.arslan@yahoo.com,+905448156531,İstanbul,True,False,2024-12-05T08:34:07,2025-01-20T08:34:07
C001452,Hasan Çelik,individual,M,1988-06-19,hasan.celik@icloud.com,+905313001391,Konya,True,True,2025-08-14T08:44:56,2025-11-11T08:44:56
C001453,Cansu Yıldız,individual,F,1973-06-24,cansu.yildiz@outlook.com,+905572928971,Adana,True,False,2023-10-10T11:31:05,2023-10-22T11:31:05
C001454,Aslı Avcı,individual,F,1990-09-16,asli.avci35@yahoo.com,+905372746950,İstanbul,True,True,2025-03-10T01:11:50,2025-05-15T01:11:50
C001455,Kaan Kaya,individual,M,1997-05-10,kaan.kaya83@yahoo.com,+905451382879,İstanbul,True,True,2026-05-06T06:24:51,2026-07-04T06:24:51
C001456,Yusuf Arslan,individual,M,1970-08-01,yusuf.arslan41@icloud.com,+905502991644,Kocaeli,True,True,2023-10-15T02:10:53,2023-12-11T02:10:53
C001457,Halil Güneş,individual,M,1984-09-14,halil.gunes@hotmail.com,+905345441969,İstanbul,True,True,2025-01-05T08:39:50,2025-05-02T08:39:50
C001458,Mehmet Yıldırım,individual,M,1994-07-09,mehmet.yildirim@outlook.com,5373152750,Antalya,True,False,2024-08-10T05:45:15,2024-10-10T05:45:15
C001459,İbrahim Kılıç,individual,M,1984-10-04,ibrahim.kilic@yahoo.com,+905497092411,İstanbul,True,True,2025-02-06T07:57:47,2025-06-22T07:57:47
C001460,Kaan Ateş,individual,M,1983-09-02,kaan.ates@icloud.com,+905363341301,Samsun,True,True,2025-12-24T00:35:27,2026-02-11T00:35:27
C001461,Burak Özkan,individual,M,1976-02-16,burak.ozkan at outlook.com,+905324188591,Kocaeli,True,False,2023-09-17T19:03:00,2024-03-26T19:03:00
C001462,Emre Yıldırım,individual,M,1994-10-15,emre.yildirim74@gmail.com,05377022421,Gaziantep,True,False,2026-04-08T12:53:21,2026-05-10T12:53:21
C001463,Hande Tekin,individual,F,1994-10-28,hande.tekin93@icloud.com,+905355345439,İstanbul,True,True,2025-01-29T13:01:28,2025-02-01T13:01:28
C001464,Ufuk Otomotiv Yan Sanayi A.Ş.,corporate,,,ufukotomotivyansanayi@ufuk.com.tr,+905322642666,Antalya,True,False,2023-10-27T04:56:15,2024-03-10T04:56:15
C001465,Hüseyin Şahin,individual,M,1999-02-17,huseyin.sahin80@outlook.com,+905544150049,Konya,True,False,2024-07-17T14:52:06,2024-08-28T14:52:06
C001466,Ahmet Güneş,individual,M,1998-02-12,ahmet.gunes@gmail.com,+905319103404,Ankara,True,True,2023-12-11T11:38:59,2024-05-19T11:38:59
C001467,Gizem Uzun,individual,F,1976-11-03,,+905366687512,İstanbul,True,False,2024-05-18T05:41:13,2024-09-29T05:41:13
C001468,İbrahim Yıldırım,individual,M,1993-07-03,ibrahim.yildirim@gmail.com,+905535887660,İstanbul,True,True,2024-10-04T17:51:52,2025-03-10T17:51:52
C001469,İbrahim Arslan,individual,M,1990-07-29,ibrahim.arslan96@outlook.com,+905593478390,İstanbul,True,False,2026-06-10T19:52:09,2026-12-20T19:52:09
C001470,Zeynep Ünal,individual,F,1990-10-06,zeynep.unal94@gmail.com,+905462844229,İzmir,True,False,2023-09-18T19:28:44,2023-09-29T19:28:44
C001471,Gizem Taş,individual,F,1986-10-27,gizem.tas@yahoo.com,+905423404678,İstanbul,True,True,2023-12-07T13:51:26,2024-03-08T13:51:26
C001472,Tolga Koç,individual,M,1974-04-01,tolga.koc40@gmail.com,+905507946937,İstanbul,True,True,2026-08-15T01:01:57,2026-10-12T01:01:57
C001473,Yusuf Sarı,individual,M,1984-04-21,yusuf.sari@yahoo.com,+905453683281,İstanbul,True,True,2026-02-02T00:33:50,2026-07-17T00:33:50
C001474,Selin Erdoğan,individual,F,1975-02-06,selin.erdogan23@yahoo.com,+905553466508,Gaziantep,True,False,2024-09-22T12:44:25,2024-09-24T12:44:25
C001475,Nur Doğan,individual,F,1971-03-19,nur.dogan@yahoo.com,+905443385653,İstanbul,True,False,2025-08-18T22:26:05,2025-10-08T22:26:05
C001476,Mehmet Koç,individual,M,1985-03-23,mehmet.koc95@yahoo.com,+905411561938,İstanbul,True,False,2024-03-31T16:03:01,2024-05-02T16:03:01
C001477,Pınar Koç,individual,F,2002-09-10,pinar.koc@hotmail.com,+905318165724,Bursa,True,True,2024-02-08T20:13:46,2024-03-31T20:13:46
C001478,Seda Kurt,individual,F,1983-11-22,seda.kurt@icloud.com,+90 546 300 5895,İstanbul,True,True,2025-06-09T11:47:53,2025-06-11T11:47:53
C001479,Fatma Özdemir,individual,F,1981-10-17,fatma.ozdemir@gmail.com,+905518229280,Denizli,True,True,2026-01-14T14:28:04,2026-04-19T14:28:04
C001480,Mustafa Çakır,individual,M,1975-09-09,mustafa.cakir@icloud.com,+905374707862,Bursa,True,True,2025-01-14T19:04:37,2025-07-14T19:04:37
C001481,Melis Karaca,individual,F,1967-06-28,melis.karaca@hotmail.com,+905502888951,ISTANBUL,False,False,2025-08-24T05:09:56,2025-11-30T05:09:56
C001482,Barış Şahin,individual,M,1974-09-11,baris.sahin@yahoo.com,+905543388892,İstanbul,True,True,2024-04-01T11:12:55,2024-04-12T11:12:55
C001483,Seda Yalçın,individual,F,1981-05-19,seda.yalcin@yahoo.com,+905415792407,Ankara,True,False,2025-08-19T02:20:08,2025-11-12T02:20:08
C001484,Delta Medya A.Ş.,corporate,,,deltamedya@delta.com.tr,5592133643,Ankara,True,False,2023-12-31T20:55:35,2024-03-01T20:55:35
C001485,Furkan Ünal,individual,M,2000-11-25,furkan.unal25@icloud.com,+905343684046,İstanbul,True,False,2026-05-08T15:24:38,2026-06-06T15:24:38
C001486,Halil Kara,individual,M,1997-09-20,halil.kara3@yahoo.com,+905588164894,İstanbul,True,False,2026-08-26T20:23:22,2026-10-01T20:23:22
C001487,Akdeniz İnşaat Ltd. Şti.,corporate,,,akdenizinsaat@akdeniz.com.tr,+90 556 437 2791,Muğla,True,True,2023-12-30T14:28:15,2024-02-18T14:28:15
C001488,Cem Demir,individual,M,1974-06-21,cem.demir@icloud.com,+905333987118,İstanbul,True,True,2023-12-14T19:35:28,2024-04-18T19:35:28
C001489,Yasemin Yalçın,individual,F,1977-12-01,yasemin.yalcin93@icloud.com,+905535433676,Konya,True,True,2026-05-08T10:44:18,2026-05-29T10:44:18
C001490,Dilara Avcı,individual,F,1983-06-01,dilara.avci@hotmail.com,+905522937324,Kocaeli,True,True,2024-05-07T22:49:26,2024-11-06T22:49:26
C001491,Elif Acar,individual,F,1974-04-17,elif.acar@hotmail.com,0 (547) 660-9801,Bursa,True,True,2024-11-20T21:11:04,2025-05-12T21:11:04
C001492,Ege Gıda Ltd. Şti.,corporate,,,egegida@ege.com.tr,+905575618705,İzmir,True,False,2024-12-27T01:32:33,2025-04-18T01:32:33
C001493,Tuğba Kılıç,individual,F,1983-03-22,tugba.kilic94@hotmail.com,05454941344,Antalya,False,True,2025-03-08T16:13:22,2025-05-08T16:13:22
C001494,Fatma Güneş,individual,F,1965-08-03,fatma.gunes69@gmail.com,+905486204780,Kocaeli,True,True,2023-10-04T08:40:50,2023-10-24T08:40:50
C001495,Dilara Güneş,individual,F,1990-09-21,dilara.gunes@hotmail.com,0 (553) 131-8832,İstanbul,True,False,2025-02-11T04:29:36,2025-06-01T04:29:36
C001496,Oğuz Özdemir,individual,M,1980-05-15,oguz.ozdemir@icloud.com,+905378688005,İstanbul,True,False,2026-06-22T11:00:35,2026-10-04T11:00:35
C001497,Burak Polat,individual,M,1980-02-12,burak.polat@gmail.com,5532828136,Konya,True,True,2025-07-01T02:59:30,2025-09-05T02:59:30
C001498,Mustafa Bozkurt,individual,M,1977-02-23,mustafa.bozkurt@icloud.com,+90 548 781 8400,ankara,True,False,2025-12-29T19:12:37,2026-05-24T19:12:37
C001499,Yıldız Danışmanlık Ltd. Şti.,corporate,,,yildizdanismanlik@yildiz.com.tr,+905573035068,Antalya,True,True,2025-11-16T03:19:55,2026-04-09T03:19:55
C001500,Kuzey Tekstil A.Ş.,corporate,,,kuzeytekstil@kuzey.com.tr,+905305302306,İstanbul,True,True,2024-11-22T17:55:44,2025-05-10T17:55:44
C001501,Ceren Turan,individual,F,1996-10-25,ceren.turan@gmail.com,05581305292,İstanbul,True,True,2025-12-08T19:27:50,2026-01-16T19:27:50
C001502,Selim Avcı,individual,M,1990-04-01,selim.avci@icloud.com,+905354746479,İzmir,True,False,2024-02-19T22:30:18,2024-07-27T22:30:18
C001503,Umut Aksoy,individual,M,1988-03-05,umut.aksoy@gmail.com,+905332486095,İstanbul,True,True,2025-07-25T17:17:34,2025-10-18T17:17:34
C001504,Onur Özdemir,individual,M,1978-04-17,onur.ozdemir@hotmail.com,+905389814424,İstanbul,True,True,2025-06-10T16:58:37,2025-12-16T16:58:37
C001505,Nova Sağlık A.Ş.,corporate,,,novasaglik@nova.com.tr,+905537179698,İstanbul,True,False,2023-09-21T03:09:37,2024-03-15T03:09:37
C001506,Yasemin Yıldırım,individual,F,1988-09-15,yasemin.yildirim92@gmail.com,+905489803055,Kocaeli,True,False,2025-12-07T02:16:39,2025-12-27T02:16:39
C001507,Nova İnşaat Ltd. Şti.,corporate,,,novainsaat@nova.com.tr,0542 685 83 66,istanbul,True,True,2025-08-26T07:49:51,2026-01-15T07:49:51
C001508,Selim Özkan,individual,M,1995-12-16,selim.ozkan85@icloud.com,+905524000158,Adana,True,True,2026-06-29T19:10:23,2027-01-04T19:10:23
C001509,Halil Çakır,individual,M,1978-10-13,halil.cakir53@yahoo.com,+905559295029,Bursa,True,False,2026-07-21T06:09:20,2026-12-27T06:09:20
C001510,Burak Bozkurt,individual,M,1986-05-16,burak.bozkurt@yahoo.com,+905492618664,İstanbul,True,False,2025-12-09T03:10:49,2026-02-03T03:10:49
C001511,Efe Uzun,individual,M,1982-07-09,efe.uzun76@yahoo.com,+905451571507,İstanbul,True,True,2024-06-18T06:54:33,2024-08-08T06:54:33
C001512,Mehmet Doğan,individual,M,1982-09-26,mehmet.dogan42@outlook.com,+905595258382,Adana,True,False,2023-09-08T09:37:01,2023-12-18T09:37:01
C001513,Yıldız Teknoloji A.Ş.,corporate,,,yildizteknoloji@yildiz.com.tr,+905351643462,Adana,False,False,2023-09-05T02:20:22,2023-10-11T02:20:22
C001514,Arda Uzun,individual,M,1968-08-25,arda.uzun71@yahoo.com,+905403989029,Muğla,True,False,2023-09-15T23:47:41,2023-09-21T23:47:41
C001515,Fatma Taş,individual,F,1982-04-28,fatma.tas@outlook.com,+905511876036,İstanbul,True,False,2023-11-21T19:36:00,2023-11-21T19:36:00
C001516,Kaan Kara,individual,M,1962-03-27,kaan.kara@gmail.com,+905431492159,İstanbul,True,False,2026-02-01T04:17:01,2026-02-09T04:17:01
C001517,Naz Ünal,individual,F,1980-05-30,naz.unal33@outlook.com,+905537550196,İstanbul,True,True,2024-12-03T04:54:38,2025-03-04T04:54:38
C001518,Halil Erdoğan,individual,M,1999-07-04,halil.erdogan@gmail.com,0533 632 61 66,Bursa,True,False,2026-02-04T07:59:55,2026-07-13T07:59:55
C001519,Kuzey Tekstil Ltd. Şti.,corporate,,,kuzeytekstil@kuzey.com.tr,+905567881978,İstanbul ,True,True,2024-02-08T10:47:27,2024-08-15T10:47:27
C001520,Gizem Kurt,individual,F,1990-12-22,gizem.kurt33@yahoo.com,+905595423457,İstanbul,True,True,2023-09-28T23:05:37,2024-04-03T23:05:37
C001521,Furkan Yıldırım,individual,M,1979-02-16,furkan.yildirim75@hotmail.com,+905591056517,Bursa,True,True,2024-11-12T14:13:34,2025-01-25T14:13:34
C001522,Merve Şimşek,individual,F,1962-07-14,merve.simsek5@yahoo.com,+905365431502,Eskişehir,True,False,2024-09-26T10:20:27,2025-04-04T10:20:27
C001523,Deniz Polat,individual,M,1996-01-27,deniz.polat@outlook.com,+905594845792,İstanbul,True,False,2025-08-04T04:14:28,2025-11-17T04:14:28
C001524,Naz Aksoy,individual,F,1974-05-13,naz.aksoy98@icloud.com,+905594073285,İzmir,True,False,2024-09-15T15:17:33,2024-10-13T15:17:33
C001525,Gamze Yıldız,individual,F,2001-03-12,gamze.yildiz60@hotmail.com,05309537929,Adana,True,True,2024-08-15T13:04:57,2025-02-08T13:04:57
C001526,Serkan Aslan,individual,M,1967-06-24,serkan.aslan@yahoo.com,+905493569682,İstanbul ,True,False,2025-05-04T14:54:54,2025-11-10T14:54:54
C001527,Berk Bulut,individual,M,1984-08-07,berk.bulut73@icloud.com,+905484041146,İzmir,True,False,2025-08-24T06:57:05,2026-02-12T06:57:05
C001528,Furkan Erdoğan,individual,M,1970-07-27,furkan.erdogan@gmail.com,0 (548) 101-9266,İstanbul,True,False,2023-11-26T06:27:07,2024-05-20T06:27:07
C001529,Umut Arslan,individual,M,1983-04-21,umut.arslan@gmail.com,+905367262041,İstanbul,True,True,2024-05-31T17:29:20,2024-06-02T17:29:20
C001530,Gizem Keskin,individual,F,1990-06-02,gizem.keskin23@yahoo.com,+905512411262,Samsun,True,True,2024-06-21T02:57:55,2024-10-29T02:57:55
C001531,Hüseyin Yalçın,individual,M,1969-05-31,huseyin.yalcin@icloud.com,+905543117339,Ankara,True,False,2024-09-17T01:30:50,2024-12-26T01:30:50
C001532,Ahmet Doğan,individual,M,1992-09-23,ahmet.dogan@hotmail.com,+905564000389,Ankara,False,True,2023-09-27T03:02:26,2023-10-12T03:02:26
C001533,Cansu Kılıç,individual,F,1985-03-04,cansu.kilic@gmail.com,+905581580307,Ankara,True,True,2024-02-17T10:48:42,2024-07-09T10:48:42
C001534,Emre Demir,individual,M,1969-01-28,emre.demir@yahoo.com,0552 572 64 54,İstanbul,True,True,2024-07-11T00:12:03,2024-10-08T00:12:03
C001535,Anadolu Enerji A.Ş.,corporate,,,anadoluenerji@anadolu.com.tr,+905535303489,Konya,True,False,2026-02-12T20:12:17,2026-04-01T20:12:17
C001536,Kaan Kılıç,individual,M,1998-12-22,kaan.kilic52@outlook.com,+905507149406,İstanbul,False,True,2026-04-06T22:24:54,2026-08-25T22:24:54
C001537,Can Turan,individual,M,2002-06-14,can.turan@icloud.com,+905526632419,Muğla,True,False,2026-08-24T22:02:33,2026-11-07T22:02:33
C001538,Hande Öztürk,individual,F,1960-03-21,hande.ozturk30@gmail.com,+905301685075,ANKARA,False,True,2024-07-30T14:59:58,2024-12-29T14:59:58
C001539,Emre Erdoğan,individual,M,1987-11-03,emre.erdogan14@yahoo.com,+905387463007,Antalya,True,False,2026-05-14T08:22:07,2026-09-02T08:22:07
C001540,Arda Acar,individual,M,1963-05-04,,+905458191581,İstanbul,True,True,2025-10-07T14:07:58,2025-11-14T14:07:58
C001541,Nazlı Ünal,individual,F,1973-09-16,nazli.unal28@icloud.com,05422963980,İstanbul,True,False,2026-03-04T03:32:26,2026-06-02T03:32:26
C001542,Delta Enerji A.Ş.,corporate,,,deltaenerji@delta.com.tr,5319137352,İstanbul,True,False,2025-08-28T03:04:19,2025-10-08T03:04:19
C001543,Can Arslan,individual,M,1987-05-07,can.arslan@outlook.com,+905493250900,Istanbul,False,True,2023-09-08T08:35:11,2024-03-07T08:35:11
C001544,Berk Yıldız,individual,M,1980-01-02,berk.yildiz32@outlook.com,0 (547) 526-4423,Bursa,True,True,2026-07-31T14:38:31,2026-11-02T14:38:31
C001545,Ahmet Bozkurt,individual,M,1969-06-07,ahmet.bozkurt@gmail.com,+905459500776,Adana,True,True,2024-03-05T01:32:28,2024-08-09T01:32:28
C001546,Hasan Tekin,individual,M,1988-11-05,hasan.tekin79@hotmail.com,+905308581829,Konya,True,False,2025-01-17T19:22:01,2025-02-23T19:22:01
C001547,Furkan Çetin,individual,M,1992-07-29,furkan.cetin at hotmail.com,+905502793505,İstanbul,True,False,2023-10-01T12:13:28,2023-10-15T12:13:28
C001548,Eren Aslan,individual,M,1989-02-27,eren.aslan94@outlook.com,+905557472657,Muğla,True,True,2024-04-07T01:19:53,2024-04-09T01:19:53
C001549,Atlas Turizm A.Ş.,corporate,,,atlasturizm@atlas.com.tr,+905416442438,İstanbul,True,False,2026-07-29T10:38:13,2026-11-03T10:38:13
C001550,Umut Kaya,individual,M,2002-05-12,umut.kaya18@gmail.com,+905346714604,İzmir,True,False,2026-05-09T02:21:11,2026-05-26T02:21:11
C001551,Tolga Aydın,individual,M,1979-04-05,tolga.aydin8@hotmail.com,+905579178112,İstanbul,True,False,2024-04-22T09:02:51,2024-09-17T09:02:51
C001552,Arda Yılmaz,individual,M,2000-07-17,arda.yilmaz46@hotmail.com,+905345708259,İstanbul,True,False,2024-10-02T21:22:16,2025-01-29T21:22:16
C001553,Esra Uzun,individual,F,2002-11-09,esra.uzun77@outlook.com,+90 546 222 1842,Ankara,True,True,2024-08-21T02:34:43,2024-10-10T02:34:43
C001554,Beyza Kurt,individual,F,1963-04-30,beyza.kurt@yahoo.com,+905413901685,Konya,True,True,2025-05-15T07:49:32,2025-10-02T07:49:32
C001555,Cansu Bozkurt,individual,F,1970-04-22,cansu.bozkurt@outlook.com,+905436419689,İzmir,True,True,2026-01-02T03:37:29,2026-05-09T03:37:29
C001556,Serkan Koç,individual,M,1992-02-25,serkan.koc@hotmail.com,+905453180573,Samsun,True,True,2024-12-22T01:51:33,2025-07-07T01:51:33
C001557,Serkan Şimşek,individual,M,1960-03-13,serkan.simsek@icloud.com,+90 533 980 1325,Ankara,True,False,2024-02-04T20:46:36,2024-08-12T20:46:36
C001558,Ufuk Sağlık A.Ş.,corporate,,,ufuksaglik@ufuk.com.tr,+905469653102,İstanbul,True,False,2024-11-20T06:41:41,2024-12-04T06:41:41
C001559,Cem Karaca,individual,M,1971-01-03,cem.karaca18@gmail.com,+905325656724,İzmir,True,True,2024-09-12T23:15:33,2025-02-23T23:15:33
C001560,Ayşe Keskin,individual,F,1972-01-17,ayse.keskin@outlook.com,+905598357101,İstanbul,True,False,2024-07-03T17:33:31,2024-08-13T17:33:31
C001561,İrem Uzun,individual,F,1984-01-16,irem.uzun94@icloud.com,+905341454148,Bursa,False,False,2026-06-22T11:05:46,2026-09-03T11:05:46
C001562,Murat Şimşek,individual,M,1996-09-18,murat.simsek@gmail.com,+905455683508,İstanbul,True,True,2024-10-01T19:51:41,2024-12-08T19:51:41
C001563,Tolga Çelik,individual,M,1985-03-19,tolga.celik95@outlook.com,+905354847912,İstanbul,True,True,2025-10-01T17:39:58,2026-02-18T17:39:58
C001564,Burak Polat,individual,M,2002-02-06,burak.polat@outlook.com,+905417841330,Bursa,True,False,2026-07-18T03:10:15,2026-10-09T03:10:15
C001565,Burak Şimşek,individual,M,1992-12-11,burak.simsek71@hotmail.com,+905362806346,İzmir,True,True,2026-01-28T19:20:35,2026-02-06T19:20:35
C001566,Merve Yalçın,individual,F,1969-07-19,merve.yalcin79@hotmail.com,+905528012110,Denizli,True,True,2025-06-27T02:10:30,2025-12-15T02:10:30
C001567,Cansu Şahin,individual,F,1986-12-02,cansu.sahin@icloud.com,0 (530) 451-4937,İstanbul,True,True,2023-12-24T22:40:31,2024-04-26T22:40:31
C001568,Hande Polat,individual,F,1980-02-11,hande.polat49@hotmail.com,+905515800447,Samsun,True,True,2025-08-22T07:24:31,2025-11-10T07:24:31
C001569,Naz Kaya,individual,F,1995-09-02,naz.kaya87@yahoo.com,+905319960390,İstanbul,True,True,2025-07-16T00:01:07,2025-10-07T00:01:07
C001570,Murat Koç,individual,M,1985-01-23,murat.koc@yahoo.com,0546 248 62 84,Kocaeli,True,True,2025-08-12T17:53:18,2025-08-15T17:53:18
C001571,Cem Bozkurt,individual,M,2002-09-02,cem.bozkurt57 at gmail.com,+905484352555,İstanbul,True,True,2024-09-20T12:00:32,2025-03-27T12:00:32
C001572,Efe Tekin,individual,M,1968-03-14,efe.tekin28@hotmail.com,+905555913367,Ankara,True,False,2024-11-30T21:10:16,2025-06-07T21:10:16
C001573,Kerem Çetin,individual,M,1988-10-01,kerem.cetin1@icloud.com,+905345290595,Antalya,True,False,2024-10-30T23:55:39,2025-05-01T23:55:39
C001574,Yusuf Ünal,individual,M,2000-05-11,yusuf.unal@outlook.com,+905344745865,İstanbul,True,False,2025-10-20T00:30:59,2026-05-05T00:30:59
C001575,Ceren Şimşek,individual,F,1979-09-05,ceren.simsek13@hotmail.com,0 (552) 877-4967,İstanbul,True,False,2024-07-20T09:55:54,2024-09-03T09:55:54
C001576,Oğuz Ateş,individual,M,1991-01-12,oguz.ates48@hotmail.com,+905572545213,İstanbul ,True,True,2025-11-24T07:47:11,2026-01-08T07:47:11
C001577,Gizem Yıldırım,individual,F,1984-08-14,gizem.yildirim@yahoo.com,+905462846082,Bursa,True,True,2024-07-05T23:18:15,2024-12-21T23:18:15
C001578,Hüseyin Koç,individual,M,1991-04-25,huseyin.koc47@icloud.com,0533 153 40 96,İstanbul,True,False,2026-05-09T20:51:02,2026-06-17T20:51:02
C001579,Ebru Doğan,individual,F,1983-05-05,ebru.dogan@outlook.com,+905588215025,İstanbul,True,False,2024-03-26T03:37:57,2024-07-06T03:37:57
C001580,Gamze Yıldız,individual,F,1989-12-10,gamze.yildiz@hotmail.com,+905369732007,İstanbul,False,False,2026-02-19T08:23:50,2026-06-01T08:23:50
C001581,Can Çetin,individual,M,1988-01-18,can.cetin@outlook.com,+905334348579,İzmir,True,False,2024-12-17T12:24:53,2025-02-06T12:24:53
C001582,Onur Korkmaz,individual,M,1978-01-18,onur.korkmaz@outlook.com,+905578145310,İstanbul,True,True,2024-01-23T04:20:35,2024-07-02T04:20:35
C001583,Esra Karaca,individual,F,1989-06-25,esra.karaca@outlook.com,+905485822994,istanbul,True,True,2024-07-04T05:11:03,2024-10-28T05:11:03
C001584,Pınar Öztürk,individual,F,1970-02-01,pinar.ozturk7@yahoo.com,+905358533822,Ankara,True,True,2026-06-21T18:07:50,2026-07-08T18:07:50
C001585,Mehmet Karaca,individual,M,1978-11-22,mehmet.karaca29@icloud.com,+905567876185,İstanbul,True,False,2025-08-07T23:30:50,2025-10-25T23:30:50
C001586,Arda Çelik,individual,M,1999-07-14,arda.celik31@yahoo.com,+905446075904,İstanbul,True,False,2024-09-17T18:10:35,2024-11-01T18:10:35
C001587,Cansu Kılıç,individual,F,1969-11-26,cansu.kilic53@icloud.com,0552 111 59 26,İstanbul,True,True,2024-03-21T23:02:51,2024-05-31T23:02:51
C001588,Elif Bozkurt,individual,F,1981-03-14,elif.bozkurt89@icloud.com,+905516014821,İzmir,True,False,2025-06-16T05:23:28,2025-11-03T05:23:28
C001589,Akdeniz Turizm A.Ş.,corporate,,,akdenizturizm@akdeniz.com.tr,+905313962358,Ankara,True,True,2024-09-27T18:34:26,2025-03-01T18:34:26
C001590,Fatma Özdemir,individual,F,1993-12-18,fatma.ozdemir@hotmail.com,+905548963405,ankara,True,True,2026-08-30T00:12:50,2027-02-19T00:12:50
C001591,Ece Korkmaz,individual,F,1972-10-25,ece.korkmaz@yahoo.com,+905397697270,Bursa,True,True,2025-08-09T18:34:19,2025-09-25T18:34:19
C001592,Nova Otomotiv Yan Sanayi Ltd. Şti.,corporate,,,novaotomotivyansanayi@nova.com.tr,+905302828716,İstanbul,True,True,2024-06-30T19:50:00,2024-12-18T19:50:00
C001593,Merve Polat,individual,F,1969-09-10,merve.polat@hotmail.com,+905338013503,İzmir,True,True,2025-07-22T21:30:51,2025-08-06T21:30:51
C001594,Zirve İnşaat Ltd. Şti.,corporate,,,zirveinsaat@zirve.com.tr,+905515876404,İstanbul,True,True,2025-09-24T09:49:27,2026-02-14T09:49:27
C001595,Global Enerji A.Ş.,corporate,,,globalenerji@global.com.tr,+905324602455,Ankara,False,False,2023-09-18T12:58:59,2023-12-01T12:58:59
C001596,Gamze Doğan,individual,F,1956-11-26,gamze.dogan@outlook.com,+905406497607,İzmir,True,False,2024-10-24T12:10:43,2025-03-14T12:10:43
C001597,Yusuf Şahin,individual,M,1972-05-04,yusuf.sahin49@gmail.com,+905425653280,Antalya,True,True,2023-10-16T03:57:08,2023-11-26T03:57:08
C001598,Pınar Kurt,individual,F,1986-11-22,pinar.kurt66@hotmail.com,+905493141641,Bursa,True,False,2025-03-25T03:23:54,2025-07-01T03:23:54
C001599,Zirve Teknoloji A.Ş.,corporate,,,zirveteknoloji@zirve.com.tr,0 (557) 206-2006,Ankara,True,False,2024-06-10T08:20:17,2024-11-20T08:20:17
C001600,Efe Arslan,individual,M,2000-05-16,efe.arslan61@yahoo.com,+905581552613,Kocaeli,True,False,2026-03-25T05:50:30,2026-05-18T05:50:30
C001601,Selim Yıldız,individual,M,1989-04-15,,+905358155610,İstanbul,False,True,2025-06-10T10:24:43,2025-11-14T10:24:43
C001602,Nova Turizm Ltd. Şti.,corporate,,,novaturizm@nova.com.tr,0 (542) 415-0810,İstanbul,True,False,2026-05-08T21:21:34,2026-07-14T21:21:34
C001603,Yusuf Güneş,individual,M,1995-06-05,yusuf.gunes54@yahoo.com,+905459307395,İstanbul,True,True,2026-04-08T15:02:03,2026-06-02T15:02:03
C001604,Onur Ünal,individual,M,1980-05-11,onur.unal80@yahoo.com,+905355290569,Eskişehir,True,True,2026-08-19T17:14:15,2027-02-10T17:14:15
C001605,Ahmet Demir,individual,M,1981-06-03,ahmet.demir@icloud.com,+905598616071,Mersin,True,False,2026-06-30T13:31:08,2026-11-04T13:31:08
C001606,Ece Erdoğan,individual,F,2000-05-17,ece.erdogan23@gmail.com,+905426000815,İzmir,True,True,2026-07-06T12:50:56,2026-09-06T12:50:56
C001607,Halil Polat,individual,M,1983-09-10,halil.polat@icloud.com,+905557702748,Ankara,True,True,2026-05-15T04:00:14,2026-11-09T04:00:14
C001608,İbrahim Kaya,individual,M,1984-04-09,ibrahim.kaya68@gmail.com,+90 559 637 1775,istanbul,False,True,2025-09-27T20:51:56,2026-04-01T20:51:56
C001609,Yusuf Kara,individual,M,1975-06-07,yusuf.kara51@hotmail.com,+905556688393,İzmir,True,True,2023-12-10T22:56:18,2023-12-10T22:56:18
C001610,Beyza Çakır,individual,F,1976-10-18,beyza.cakir@outlook.com,+905314877542,Ankara,True,False,2024-05-24T18:14:30,2024-11-19T18:14:30
C001611,Hüseyin Yıldırım,individual,M,1971-06-21,huseyin.yildirim73@yahoo.com,+905557523540,İstanbul,True,False,2024-12-25T07:01:46,2025-02-22T07:01:46
C001612,Ceren Karaca,individual,F,1994-05-27,ceren.karaca@outlook.com,+905474317997,Adana,True,False,2023-10-24T02:41:29,2024-04-24T02:41:29
C001613,Hasan Çelik,individual,M,1991-04-13,hasan.celik@gmail.com,+905571050269,Eskişehir,True,False,2026-08-28T14:35:31,2026-12-08T14:35:31
C001614,Gizem Özkan,individual,F,1990-01-05,gizem.ozkan40@yahoo.com,+905455369291,Gaziantep,True,True,2026-02-19T11:55:14,2026-06-28T11:55:14
C001615,Berk Yalçın,individual,M,1990-09-07,berk.yalcin@icloud.com,+905347037025,Kocaeli,True,True,2024-07-11T02:31:51,2024-08-30T02:31:51
C001616,Umut Korkmaz,individual,M,1975-12-25,umut.korkmaz@yahoo.com,+905303205113,İstanbul,True,True,2025-07-16T20:16:39,2025-12-18T20:16:39
C001617,Cansu Aydın,individual,F,1991-03-20,,+905413179504,Ankara,True,False,2024-07-16T11:36:45,2024-11-07T11:36:45
C001618,Halil Bulut,individual,M,1974-07-26,halil.bulut68@outlook.com,+905319431432,İzmir,True,True,2024-05-11T01:11:49,2024-07-11T01:11:49
C001619,Ebru Kılıç,individual,F,1987-02-21,ebru.kilic@hotmail.com,+905591779083,Samsun,True,True,2024-06-13T16:38:17,2024-12-13T16:38:17
C001620,Damla Taş,individual,F,1982-09-15,damla.tas@gmail.com,+905589027980,Muğla,True,True,2024-01-30T12:03:45,2024-04-25T12:03:45
C001621,Büşra Çetin,individual,F,1968-10-26,busra.cetin@hotmail.com,+905497504415,Ankara,True,True,2024-12-25T05:09:35,2025-03-29T05:09:35
C001622,İbrahim Kaya,individual,M,1980-08-05,ibrahim.kaya54@icloud.com,+905332481897,İstanbul,True,False,2023-09-03T11:57:45,2023-11-20T11:57:45
C001623,Umut Arslan,individual,M,1986-04-18,umut.arslan46@gmail.com,+905541921121,Samsun,True,True,2024-02-16T16:59:54,2024-02-22T16:59:54
C001624,Can Demir,individual,M,1967-06-07,can.demir43@yahoo.com,+90 536 409 6845,İzmir,False,False,2025-04-15T10:34:14,2025-10-27T10:34:14
C001625,Cansu Koç,individual,F,1977-09-23,cansu.koc@icloud.com,+905458634268,Muğla,True,True,2026-04-14T21:26:30,2026-04-25T21:26:30
C001626,Aslı Şahin,individual,F,1988-11-11,asli.sahin@icloud.com,+905567566218,ISTANBUL,True,True,2025-01-03T23:03:12,2025-05-02T23:03:12
C001627,Anadolu Medya A.Ş.,corporate,,,anadolumedya@anadolu.com.tr,+905593478715,Antalya,True,False,2024-12-01T19:44:51,2025-05-28T19:44:51
C001628,Marmara Medya Ltd. Şti.,corporate,,,marmaramedya@marmara.com.tr,+905588535271,Eskişehir,True,True,2025-09-12T18:22:59,2026-02-23T18:22:59
C001629,Oğuz Kaya,individual,M,1992-01-16,oguz.kaya@gmail.com,+905414727777,Bursa,True,False,2025-01-22T12:30:02,2025-01-28T12:30:02
C001630,Meridyen İnşaat Ltd. Şti.,corporate,,,meridyeninsaat@meridyen.com.tr,+905482809938,Antalya,True,False,2025-09-19T12:58:33,2025-10-06T12:58:33
C001631,Onur Acar,individual,M,1994-11-25,onur.acar@yahoo.com,+905495387863,Ankara,True,True,2023-10-02T00:41:17,2023-11-30T00:41:17
C001632,Ali Ateş,individual,M,1980-04-06,ali.ates76@outlook.com,+905403637198,İzmir,True,True,2025-03-30T10:21:32,2025-08-01T10:21:32
C001633,Global Yazılım A.Ş.,corporate,,,globalyazilim@global.com.tr,+905372187408,Eskişehir,True,False,2023-10-07T19:13:13,2024-01-31T19:13:13
C001634,Hüseyin Aslan,individual,M,1999-07-27,huseyin.aslan@gmail.com,+905502307015,İstanbul,True,True,2025-12-04T09:32:58,2026-06-21T09:32:58
C001635,Akdeniz Turizm Ltd. Şti.,corporate,,,akdenizturizm@akdeniz.com.tr,0 (558) 185-3183,Muğla,True,True,2026-01-18T23:16:05,2026-07-26T23:16:05
C001636,Eren Yıldırım,individual,M,1991-01-04,eren.yildirim24@icloud.com,+905429328882,Kocaeli,True,True,2024-04-08T10:02:28,2024-09-06T10:02:28
C001637,Burak Avcı,individual,M,1984-01-20,burak.avci36@icloud.com,+905501149679,İstanbul,True,False,2024-07-21T23:55:24,2024-12-25T23:55:24
C001638,Kaan Aydın,individual,M,1981-10-14,kaan.aydin93@yahoo.com,+905312918444,Kocaeli,True,True,2026-01-13T17:30:06,2026-05-15T17:30:06
C001639,Seda Yıldırım,individual,F,1964-08-15,seda.yildirim83@icloud.com,+905351834009,Bursa,True,False,2025-03-18T21:14:30,2025-09-29T21:14:30
C001640,Naz Avcı,individual,F,1981-12-08,naz.avci@gmail.com,+905383169579,Mersin,True,False,2024-05-21T11:26:46,2024-09-28T11:26:46
C001641,Murat Öztürk,individual,M,1984-03-03,murat.ozturk@gmail.com,+905367594953,Ankara,True,False,2024-12-23T08:02:52,2025-06-17T08:02:52
C001642,Derya Kılıç,individual,F,1981-10-01,derya.kilic@icloud.com,+905383008869,İstanbul,False,True,2025-03-26T23:09:13,2025-07-21T23:09:13
C001643,İbrahim Koç,individual,M,1982-06-19,ibrahim.koc@icloud.com,05559502222,İstanbul,True,True,2023-12-04T01:07:52,2023-12-06T01:07:52
C001644,İbrahim Çakır,individual,M,1994-02-08,ibrahim.cakir@yahoo.com,+905452041345,İstanbul,True,False,2023-12-25T08:28:38,2024-01-06T08:28:38
C001645,Gizem Arslan,individual,F,1964-03-28,gizem.arslan86@gmail.com,0541 522 25 00,İzmir,True,True,2024-10-14T02:22:58,2025-05-01T02:22:58
C001646,Barış Bulut,individual,M,1989-01-07,baris.bulut63@hotmail.com,+905519057528,İstanbul,True,True,2025-12-18T08:29:14,2026-05-07T08:29:14
C001647,Meridyen Otomotiv Yan Sanayi Ltd. Şti.,corporate,,,meridyenotomotivyansanayi@meridyen.com.tr,+905403010818,Bursa,True,True,2025-03-06T22:37:55,2025-04-26T22:37:55
C001648,Kerem Kara,individual,M,1980-04-11,kerem.kara72@gmail.com,+905326239260,Adana,True,True,2026-03-09T04:05:04,2026-06-27T04:05:04
C001649,Anadolu Medya A.Ş.,corporate,,,anadolumedya@anadolu.com.tr,+905459982621,İzmir,True,True,2024-04-10T16:43:14,2024-06-01T16:43:14
C001650,Zeynep Öztürk,individual,F,1982-01-08,zeynep.ozturk@icloud.com,+905366886900,İstanbul,True,True,2026-05-20T21:55:22,2026-09-27T21:55:22
C001651,Atlas Otomotiv Yan Sanayi Ltd. Şti.,corporate,,,atlasotomotivyansanayi@atlas.com.tr,+905417981392,Bursa,True,True,2026-04-04T10:38:04,2026-10-14T10:38:04
C001652,Merve Yıldız,individual,F,1998-01-29,merve.yildiz32@icloud.com,+905403811067,Antalya,True,True,2024-12-19T10:39:44,2024-12-31T10:39:44
C001653,Mustafa Yıldırım,individual,M,1993-04-25,mustafa.yildirim@outlook.com,+905563306831,İstanbul,True,True,2024-09-17T10:26:14,2025-03-04T10:26:14
C001654,Yusuf Çetin,individual,M,1978-12-20,yusuf.cetin1@yahoo.com,+905331755311,İzmir,True,True,2024-12-05T17:47:00,2025-04-15T17:47:00
C001655,Akdeniz Tekstil A.Ş.,corporate,,,akdeniztekstil@akdeniz.com.tr,+905492579245,Kocaeli,False,True,2025-10-23T05:56:22,2026-04-14T05:56:22
C001656,Serkan Şahin,individual,M,1969-02-21,serkan.sahin@gmail.com,+905453866531,İzmir,True,False,2024-09-10T17:00:02,2024-11-30T17:00:02
C001657,Ufuk Teknoloji A.Ş.,corporate,,,ufukteknoloji@ufuk.com.tr,+905417682933,Antalya,True,True,2025-11-18T21:35:25,2026-02-21T21:35:25
C001658,Ufuk Lojistik Ltd. Şti.,corporate,,,ufuklojistik@ufuk.com.tr,+905444345745,Konya,True,True,2024-12-23T10:13:33,2025-01-25T10:13:33
C001659,Nazlı Özkan,individual,F,1990-12-21,nazli.ozkan94@outlook.com,+905364231528,İzmir,True,False,2025-05-08T03:02:04,2025-09-23T03:02:04
C001660,Zirve Medya Ltd. Şti.,corporate,,,zirvemedya@zirve.com.tr,+905394587577,İstanbul,True,True,2024-04-01T03:43:44,2024-04-26T03:43:44
C001661,Kerem Güneş,individual,M,1982-10-08,kerem.gunes@gmail.com,+905585047821,İstanbul,True,False,2024-12-06T07:07:22,2025-05-27T07:07:22
C001662,Ali Demir,individual,M,1985-08-25,,+905594462837,İstanbul,False,True,2026-05-03T04:06:34,2026-06-18T04:06:34
C001663,Ufuk Teknoloji A.Ş.,corporate,,,ufukteknoloji@ufuk.com.tr,+905358593883,Ankara,True,True,2025-10-22T18:06:50,2025-12-15T18:06:50
C001664,Dilara Arslan,individual,F,2000-11-22,dilara.arslan33@outlook.com,+905386670998,Denizli,True,True,2026-02-25T07:15:45,2026-05-06T07:15:45
C001665,Can Acar,individual,M,1983-06-20,can.acar12@icloud.com,+905432310764,Ankara,True,True,2025-08-19T17:02:21,2025-12-25T17:02:21
C001666,Akdeniz Yazılım Ltd. Şti.,corporate,,,akdenizyazilim@akdeniz.com.tr,0 (557) 626-3801,Muğla,True,False,2025-04-24T16:06:04,2025-10-23T16:06:04
C001667,Marmara Enerji A.Ş.,corporate,,,marmaraenerji@marmara.com.tr,+905531997818,İstanbul,True,True,2025-04-08T21:16:35,2025-04-17T21:16:35
C001668,Oğuz Korkmaz,individual,M,1978-01-31,oguz.korkmaz74@hotmail.com,+905518423791,İstanbul,True,False,2025-07-08T11:28:57,2026-01-09T11:28:57
C001669,Ali Taş,individual,M,1991-09-12,ali.tas79@yahoo.com,+905524505612,İstanbul,True,False,2024-02-08T00:48:10,2024-06-24T00:48:10
C001670,Serkan Kurt,individual,M,1987-10-23,serkan.kurt@yahoo.com,+905448607733,istanbul,True,True,2025-05-27T17:09:42,2025-07-08T17:09:42
C001671,Beyza Ünal,individual,F,1981-03-10,beyza.unal@yahoo.com,+905396854657,İstanbul,True,False,2025-06-05T22:02:38,2025-12-08T22:02:38
C001672,Atlas Teknoloji A.Ş.,corporate,,,atlasteknoloji@atlas.com.tr,+905431499579,İzmir,True,True,2023-10-02T09:17:46,2023-10-24T09:17:46
C001673,Ali Aydın,individual,M,1972-04-18,ali.aydin@gmail.com,+905325337898,Denizli,True,False,2023-09-27T19:39:58,2024-02-18T19:39:58
C001674,Nazlı Arslan,individual,F,1975-09-22,nazli.arslan93@gmail.com,+905404848827,Ankara,True,False,2026-03-05T01:10:13,2026-09-16T01:10:13
C001675,Onur Karaca,individual,M,1993-12-21,onur.karaca34@yahoo.com,+905396112851,İstanbul,True,True,2024-09-15T08:00:27,2024-10-06T08:00:27
C001676,Zirve Sağlık A.Ş.,corporate,,,zirvesaglik@zirve.com.tr,+905547618133,Denizli,True,False,2023-09-20T11:29:10,2024-01-13T11:29:10
C001677,Eren Acar,individual,M,1994-12-05,eren.acar@hotmail.com,+905346428008,Ankara,True,True,2025-04-27T17:17:57,2025-07-08T17:17:57
C001678,Arda Bozkurt,individual,M,1956-04-14,arda.bozkurt@outlook.com,+905316571026,Antalya,True,False,2025-01-29T00:45:12,2025-05-20T00:45:12
C001679,Arda Kaya,individual,M,1996-08-15,arda.kaya25@hotmail.com,0557 605 56 58,İstanbul,True,False,2025-04-19T04:11:17,2025-10-28T04:11:17
C001680,Global Otomotiv Yan Sanayi A.Ş.,corporate,,,globalotomotivyansanayi@global.com.tr,+905389291434,İstanbul,True,True,2025-11-03T00:36:05,2025-11-15T00:36:05
C001681,Elif Aksoy,individual,F,1971-10-19,elif.aksoy82@yahoo.com,+905303165323,İzmir,True,True,2025-08-09T02:18:43,2026-02-06T02:18:43
C001682,Fatma Çelik,individual,F,1964-03-25,fatma.celik63@outlook.com,+905394370089,Istanbul,True,True,2025-05-16T10:42:36,2025-07-20T10:42:36
C001683,Yusuf Polat,individual,M,1981-07-15,yusuf.polat@gmail.com,+905423244094,Gaziantep,True,False,2024-06-18T10:54:10,2024-08-30T10:54:10
C001684,Beyza Yalçın,individual,F,1985-09-29,beyza.yalcin71@icloud.com,+905528716602,Ankara,True,True,2023-12-14T11:47:28,2024-06-20T11:47:28
C001685,Naz Tekin,individual,F,1991-11-02,naz.tekin@hotmail.com,+905414495894,İstanbul,True,True,2026-01-02T19:08:58,2026-06-14T19:08:58
C001686,Atlas Enerji Ltd. Şti.,corporate,,,atlasenerji@atlas.com.tr,+905501023209,Samsun,True,True,2024-11-12T19:37:57,2025-03-28T19:37:57
C001687,Umut Yalçın,individual,M,1960-03-29,umut.yalcin6@icloud.com,0559 705 00 23,İstanbul,True,True,2025-03-01T04:51:17,2025-06-09T04:51:17
C001688,Ali Güneş,individual,M,1974-06-14,ali.gunes43@hotmail.com,+905322742095,İstanbul,False,True,2025-07-07T17:19:32,2025-07-07T17:19:32
C001689,Tolga Çakır,individual,M,1989-09-10,tolga.cakir@yahoo.com,+905512881961,İstanbul,True,False,2025-05-12T08:10:34,2025-08-16T08:10:34
C001690,Merve Ateş,individual,F,1977-12-08,merve.ates14@icloud.com,+905373920387,Ankara,True,True,2025-08-18T16:21:40,2025-09-22T16:21:40
C001691,Fatma Yılmaz,individual,F,1989-05-30,fatma.yilmaz41@hotmail.com,+905374411893,Ankara,True,False,2024-10-03T20:10:46,2025-02-01T20:10:46
C001692,Umut Ünal,individual,M,1975-11-23,umut.unal7@yahoo.com,+905501879291,Kocaeli,True,True,2025-07-02T06:26:03,2026-01-12T06:26:03
C001693,Furkan Arslan,individual,M,1988-03-02,furkan.arslan81@gmail.com,+905592635342,Eskişehir,True,True,2024-04-10T18:19:49,2024-08-21T18:19:49
C001694,Deniz Bulut,individual,M,1980-10-12,deniz.bulut@outlook.com,+905492645287,ISTANBUL,True,True,2025-03-05T17:22:08,2025-03-07T17:22:08
C001695,Boğaziçi Enerji Ltd. Şti.,corporate,,,bogazicienerji@bogazici.com.tr,+905388627508,İstanbul,True,False,2024-12-18T04:13:33,2025-06-01T04:13:33
C001696,Esra Şahin,individual,F,1965-06-15,esra.sahin58@icloud.com,+905392912634,Bursa,True,True,2024-01-28T16:31:07,2024-08-08T16:31:07
C001697,Emre Ateş,individual,M,1972-07-30,emre.ates95@yahoo.com,+905453857511,Bursa,True,False,2024-06-18T18:28:57,2024-11-17T18:28:57
C001698,Cem Kara,individual,M,1988-05-25,cem.kara@gmail.com,+905435133791,İzmir,True,False,2023-11-23T16:32:18,2024-01-14T16:32:18
C001699,Global Otomotiv Yan Sanayi A.Ş.,corporate,,,globalotomotivyansanayi@global.com.tr,0546 797 08 87,Mersin,True,True,2026-03-26T02:23:15,2026-07-01T02:23:15
C001700,Selim Tekin,individual,M,1986-02-20,selim.tekin95@yahoo.com,+905549611601,İstanbul,True,True,2023-11-06T22:17:38,2024-01-25T22:17:38
C001701,Mustafa Bulut,individual,M,1992-10-19,mustafa.bulut@yahoo.com,+905417067146,İzmir,True,False,2026-08-05T08:41:27,2027-01-23T08:41:27
C001702,Sude Öztürk,individual,F,1979-10-24,sude.ozturk11@yahoo.com,+905392934506,Bursa,False,False,2024-06-25T09:19:18,2024-06-26T09:19:18
C001703,Meridyen Medya Ltd. Şti.,corporate,,,meridyenmedya@meridyen.com.tr,+905409397429,İstanbul,False,True,2025-01-15T03:53:03,2025-05-07T03:53:03
C001704,Ayşe Yıldırım,individual,F,1973-05-11,ayse.yildirim55@yahoo.com,+905316713812,Ankara,True,False,2026-04-27T12:26:10,2026-08-10T12:26:10
C001705,Melis Demir,individual,F,1992-06-27,melis.demir49@icloud.com,+905444279074,Antalya,True,True,2024-11-22T19:47:45,2024-11-30T19:47:45
C001706,Barış Yılmaz,individual,M,1979-01-02,baris.yilmaz47@gmail.com,0549 624 81 85,İstanbul,True,False,2024-08-27T17:47:55,2025-02-17T17:47:55
C001707,Tuğba Uzun,individual,F,1976-02-18,tugba.uzun24@icloud.com,+905351606621,istanbul,True,True,2025-05-28T07:18:07,2025-07-24T07:18:07
C001708,Yusuf Şimşek,individual,M,1968-02-26,yusuf.simsek71@icloud.com,+905352079723,Adana,True,True,2024-03-20T16:10:02,2024-07-06T16:10:02
C001709,Barış Aslan,individual,M,1992-09-22,baris.aslan91@yahoo.com,+905416215505,Antalya,True,True,2023-10-16T13:54:29,2024-02-02T13:54:29
C001710,Sude Erdoğan,individual,F,1977-04-20,sude.erdogan68@gmail.com,0545 888 97 67,Gaziantep,True,True,2026-01-05T01:31:46,2026-05-06T01:31:46
C001711,Seda Çetin,individual,F,1978-03-16,seda.cetin60@yahoo.com,+905464651766,İstanbul,True,True,2025-08-29T20:40:58,2025-11-14T20:40:58
C001712,Kerem Ateş,individual,M,1987-02-19,kerem.ates@icloud.com,+905458951587,İstanbul,True,False,2024-08-14T15:19:58,2024-09-10T15:19:58
C001713,Arda Ünal,individual,M,1962-11-09,arda.unal8@outlook.com,+905459790493,Antalya,True,False,2024-12-19T05:04:22,2025-05-17T05:04:22
C001714,Meridyen Otomotiv Yan Sanayi A.Ş.,corporate,,,meridyenotomotivyansanayi@meridyen.com.tr,+905496877999,Ankara,True,False,2023-09-23T14:08:31,2023-11-07T14:08:31
C001715,Ali Yıldırım,individual,M,2002-02-20,ali.yildirim@hotmail.com,+905351079756,Kocaeli,True,False,2025-10-18T23:25:11,2026-04-28T23:25:11
C001716,Ahmet Korkmaz,individual,M,1985-06-08,ahmet.korkmaz@outlook.com,+905406635570,Eskişehir,True,True,2025-08-11T09:38:51,2025-12-09T09:38:51
C001717,Seda Özkan,individual,F,1960-06-16,seda.ozkan43@icloud.com,+905307108397,Ankara,True,False,2024-08-06T23:52:23,2024-10-21T23:52:23
C001718,Ceren Erdoğan,individual,F,1983-08-05,ceren.erdogan@gmail.com,+905532572798,İstanbul,False,False,2024-11-13T18:08:18,2024-12-09T18:08:18
C001719,Mehmet Arslan,individual,M,1994-11-16,mehmet.arslan@yahoo.com,05487677199,İstanbul,True,False,2023-12-29T13:44:17,2024-05-07T13:44:17
C001720,Merve Aksoy,individual,F,2002-12-11,merve.aksoy46@gmail.com,+905411831109,Ankara,True,True,2024-05-21T06:39:25,2024-09-16T06:39:25
C001721,Burak Avcı,individual,M,1995-02-10,burak.avci41@hotmail.com,+905487916867,Eskişehir,True,True,2023-11-14T03:36:06,2024-04-14T03:36:06
C001722,Ece Öztürk,individual,F,1995-08-30,ece.ozturk@yahoo.com,+905487908956,İstanbul,True,True,2024-01-05T09:12:26,2024-02-05T09:12:26
C001723,İbrahim Turan,individual,M,1969-01-12,ibrahim.turan@hotmail.com,+905565908928,İstanbul,True,True,2025-11-14T14:46:16,2026-05-26T14:46:16
C001724,Beyza Korkmaz,individual,F,1988-01-30,beyza.korkmaz@gmail.com,+905355560345,İzmir,True,True,2026-06-24T18:55:21,2026-09-12T18:55:21
C001725,Deniz Aksoy,individual,M,1978-02-19,deniz.aksoy46@gmail.com,+905346598088,Kocaeli,True,False,2023-10-27T18:42:26,2024-04-11T18:42:26
C001726,Ömer Karaca,individual,M,1968-02-16,omer.karaca@gmail.com,+905574600754,Ankara,True,True,2026-06-12T11:10:04,2026-11-11T11:10:04
C001727,Deniz Acar,individual,M,1958-03-09,deniz.acar1@yahoo.com,+905389191256,IZMIR,True,False,2023-10-30T17:46:54,2023-11-27T17:46:54
C001728,Dilara Karaca,individual,F,1982-09-05,dilara.karaca@icloud.com,+905538788145,İstanbul,True,False,2026-01-23T06:36:57,2026-03-11T06:36:57
C001729,Ege Otomotiv Yan Sanayi Ltd. Şti.,corporate,,,egeotomotivyansanayi@ege.com.tr,+905315113150,Gaziantep,True,True,2024-12-09T06:19:25,2025-06-05T06:19:25
C001730,Ahmet Yalçın,individual,M,1980-06-09,ahmet.yalcin@gmail.com,+905359500462,Adana,True,False,2024-12-17T21:52:39,2025-05-01T21:52:39
C001731,Barış Güneş,individual,M,1977-04-17,baris.gunes@icloud.com,+905589202171,İstanbul,True,True,2024-06-26T02:28:22,2024-08-27T02:28:22
C001732,Tolga Keskin,individual,M,1973-07-01,tolga.keskin@hotmail.com,+905385912988,Ankara,True,True,2024-10-04T15:51:57,2025-04-01T15:51:57
C001733,Kaan Karaca,individual,M,1972-03-09,kaan.karaca@hotmail.com,+905452066805,İstanbul,True,True,2024-06-15T12:37:25,2024-11-29T12:37:25
C001734,Berk Aydın,individual,M,1985-08-05,berk.aydin@gmail.com,5516607519,İstanbul,True,True,2024-04-06T15:16:02,2024-08-29T15:16:02
C001735,Cem Uzun,individual,M,1979-10-16,cem.uzun36@icloud.com,+905545403448,Ankara,True,True,2024-02-14T02:03:57,2024-05-11T02:03:57
C001736,Halil Polat,individual,M,1977-06-07,halil.polat@icloud.com,+905383029116,İstanbul,True,True,2025-09-22T13:48:48,2026-02-24T13:48:48
C001737,Cansu Bozkurt,individual,F,1986-08-29,cansu.bozkurt51@yahoo.com,+905325837771,İstanbul,True,True,2024-01-18T04:57:19,2024-01-28T04:57:19
C001738,Arda Kara,individual,M,1973-08-28,arda.kara@outlook.com,+905437065095,İstanbul,True,False,2025-06-13T22:19:18,2025-10-10T22:19:18
C001739,Hande Korkmaz,individual,F,1968-10-19,hande.korkmaz6@outlook.com,+905419770269,İstanbul,True,True,2024-06-27T02:11:34,2024-11-14T02:11:34
C001740,Serkan Aydın,individual,M,1982-06-29,serkan.aydin30@hotmail.com,+905465233722,Mersin,True,True,2023-11-30T12:47:33,2024-03-21T12:47:33
C001741,Melis Uzun,individual,F,1980-10-27,melis.uzun98@icloud.com,+905499353924,İstanbul,False,True,2024-11-30T22:22:03,2025-03-09T22:22:03
C001742,Murat Ateş,individual,M,1995-10-19,murat.ates@outlook.com,0 (558) 228-1637,Bursa,True,True,2026-03-19T01:11:43,2026-09-28T01:11:43
C001743,Kaan Ateş,individual,M,1973-07-18,kaan.ates73@hotmail.com,+905449898744,Antalya,True,True,2026-01-08T14:03:55,2026-06-14T14:03:55
C001744,İbrahim Aslan,individual,M,1991-01-05,ibrahim.aslan@icloud.com,+905578086872,Antalya,True,True,2025-06-22T23:59:53,2025-12-21T23:59:53
C001745,Kaan Özkan,individual,M,1993-10-19,kaan.ozkan40@outlook.com,+905541399048,Ankara,True,True,2023-09-16T14:22:37,2024-01-21T14:22:37
C001746,Ömer Aydın,individual,M,1991-02-03,omer.aydin10@hotmail.com,+905382027487,İstanbul,True,True,2024-12-14T15:56:32,2025-03-05T15:56:32
C001747,Delta Danışmanlık Ltd. Şti.,corporate,,,deltadanismanlik@delta.com.tr,+905591906723,İstanbul,True,True,2024-08-05T06:58:07,2024-08-09T06:58:07
C001748,Meridyen Medya A.Ş.,corporate,,,meridyenmedya@meridyen.com.tr,0546 789 66 07,İstanbul,True,True,2026-03-03T21:07:51,2026-06-03T21:07:51
C001749,Sude Öztürk,individual,F,1995-02-20,sude.ozturk@outlook.com,05561864992,İstanbul,True,True,2025-06-06T08:48:08,2025-09-06T08:48:08
C001750,Delta Otomotiv Yan Sanayi Ltd. Şti.,corporate,,,deltaotomotivyansanayi@delta.com.tr,+905401313409,İstanbul,True,False,2024-02-24T02:47:45,2024-07-29T02:47:45
C001751,Efe Tekin,individual,M,1996-02-24,efe.tekin3@yahoo.com,+905448339047,İstanbul,True,False,2024-04-26T03:02:07,2024-07-27T03:02:07
C001752,Eren Sarı,individual,M,1978-05-07,eren.sari26@outlook.com,0536 886 55 86,Ankara,True,True,2025-09-24T21:01:42,2026-03-16T21:01:42
C001753,Halil Güneş,individual,M,1978-05-23,halil.gunes@gmail.com,+905375040253,Ankara,True,True,2025-12-12T07:51:15,2026-05-07T07:51:15
C001754,Ceren Yıldırım,individual,F,1993-08-03,ceren.yildirim40@gmail.com,+905423615922,İstanbul,True,False,2024-10-24T23:28:50,2025-03-31T23:28:50
C001755,Yıldız Teknoloji A.Ş.,corporate,,,yildizteknoloji@yildiz.com.tr,+905464420980,Konya,True,True,2024-03-13T08:43:44,2024-06-03T08:43:44
C001756,Anadolu Medya Ltd. Şti.,corporate,,,anadolumedya@anadolu.com.tr,+905334160144,Ankara,True,True,2025-01-05T20:41:21,2025-04-11T20:41:21
C001757,Fatma Kılıç,individual,F,1977-01-23,fatma.kilic93@outlook.com,+905372850449,İstanbul,True,False,2025-11-10T18:07:12,2026-04-14T18:07:12
C001758,Deniz Arslan,individual,M,2002-04-13,deniz.arslan18@outlook.com,+905342868353,İzmir,True,False,2024-08-20T14:34:11,2024-11-17T14:34:11
C001759,Dilara Koç,individual,F,1984-01-05,dilara.koc@hotmail.com,+905434424877,Kocaeli,True,True,2025-06-28T08:09:28,2025-09-06T08:09:28
C001760,Seda Şahin,individual,F,1996-01-23,seda.sahin77@outlook.com,+905376712817,Mersin,True,False,2024-12-23T18:20:06,2025-03-28T18:20:06
C001761,Ece Sarı,individual,F,1997-02-12,ece.sari@gmail.com,+905503423426,Bursa,True,False,2024-03-29T10:50:37,2024-08-04T10:50:37
C001762,Can Acar,individual,M,1976-12-02,can.acar89@gmail.com,+905421181980,İstanbul,True,True,2024-08-15T17:41:21,2024-10-08T17:41:21
C001763,Aslı Ateş,individual,F,1991-11-28,asli.ates21@hotmail.com,+905415698047,Muğla,True,True,2024-10-18T16:26:20,2024-11-17T16:26:20
C001764,Berk Ateş,individual,M,1985-05-12,berk.ates@yahoo.com,+905439366501,İzmir,True,True,2025-10-08T17:10:00,2026-04-11T17:10:00
C001765,Emre Keskin,individual,M,1995-07-10,emre.keskin@outlook.com,+905458237794,İstanbul,True,True,2024-06-25T04:15:40,2024-09-14T04:15:40
C001766,Beyza Şahin,individual,F,1977-10-21,beyza.sahin91@yahoo.com,+905494968112,Eskişehir,True,True,2025-01-14T04:44:35,2025-01-23T04:44:35
C001767,Cem Aksoy,individual,M,1951-12-14,cem.aksoy27@outlook.com,+905406622148,Kocaeli,False,True,2025-07-14T14:28:30,2025-11-05T14:28:30
C001768,Barış Şahin,individual,M,1990-01-05,baris.sahin17@gmail.com,+905397195634,İstanbul,True,False,2026-06-01T13:37:54,2026-07-15T13:37:54
C001769,Berk Koç,individual,M,1984-12-07,berk.koc@hotmail.com,+905466019750,Ankara,True,False,2024-10-18T16:48:44,2025-02-12T16:48:44
C001770,Aslı Acar,individual,F,1981-12-25,asli.acar98@hotmail.com,+905465859121,İstanbul,True,True,2026-01-24T00:07:29,2026-07-08T00:07:29
C001771,Damla Erdoğan,individual,F,1984-07-06,damla.erdogan@icloud.com,+905549153499,Adana,False,False,2026-06-16T12:53:16,2026-09-22T12:53:16
C001772,İrem Uzun,individual,F,1982-09-23,irem.uzun8@hotmail.com,05335363805,Antalya,True,True,2025-01-24T00:39:11,2025-05-18T00:39:11
C001773,Deniz Kılıç,individual,M,1972-03-09,deniz.kilic@outlook.com,+905377695923,İzmir,True,False,2024-12-20T00:21:25,2025-06-25T00:21:25
C001774,Pınar Doğan,individual,F,1993-07-18,pinar.dogan@gmail.com,5308859130,İstanbul,True,False,2025-09-17T06:50:46,2025-09-27T06:50:46
C001775,Selin Doğan,individual,F,1987-11-17,selin.dogan8@icloud.com,+905476771442,İstanbul,True,False,2025-10-02T04:48:16,2025-12-02T04:48:16
C001776,Elif Bozkurt,individual,F,1993-08-31,elif.bozkurt@gmail.com,+905397768967,Antalya,False,False,2024-07-01T18:52:48,2024-09-19T18:52:48
C001777,Melis Kurt,individual,F,1984-03-18,melis.kurt@icloud.com,+905456888702,Mersin,True,True,2025-12-11T07:30:10,2026-04-26T07:30:10
C001778,Akdeniz Teknoloji A.Ş.,corporate,,,akdenizteknoloji@akdeniz.com.tr,+905392208012,İstanbul,True,False,2023-12-09T03:30:09,2024-02-01T03:30:09
C001779,Selin Karaca,individual,F,1959-01-07,selin.karaca74@outlook.com,+905548279986,ISTANBUL,True,True,2023-11-14T20:23:48,2024-05-16T20:23:48
C001780,Ahmet Korkmaz,individual,M,1977-04-27,ahmet.korkmaz@yahoo.com,+905546884887,İstanbul,True,False,2026-01-21T06:58:34,2026-03-26T06:58:34
C001781,Kaan Özdemir,individual,M,1974-04-29,kaan.ozdemir@gmail.com,+905373845889,İstanbul,True,True,2026-03-07T00:36:05,2026-07-30T00:36:05
C001782,Ege Enerji Ltd. Şti.,corporate,,,egeenerji@ege.com.tr,+905596647991,İzmir,True,False,2025-11-11T08:27:07,2026-03-23T08:27:07
C001783,Arda Şahin,individual,M,1974-07-21,arda.sahin@icloud.com,+905499529107,Ankara,True,True,2024-07-26T04:22:35,2024-08-12T04:22:35
C001784,Seda Şimşek,individual,F,1964-10-26,seda.simsek42@yahoo.com,+905316588722,İstanbul,True,True,2025-07-04T11:41:47,2025-07-23T11:41:47
C001785,Tuğba Tekin,individual,F,1996-10-06,tugba.tekin7@icloud.com,+905346496038,İstanbul,True,True,2025-11-23T12:22:13,2026-02-04T12:22:13
C001786,Can Çelik,individual,M,1992-02-14,can.celik@outlook.com,+905499444758,Mersin,True,False,2026-01-10T20:40:09,2026-04-22T20:40:09
C001787,Ceren Çetin,individual,F,1984-08-15,ceren.cetin@hotmail.com,+905542689341,Ankara,True,True,2024-07-16T03:20:05,2024-08-22T03:20:05
C001788,Ceren Çelik,individual,F,1987-02-22,ceren.celik22@icloud.com,+905364868054,Kocaeli,True,True,2026-04-25T04:46:26,2026-09-19T04:46:26
C001789,Hasan Aksoy,individual,M,1994-12-20,hasan.aksoy@icloud.com,+905511651023,İstanbul,True,True,2025-05-31T07:31:03,2025-06-24T07:31:03
C001790,Barış Taş,individual,M,1985-06-04,baris.tas1@gmail.com,+905398489929,Antalya,True,False,2025-09-01T14:49:45,2025-12-29T14:49:45
C001791,Kuzey Gıda A.Ş.,corporate,,,kuzeygida@kuzey.com.tr,+905346192612,Ankara,True,True,2025-06-29T20:21:43,2025-07-12T20:21:43
C001792,Cansu Aslan,individual,F,1993-05-12,cansu.aslan@outlook.com,+905582796576,Ankara,True,False,2026-04-21T04:23:40,2026-08-31T04:23:40
C001793,Kuzey Enerji Ltd. Şti.,corporate,,,kuzeyenerji@kuzey.com.tr,+905548761073,İstanbul,False,False,2025-04-12T21:23:41,2025-08-18T21:23:41
C001794,Murat Aslan,individual,M,2002-02-11,murat.aslan@icloud.com,+905341428357,Ankara,True,True,2023-12-01T16:31:40,2024-01-12T16:31:40
C001795,Umut Ünal,individual,M,1982-05-14,umut.unal@icloud.com,+905424023078,İstanbul,True,False,2026-03-07T11:05:43,2026-06-26T11:05:43
C001796,Ufuk Medya A.Ş.,corporate,,,ufukmedya@ufuk.com.tr,+905364643363,Ankara,True,True,2025-10-27T03:28:53,2026-04-23T03:28:53
C001797,Anadolu İnşaat A.Ş.,corporate,,,anadoluinsaat@anadolu.com.tr,+905565229989,İzmir,True,True,2024-11-26T06:22:56,2025-03-06T06:22:56
C001798,Eren Çakır,individual,M,1977-04-14,eren.cakir83@yahoo.com,+905519940720,Bursa,True,False,2025-08-17T18:01:45,2025-09-30T18:01:45
C001799,Boğaziçi Medya Ltd. Şti.,corporate,,,bogazicimedya@bogazici.com.tr,+905575242864,Denizli,True,False,2026-03-01T13:41:27,2026-03-01T13:41:27
C001800,Nova Sağlık Ltd. Şti.,corporate,,,novasaglik@nova.com.tr,+905433397184,İstanbul,True,False,2026-01-10T00:46:35,2026-07-18T00:46:35
C001801,Büşra Demir,individual,F,1997-03-10,busra.demir@outlook.com,0533 119 73 70,Eskişehir,True,False,2024-09-04T15:55:02,2024-11-06T15:55:02
C001802,Hande Öztürk,individual,F,1987-07-19,hande.ozturk46@yahoo.com,+905584841482,İstanbul,True,True,2025-11-18T08:08:53,2025-12-02T08:08:53
C001803,Burak Sarı,individual,M,1975-02-27,burak.sari91@outlook.com,+905364779309,İzmir,True,True,2025-04-20T01:19:42,2025-06-18T01:19:42
C001804,Ahmet Yalçın,individual,M,1977-01-08,ahmet.yalcin83@outlook.com,+905506592173,İstanbul,False,False,2024-11-19T22:14:30,2024-11-20T22:14:30
C001805,Umut Keskin,individual,M,1972-09-17,umut.keskin@yahoo.com,5544180764,İstanbul,False,True,2024-07-02T11:12:27,2024-07-07T11:12:27
C001806,Global Lojistik A.Ş.,corporate,,,globallojistik at global.com.tr,+905305882059,İstanbul,True,True,2024-04-18T13:27:50,2024-09-19T13:27:50
C001807,Murat Kılıç,individual,M,1979-03-13,murat.kilic65@outlook.com,+905567472856,Eskişehir,True,False,2025-05-19T05:42:19,2025-10-08T05:42:19
C001808,Umut Yıldız,individual,M,1978-03-28,umut.yildiz68@gmail.com,+905554625674,Ankara,True,True,2025-04-25T08:27:13,2025-10-05T08:27:13
C001809,Hasan Sarı,individual,M,1995-02-24,hasan.sari@icloud.com,5454017132,İstanbul,True,False,2023-09-08T23:12:17,2023-09-18T23:12:17
C001810,Ayşe Çelik,individual,F,1990-08-23,ayse.celik@hotmail.com,+905379582219,Samsun,True,True,2024-12-31T00:51:02,2025-07-07T00:51:02
C001811,Eren Aslan,individual,M,2002-07-23,eren.aslan@yahoo.com,+905375760090,Mersin,True,True,2026-02-06T04:45:52,2026-07-16T04:45:52
C001812,Oğuz Yıldırım,individual,M,1984-10-09,oguz.yildirim@hotmail.com,0544 201 98 40,İstanbul,True,True,2024-02-01T19:11:22,2024-06-20T19:11:22
C001813,Delta Yazılım A.Ş.,corporate,,,deltayazilim at delta.com.tr,+905361636264,İstanbul,True,True,2025-10-30T07:16:05,2025-11-17T07:16:05
C001814,Halil Güneş,individual,M,1975-09-13,halil.gunes@gmail.com,+905343265004,Ankara,True,True,2025-07-14T19:02:43,2025-11-28T19:02:43
C001815,Naz Özdemir,individual,F,1979-08-30,naz.ozdemir@gmail.com,+905569906733,Samsun,True,False,2024-11-28T18:57:24,2025-04-26T18:57:24
C001816,Serkan Korkmaz,individual,M,1997-10-09,serkan.korkmaz83@gmail.com,+905345743606,İstanbul,True,True,2024-04-27T18:27:42,2024-09-03T18:27:42
C001817,Zeynep Çelik,individual,F,2001-01-14,zeynep.celik@gmail.com,+90 543 200 2143,İstanbul,True,False,2026-08-03T23:39:26,2027-02-04T23:39:26
C001818,Selin Koç,individual,F,1978-12-28,selin.koc at icloud.com,+905368859257,İstanbul,True,False,2025-06-23T11:55:42,2025-11-23T11:55:42
C001819,Zeynep Tekin,individual,F,2002-04-09,zeynep.tekin54@hotmail.com,+905532079975,İstanbul,True,False,2026-08-26T20:04:25,2026-10-09T20:04:25
C001820,Damla Koç,individual,F,1980-08-23,damla.koc@yahoo.com,+905414206005,Samsun,True,False,2024-03-06T12:54:26,2024-09-06T12:54:26
C001821,Hande Acar,individual,F,1993-07-19,hande.acar34@yahoo.com,+905536478333,İstanbul,True,False,2023-10-31T08:11:06,2023-12-07T08:11:06
C001822,Onur Polat,individual,M,1974-03-10,onur.polat44@gmail.com,+905332873081,İstanbul,True,True,2024-04-30T11:57:05,2024-08-29T11:57:05
C001823,Yıldız Medya Ltd. Şti.,corporate,,,yildizmedya@yildiz.com.tr,+905475042575,İstanbul,True,False,2025-02-04T13:43:35,2025-02-08T13:43:35
C001824,Marmara Danışmanlık A.Ş.,corporate,,,marmaradanismanlik@marmara.com.tr,+905348723933,Ankara,True,False,2026-04-20T20:12:25,2026-08-07T20:12:25
C001825,Ahmet Avcı,individual,M,1967-05-06,ahmet.avci@gmail.com,+905301102914,İzmir,False,False,2025-01-14T02:54:11,2025-07-02T02:54:11
C001826,Deniz Karaca,individual,M,1997-09-28,deniz.karaca77@gmail.com,+905347040599,İstanbul,True,False,2025-09-15T15:52:48,2026-01-24T15:52:48
C001827,Beyza Çelik,individual,F,1991-11-03,beyza.celik25@outlook.com,+905416949659,Ankara,True,False,2026-03-28T16:05:08,2026-07-22T16:05:08
C001828,Damla Keskin,individual,F,1971-07-14,damla.keskin@gmail.com,+905514063366,Antalya,False,False,2026-08-29T12:20:09,2027-02-09T12:20:09
C001829,Akdeniz Medya A.Ş.,corporate,,,akdenizmedya at akdeniz.com.tr,+905464067864,Antalya,True,True,2026-03-23T08:26:02,2026-05-22T08:26:02
C001830,Murat Uzun,individual,M,1978-10-24,murat.uzun@gmail.com,+905532444671,İstanbul,True,False,2024-08-26T11:50:07,2024-11-29T11:50:07
C001831,Gizem Acar,individual,F,1972-01-15,gizem.acar46@yahoo.com,+905345221234,Kocaeli,False,True,2025-01-01T04:32:01,2025-04-24T04:32:01
C001832,Cem Kaya,individual,M,1982-05-03,cem.kaya70@yahoo.com,+905549972969,Denizli,True,True,2026-06-29T08:01:51,2026-10-28T08:01:51
C001833,Ege Danışmanlık A.Ş.,corporate,,,egedanismanlik@ege.com.tr,+905432912926,Ankara,True,True,2024-12-23T10:01:09,2024-12-24T10:01:09
C001834,Emre Aydın,individual,M,1977-03-13,emre.aydin96@yahoo.com,+905551500282,Ankara,True,True,2026-03-15T11:52:10,2026-03-28T11:52:10
C001835,Tuğba Sarı,individual,F,1980-07-20,tugba.sari2@outlook.com,+905326886666,İzmir,True,True,2024-11-28T23:06:11,2025-02-23T23:06:11
C001836,Gamze Özdemir,individual,F,2002-05-12,gamze.ozdemir15@outlook.com,+905441887339,Ankara,True,False,2025-07-29T22:50:04,2026-02-11T22:50:04
C001837,Dilara Erdoğan,individual,F,1974-09-28,dilara.erdogan@gmail.com,+905331996110,İstanbul,True,True,2025-12-24T16:54:46,2026-06-09T16:54:46
C001838,Barış Ateş,individual,M,1995-03-10,baris.ates@hotmail.com,+905508131768,İstanbul,True,False,2025-11-27T16:26:54,2026-04-04T16:26:54
C001839,Ali Demir,individual,M,1982-12-25,ali.demir@gmail.com,+905563280021,Bursa,True,True,2024-10-10T00:43:35,2025-02-25T00:43:35
C001840,Efe Uzun,individual,M,1984-04-27,efe.uzun@yahoo.com,+905537040649,Samsun,True,True,2025-07-30T21:53:19,2025-08-26T21:53:19
C001841,İrem Ateş,individual,F,1971-07-18,irem.ates@gmail.com,+905556167891,Ankara,True,False,2024-03-10T16:41:42,2024-06-19T16:41:42
C001842,Murat Aslan,individual,M,1968-12-16,murat.aslan69@outlook.com,+905366876567,Antalya,True,True,2025-01-30T07:56:55,2025-05-28T07:56:55
C001843,İbrahim Aksoy,individual,M,1976-02-15,ibrahim.aksoy@icloud.com,+905309436856,Ankara,True,True,2026-01-07T07:15:24,2026-01-29T07:15:24
C001844,Merve Arslan,individual,F,1967-03-19,merve.arslan@hotmail.com,+905522309778,İstanbul,True,False,2025-06-30T06:32:13,2025-10-14T06:32:13
C001845,Büşra Avcı,individual,F,1977-04-13,busra.avci@outlook.com,+905323169362,Antalya,False,True,2024-08-02T09:26:25,2024-11-20T09:26:25
C001846,İbrahim Öztürk,individual,M,1999-07-02,ibrahim.ozturk66@hotmail.com,+905564117104,İstanbul,True,True,2024-05-13T04:13:45,2024-08-17T04:13:45
C001847,Eren Tekin,individual,M,1990-06-14,eren.tekin@gmail.com,+905478492311,Antalya,False,True,2026-04-22T08:28:19,2026-10-16T08:28:19
C001848,Furkan Ateş,individual,M,1964-02-26,furkan.ates@yahoo.com,0547 799 65 90,Bursa,True,True,2025-10-20T05:25:14,2026-02-12T05:25:14
C001849,Gamze Ateş,individual,F,1991-01-03,gamze.ates13@gmail.com,+905472813207,İstanbul,True,True,2025-05-14T09:35:42,2025-08-12T09:35:42
C001850,Murat Çelik,individual,M,1994-07-06,murat.celik@outlook.com,+905325934260,İstanbul,False,True,2024-06-08T02:17:43,2024-12-09T02:17:43
C001851,Marmara Gıda A.Ş.,corporate,,,marmaragida@marmara.com.tr,+905527767646,İstanbul,True,True,2024-08-13T09:34:01,2024-09-27T09:34:01
C001852,Berk Karaca,individual,M,1987-05-22,berk.karaca45@yahoo.com,+905381223880,Antalya,True,False,2023-09-08T08:53:19,2023-10-25T08:53:19
C001853,Sude Çakır,individual,F,1982-03-22,sude.cakir at hotmail.com,+905452427286,İstanbul,True,True,2026-03-22T11:42:17,2026-04-16T11:42:17
C001854,Eren Kara,individual,M,1979-06-28,eren.kara@gmail.com,+905597705734,Denizli,True,True,2025-10-02T04:12:28,2025-12-03T04:12:28
C001855,Gizem Avcı,individual,F,1975-11-24,gizem.avci@gmail.com,+90 541 238 2915,İstanbul,True,True,2026-01-05T16:11:41,2026-05-31T16:11:41
C001856,Halil Kılıç,individual,M,1994-06-03,halil.kilic20@outlook.com,+905309215748,İstanbul,True,True,2026-07-22T04:22:15,2026-08-06T04:22:15
C001857,Tolga Acar,individual,M,1986-01-14,tolga.acar@outlook.com,+905539438509,İstanbul,True,False,2024-11-20T18:10:20,2025-05-26T18:10:20
C001858,Arda Şimşek,individual,M,2001-05-24,arda.simsek64@icloud.com,+905315545934,Antalya,True,True,2024-03-22T23:21:58,2024-08-31T23:21:58
C001859,Merve Tekin,individual,F,2003-01-02,merve.tekin1@icloud.com,+905533065459,İstanbul,True,False,2026-01-08T08:37:50,2026-05-03T08:37:50
C001860,Nur Polat,individual,F,1951-12-07,nur.polat@yahoo.com,+905546650282,Gaziantep,True,False,2024-05-27T03:41:37,2024-08-24T03:41:37
C001861,Hasan Yılmaz,individual,M,1986-04-11,hasan.yilmaz@outlook.com,+905536394770,İzmir,True,True,2024-06-15T13:28:02,2024-06-22T13:28:02
C001862,Boğaziçi Gıda Ltd. Şti.,corporate,,,bogazicigida@bogazici.com.tr,+905437159414,İzmir,True,True,2025-09-22T00:22:36,2025-11-21T00:22:36
C001863,Kaan Güneş,individual,M,1979-01-13,kaan.gunes69@outlook.com,+905553779324,İstanbul,True,False,2023-11-27T20:46:43,2024-02-20T20:46:43
C001864,Oğuz Erdoğan,individual,M,1971-04-16,oguz.erdogan81@hotmail.com,0555 674 04 91,İzmir,True,True,2025-07-04T14:49:24,2025-12-11T14:49:24
C001865,Eren Korkmaz,individual,M,1995-02-01,eren.korkmaz30@yahoo.com,+905556891739,Adana,True,False,2024-09-25T22:37:49,2025-03-06T22:37:49
C001866,Global Otomotiv Yan Sanayi Ltd. Şti.,corporate,,,globalotomotivyansanayi@global.com.tr,5417150348,İzmir,True,False,2025-06-21T12:48:11,2026-01-02T12:48:11
C001867,Kuzey Tekstil Ltd. Şti.,corporate,,,kuzeytekstil@kuzey.com.tr,+905492554876,Antalya,True,True,2025-05-19T19:04:04,2025-09-18T19:04:04
C001868,Derya Ateş,individual,F,1981-07-18,derya.ates@gmail.com,+905323285649,İstanbul,False,False,2024-01-23T02:30:34,2024-02-14T02:30:34
C001869,Selin Uzun,individual,F,1990-03-21,selin.uzun@gmail.com,+905578806169,İstanbul,True,True,2025-03-29T16:12:03,2025-08-17T16:12:03
C001870,Seda Kurt,individual,F,1966-04-24,seda.kurt95@hotmail.com,+905501838264,Mersin,True,False,2024-02-23T14:32:31,2024-04-23T14:32:31
C001871,Delta Gıda A.Ş.,corporate,,,deltagida@delta.com.tr,+905503382490,Gaziantep,True,True,2025-08-04T13:23:41,2025-11-12T13:23:41
C001872,Akdeniz Yazılım Ltd. Şti.,corporate,,,akdenizyazilim@akdeniz.com.tr,+905398049430,Adana,True,False,2025-05-28T17:17:05,2025-11-18T17:17:05
C001873,Halil Çelik,individual,M,1993-01-22,halil.celik30@gmail.com,+905443826940,Mersin,True,True,2025-08-27T14:47:23,2025-09-07T14:47:23
C001874,Cansu Kaya,individual,F,1975-05-09,cansu.kaya@icloud.com,+905547124438,Ankara,True,True,2026-08-10T18:53:48,2027-02-13T18:53:48
C001875,Yusuf Kaya,individual,M,1998-05-16,yusuf.kaya77@icloud.com,+905492395061,İstanbul,False,True,2024-06-02T08:47:09,2024-11-13T08:47:09
C001876,Nova Turizm A.Ş.,corporate,,,novaturizm@nova.com.tr,+905407955426,Kocaeli,True,False,2024-04-02T12:14:38,2024-09-10T12:14:38
C001877,Deniz Karaca,individual,M,1993-05-28,deniz.karaca@hotmail.com,+905554137149,Denizli,True,True,2026-04-23T21:59:26,2026-09-26T21:59:26
C001878,Anadolu Danışmanlık Ltd. Şti.,corporate,,,anadoludanismanlik@anadolu.com.tr,+90 546 212 4280,Bursa,True,False,2025-05-17T18:06:30,2025-06-19T18:06:30
C001879,Esra Sarı,individual,F,1966-11-05,esra.sari@icloud.com,05352869317,istanbul,True,True,2023-11-07T11:43:25,2024-05-12T11:43:25
C001880,Global Medya A.Ş.,corporate,,,globalmedya@global.com.tr,+905481061229,Antalya,True,True,2026-05-04T16:07:13,2026-07-03T16:07:13
C001881,Deniz Özdemir,individual,M,1989-06-09,deniz.ozdemir@outlook.com,+905561947351,İzmir,True,False,2026-08-15T14:50:52,2026-09-06T14:50:52
C001882,Hande Çetin,individual,F,1988-02-19,hande.cetin20@icloud.com,+905476308090,İstanbul,True,True,2024-09-12T17:06:42,2024-10-08T17:06:42
C001883,Meridyen Tekstil Ltd. Şti.,corporate,,,meridyentekstil@meridyen.com.tr,+905389293380,İstanbul,True,True,2025-04-07T05:53:12,2025-07-26T05:53:12
C001884,Hüseyin Turan,individual,M,1986-04-28,huseyin.turan@icloud.com,+905531612035,Ankara,True,False,2026-08-13T08:49:50,2026-11-18T08:49:50
C001885,Ceren Yıldız,individual,F,1989-02-08,ceren.yildiz50@yahoo.com,+905413478718,İstanbul,True,True,2024-09-05T19:45:02,2024-10-20T19:45:02
C001886,Can Keskin,individual,M,1975-10-18,can.keskin48@gmail.com,+905327361138,ISTANBUL,False,True,2023-09-04T04:12:59,2023-12-11T04:12:59
C001887,Eren Kara,individual,M,1991-04-01,eren.kara@icloud.com,+905513188876,Kocaeli,True,False,2025-07-01T08:42:58,2025-12-20T08:42:58
C001888,Dilara Arslan,individual,F,1986-09-05,dilara.arslan@icloud.com,+905473829774,Gaziantep,True,True,2023-10-11T07:59:18,2023-10-15T07:59:18
C001889,Hüseyin Acar,individual,M,1984-08-14,huseyin.acar@hotmail.com,+905343759721,Bursa,True,True,2025-08-21T01:33:37,2025-10-29T01:33:37
C001890,Hasan Tekin,individual,M,1991-05-27,hasan.tekin@icloud.com,+905507582478,İstanbul,True,True,2024-08-06T09:03:53,2025-02-13T09:03:53
C001891,Eren Özdemir,individual,M,1987-09-20,eren.ozdemir@yahoo.com,+905482378837,Ankara,True,False,2024-04-19T13:02:19,2024-06-15T13:02:19
C001892,Can Demir,individual,M,1968-12-08,can.demir47@hotmail.com,+905433565338,İstanbul,True,False,2026-03-26T15:41:36,2026-07-31T15:41:36
C001893,Ebru Bulut,individual,F,1995-03-07,ebru.bulut1@hotmail.com,+905358151031,İzmir,True,True,2026-03-25T09:02:57,2026-08-09T09:02:57
C001894,Mustafa Koç,individual,M,1976-03-11,mustafa.koc@outlook.com,+905431062881,İstanbul,True,True,2024-08-28T12:06:31,2024-10-26T12:06:31
C001895,Emre Demir,individual,M,1963-12-03,emre.demir96@hotmail.com,+905433861123,Kocaeli,True,True,2025-01-12T18:51:50,2025-07-13T18:51:50
C001896,Ceren Erdoğan,individual,F,2000-06-13,ceren.erdogan@yahoo.com,+905395233963,İstanbul,True,False,2025-06-18T18:17:09,2025-12-26T18:17:09
C001897,Derya Turan,individual,F,1977-04-08,derya.turan@gmail.com,+905365973615,İstanbul,True,False,2025-10-19T18:32:50,2025-12-03T18:32:50
C001898,Mehmet Polat,individual,M,1978-01-20,,+905422600823,Eskişehir,True,True,2026-07-12T01:51:16,2026-11-17T01:51:16
C001899,Kaan Yalçın,individual,M,1976-03-14,kaan.yalcin@outlook.com,5419055401,İstanbul,True,True,2025-05-16T20:21:34,2025-08-04T20:21:34
C001900,Seda Koç,individual,F,1986-04-03,seda.koc@icloud.com,5348703678,İstanbul,True,True,2025-02-04T16:25:32,2025-04-05T16:25:32
C001901,Barış Tekin,individual,M,1974-04-13,baris.tekin26@hotmail.com,+905418444675,İstanbul,True,True,2026-03-31T06:38:59,2026-09-27T06:38:59
C001902,Cem Bozkurt,individual,M,1987-12-07,cem.bozkurt84@outlook.com,+905354579041,Bursa,True,True,2024-01-25T02:26:23,2024-05-24T02:26:23
C001903,Efe Çelik,individual,M,1964-02-23,efe.celik69@icloud.com,+905331369858,İzmir,True,False,2025-07-15T03:30:32,2025-10-18T03:30:32
C001904,Akdeniz Turizm Ltd. Şti.,corporate,,,akdenizturizm@akdeniz.com.tr,+905381976881,İstanbul,True,False,2025-06-11T02:10:37,2025-08-25T02:10:37
C001905,Damla Çetin,individual,F,1973-01-26,damla.cetin@icloud.com,+905392677797,Mersin,True,False,2024-07-13T07:27:31,2024-12-07T07:27:31
C001906,Hande Çakır,individual,F,1995-05-18,hande.cakir@outlook.com,+905444472323,Denizli,True,True,2024-07-17T00:53:19,2024-10-25T00:53:19
C001907,Tolga Ünal,individual,M,1997-04-06,tolga.unal@icloud.com,+905387453594,İzmir,True,False,2024-09-25T15:13:02,2024-10-11T15:13:02
C001908,Ayşe Keskin,individual,F,1969-03-11,ayse.keskin@hotmail.com,+905579159290,Antalya,True,True,2025-10-08T19:45:10,2025-12-01T19:45:10
C001909,Serkan Arslan,individual,M,1958-03-07,serkan.arslan85@hotmail.com,+905473459870,Denizli,True,False,2024-12-28T18:30:34,2025-03-15T18:30:34
C001910,Marmara Danışmanlık Ltd. Şti.,corporate,,,marmaradanismanlik@marmara.com.tr,+905493414091,Konya,True,True,2024-07-23T20:04:09,2024-08-20T20:04:09
C001911,Atlas Tekstil A.Ş.,corporate,,,atlastekstil@atlas.com.tr,+905328875861,İstanbul,True,True,2025-04-03T22:10:23,2025-06-03T22:10:23
C001912,İbrahim Özdemir,individual,M,1978-09-06,ibrahim.ozdemir@hotmail.com,+905347056002,Adana,True,True,2025-01-30T11:22:54,2025-05-30T11:22:54
C001913,Hasan Erdoğan,individual,M,1996-09-25,hasan.erdogan@icloud.com,+905489833349,Muğla,False,True,2025-02-25T04:45:44,2025-04-07T04:45:44
C001914,Beyza Öztürk,individual,F,1988-05-17,beyza.ozturk@hotmail.com,+905399362414,İstanbul,True,False,2024-04-29T15:09:37,2024-09-15T15:09:37
C001915,Onur Korkmaz,individual,M,1986-12-16,onur.korkmaz@gmail.com,+905469562393,İzmir,False,False,2024-12-27T03:35:06,2025-05-02T03:35:06
C001916,Global Medya A.Ş.,corporate,,,,+905592608109,Bursa,True,True,2026-08-15T14:03:52,2026-11-10T14:03:52
C001917,Tolga Ünal,individual,M,1975-07-13,tolga.unal34@hotmail.com,+905507470164,İzmir,True,False,2025-05-08T18:37:03,2025-05-19T18:37:03
C001918,Efe Arslan,individual,M,1999-07-28,efe.arslan@yahoo.com,+905412909360,ISTANBUL,True,False,2025-10-31T01:57:59,2026-03-12T01:57:59
C001919,Ahmet Kara,individual,M,1970-05-08,ahmet.kara@gmail.com,+90 530 944 9913,İzmir,True,False,2025-01-09T18:21:15,2025-05-26T18:21:15
C001920,Hüseyin Tekin,individual,M,1991-04-24,huseyin.tekin@icloud.com,+905597390295,İstanbul,True,True,2024-09-30T10:42:50,2025-04-08T10:42:50
C001921,Hasan Aydın,individual,M,1977-07-09,hasan.aydin@icloud.com,+90 547 613 8550,İzmir,True,True,2025-01-18T09:58:59,2025-04-15T09:58:59
C001922,Mehmet Tekin,individual,M,1988-11-25,mehmet.tekin@hotmail.com,+905312271340,İzmir,True,False,2025-04-01T13:58:39,2025-10-16T13:58:39
C001923,Mehmet Arslan,individual,M,1982-12-29,mehmet.arslan@outlook.com,+905324912616,Antalya,True,True,2024-04-02T18:31:24,2024-06-29T18:31:24
C001924,Ege Danışmanlık A.Ş.,corporate,,,egedanismanlik@ege.com.tr,+905413303726,Ankara,True,False,2025-01-08T05:16:21,2025-05-30T05:16:21
C001925,Hande Uzun,individual,F,1959-04-16,hande.uzun33@icloud.com,+905507097928,Istanbul,True,True,2026-08-23T01:11:48,2026-10-18T01:11:48
C001926,Yusuf Kaya,individual,M,2000-09-10,yusuf.kaya40@outlook.com,+905391026798,İstanbul,True,False,2024-02-27T00:24:39,2024-08-20T00:24:39
C001927,Mustafa Aslan,individual,M,2001-02-16,mustafa.aslan15@yahoo.com,+905389061193,İzmir,True,True,2024-03-30T18:21:38,2024-08-05T18:21:38
C001928,Nova Otomotiv Yan Sanayi Ltd. Şti.,corporate,,,novaotomotivyansanayi@nova.com.tr,+905506847608,Mersin,True,True,2024-01-04T20:20:07,2024-07-18T20:20:07
C001929,Ufuk Otomotiv Yan Sanayi A.Ş.,corporate,,,ufukotomotivyansanayi@ufuk.com.tr,+905445530320,İzmir,True,True,2024-12-31T01:05:15,2025-05-15T01:05:15
C001930,Selin Çetin,individual,F,1994-05-27,selin.cetin@yahoo.com,+905466821438,İstanbul,True,True,2024-02-16T03:42:28,2024-04-24T03:42:28
C001931,Aslı Özdemir,individual,F,1988-04-25,asli.ozdemir@icloud.com,+905344545343,Mersin,True,False,2026-08-26T01:40:53,2026-11-15T01:40:53
C001932,Seda Doğan,individual,F,1989-09-06,seda.dogan@icloud.com,+905582061303,İstanbul,True,True,2023-10-26T23:46:31,2024-04-12T23:46:31
C001933,Eren Keskin,individual,M,1977-01-22,eren.keskin63@outlook.com,+905561094689,Bursa,True,True,2025-09-22T23:51:07,2026-01-16T23:51:07
C001934,Selin Korkmaz,individual,F,1953-09-13,selin.korkmaz36@yahoo.com,05444010599,Adana,False,False,2024-02-12T12:42:24,2024-08-10T12:42:24
C001935,Arda Karaca,individual,M,1980-04-12,arda.karaca40@gmail.com,+905488485241,Bursa,True,False,2024-10-07T01:06:22,2024-10-11T01:06:22
C001936,Boğaziçi Turizm A.Ş.,corporate,,,bogaziciturizm@bogazici.com.tr,+905593433826,Ankara,True,False,2024-05-04T08:59:19,2024-06-08T08:59:19
C001937,Cem Aydın,individual,M,1993-03-18,cem.aydin91@gmail.com,+905374596462,Ankara,True,False,2026-06-08T09:17:27,2026-11-13T09:17:27
C001938,Anadolu Gıda Ltd. Şti.,corporate,,,anadolugida@anadolu.com.tr,+905418807452,İstanbul,True,True,2025-11-05T14:57:48,2025-11-12T14:57:48
C001939,Umut Keskin,individual,M,1980-08-15,umut.keskin59@yahoo.com,+905477121581,İstanbul,False,False,2025-05-10T14:05:23,2025-05-26T14:05:23
C001940,Oğuz Özdemir,individual,M,1991-08-12,oguz.ozdemir34@icloud.com,5537747979,İstanbul,True,False,2025-11-24T06:53:46,2026-01-14T06:53:46
C001941,Marmara Teknoloji A.Ş.,corporate,,,,+905315358241,Bursa,True,False,2024-01-07T13:11:19,2024-05-26T13:11:19
C001942,Tolga Avcı,individual,M,1987-05-16,tolga.avci36@icloud.com,+905443692438,Bursa,True,False,2025-04-11T23:24:20,2025-04-14T23:24:20
C001943,Mehmet Sarı,individual,M,1997-02-28,mehmet.sari62@icloud.com,+905417211333,Eskişehir,True,False,2025-07-31T20:38:51,2025-08-24T20:38:51
C001944,Deniz Öztürk,individual,M,1967-04-17,deniz.ozturk@gmail.com,0 (553) 809-1439,İstanbul,True,False,2025-03-13T23:38:53,2025-05-29T23:38:53
C001945,Tolga Aydın,individual,M,1991-10-24,tolga.aydin40@icloud.com,+905492245828,Adana,True,False,2025-09-05T05:01:28,2026-01-05T05:01:28
C001946,Barış Yılmaz,individual,M,1979-03-22,baris.yilmaz80@yahoo.com,+905482744447,İstanbul,True,True,2026-01-26T07:38:04,2026-06-20T07:38:04
C001947,Delta Turizm A.Ş.,corporate,,,deltaturizm@delta.com.tr,+905572225528,Ankara,True,True,2025-09-02T13:25:44,2025-11-04T13:25:44
C001948,Can Demir,individual,M,1962-09-03,can.demir@icloud.com,+905383420615,İstanbul,True,False,2026-06-18T17:34:30,2026-07-17T17:34:30
C001949,Melis Çetin,individual,F,1971-02-05,,5303265041,Bursa,True,True,2024-01-17T21:45:59,2024-02-26T21:45:59
C001950,Tuğba Bozkurt,individual,F,1992-01-04,tugba.bozkurt@outlook.com,+905501518311,Bursa,True,True,2023-11-08T02:35:19,2024-04-25T02:35:19
C001951,Efe Tekin,individual,M,1978-03-16,efe.tekin@gmail.com,+905327385120,İstanbul,True,True,2025-01-07T04:11:24,2025-01-20T04:11:24
C001952,Melis Aydın,individual,F,1990-07-11,melis.aydin70@outlook.com,+905516615459,Konya,True,True,2025-01-04T06:38:44,2025-05-02T06:38:44
C001953,Derya Çetin,individual,F,1986-05-23,derya.cetin48@gmail.com,+905429471567,Denizli,True,True,2026-02-22T02:04:57,2026-08-18T02:04:57
C001954,Murat Uzun,individual,M,1986-04-04,murat.uzun@icloud.com,+905352008758,Kocaeli,True,False,2025-01-03T11:32:52,2025-03-22T11:32:52
C001955,Onur Koç,individual,M,1984-03-23,onur.koc11@hotmail.com,+905572394907,Ankara,True,True,2025-07-20T21:47:02,2025-11-17T21:47:02
C001956,Ayşe Yılmaz,individual,F,1972-08-28,ayse.yilmaz@icloud.com,+905593187092,İzmir,True,False,2024-02-15T19:09:25,2024-04-04T19:09:25
C001957,Ceren Öztürk,individual,F,1987-02-22,ceren.ozturk9@icloud.com,+905387548058,Mersin,True,True,2024-01-06T18:20:58,2024-06-17T18:20:58
C001958,Ayşe Bozkurt,individual,F,1999-09-15,ayse.bozkurt12@hotmail.com,+905427074985,Mersin,True,True,2024-06-03T09:49:13,2024-10-12T09:49:13
C001959,Beyza Polat,individual,F,1986-01-01,beyza.polat@yahoo.com,+905466575882,Ankara,True,True,2026-01-03T13:43:01,2026-03-27T13:43:01
C001960,Can Yıldırım,individual,M,1980-03-08,can.yildirim28@hotmail.com,+905318401539,Ankara,True,False,2025-03-30T16:31:18,2025-04-19T16:31:18
C001961,Melis Karaca,individual,F,1979-02-04,melis.karaca20@outlook.com,+905313144993,İstanbul,True,False,2025-06-26T09:24:11,2025-11-11T09:24:11
C001962,Burak Sarı,individual,M,1982-06-14,burak.sari63@yahoo.com,+905463238820,Konya,True,False,2025-01-15T22:28:32,2025-01-26T22:28:32
C001963,Efe Erdoğan,individual,M,1985-02-15,efe.erdogan@icloud.com,0554 322 56 92,İstanbul,True,False,2026-03-13T22:27:48,2026-07-20T22:27:48
C001964,Akdeniz Medya A.Ş.,corporate,,,akdenizmedya@akdeniz.com.tr,+90 548 146 8855,Gaziantep,True,True,2025-06-08T23:09:07,2025-12-03T23:09:07
C001965,Hande Aslan,individual,F,1980-11-24,,+905305916163,İstanbul,True,True,2026-04-22T02:11:44,2026-10-13T02:11:44
C001966,İrem Ateş,individual,F,1980-11-14,irem.ates79@yahoo.com,0541 242 44 60,İstanbul,True,False,2023-11-18T10:20:28,2024-01-05T10:20:28
C001967,Hasan Erdoğan,individual,M,1998-04-06,hasan.erdogan@icloud.com,+905327518114,İstanbul,True,True,2024-12-21T06:40:13,2025-05-11T06:40:13
C001968,Delta Otomotiv Yan Sanayi Ltd. Şti.,corporate,,,deltaotomotivyansanayi@delta.com.tr,+905395558138,Mersin,True,False,2026-01-10T01:44:29,2026-07-11T01:44:29
C001969,Burak Şimşek,individual,M,1977-03-16,burak.simsek41@icloud.com,+905415543447,İstanbul,False,False,2026-04-21T19:56:23,2026-09-28T19:56:23
C001970,Can Taş,individual,M,1978-09-17,can.tas57@hotmail.com,+905372236805,Konya,True,False,2026-03-05T08:17:01,2026-08-18T08:17:01
C001971,Furkan Öztürk,individual,M,1995-10-05,furkan.ozturk@hotmail.com,+905467717453,Antalya,True,True,2024-01-08T02:12:27,2024-03-22T02:12:27
C001972,Pınar Arslan,individual,F,1971-03-15,pinar.arslan89@gmail.com,+905352364182,ISTANBUL,False,False,2026-04-03T20:34:59,2026-09-01T20:34:59
C001973,İbrahim Keskin,individual,M,1969-05-11,ibrahim.keskin92@yahoo.com,+905351037479,Adana,True,False,2026-01-14T13:10:10,2026-01-21T13:10:10
C001974,Tuğba Korkmaz,individual,F,1971-06-15,tugba.korkmaz36@icloud.com,+905575645022,Ankara,True,True,2025-03-09T12:12:10,2025-03-16T12:12:10
C001975,Aslı Şahin,individual,F,1967-09-03,asli.sahin@hotmail.com,+905505501540,Ankara,True,True,2025-06-25T17:08:31,2026-01-10T17:08:31
C001976,Hande Yılmaz,individual,F,1981-08-22,hande.yilmaz@gmail.com,+905493973812,İzmir,False,False,2023-10-20T12:12:54,2024-02-05T12:12:54
C001977,Seda Özdemir,individual,F,1997-06-26,seda.ozdemir@yahoo.com,+905583132122,İzmir,True,True,2024-08-18T16:54:47,2024-11-24T16:54:47
C001978,Damla Uzun,individual,F,1994-07-23,damla.uzun67@yahoo.com,+905337451144,ISTANBUL,True,True,2024-12-02T00:43:31,2025-03-07T00:43:31
C001979,Zeynep Çelik,individual,F,1996-01-17,zeynep.celik5@outlook.com,+905401610873,İstanbul,False,True,2024-10-07T06:40:22,2025-01-23T06:40:22
C001980,Emre Erdoğan,individual,M,1978-04-19,emre.erdogan@gmail.com,+905571006333,Denizli,True,True,2025-04-24T05:25:15,2025-06-17T05:25:15
C001981,Aslı Demir,individual,F,1972-06-08,asli.demir@yahoo.com,05382180425,Gaziantep,True,True,2024-01-18T12:32:10,2024-03-13T12:32:10
C001982,Ömer Taş,individual,M,1959-04-04,omer.tas@icloud.com,+905437153876,İzmir,True,True,2024-09-17T13:06:26,2025-04-01T13:06:26
C001983,Yusuf Yalçın,individual,M,1973-12-18,yusuf.yalcin@outlook.com,0557 699 22 71,İstanbul,True,True,2024-01-09T06:18:09,2024-03-06T06:18:09
C001984,Kaan Uzun,individual,M,1999-01-03,,+905381573697,Antalya,True,False,2025-07-14T05:09:57,2025-10-20T05:09:57
C001985,Ebru Doğan,individual,F,1993-07-01,ebru.dogan@yahoo.com,+905449801284,Ankara,True,True,2024-02-07T23:33:44,2024-07-11T23:33:44
C001986,Pınar Yılmaz,individual,F,1975-01-23,pinar.yilmaz@hotmail.com,+905599919793,Adana,False,True,2024-05-24T13:13:28,2024-08-23T13:13:28
C001987,Ufuk Medya Ltd. Şti.,corporate,,,ufukmedya@ufuk.com.tr,+905454824396,İstanbul ,True,False,2025-06-18T00:19:24,2025-10-29T00:19:24
C001988,Ömer Yalçın,individual,M,1988-05-01,omer.yalcin7@outlook.com,0539 227 93 56,Konya,True,False,2024-03-28T17:17:58,2024-07-30T17:17:58
C001989,İbrahim Demir,individual,M,1978-11-06,ibrahim.demir54@icloud.com,+905586545361,İstanbul,True,False,2025-12-13T18:07:36,2026-04-26T18:07:36
C001990,Umut Yalçın,individual,M,1998-08-29,umut.yalcin65@hotmail.com,+905496054633,Konya,True,True,2024-10-01T00:58:26,2025-03-23T00:58:26
C001991,Aslı Arslan,individual,F,1995-01-18,asli.arslan@gmail.com,+90 547 338 3273,İstanbul,True,True,2025-12-22T05:20:56,2026-02-28T05:20:56
C001992,Can Kara,individual,M,1998-12-30,can.kara@gmail.com,+905538531583,Ankara,True,False,2025-06-29T23:04:25,2025-08-25T23:04:25
C001993,Hasan Yıldız,individual,M,1970-09-08,hasan.yildiz76@outlook.com,+905594064198,Ankara,True,True,2025-07-08T14:43:00,2025-08-12T14:43:00
C001994,Ebru Taş,individual,F,1972-01-31,,+905451350179,Muğla,True,False,2025-12-10T21:20:36,2026-03-01T21:20:36
C001995,Dilara Taş,individual,F,1978-09-19,,+905519163046,İstanbul ,True,False,2026-05-10T16:16:36,2026-08-19T16:16:36
C001996,Nova Gıda Ltd. Şti.,corporate,,,novagida@nova.com.tr,+905333359628,İstanbul,True,False,2026-03-01T16:24:47,2026-09-02T16:24:47
C001997,Umut Yılmaz,individual,M,1995-04-05,umut.yilmaz@gmail.com,+905471970849,İzmir,True,False,2024-03-09T13:09:05,2024-09-23T13:09:05
C001998,Damla Yıldız,individual,F,2002-06-06,damla.yildiz@icloud.com,+905369008246,Ankara,True,True,2024-11-03T23:15:07,2025-02-02T23:15:07
C001999,Murat Ateş,individual,M,1986-09-04,murat.ates59@icloud.com,+905497727734,Denizli,True,False,2026-08-27T21:04:03,2027-02-24T21:04:03
C002000,Kuzey Enerji A.Ş.,corporate,,,kuzeyenerji@kuzey.com.tr,+905589164616,İzmir,True,True,2025-07-23T02:04:55,2025-08-07T02:04:55
C002001,Oğuz Kurt,individual,M,1982-06-12,oguz.kurt23@hotmail.com,0544 536 81 50,İzmir,True,False,2025-10-17T06:08:22,2026-05-03T06:08:22
C002002,Aslı Kılıç,individual,F,1963-03-25,asli.kilic76@yahoo.com,+905477465712,İstanbul,True,True,2025-02-23T23:59:53,2025-05-30T23:59:53
C002003,Damla Taş,individual,F,2002-02-16,damla.tas@icloud.com,+905506568305,İstanbul,True,True,2024-08-23T02:14:07,2025-01-03T02:14:07
C002004,Ahmet Koç,individual,M,1978-06-27,ahmet.koc@hotmail.com,5541356685,Ankara,True,True,2025-08-07T13:23:38,2025-12-09T13:23:38
C002005,Melis Keskin,individual,F,1996-12-16,melis.keskin69@gmail.com,+905501125650,İstanbul,True,False,2024-06-23T04:26:17,2024-10-23T04:26:17
C002006,İrem Çelik,individual,F,2000-09-07,irem.celik70@icloud.com,+905387417550,Denizli,True,True,2026-05-10T03:27:56,2026-11-02T03:27:56
C002007,Akdeniz Enerji Ltd. Şti.,corporate,,,akdenizenerji@akdeniz.com.tr,+905555329040,İstanbul,True,True,2024-08-01T03:11:26,2024-09-21T03:11:26
C002008,Elif Keskin,individual,F,1968-05-15,elif.keskin20@outlook.com,+905586570461,Ankara,True,True,2025-07-09T21:22:50,2025-07-26T21:22:50
C002009,Delta Sağlık Ltd. Şti.,corporate,,,deltasaglik@delta.com.tr,+905421490728,İstanbul,True,False,2025-04-07T09:15:04,2025-08-23T09:15:04
C002010,Akdeniz Yazılım Ltd. Şti.,corporate,,,akdenizyazilim@akdeniz.com.tr,5578132347,Ankara,True,True,2024-05-22T07:40:53,2024-10-06T07:40:53
C002011,Serkan Bozkurt,individual,M,1997-03-08,serkan.bozkurt95@icloud.com,+905336670017,İstanbul,True,True,2025-05-23T05:04:40,2025-05-29T05:04:40
C002012,Global Gıda Ltd. Şti.,corporate,,,globalgida@global.com.tr,+905428303198,Samsun,False,True,2025-04-30T17:01:00,2025-07-09T17:01:00
C002013,Deniz Korkmaz,individual,M,1982-05-20,deniz.korkmaz@yahoo.com,+905587063532,Ankara,True,True,2024-10-27T17:25:58,2025-03-29T17:25:58
C002014,Dilara Turan,individual,F,1972-03-01,dilara.turan@icloud.com,+905341561276,Konya,True,False,2026-08-13T04:05:10,2026-10-20T04:05:10
C002015,Furkan Kaya,individual,M,1981-12-11,furkan.kaya26@yahoo.com,+905327580823,İstanbul,True,False,2025-03-28T14:03:06,2025-09-25T14:03:06
C002016,Marmara Tekstil Ltd. Şti.,corporate,,,marmaratekstil@marmara.com.tr,+905555463294,İstanbul,True,False,2024-12-24T00:02:28,2025-04-22T00:02:28
C002017,Mustafa Bozkurt,individual,M,1979-03-30,mustafa.bozkurt@hotmail.com,+905554840813,Antalya,True,False,2025-11-03T11:14:48,2026-02-11T11:14:48
C002018,Eren Çetin,individual,M,1970-08-11,eren.cetin@outlook.com,5348302133,İstanbul,True,False,2024-04-25T16:33:34,2024-10-20T16:33:34
C002019,Melis Çakır,individual,F,2002-02-10,melis.cakir@icloud.com,+905536759949,Antalya,True,True,2025-02-04T04:42:43,2025-07-02T04:42:43
C002020,Barış Yılmaz,individual,M,1969-09-19,baris.yilmaz@outlook.com,+905458962384,İstanbul,True,True,2026-06-09T09:43:15,2026-08-03T09:43:15
C002021,Emre Özkan,individual,M,2002-03-04,emre.ozkan@gmail.com,+905426530677,Ankara,True,False,2023-10-17T09:03:36,2024-03-14T09:03:36
C002022,Cem Korkmaz,individual,M,1993-01-09,cem.korkmaz@gmail.com,0546 644 94 02,İstanbul,True,True,2026-01-01T20:38:02,2026-05-20T20:38:02
C002023,Barış Doğan,individual,M,1976-08-08,baris.dogan@yahoo.com,+905432138144,Antalya,True,True,2025-08-26T08:54:12,2025-12-11T08:54:12
C002024,Kerem Çakır,individual,M,1992-08-18,kerem.cakir6@hotmail.com,+905385714776,Adana,True,False,2025-12-27T00:48:08,2026-05-19T00:48:08
C002025,Halil Tekin,individual,M,2000-02-04,halil.tekin72@outlook.com,+905358433876,İstanbul,True,True,2026-06-22T05:01:40,2026-10-27T05:01:40
C002026,Selin Kılıç,individual,F,1981-05-07,selin.kilic35@yahoo.com,+905459503696,Antalya,True,True,2025-04-09T23:42:57,2025-06-30T23:42:57
C002027,Naz Kılıç,individual,F,1987-03-18,naz.kilic@hotmail.com,+905509070966,İstanbul,False,True,2024-06-11T20:04:45,2024-11-16T20:04:45
C002028,Meridyen Gıda Ltd. Şti.,corporate,,,,+90 537 904 6567,Ankara,True,True,2025-11-08T14:45:49,2026-05-26T14:45:49
C002029,Furkan Koç,individual,M,1988-08-12,furkan.koc@hotmail.com,+905447061460,İstanbul,True,False,2024-01-02T14:02:27,2024-03-01T14:02:27
C002030,Emre Kılıç,individual,M,1974-03-25,emre.kilic46@hotmail.com,+905533190736,İstanbul,True,True,2025-12-21T02:22:00,2025-12-23T02:22:00
C002031,Oğuz Avcı,individual,M,1983-01-19,oguz.avci51@outlook.com,+905544073081,İstanbul,True,False,2024-09-30T03:48:31,2024-12-25T03:48:31
C002032,Merve Yıldırım,individual,F,1973-06-09,merve.yildirim@gmail.com,+905559519607,İstanbul,True,True,2024-01-03T10:58:34,2024-06-06T10:58:34
C002033,Marmara Medya A.Ş.,corporate,,,marmaramedya@marmara.com.tr,+905311083889,İzmir,True,False,2026-01-24T05:27:50,2026-03-12T05:27:50
C002034,Dilara Bulut,individual,F,1985-03-05,dilara.bulut@icloud.com,+905371909656,Muğla,True,True,2024-06-03T05:55:18,2024-07-15T05:55:18
C002035,Anadolu Danışmanlık A.Ş.,corporate,,,anadoludanismanlik@anadolu.com.tr,+905558421502,İstanbul,True,True,2024-02-27T08:08:38,2024-07-26T08:08:38
C002036,Mehmet Ünal,individual,M,1988-05-04,mehmet.unal91@outlook.com,5306289232,Kocaeli,True,True,2025-05-03T13:35:50,2025-10-13T13:35:50
C002037,Nova Enerji A.Ş.,corporate,,,novaenerji@nova.com.tr,+905526181781,İstanbul,True,False,2024-12-22T00:45:54,2025-06-10T00:45:54
C002038,Derya Tekin,individual,F,1992-12-30,derya.tekin23@outlook.com,+905544226646,İstanbul,True,True,2026-07-26T18:08:50,2026-11-24T18:08:50
C002039,Tolga Doğan,individual,M,1994-06-09,tolga.dogan53@icloud.com,+905517221501,Bursa,True,True,2025-02-25T12:18:49,2025-03-10T12:18:49
C002040,Akdeniz Turizm Ltd. Şti.,corporate,,,akdenizturizm@akdeniz.com.tr,+905364638028,Bursa,True,True,2024-05-12T20:57:23,2024-10-17T20:57:23
C002041,Büşra Tekin,individual,F,1975-11-23,busra.tekin81@hotmail.com,+905387409426,ankara,True,True,2024-07-01T07:08:37,2024-07-07T07:08:37
C002042,Mehmet Yalçın,individual,M,2002-01-13,mehmet.yalcin51@yahoo.com,+905427899346,Ankara,True,False,2025-05-06T13:11:44,2025-11-14T13:11:44
C002043,Tolga Sarı,individual,M,1985-08-14,tolga.sari96@gmail.com,+90 553 810 1615,İstanbul,True,False,2024-04-16T18:40:04,2024-05-30T18:40:04
C002044,Ceren Çakır,individual,F,1976-08-15,ceren.cakir97@yahoo.com,0 (545) 539-5557,İstanbul,True,True,2024-04-06T05:36:39,2024-06-19T05:36:39
C002045,Furkan Doğan,individual,M,1974-09-24,furkan.dogan93@yahoo.com,+905588988616,Istanbul,True,True,2026-01-06T21:57:03,2026-06-23T21:57:03
C002046,Marmara Yazılım A.Ş.,corporate,,,marmarayazilim@marmara.com.tr,+905547224814,Ankara,True,False,2024-06-23T15:02:14,2024-10-13T15:02:14
C002047,Ceren Turan,individual,F,1989-07-04,ceren.turan54@outlook.com,+905562701367,Ankara,True,True,2025-01-26T19:25:54,2025-04-30T19:25:54
C002048,Kaan Yılmaz,individual,M,1989-07-12,kaan.yilmaz71@gmail.com,+905422956251,İstanbul,False,False,2024-06-18T11:53:13,2024-10-03T11:53:13
C002049,Dilara Aslan,individual,F,1994-09-03,dilara.aslan@yahoo.com,+905518775933,Gaziantep,True,False,2024-08-22T21:23:55,2024-11-29T21:23:55
C002050,Efe Yıldırım,individual,M,1991-04-23,efe.yildirim@outlook.com,05493790283,İstanbul,True,False,2024-07-23T17:00:07,2024-08-29T17:00:07
C002051,Can Avcı,individual,M,1983-03-10,can.avci73@outlook.com,+905581597644,Mersin,True,True,2025-11-10T04:12:31,2026-05-05T04:12:31
C002052,Selin Ateş,individual,F,1991-06-28,selin.ates@outlook.com,+905428588898,Ankara,True,False,2024-04-08T18:18:39,2024-07-13T18:18:39
C002053,Büşra Kurt,individual,F,1959-02-15,busra.kurt@yahoo.com,+905316963416,İzmir,True,False,2024-03-11T17:20:40,2024-03-16T17:20:40
C002054,Nova Enerji A.Ş.,corporate,,,novaenerji@nova.com.tr,+905512838994,Kocaeli,True,False,2024-09-22T13:38:31,2025-01-27T13:38:31
C002055,Can Doğan,individual,M,1978-12-22,can.dogan@yahoo.com,+905462602580,Kocaeli,True,False,2025-05-01T01:25:35,2025-06-22T01:25:35
C002056,Onur Aslan,individual,M,1972-01-21,onur.aslan@yahoo.com,+905355315705,İstanbul,True,False,2026-02-09T19:39:10,2026-04-24T19:39:10
C002057,Beyza Erdoğan,individual,F,1980-04-08,beyza.erdogan76@outlook.com,5415664543,İstanbul,True,True,2024-09-21T05:45:28,2024-10-28T05:45:28
C002058,Ufuk Turizm A.Ş.,corporate,,,ufukturizm@ufuk.com.tr,+905452730972,Ankara,True,True,2026-08-22T09:08:23,2026-12-01T09:08:23
C002059,Burak Acar,individual,M,1993-01-18,burak.acar@hotmail.com,+905355542618,Antalya,True,False,2026-08-11T09:02:56,2026-09-05T09:02:56
C002060,Efe Aydın,individual,M,1972-05-20,efe.aydin@icloud.com,+905537529372,İstanbul,True,True,2023-09-20T19:11:48,2023-11-23T19:11:48
C002061,Dilara Çetin,individual,F,2000-11-19,dilara.cetin85@gmail.com,+905413436833,İstanbul,True,True,2025-08-01T05:39:20,2026-01-15T05:39:20
C002062,Naz Kurt,individual,F,1984-01-23,naz.kurt@hotmail.com,+905358788959,Bursa,True,False,2023-09-29T16:51:06,2024-03-02T16:51:06
C002063,Delta Turizm A.Ş.,corporate,,,deltaturizm@delta.com.tr,+905535478467,İzmir,True,False,2026-01-03T10:39:36,2026-05-14T10:39:36
C002064,Nazlı Bozkurt,individual,F,1962-04-29,nazli.bozkurt@hotmail.com,0 (557) 443-7712,İstanbul,True,False,2025-03-11T02:22:36,2025-04-03T02:22:36
C002065,Merve Özdemir,individual,F,1983-11-16,merve.ozdemir@yahoo.com,+905586403085,İstanbul,True,False,2025-08-09T03:31:12,2026-01-23T03:31:12
C002066,Tuğba Yılmaz,individual,F,1983-11-27,tugba.yilmaz@hotmail.com,+905512433683,İzmir,True,False,2025-04-26T07:57:04,2025-08-20T07:57:04
C002067,Onur Bulut,individual,M,1989-12-06,onur.bulut17@hotmail.com,+905407783852,İzmir,True,True,2026-07-05T10:22:31,2026-11-28T10:22:31
C002068,Halil Yalçın,individual,M,2000-11-29,halil.yalcin11@icloud.com,+905526092301,İzmir,False,True,2024-07-09T00:47:28,2024-12-31T00:47:28
C002069,Berk Polat,individual,M,1978-01-20,berk.polat@yahoo.com,+905338972752,İstanbul,True,False,2025-12-20T22:50:00,2026-05-22T22:50:00
C002070,Murat Koç,individual,M,1995-07-27,murat.koc@icloud.com,+905471313693,Antalya,True,False,2023-12-31T18:06:13,2024-07-17T18:06:13
C002071,Nazlı Tekin,individual,F,1974-11-13,nazli.tekin37@gmail.com,+905511226477,İstanbul,True,True,2024-03-17T23:48:12,2024-05-18T23:48:12
C002072,Yıldız İnşaat Ltd. Şti.,corporate,,,yildizinsaat@yildiz.com.tr,+905416187618,Ankara,True,False,2023-10-16T05:16:07,2024-01-30T05:16:07
C002073,Meridyen Teknoloji A.Ş.,corporate,,,meridyenteknoloji@meridyen.com.tr,+905341921218,İzmir,True,False,2024-06-16T20:14:37,2024-07-11T20:14:37
C002074,Fatma Aslan,individual,F,1974-10-30,fatma.aslan@outlook.com,0557 717 64 66,İzmir,True,False,2025-11-18T07:42:31,2026-05-06T07:42:31
C002075,Derya Yıldırım,individual,F,1985-06-18,derya.yildirim18@yahoo.com,+905426648932,Bursa,True,True,2025-02-08T12:52:37,2025-03-07T12:52:37
C002076,Naz Korkmaz,individual,F,1976-03-24,naz.korkmaz62@outlook.com,+905585849119,Gaziantep,True,True,2023-11-21T07:56:21,2024-05-27T07:56:21
C002077,Nur Erdoğan,individual,F,1979-01-03,nur.erdogan51@icloud.com,+905564274979,Samsun,True,False,2025-05-19T12:14:08,2025-07-11T12:14:08
C002078,Barış Koç,individual,M,1971-09-07,baris.koc90@outlook.com,+905392775728,İstanbul,True,True,2025-02-07T01:19:02,2025-05-10T01:19:02
C002079,Anadolu Turizm A.Ş.,corporate,,,anadoluturizm@anadolu.com.tr,+905514044102,İzmir,True,True,2025-01-10T05:17:08,2025-01-16T05:17:08
C002080,Ali Çakır,individual,M,1977-12-11,ali.cakir@icloud.com,+905336874714,Ankara,True,False,2025-03-22T00:06:35,2025-04-13T00:06:35
C002081,Ece Tekin,individual,F,1973-02-24,ece.tekin@icloud.com,+905507954390,Ankara,True,False,2025-11-21T01:52:13,2026-05-14T01:52:13
C002082,Yusuf Sarı,individual,M,1971-08-09,yusuf.sari48@hotmail.com,+905565441049,Kocaeli,True,False,2026-04-14T08:23:43,2026-05-03T08:23:43
C002083,Zirve Tekstil A.Ş.,corporate,,,zirvetekstil@zirve.com.tr,+905488444063,İzmir,True,False,2024-02-16T12:42:05,2024-03-29T12:42:05
C002084,Nur Polat,individual,F,1975-06-12,nur.polat@icloud.com,+905442365828,İstanbul,True,True,2024-10-16T20:39:34,2024-12-26T20:39:34
C002085,Tolga Acar,individual,M,1976-03-29,tolga.acar10@gmail.com,+90 538 330 5462,Ankara,True,False,2025-09-16T13:56:33,2026-02-27T13:56:33
C002086,Cem Avcı,individual,M,1978-05-18,cem.avci93@outlook.com,+905442691159,İstanbul ,True,True,2025-11-25T12:01:16,2026-05-07T12:01:16
C002087,Pınar Özdemir,individual,F,1990-03-02,pinar.ozdemir42@hotmail.com,+905454996848,Antalya,True,True,2025-07-25T08:48:24,2025-11-06T08:48:24
C002088,Gamze Korkmaz,individual,F,1989-02-02,gamze.korkmaz@yahoo.com,+905494166577,Ankara,True,True,2026-01-11T04:13:36,2026-06-18T04:13:36
C002089,Yusuf Avcı,individual,M,1987-10-23,yusuf.avci73@icloud.com,+905413177533,Mersin,True,False,2024-07-09T13:59:34,2024-08-28T13:59:34
C002090,Cem Çelik,individual,M,1977-01-31,cem.celik@gmail.com,+905568566209,İstanbul,True,True,2025-06-03T12:08:27,2025-10-04T12:08:27
C002091,Hasan Korkmaz,individual,M,1991-02-08,hasan.korkmaz@hotmail.com,0533 931 24 23,ANKARA,True,False,2023-09-03T21:05:25,2023-11-04T21:05:25
C002092,Kerem Polat,individual,M,1984-05-27,kerem.polat12@outlook.com,05379093477,Eskişehir,True,True,2025-08-21T05:11:21,2026-01-03T05:11:21
C002093,Beyza Kurt,individual,F,1980-03-23,beyza.kurt@icloud.com,+905407652445,istanbul,False,False,2025-07-29T07:31:45,2025-10-01T07:31:45
C002094,Yusuf Taş,individual,M,1973-12-27,yusuf.tas43@outlook.com,+905432437737,İstanbul,True,True,2025-05-03T22:32:05,2025-09-29T22:32:05
C002095,Halil Acar,individual,M,1977-02-22,halil.acar83@outlook.com,+905542453653,Ankara,True,True,2026-08-13T13:13:32,2027-02-17T13:13:32
C002096,Berk Karaca,individual,M,1975-07-17,berk.karaca@icloud.com,+905433911583,İstanbul,True,False,2026-03-02T17:33:33,2026-03-22T17:33:33
C002097,Serkan Aksoy,individual,M,1961-04-08,serkan.aksoy97@hotmail.com,+905388167025,İstanbul,True,False,2025-04-21T07:34:11,2025-05-22T07:34:11
C002098,Selin Kaya,individual,F,1989-05-20,selin.kaya3@hotmail.com,+905425978774,İstanbul,True,True,2026-08-20T13:09:09,2027-02-26T13:09:09
C002099,Meridyen Gıda A.Ş.,corporate,,,meridyengida@meridyen.com.tr,5355081144,Bursa,True,False,2024-02-10T20:29:15,2024-06-18T20:29:15
C002100,Eren Koç,individual,M,1970-05-18,eren.koc@gmail.com,+905599684835,Ankara,False,False,2026-04-30T03:41:33,2026-09-22T03:41:33
C002101,İbrahim Arslan,individual,M,1978-05-27,ibrahim.arslan13@yahoo.com,+905578184614,İstanbul,True,True,2026-04-02T04:33:49,2026-08-24T04:33:49
C002102,Ali Yıldırım,individual,M,1981-12-21,ali.yildirim@gmail.com,+905388812870,İzmir,True,True,2024-11-30T17:28:56,2025-03-23T17:28:56
C002103,Ömer Ünal,individual,M,1991-05-04,omer.unal3@icloud.com,+905534169444,Denizli,True,True,2026-01-23T07:38:06,2026-04-18T07:38:06
C002104,Mehmet Kaya,individual,M,1973-02-20,mehmet.kaya@yahoo.com,+905528668518,İstanbul,True,True,2023-09-11T04:11:38,2024-02-23T04:11:38
C002105,Umut Yıldız,individual,M,1984-10-16,umut.yildiz@gmail.com,0 (545) 138-2718,Ankara,False,False,2024-01-28T18:57:51,2024-02-13T18:57:51
C002106,Burak Avcı,individual,M,1983-10-26,burak.avci52@hotmail.com,+905392935163,Eskişehir,True,True,2025-12-04T21:53:19,2026-01-10T21:53:19
C002107,Marmara Medya Ltd. Şti.,corporate,,,marmaramedya@marmara.com.tr,+905445095075,İzmir,True,True,2025-02-05T22:34:26,2025-06-24T22:34:26
C002108,Damla Bozkurt,individual,F,1995-12-22,damla.bozkurt4@outlook.com,+905499305412,Kocaeli,True,True,2024-06-23T13:22:08,2024-09-18T13:22:08
C002109,Emre Kara,individual,M,1981-09-05,emre.kara@outlook.com,+905371978352,Antalya,True,True,2024-11-13T03:06:38,2024-12-22T03:06:38
C002110,Global Medya A.Ş.,corporate,,,globalmedya@global.com.tr,+905456699871,İzmir,True,True,2025-02-18T04:10:33,2025-05-11T04:10:33
C002111,Hüseyin Aydın,individual,M,2000-11-10,huseyin.aydin78@icloud.com,+905588464716,İstanbul,True,True,2025-11-08T07:41:20,2025-12-15T07:41:20
C002112,Seda Arslan,individual,F,2002-02-11,seda.arslan@gmail.com,+905471155803,İstanbul,True,True,2024-05-24T01:19:59,2024-12-07T01:19:59
C002113,Fatma Çakır,individual,F,1979-05-30,fatma.cakir85@outlook.com,+905548344916,İstanbul,True,True,2024-09-05T17:49:14,2025-02-11T17:49:14
C002114,Furkan Ünal,individual,M,1979-12-14,,+905323302892,Kocaeli,True,True,2024-10-26T23:27:58,2024-11-26T23:27:58
C002115,Ufuk Danışmanlık A.Ş.,corporate,,,ufukdanismanlik@ufuk.com.tr,+905504529934,Istanbul,False,True,2023-12-04T15:36:38,2023-12-07T15:36:38
C002116,Ömer Kurt,individual,M,1990-09-25,omer.kurt48@icloud.com,+905303666282,İstanbul,True,False,2024-09-20T16:01:57,2025-02-01T16:01:57
C002117,Serkan Aydın,individual,M,1991-12-20,serkan.aydin@icloud.com,+905592956204,İstanbul,True,True,2025-02-05T12:14:02,2025-06-07T12:14:02
C002118,Selin Karaca,individual,F,1971-10-21,selin.karaca@icloud.com,+905497677750,Konya,True,True,2026-01-06T11:10:48,2026-02-11T11:10:48
C002119,Serkan Tekin,individual,M,1995-11-23,serkan.tekin86@yahoo.com,+905447705775,İstanbul,True,True,2026-02-27T09:44:16,2026-06-25T09:44:16
C002120,Ceren Sarı,individual,F,1989-08-07,ceren.sari@outlook.com,+905414008981,İstanbul,True,False,2023-09-25T03:22:01,2023-10-30T03:22:01
C002121,Ömer Çakır,individual,M,2002-02-02,omer.cakir@yahoo.com,+905589269708,İstanbul,True,False,2024-06-29T09:27:23,2024-12-08T09:27:23
C002122,Barış Çetin,individual,M,1970-02-01,baris.cetin74@gmail.com,+905565201064,Samsun,True,True,2025-12-06T04:36:00,2026-01-06T04:36:00
C002123,Serkan Şimşek,individual,M,1997-01-28,serkan.simsek@outlook.com,+905499942504,İzmir,True,False,2025-01-28T09:50:31,2025-04-01T09:50:31
C002124,Onur Koç,individual,M,1973-12-01,onur.koc68@hotmail.com,+905326870430,Kocaeli,False,False,2024-04-07T02:29:49,2024-08-18T02:29:49
C002125,Gizem Yılmaz,individual,F,1990-08-17,gizem.yilmaz@gmail.com,+905557332289,İstanbul,True,False,2024-07-31T22:25:12,2024-08-15T22:25:12
C002126,Umut Aydın,individual,M,1979-02-16,umut.aydin@outlook.com,+905417579986,ANKARA,True,True,2026-01-22T11:30:33,2026-01-28T11:30:33
C002127,Murat Ünal,individual,M,2001-05-07,murat.unal@icloud.com,+905561416357,Ankara,True,True,2025-09-05T12:07:06,2026-02-24T12:07:06
C002128,Anadolu Yazılım A.Ş.,corporate,,,anadoluyazilim@anadolu.com.tr,+905535372714,İzmir,True,True,2026-08-22T01:20:07,2027-02-20T01:20:07
C002129,Damla Bulut,individual,F,2000-07-25,damla.bulut@yahoo.com,+905555834329,İstanbul,True,False,2024-01-19T14:11:53,2024-01-26T14:11:53
C002130,Murat Yılmaz,individual,M,1981-10-17,murat.yilmaz@yahoo.com,+905558075066,Bursa,True,False,2025-12-09T03:41:44,2026-05-26T03:41:44
C002131,Tuğba Özkan,individual,F,2000-04-09,tugba.ozkan@icloud.com,+905396268451,İstanbul,True,False,2024-01-09T13:43:47,2024-01-28T13:43:47
C002132,Emre Yılmaz,individual,M,1965-10-05,emre.yilmaz30@icloud.com,+905319158216,İzmir,True,True,2026-07-03T06:45:01,2026-09-15T06:45:01
C002133,Kuzey Gıda A.Ş.,corporate,,,kuzeygida@kuzey.com.tr,+905389617011,ankara,True,False,2023-11-22T14:00:51,2023-11-27T14:00:51
C002134,Yıldız Danışmanlık A.Ş.,corporate,,,yildizdanismanlik@yildiz.com.tr,+905573035549,Ankara,True,False,2024-03-25T09:09:02,2024-06-02T09:09:02
C002135,Yıldız Turizm A.Ş.,corporate,,,yildizturizm@yildiz.com.tr,+905306594990,Eskişehir,True,True,2024-04-20T18:32:38,2024-06-21T18:32:38
C002136,Büşra Arslan,individual,F,1983-03-21,busra.arslan11@yahoo.com,+905367262429,İstanbul ,True,False,2026-01-19T10:18:44,2026-07-14T10:18:44
C002137,Oğuz Bozkurt,individual,M,1985-10-20,oguz.bozkurt@hotmail.com,+905411598448,Antalya,True,True,2024-03-03T08:34:40,2024-04-20T08:34:40
C002138,Akdeniz İnşaat A.Ş.,corporate,,,akdenizinsaat@akdeniz.com.tr,+905381481331,İstanbul,True,True,2024-09-05T23:01:00,2024-10-10T23:01:00
C002139,Onur Kara,individual,M,2002-11-27,onur.kara@icloud.com,+905306967941,İstanbul,True,True,2025-07-09T06:14:19,2025-11-08T06:14:19
C002140,Ebru Avcı,individual,F,1991-11-29,ebru.avci@outlook.com,0532 972 27 28,İstanbul,False,False,2024-09-06T14:41:28,2024-11-11T14:41:28
C002141,Murat Sarı,individual,M,1994-04-08,murat.sari@outlook.com,+905423383873,İzmir,True,True,2025-08-20T22:18:51,2025-09-29T22:18:51
C002142,Onur Kılıç,individual,M,1989-07-08,onur.kilic@gmail.com,+905377657747,Bursa,True,True,2024-03-11T03:51:04,2024-06-18T03:51:04
C002143,Selin Aydın,individual,F,1988-02-29,selin.aydin90@outlook.com,+905312862376,Kocaeli,True,False,2023-11-26T16:21:57,2024-06-09T16:21:57
C002144,Elif Turan,individual,F,1973-10-16,elif.turan74@icloud.com,+905563903349,İstanbul,True,True,2025-05-24T02:39:08,2025-06-15T02:39:08
C002145,Serkan Kurt,individual,M,1965-04-28,serkan.kurt86@icloud.com,+905559009323,İstanbul,True,True,2025-09-20T02:49:57,2025-10-07T02:49:57
C002146,Derya Kılıç,individual,F,1981-10-21,derya.kilic@outlook.com,+905498095711,İzmir,True,True,2025-09-16T23:20:49,2026-02-23T23:20:49
C002147,Ahmet Özdemir,individual,M,1997-03-11,ahmet.ozdemir31@gmail.com,+905406624538,İstanbul,False,False,2025-12-20T08:36:06,2026-01-01T08:36:06
C002148,Barış Kaya,individual,M,1995-02-25,baris.kaya@hotmail.com,+90 546 413 7411,Ankara,True,True,2023-11-05T13:42:13,2024-01-26T13:42:13
C002149,Elif Özkan,individual,F,1980-03-16,elif.ozkan@outlook.com,+905358678971,İstanbul,True,False,2023-11-17T05:37:04,2024-05-04T05:37:04
C002150,Hüseyin Acar,individual,M,1989-02-28,huseyin.acar@gmail.com,+905397623522,Gaziantep,True,False,2025-12-24T03:39:39,2026-05-07T03:39:39
C002151,Emre Yıldız,individual,M,1999-03-18,emre.yildiz@hotmail.com,+905374795171,İstanbul,True,False,2026-01-21T10:17:05,2026-04-06T10:17:05
C002152,Anadolu Otomotiv Yan Sanayi A.Ş.,corporate,,,anadoluotomotivyansanayi@anadolu.com.tr,+905553492359,istanbul,True,True,2026-04-30T08:27:52,2026-05-15T08:27:52
C002153,İbrahim Korkmaz,individual,M,1984-03-10,ibrahim.korkmaz46@yahoo.com,+905371379501,Konya,True,False,2025-10-29T04:56:02,2026-05-04T04:56:02
C002154,Murat Bulut,individual,M,1990-12-10,murat.bulut2@outlook.com,+905477483405,İstanbul,True,False,2025-11-18T16:59:01,2026-04-13T16:59:01
C002155,Serkan Demir,individual,M,1982-10-06,serkan.demir17@outlook.com,+905377266980,Antalya,True,True,2025-12-09T10:24:58,2026-02-11T10:24:58
C002156,Mustafa Özdemir,individual,M,1965-08-12,mustafa.ozdemir@gmail.com,+905343540871,Gaziantep,True,False,2026-07-11T14:46:18,2026-07-18T14:46:18
C002157,Burak Taş,individual,M,1989-02-05,burak.tas@gmail.com,+905366437667,Samsun,True,True,2026-03-26T06:20:56,2026-06-09T06:20:56
C002158,Barış Ünal,individual,M,1978-03-09,baris.unal85@hotmail.com,+905554729761,İstanbul,True,False,2024-01-24T19:06:55,2024-03-19T19:06:55
C002159,Ece Koç,individual,F,1990-05-19,ece.koc@yahoo.com,+905553031211,İstanbul,True,True,2025-10-04T21:40:03,2025-11-03T21:40:03
C002160,Seda Yılmaz,individual,F,1984-07-21,seda.yilmaz40@gmail.com,+905506792190,İzmir,True,False,2026-08-23T04:59:18,2027-02-14T04:59:18
C002161,Ebru Kara,individual,F,1984-11-20,ebru.kara@yahoo.com,+905387135580,İstanbul,True,False,2023-12-30T12:55:21,2024-03-19T12:55:21
C002162,Deniz Acar,individual,M,1986-05-24,deniz.acar@hotmail.com,+905526780362,istanbul,True,False,2025-02-21T16:10:01,2025-07-27T16:10:01
C002163,Berk Demir,individual,M,1986-10-21,berk.demir@hotmail.com,+905535699675,İstanbul,False,False,2025-09-30T21:08:21,2026-01-28T21:08:21
C002164,Serkan Yıldırım,individual,M,2000-03-18,serkan.yildirim53@icloud.com,+905513553170,İstanbul,True,True,2025-09-09T11:46:29,2025-11-24T11:46:29
C002165,Eren Aslan,individual,M,1978-10-31,eren.aslan95@yahoo.com,+905573115770,Kocaeli,True,True,2025-02-18T14:38:37,2025-05-20T14:38:37
C002166,Cem Şimşek,individual,M,1987-10-07,cem.simsek76@outlook.com,+905517502960,IZMIR,True,True,2025-12-16T11:01:52,2026-04-18T11:01:52
C002167,Hasan Demir,individual,M,1981-10-31,hasan.demir@icloud.com,+905501839816,istanbul,True,False,2023-09-19T03:04:40,2023-11-12T03:04:40
C002168,Umut Öztürk,individual,M,1987-06-07,umut.ozturk@outlook.com,+905301430142,İstanbul,True,False,2024-07-20T00:38:18,2024-08-30T00:38:18
C002169,Tolga Şimşek,individual,M,1988-04-09,tolga.simsek47@hotmail.com,+905554542856,Konya,False,False,2025-07-19T10:49:07,2025-10-19T10:49:07
C002170,Kuzey Lojistik Ltd. Şti.,corporate,,,kuzeylojistik@kuzey.com.tr,+905364861668,İstanbul,True,False,2025-02-13T11:26:28,2025-03-03T11:26:28
C002171,Nazlı Aslan,individual,F,1992-08-30,nazli.aslan@gmail.com,+905435163525,İzmir,True,False,2024-09-10T06:16:31,2025-02-21T06:16:31
C002172,Emre Güneş,individual,M,1970-04-09,emre.gunes@outlook.com,+905595905146,Kocaeli,True,True,2023-09-23T10:27:14,2023-11-08T10:27:14
C002173,Ahmet Arslan,individual,M,1976-12-15,ahmet.arslan14@outlook.com,+905416822579,Ankara,True,False,2026-06-06T19:09:24,2026-11-09T19:09:24
C002174,Efe Öztürk,individual,M,1971-08-18,efe.ozturk@yahoo.com,0 (537) 154-4978,ankara,True,True,2025-07-29T09:55:30,2025-12-03T09:55:30
C002175,Selim Kara,individual,M,1974-05-31,selim.kara44@gmail.com,+905474236286,İzmir,True,True,2024-11-30T02:07:05,2024-12-01T02:07:05
C002176,Anadolu Sağlık A.Ş.,corporate,,,anadolusaglik@anadolu.com.tr,+905434371447,Ankara,True,False,2024-04-24T10:10:37,2024-06-02T10:10:37
C002177,Selim Ünal,individual,M,2002-05-20,selim.unal34@icloud.com,0554 305 13 02,İstanbul,True,True,2024-06-26T15:55:19,2024-12-12T15:55:19
C002178,Hüseyin Erdoğan,individual,M,1982-11-14,huseyin.erdogan26@gmail.com,+905545756839,İstanbul,True,True,2026-03-23T00:53:09,2026-05-23T00:53:09
C002179,Büşra Arslan,individual,F,1993-09-10,busra.arslan@yahoo.com,+905425944635,Bursa,True,True,2025-03-23T23:42:42,2025-08-14T23:42:42
C002180,Mustafa Avcı,individual,M,1981-12-23,mustafa.avci@outlook.com,5426553663,İstanbul,True,True,2025-03-05T06:04:52,2025-04-03T06:04:52
C002181,Ömer Şahin,individual,M,1970-06-02,,+905455337015,İstanbul,True,True,2025-09-17T23:46:15,2026-01-05T23:46:15
C002182,Nur Özdemir,individual,F,1973-03-01,nur.ozdemir@icloud.com,+905494985782,Bursa,True,True,2024-03-06T15:01:50,2024-03-10T15:01:50
C002183,Zirve İnşaat A.Ş.,corporate,,,zirveinsaat@zirve.com.tr,+905391760757,Eskisehir,True,False,2024-11-22T20:19:20,2025-02-08T20:19:20
C002184,Hüseyin Bulut,individual,M,1988-07-11,huseyin.bulut7@hotmail.com,+905593092421,IZMIR,True,False,2024-01-22T07:28:43,2024-02-06T07:28:43
C002185,Kerem Ateş,individual,M,1981-03-04,kerem.ates48@outlook.com,+905351824827,Bursa,False,True,2024-06-07T19:06:31,2024-09-14T19:06:31
C002186,Tuğba Acar,individual,F,1984-02-18,tugba.acar@hotmail.com,+905414547614,istanbul,False,False,2023-12-30T19:51:09,2024-01-14T19:51:09
C002187,Anadolu Yazılım A.Ş.,corporate,,,anadoluyazilim@anadolu.com.tr,+905585364020,Ankara,True,False,2024-06-16T19:28:38,2024-11-19T19:28:38
C002188,Cem Çakır,individual,M,2002-02-05,cem.cakir47@hotmail.com,+905533930922,Bursa,True,True,2026-03-05T07:21:34,2026-04-27T07:21:34
C002189,Burak Demir,individual,M,1989-06-20,burak.demir@yahoo.com,+905541889387,Eskişehir,True,False,2024-12-13T20:48:51,2025-03-21T20:48:51
C002190,Kaan Acar,individual,M,1993-02-21,kaan.acar29@icloud.com,+905309084591,İstanbul,True,False,2025-02-09T12:35:45,2025-05-21T12:35:45
C002191,Murat Sarı,individual,M,1990-03-04,murat.sari@yahoo.com,+905564075741,İstanbul,True,True,2023-09-08T12:18:20,2023-12-27T12:18:20
C002192,İbrahim Tekin,individual,M,1982-08-27,ibrahim.tekin10@hotmail.com,+905331331270,İstanbul,False,False,2025-01-27T22:12:59,2025-02-06T22:12:59
C002193,Barış Çakır,individual,M,1968-10-29,baris.cakir@outlook.com,+905405465170,İstanbul,True,True,2026-07-20T05:07:45,2027-01-22T05:07:45
C002194,Berk Turan,individual,M,1987-05-22,berk.turan@outlook.com,+905352636018,Ankara,True,False,2025-08-24T15:37:32,2025-08-30T15:37:32
C002195,Furkan Uzun,individual,M,1987-07-16,furkan.uzun29@icloud.com,+905321698082,Ankara,True,True,2025-10-25T22:20:11,2025-12-01T22:20:11
C002196,Ege İnşaat A.Ş.,corporate,,,egeinsaat@ege.com.tr,+905373561748,Mersin,True,True,2026-01-13T01:49:16,2026-01-24T01:49:16
C002197,Umut Özdemir,individual,M,1993-01-07,umut.ozdemir@yahoo.com,0550 856 42 36,İzmir,True,False,2025-11-27T14:31:52,2026-04-25T14:31:52
C002198,Murat Koç,individual,M,1977-02-02,murat.koc33@icloud.com,+905337010959,İstanbul,True,True,2026-07-17T07:51:21,2026-12-30T07:51:21
C002199,Can Turan,individual,M,1981-05-19,can.turan37@gmail.com,+905497049720,Bursa,True,False,2025-03-02T22:32:34,2025-07-15T22:32:34
C002200,Deniz Keskin,individual,M,2000-09-20,deniz.keskin80@yahoo.com,+905594910714,İstanbul,True,False,2025-01-02T15:20:33,2025-03-28T15:20:33
C002201,Naz Doğan,individual,F,1980-04-25,naz.dogan20@gmail.com,+905394919195,Kocaeli,True,True,2024-06-05T10:46:06,2024-09-28T10:46:06
C002202,Aslı Erdoğan,individual,F,1971-08-09,asli.erdogan11@icloud.com,+905345731465,Ankara,True,False,2024-02-27T11:40:35,2024-04-11T11:40:35
C002203,Emre Polat,individual,M,1978-05-31,emre.polat30@gmail.com,+905403913780,Ankara,True,False,2024-06-03T02:27:17,2024-06-30T02:27:17
C002204,Dilara Sarı,individual,F,1971-02-26,dilara.sari@yahoo.com,+905338082926,İstanbul,True,True,2024-03-09T11:58:58,2024-04-26T11:58:58
C002205,İbrahim Yalçın,individual,M,1978-09-02,ibrahim.yalcin91@yahoo.com,+905465763702,Bursa,True,True,2025-12-28T21:01:25,2026-05-30T21:01:25
C002206,Ebru Ateş,individual,F,1984-09-09,ebru.ates68@hotmail.com,+905417130432,Ankara,True,True,2024-04-11T13:43:00,2024-06-14T13:43:00
C002207,Arda Özkan,individual,M,2002-06-12,arda.ozkan@outlook.com,+905467556139,Gaziantep,True,True,2024-01-13T09:55:23,2024-05-11T09:55:23
C002208,Onur Polat,individual,M,1989-08-27,onur.polat40@gmail.com,+905466080218,İstanbul,True,True,2025-05-21T07:14:59,2025-08-30T07:14:59
C002209,Marmara Danışmanlık A.Ş.,corporate,,,marmaradanismanlik@marmara.com.tr,+905333473042,İzmir,True,True,2024-12-02T15:34:49,2025-06-03T15:34:49
C002210,Atlas İnşaat A.Ş.,corporate,,,atlasinsaat@atlas.com.tr,5503830187,Eskişehir,True,False,2025-07-30T19:53:29,2026-01-01T19:53:29
C002211,Anadolu Teknoloji A.Ş.,corporate,,,anadoluteknoloji@anadolu.com.tr,+905409979041,İstanbul,True,False,2023-11-27T14:34:49,2024-03-11T14:34:49
C002212,Hasan Demir,individual,M,1984-04-28,hasan.demir84@hotmail.com,+905565946947,Bursa,True,True,2026-06-29T20:50:10,2026-07-05T20:50:10
C002213,Ali Bulut,individual,M,1999-05-31,ali.bulut@hotmail.com,05321127356,İstanbul,True,False,2025-09-22T21:33:58,2026-03-17T21:33:58
C002214,Ali Demir,individual,M,1988-11-13,ali.demir60@icloud.com,0 (538) 735-7220,Ankara,True,True,2026-01-03T05:39:34,2026-05-02T05:39:34
C002215,Yusuf Bozkurt,individual,M,1981-09-28,yusuf.bozkurt@yahoo.com,+905339241333,Kocaeli,True,True,2025-10-05T02:57:23,2025-11-06T02:57:23
C002216,Ceren Avcı,individual,F,1993-05-02,ceren.avci22@icloud.com,+905546244241,İstanbul,True,True,2025-09-24T21:23:51,2026-02-15T21:23:51
C002217,Esra Şahin,individual,F,1984-01-29,esra.sahin@outlook.com,+905434662755,Gaziantep,True,True,2026-08-15T17:25:31,2026-10-16T17:25:31
C002218,Emre Uzun,individual,M,1967-08-06,emre.uzun@gmail.com,+905355371367,Antalya,True,True,2024-04-18T19:48:39,2024-08-19T19:48:39
C002219,Ahmet Aslan,individual,M,1974-08-07,ahmet.aslan35@yahoo.com,+905593195121,İstanbul,False,True,2024-08-30T14:14:34,2025-02-15T14:14:34
C002220,Damla Yıldız,individual,F,2000-10-13,damla.yildiz9@yahoo.com,0 (552) 750-7212,İstanbul,True,True,2026-06-11T06:16:08,2026-09-27T06:16:08
C002221,Zirve Medya A.Ş.,corporate,,,zirvemedya@zirve.com.tr,0 (557) 868-3294,İstanbul,True,True,2025-11-13T13:48:34,2025-12-05T13:48:34
C002222,Mehmet Erdoğan,individual,M,1984-06-03,mehmet.erdogan@icloud.com,0 (545) 610-3555,İstanbul ,True,True,2025-05-16T05:06:18,2025-05-20T05:06:18
C002223,Naz Aksoy,individual,F,1971-03-04,naz.aksoy33@outlook.com,0 (556) 802-1033,Konya,True,True,2025-04-12T20:36:04,2025-05-06T20:36:04
C002224,Tuğba Şahin,individual,F,1961-01-15,tugba.sahin70@icloud.com,+905427735317,İstanbul,True,False,2026-07-06T03:23:54,2026-08-28T03:23:54
C002225,Burak Yalçın,individual,M,1981-09-20,burak.yalcin@gmail.com,+905382269634,İstanbul,True,False,2024-09-19T21:47:20,2025-01-14T21:47:20
C002226,Berk Çelik,individual,M,2002-06-06,berk.celik15@outlook.com,+905435592516,İzmir,False,True,2025-10-16T18:37:14,2025-11-29T18:37:14
C002227,Mustafa Aslan,individual,M,1981-06-21,mustafa.aslan47@icloud.com,+905385176886,İstanbul,True,False,2025-03-29T18:53:11,2025-06-14T18:53:11
C002228,Elif Yıldırım,individual,F,1986-04-28,elif.yildirim@hotmail.com,+905536186157,İstanbul ,True,True,2023-09-02T04:29:39,2023-09-03T04:29:39
C002229,Delta Turizm A.Ş.,corporate,,,deltaturizm@delta.com.tr,+905388536867,Denizli,True,True,2025-08-09T23:36:11,2025-09-07T23:36:11
C002230,Ece Kılıç,individual,F,1983-09-14,ece.kilic@icloud.com,+905588988286,Ankara,True,True,2024-10-13T09:44:59,2025-01-02T09:44:59
C002231,Dilara Kara,individual,F,1995-12-07,dilara.kara@icloud.com,+905475129843,İstanbul,True,True,2024-04-28T11:04:08,2024-08-24T11:04:08
C002232,Yusuf Doğan,individual,M,1991-07-01,yusuf.dogan@icloud.com,+905421214591,Kocaeli,True,True,2024-01-08T16:35:57,2024-05-09T16:35:57
C002233,Naz Ateş,individual,F,1986-09-26,naz.ates98@yahoo.com,+905583643253,İstanbul,True,True,2026-05-17T18:23:34,2026-06-20T18:23:34
C002234,Naz Yıldırım,individual,F,1979-04-24,naz.yildirim18@icloud.com,+905583770804,Bursa,True,True,2026-08-15T02:17:27,2026-10-31T02:17:27
C002235,Can Turan,individual,M,1981-11-02,can.turan93@yahoo.com,+905511812883,Bursa,True,False,2024-11-28T01:15:34,2025-01-20T01:15:34
C002236,Halil Yıldırım,individual,M,1978-01-22,halil.yildirim95@hotmail.com,+905339939663,IZMIR,True,False,2025-04-28T19:51:47,2025-09-18T19:51:47
C002237,Selim Doğan,individual,M,1987-11-28,selim.dogan42@icloud.com,+905314844986,İstanbul,True,True,2026-03-19T07:32:37,2026-06-30T07:32:37
C002238,Yıldız Danışmanlık Ltd. Şti.,corporate,,,yildizdanismanlik@yildiz.com.tr,+90 552 860 0403,Kocaeli,True,False,2023-12-01T11:38:20,2024-03-14T11:38:20
C002239,Sude Arslan,individual,F,1991-04-01,sude.arslan@icloud.com,+905382563438,Antalya,True,True,2024-11-30T01:25:32,2024-12-10T01:25:32
C002240,Nova Otomotiv Yan Sanayi A.Ş.,corporate,,,,+905598137657,İzmir,True,True,2024-02-20T23:03:01,2024-04-27T23:03:01
C002241,Ömer Çakır,individual,M,1999-04-07,omer.cakir53@outlook.com,+905461949902,İstanbul,True,False,2026-07-17T15:23:59,2026-07-26T15:23:59
C002242,Barış Polat,individual,M,1976-07-02,baris.polat@outlook.com,+905471505106,İstanbul,True,True,2026-07-15T02:58:49,2027-01-01T02:58:49
C002243,Yıldız Medya A.Ş.,corporate,,,yildizmedya@yildiz.com.tr,+905371367189,Ankara,True,True,2026-08-23T23:05:42,2026-08-30T23:05:42
C002244,Melis Polat,individual,F,1988-03-15,melis.polat86@icloud.com,+90 550 647 5139,Eskişehir,True,True,2024-11-20T23:46:48,2025-03-05T23:46:48
C002245,Boğaziçi Sağlık Ltd. Şti.,corporate,,,bogazicisaglik@bogazici.com.tr,+905515846536,Kocaeli,True,False,2025-10-21T13:46:24,2025-10-31T13:46:24
C002246,İrem Aslan,individual,F,1994-09-16,irem.aslan7@yahoo.com,+905341485881,Bursa,True,False,2024-09-06T02:11:45,2024-10-12T02:11:45
C002247,Deniz Ateş,individual,M,1983-01-10,deniz.ates37@outlook.com,+905533008136,Konya,True,False,2025-02-06T03:13:58,2025-08-09T03:13:58
C002248,Can Acar,individual,M,1977-01-02,can.acar11@yahoo.com,+905431535603,Ankara,True,False,2025-01-03T23:26:41,2025-04-20T23:26:41
C002249,Cem Yılmaz,individual,M,1987-12-19,cem.yilmaz82@gmail.com,+905587836534,İstanbul,True,True,2025-02-19T09:06:18,2025-02-27T09:06:18
C002250,Murat Uzun,individual,M,1982-04-14,murat.uzun74@gmail.com,+905466503336,İstanbul,True,True,2026-05-30T01:37:33,2026-08-25T01:37:33
C002251,Umut Aydın,individual,M,1980-05-09,umut.aydin93@outlook.com,+905516625977,İstanbul,True,False,2025-12-27T01:00:47,2026-03-14T01:00:47
C002252,Ahmet Şimşek,individual,M,1983-03-13,ahmet.simsek77@hotmail.com,05468266869,İstanbul,True,True,2026-07-06T21:31:07,2026-08-18T21:31:07
C002253,İbrahim Polat,individual,M,1998-01-07,ibrahim.polat25@gmail.com,+905436940165,istanbul,True,True,2023-11-01T07:46:27,2023-11-21T07:46:27
C002254,Deniz Kurt,individual,M,1983-12-21,deniz.kurt9@icloud.com,+905479572509,ANKARA,True,False,2025-11-24T23:02:08,2026-01-28T23:02:08
C002255,Delta Danışmanlık A.Ş.,corporate,,,deltadanismanlik@delta.com.tr,+905428085904,İstanbul,True,False,2026-05-04T17:33:46,2026-09-05T17:33:46
C002256,Nova Sağlık Ltd. Şti.,corporate,,,novasaglik@nova.com.tr,+905398540821,İstanbul,True,True,2024-04-05T10:46:23,2024-07-05T10:46:23
C002257,Hüseyin Yıldırım,individual,M,1978-02-21,huseyin.yildirim72@gmail.com,+905433400008,Adana,True,False,2026-05-29T02:06:18,2026-11-19T02:06:18
C002258,Pınar Çakır,individual,F,1968-05-25,pinar.cakir11@hotmail.com,+905552566120,İstanbul,True,False,2024-05-03T08:19:19,2024-05-22T08:19:19
C002259,Hüseyin Koç,individual,M,1978-12-23,huseyin.koc@outlook.com,+905469063839,İstanbul,True,True,2025-11-10T08:16:09,2026-02-13T08:16:09
C002260,Nova Gıda A.Ş.,corporate,,,novagida@nova.com.tr,+905314904223,İstanbul,True,True,2026-08-11T03:34:08,2026-11-23T03:34:08
C002261,Emre Koç,individual,M,1981-06-23,emre.koc@outlook.com,+905441273425,İstanbul,True,False,2025-01-28T12:20:39,2025-07-15T12:20:39
C002262,Marmara Sağlık A.Ş.,corporate,,,marmarasaglik@marmara.com.tr,+905405334644,İstanbul,True,False,2025-11-25T22:45:21,2025-11-29T22:45:21
C002263,Hande Tekin,individual,F,1986-06-12,hande.tekin97@hotmail.com,+90 541 431 9818,Gaziantep,True,False,2024-08-02T20:33:05,2024-12-04T20:33:05
C002264,Berk Çelik,individual,M,1984-04-29,berk.celik78@outlook.com,+905477563819,İstanbul,False,True,2026-04-24T22:59:21,2026-09-10T22:59:21
C002265,Selim Ünal,individual,M,1985-03-31,selim.unal@hotmail.com,+905405515722,İzmir,True,True,2026-06-28T01:17:29,2026-08-08T01:17:29
C002266,Tolga Tekin,individual,M,1978-05-29,tolga.tekin30@gmail.com,+905382931848,İstanbul,True,True,2026-07-18T18:04:38,2026-12-28T18:04:38
C002267,Nova Medya A.Ş.,corporate,,,novamedya@nova.com.tr,+905325326413,Ankara,False,False,2025-11-09T14:33:00,2025-12-14T14:33:00
C002268,Gizem Demir,individual,F,2002-10-16,gizem.demir47@icloud.com,+905451502635,İstanbul,True,True,2023-12-30T12:00:45,2024-01-01T12:00:45
C002269,Yıldız İnşaat A.Ş.,corporate,,,yildizinsaat@yildiz.com.tr,+905479121069,İstanbul,True,False,2023-12-02T15:37:51,2024-01-18T15:37:51
C002270,Zirve Lojistik A.Ş.,corporate,,,zirvelojistik@zirve.com.tr,+905369645680,Kocaeli,True,False,2026-01-20T22:57:49,2026-05-06T22:57:49
C002271,Ömer Korkmaz,individual,M,1975-06-25,omer.korkmaz@outlook.com,+905354746196,İstanbul,True,False,2024-07-17T08:38:22,2025-01-21T08:38:22
C002272,Halil Güneş,individual,M,1991-04-07,halil.gunes@yahoo.com,+905387724924,Antalya,True,False,2025-06-21T19:13:15,2025-12-13T19:13:15
C002273,Damla Öztürk,individual,F,1987-07-04,damla.ozturk@hotmail.com,+905541720435,İstanbul,True,True,2024-11-30T18:54:30,2025-01-01T18:54:30
C002274,Naz Uzun,individual,F,1982-08-17,naz.uzun@gmail.com,+905519522908,İstanbul,True,True,2025-01-26T20:07:01,2025-05-22T20:07:01
C002275,Gamze Bozkurt,individual,F,2002-10-02,gamze.bozkurt@gmail.com,+905343371990,İstanbul,True,False,2024-06-06T01:18:27,2024-10-15T01:18:27
C002276,Murat Yalçın,individual,M,2002-02-28,murat.yalcin@gmail.com,+905527191108,Mersin,True,True,2025-10-30T00:20:51,2026-03-15T00:20:51
C002277,Kerem Sarı,individual,M,1995-06-01,kerem.sari30@icloud.com,+905511518771,İstanbul,True,False,2024-02-04T01:49:50,2024-08-16T01:49:50
C002278,Merve Polat,individual,F,1969-05-28,merve.polat92@icloud.com,+905414857727,Ankara,True,False,2025-12-30T06:17:35,2026-05-10T06:17:35
C002279,Kaan Çetin,individual,M,1978-08-04,kaan.cetin@hotmail.com,+905587340402,İstanbul,True,False,2025-11-12T20:53:53,2026-01-21T20:53:53
C002280,Fatma Taş,individual,F,1984-04-18,fatma.tas@yahoo.com,+905335426285,İstanbul,True,True,2024-01-05T05:24:01,2024-06-09T05:24:01
C002281,Deniz Uzun,individual,M,1977-07-04,deniz.uzun@icloud.com,+905371620658,İstanbul,True,False,2025-07-08T11:24:18,2025-12-20T11:24:18
C002282,Umut Yıldız,individual,M,1978-10-03,umut.yildiz@hotmail.com,+905361194880,Konya,True,True,2024-10-31T04:22:38,2025-02-27T04:22:38
C002283,Melis Özkan,individual,F,1976-12-19,,+905581880831,Bursa,True,True,2026-01-19T02:33:13,2026-03-20T02:33:13
C002284,Hüseyin Aydın,individual,M,1980-11-20,huseyin.aydin@outlook.com,+905331742662,İstanbul,True,False,2025-03-30T23:30:18,2025-10-07T23:30:18
C002285,Mustafa Ünal,individual,M,1972-01-24,mustafa.unal@icloud.com,+905317568988,Ankara,True,False,2024-10-15T17:44:31,2024-12-07T17:44:31
C002286,Naz Şahin,individual,F,1960-06-06,naz.sahin82@icloud.com,+905425470794,İstanbul,True,True,2023-10-02T13:04:33,2024-04-03T13:04:33
C002287,Yıldız Tekstil A.Ş.,corporate,,,yildiztekstil@yildiz.com.tr,+905347381644,İstanbul,True,True,2024-02-19T23:50:28,2024-06-26T23:50:28
C002288,Marmara Turizm A.Ş.,corporate,,,,+905475343624,Muğla,True,False,2024-04-03T02:42:38,2024-08-12T02:42:38
C002289,Delta Turizm Ltd. Şti.,corporate,,,deltaturizm@delta.com.tr,+905466070225,İstanbul,True,False,2025-04-03T18:25:51,2025-04-03T18:25:51
C002290,Ebru Aydın,individual,F,1979-10-09,ebru.aydin70@hotmail.com,+905453327962,İzmir,True,False,2026-03-08T18:13:12,2026-05-15T18:13:12
C002291,Global Danışmanlık Ltd. Şti.,corporate,,,globaldanismanlik@global.com.tr,+905532947059,İstanbul,True,True,2024-04-23T16:52:21,2024-04-25T16:52:21
C002292,Ece Bulut,individual,F,1978-03-29,ece.bulut@yahoo.com,+905494025010,Ankara,True,False,2026-01-15T19:21:15,2026-02-26T19:21:15
C002293,Gamze Tekin,individual,F,1979-06-12,gamze.tekin24@hotmail.com,+905401399978,İstanbul,True,True,2024-12-10T13:12:05,2025-01-22T13:12:05
C002294,İrem Avcı,individual,F,1982-08-12,irem.avci67@icloud.com,+905401982976,Samsun,True,True,2025-03-20T09:28:03,2025-09-21T09:28:03
C002295,Büşra Kara,individual,F,2002-12-25,busra.kara39@gmail.com,+905427497387,İstanbul,True,False,2024-11-13T03:19:48,2025-02-15T03:19:48
C002296,Akdeniz Turizm A.Ş.,corporate,,,akdenizturizm@akdeniz.com.tr,+905486727502,Adana,True,False,2025-07-25T10:29:22,2026-02-06T10:29:22
C002297,Kerem Tekin,individual,M,1987-05-08,kerem.tekin@gmail.com,+905484855591,İstanbul,True,False,2025-12-14T06:36:01,2026-04-20T06:36:01
C002298,Elif Aksoy,individual,F,2002-03-16,elif.aksoy88@yahoo.com,0 (558) 507-5615,Kocaeli,True,True,2024-12-21T15:31:37,2025-01-10T15:31:37
C002299,Nur Çakır,individual,F,2002-04-22,nur.cakir82@hotmail.com,+905349781669,Ankara,True,True,2025-06-24T09:23:00,2025-09-29T09:23:00
C002300,Sude Çakır,individual,F,1982-11-29,sude.cakir@icloud.com,+905523128935,İstanbul,True,False,2025-12-10T05:12:03,2026-05-26T05:12:03
C002301,Yusuf Kaya,individual,M,1968-08-09,yusuf.kaya@outlook.com,+905504945443,İstanbul,True,True,2024-05-07T08:15:21,2024-10-31T08:15:21
C002302,Hasan Çakır,individual,M,2002-11-28,hasan.cakir@icloud.com,+905577316810,Antalya,True,False,2023-10-11T20:32:37,2024-03-27T20:32:37
C002303,Oğuz Acar,individual,M,1980-01-02,oguz.acar@icloud.com,+905557722218,İstanbul,True,False,2025-02-14T17:48:39,2025-07-22T17:48:39
C002304,Hüseyin Acar,individual,M,1974-03-16,huseyin.acar44 at gmail.com,+905356490330,İstanbul,True,True,2025-11-29T12:05:34,2026-03-06T12:05:34
C002305,Damla Çetin,individual,F,1978-08-24,damla.cetin@hotmail.com,+905387363467,İzmir,True,False,2026-02-28T17:39:53,2026-04-08T17:39:53
C002306,Eren Erdoğan,individual,M,1996-10-16,eren.erdogan@hotmail.com,+905449406666,istanbul,True,False,2025-05-13T23:46:50,2025-06-12T23:46:50
C002307,Zirve Yazılım Ltd. Şti.,corporate,,,zirveyazilim@zirve.com.tr,+905382300773,İstanbul,True,True,2025-05-07T16:24:49,2025-07-11T16:24:49
C002308,Furkan Yıldız,individual,M,1995-06-01,furkan.yildiz@gmail.com,+905487853680,İstanbul,True,False,2024-02-25T19:35:15,2024-07-24T19:35:15
C002309,Berk Şahin,individual,M,1985-07-11,berk.sahin@hotmail.com,0 (546) 498-6541,İstanbul,True,True,2024-09-25T03:29:05,2025-03-25T03:29:05
C002310,Aslı Özdemir,individual,F,1985-11-04,asli.ozdemir@outlook.com,+905544621488,İstanbul,True,False,2026-07-31T05:12:33,2027-02-10T05:12:33
C002311,Ahmet Korkmaz,individual,M,1991-01-23,ahmet.korkmaz23@gmail.com,+905586507432,İstanbul,True,True,2025-12-27T14:18:39,2026-02-14T14:18:39
C002312,Gizem Acar,individual,F,1965-05-28,gizem.acar42@yahoo.com,+905406956600,Ankara,True,True,2025-01-01T01:08:21,2025-05-31T01:08:21
C002313,Anadolu Enerji Ltd. Şti.,corporate,,,anadoluenerji@anadolu.com.tr,+905374986653,Adana,True,False,2026-05-09T18:54:05,2026-07-20T18:54:05
C002314,Ece Sarı,individual,F,1961-11-08,ece.sari7@hotmail.com,+905374523906,İstanbul,True,True,2024-08-30T04:35:59,2025-03-16T04:35:59
C002315,Ece Sarı,individual,F,1991-06-30,ece.sari@icloud.com,+905327526587,istanbul,True,True,2025-01-20T18:35:12,2025-04-14T18:35:12
C002316,Ebru Koç,individual,F,1985-04-30,ebru.koc@icloud.com,+905429702079,İzmir,True,True,2025-09-03T22:42:53,2025-10-15T22:42:53
C002317,Derya Avcı,individual,F,2002-01-19,derya.avci@hotmail.com,+905475917735,Eskişehir,True,True,2025-03-24T02:21:16,2025-06-19T02:21:16
C002318,Beyza Kaya,individual,F,1985-05-28,beyza.kaya27@yahoo.com,+905485680437,Bursa,True,False,2026-04-17T10:29:16,2026-09-09T10:29:16
C002319,Efe Yalçın,individual,M,1989-02-21,efe.yalcin33@gmail.com,+905367853315,İstanbul,True,True,2025-04-21T02:41:24,2025-06-10T02:41:24
C002320,Akdeniz Teknoloji A.Ş.,corporate,,,akdenizteknoloji@akdeniz.com.tr,+905528387801,İstanbul,True,True,2024-09-25T21:18:14,2025-03-12T21:18:14
C002321,Fatma Özkan,individual,F,1994-03-29,fatma.ozkan16@hotmail.com,0558 938 92 14,İstanbul,True,True,2023-12-03T08:27:16,2024-04-12T08:27:16
C002322,Tuğba Avcı,individual,F,1983-10-29,tugba.avci25@outlook.com,+905378441512,İstanbul,True,True,2026-04-21T20:29:47,2026-06-05T20:29:47
C002323,Mehmet Turan,individual,M,1964-04-01,mehmet.turan@gmail.com,+905424159650,İstanbul,True,True,2025-05-21T08:47:22,2025-10-07T08:47:22
C002324,Zeynep Bozkurt,individual,F,1991-05-03,zeynep.bozkurt@outlook.com,+905472166623,İstanbul,True,True,2026-07-26T17:52:32,2027-01-24T17:52:32
C002325,Dilara Erdoğan,individual,F,1980-06-06,dilara.erdogan2@gmail.com,+905569577744,İstanbul,True,True,2025-06-16T14:40:30,2025-12-15T14:40:30
C002326,Ahmet Özkan,individual,M,1961-07-08,ahmet.ozkan39@yahoo.com,+905336896956,İstanbul,False,False,2024-02-12T18:00:21,2024-07-27T18:00:21
C002327,Emre Bozkurt,individual,M,1980-01-20,emre.bozkurt2@icloud.com,+905569360657,İzmir,True,False,2026-07-04T16:49:35,2026-07-09T16:49:35
C002328,Kaan Yıldırım,individual,M,1980-10-19,kaan.yildirim@outlook.com,+905307792343,Gaziantep,True,False,2026-04-08T22:27:12,2026-05-09T22:27:12
C002329,Global Sağlık Ltd. Şti.,corporate,,,globalsaglik@global.com.tr,05535593837,Ankara,True,False,2023-12-20T20:01:25,2024-02-02T20:01:25
C002330,İrem Yıldız,individual,F,1991-08-18,irem.yildiz4@hotmail.com,+905309646963,Ankara,True,False,2026-03-03T18:25:30,2026-07-08T18:25:30
C002331,İbrahim Keskin,individual,M,1965-11-24,ibrahim.keskin31@yahoo.com,+905514874630,İstanbul,True,True,2026-07-31T07:04:41,2026-08-04T07:04:41
C002332,Barış Kaya,individual,M,2001-11-22,baris.kaya@gmail.com,+905468625371,İstanbul,True,True,2026-06-07T22:52:38,2026-08-18T22:52:38
C002333,Emre Yalçın,individual,M,1976-12-05,emre.yalcin@outlook.com,+905465802586,İstanbul,True,True,2025-05-26T03:57:41,2025-10-20T03:57:41
C002334,Sude Bulut,individual,F,2002-08-14,sude.bulut21@yahoo.com,+905554230097,Antalya,True,False,2024-11-24T11:51:37,2025-04-01T11:51:37
C002335,Berk Arslan,individual,M,1974-08-22,berk.arslan@gmail.com,+90 550 233 7066,İstanbul,True,True,2025-05-01T11:54:51,2025-08-10T11:54:51
C002336,Can Çakır,individual,M,1971-05-01,can.cakir20@outlook.com,+905382678632,Antalya,True,True,2024-08-02T08:22:35,2024-10-20T08:22:35
C002337,Gamze Şimşek,individual,F,1993-09-16,gamze.simsek49@hotmail.com,+905596211925,İstanbul,True,False,2024-05-01T07:31:51,2024-08-04T07:31:51
C002338,Umut Kurt,individual,M,1989-03-18,umut.kurt56@gmail.com,+905383554080,İstanbul,True,False,2023-10-02T07:16:26,2023-10-19T07:16:26
C002339,Yusuf Koç,individual,M,1976-02-23,,+905518173148,İzmir,True,False,2026-06-05T02:10:35,2026-07-04T02:10:35
C002340,Halil Kaya,individual,M,1988-10-11,halil.kaya23@icloud.com,+905318647375,İstanbul,True,False,2025-10-24T10:28:23,2026-03-07T10:28:23
C002341,Esra Çetin,individual,F,1978-12-15,esra.cetin@hotmail.com,+905477291819,İstanbul,True,False,2025-07-13T00:17:10,2025-12-30T00:17:10
C002342,Kerem Taş,individual,M,1981-05-24,kerem.tas@hotmail.com,+905422435735,Samsun,True,False,2024-12-16T11:01:42,2024-12-27T11:01:42
C002343,Mustafa Bozkurt,individual,M,1980-08-16,mustafa.bozkurt@icloud.com,0 (557) 628-2811,Ankara,True,False,2026-07-09T16:23:31,2026-08-01T16:23:31
C002344,Atlas Sağlık A.Ş.,corporate,,,atlassaglik@atlas.com.tr,+905349410397,İstanbul,False,False,2026-05-27T21:14:30,2026-10-15T21:14:30
C002345,Nazlı Çetin,individual,F,1984-04-13,nazli.cetin84@yahoo.com,+905517843714,İstanbul,True,True,2023-12-28T00:35:16,2024-01-22T00:35:16
C002346,Emre Tekin,individual,M,1974-10-02,emre.tekin22@hotmail.com,0 (531) 406-9402,İzmir,True,True,2024-10-14T12:56:03,2024-11-06T12:56:03
C002347,Onur Şimşek,individual,M,1978-06-27,onur.simsek25@icloud.com,+905517637524,Antalya,True,True,2023-10-29T21:51:43,2024-05-10T21:51:43
C002348,Sude Acar,individual,F,1990-09-22,sude.acar@icloud.com,+905326732008,Gaziantep,True,False,2023-12-06T23:05:44,2024-03-17T23:05:44
C002349,Hüseyin Aslan,individual,M,1990-05-26,huseyin.aslan@hotmail.com,+905566607122,Kocaeli,True,False,2026-04-28T04:14:41,2026-11-03T04:14:41
C002350,Yasemin Sarı,individual,F,1995-05-29,yasemin.sari@hotmail.com,+905582321607,Ankara,True,True,2026-06-04T17:44:40,2026-10-29T17:44:40
C002351,Nazlı Aydın,individual,F,1967-12-23,nazli.aydin43@outlook.com,+905382481672,İstanbul,True,False,2024-11-08T09:43:09,2025-04-20T09:43:09
C002352,Kaan Yalçın,individual,M,1986-07-18,kaan.yalcin@hotmail.com,+905387078122,Adana,True,False,2024-09-01T10:59:31,2024-10-05T10:59:31
C002353,Onur Özdemir,individual,M,1969-11-14,onur.ozdemir66@icloud.com,+905311667541,Ankara,True,True,2026-07-22T07:33:11,2026-08-09T07:33:11
C002354,Ömer Arslan,individual,M,1981-08-03,omer.arslan84@outlook.com,+905493463701,Ankara,True,False,2025-02-19T05:00:33,2025-06-06T05:00:33
C002355,Mustafa Ateş,individual,M,1966-07-25,mustafa.ates27@icloud.com,+905397429707,İstanbul,True,False,2023-10-30T17:47:06,2024-04-15T17:47:06
C002356,Naz Öztürk,individual,F,2002-03-17,naz.ozturk@hotmail.com,+905303142842,Antalya,True,True,2024-10-24T17:05:26,2025-03-14T17:05:26
C002357,Kerem Özdemir,individual,M,2002-10-11,kerem.ozdemir61@gmail.com,+905442342110,Antalya,True,True,2026-05-26T17:23:08,2026-08-15T17:23:08
C002358,Deniz Polat,individual,M,1976-04-30,deniz.polat51@yahoo.com,+905367963224,İzmir,True,True,2026-08-01T14:41:55,2027-02-07T14:41:55
C002359,Onur Şimşek,individual,M,1960-09-17,onur.simsek73@yahoo.com,+905428970676,ISTANBUL,True,True,2025-03-29T09:07:18,2025-05-24T09:07:18
C002360,Naz Kurt,individual,F,1984-07-14,naz.kurt12@hotmail.com,+905553414582,Bursa,True,True,2024-08-06T13:58:28,2024-11-22T13:58:28
C002361,Ebru Kılıç,individual,F,1980-07-27,ebru.kilic@gmail.com,+905317401302,Eskişehir,False,True,2025-05-16T13:59:23,2025-05-30T13:59:23
C002362,Merve Doğan,individual,F,1988-10-11,merve.dogan96@gmail.com,+905374934247,Ankara,True,False,2024-06-15T09:28:49,2024-10-13T09:28:49
C002363,Deniz Avcı,individual,M,1980-08-28,deniz.avci@icloud.com,+905509554994,İstanbul,True,True,2025-12-13T18:10:03,2026-03-27T18:10:03
C002364,Esra Uzun,individual,F,1990-12-10,esra.uzun@icloud.com,+905515449802,İstanbul,True,False,2025-03-18T15:19:43,2025-08-09T15:19:43
C002365,Nova Gıda A.Ş.,corporate,,,novagida@nova.com.tr,+905443979685,Istanbul,True,False,2024-03-27T18:44:52,2024-04-11T18:44:52
C002366,Arda Çetin,individual,M,2002-01-21,arda.cetin49@hotmail.com,+905328992365,İstanbul,True,True,2026-04-29T10:55:25,2026-08-19T10:55:25
C002367,Dilara Kaya,individual,F,1978-07-15,dilara.kaya16@outlook.com,+905327127701,Antalya,False,True,2024-11-18T17:25:56,2025-01-14T17:25:56
C002368,Zeynep Ünal,individual,F,1969-07-25,zeynep.unal40@hotmail.com,+905488282374,İstanbul,True,False,2025-09-01T18:13:39,2025-09-22T18:13:39
C002369,Ceren Uzun,individual,F,1999-02-15,ceren.uzun@yahoo.com,+905574596963,Adana,True,True,2026-03-19T18:42:08,2026-08-27T18:42:08
C002370,Beyza Erdoğan,individual,F,1987-08-02,beyza.erdogan82@hotmail.com,+905539563102,İstanbul,True,False,2025-08-04T20:04:34,2025-08-04T20:04:34
C002371,Furkan Bozkurt,individual,M,1995-06-23,furkan.bozkurt50@yahoo.com,+905358910723,İzmir,True,True,2026-03-24T20:05:33,2026-10-06T20:05:33
C002372,Tolga Aydın,individual,M,1989-10-31,tolga.aydin@hotmail.com,+905423733752,İstanbul,True,True,2026-05-03T21:36:41,2026-08-03T21:36:41
C002373,İbrahim Çetin,individual,M,1991-03-13,ibrahim.cetin26@gmail.com,+905514344863,İstanbul,False,False,2024-03-05T08:23:48,2024-04-06T08:23:48
C002374,Onur Yılmaz,individual,M,1980-03-17,onur.yilmaz@outlook.com,+905548960584,İstanbul,True,False,2025-04-13T09:46:57,2025-10-10T09:46:57
C002375,Yıldız Gıda Ltd. Şti.,corporate,,,yildizgida@yildiz.com.tr,5569992722,İstanbul,False,True,2024-05-19T13:12:28,2024-05-31T13:12:28
C002376,Naz Kılıç,individual,F,1972-04-26,naz.kilic@hotmail.com,+905384794975,İstanbul,True,True,2025-12-21T06:26:26,2026-03-20T06:26:26
C002377,Mustafa Doğan,individual,M,2000-09-16,mustafa.dogan@yahoo.com,+905435257266,Kocaeli,True,True,2025-09-10T22:22:26,2026-01-30T22:22:26
C002378,Furkan Avcı,individual,M,1983-04-28,furkan.avci80@yahoo.com,+905556317729,Gaziantep,True,False,2024-03-29T22:13:32,2024-06-12T22:13:32
C002379,Beyza Polat,individual,F,1988-03-16,beyza.polat@yahoo.com,+905457679418,İstanbul,True,True,2024-04-19T13:16:19,2024-06-16T13:16:19
C002380,Cansu Kara,individual,F,1989-01-13,cansu.kara@yahoo.com,+905591356805,ANKARA,True,True,2023-10-13T08:00:55,2023-11-06T08:00:55
C002381,Yıldız Lojistik A.Ş.,corporate,,,yildizlojistik@yildiz.com.tr,+905352807626,Samsun,True,False,2025-11-11T05:33:04,2025-12-06T05:33:04
C002382,Nova Yazılım Ltd. Şti.,corporate,,,novayazilim@nova.com.tr,+905442350359,İstanbul,True,False,2023-11-07T10:20:56,2023-11-23T10:20:56
C002383,Seda Bozkurt,individual,F,1989-07-02,seda.bozkurt28@outlook.com,05402610845,İstanbul,False,False,2026-02-22T00:14:56,2026-03-25T00:14:56
C002384,Cem Avcı,individual,M,1977-10-02,cem.avci@icloud.com,+905402569910,Antalya,True,False,2023-09-17T04:13:39,2023-10-15T04:13:39
C002385,Arda Sarı,individual,M,1990-11-09,arda.sari@icloud.com,+905396473766,İstanbul,True,True,2026-07-27T14:51:12,2026-12-18T14:51:12
C002386,Gamze Demir,individual,F,1984-09-24,gamze.demir@icloud.com,+905368455719,Ankara,True,False,2024-04-27T19:24:43,2024-06-16T19:24:43
C002387,Elif Acar,individual,F,1979-03-27,elif.acar2@yahoo.com,+905409282848,İstanbul,True,True,2024-08-26T05:15:52,2025-03-12T05:15:52
C002388,Ufuk Lojistik Ltd. Şti.,corporate,,,ufuklojistik@ufuk.com.tr,+905351949823,İstanbul,True,False,2024-12-05T00:13:29,2025-01-28T00:13:29
C002389,Boğaziçi Danışmanlık Ltd. Şti.,corporate,,,bogazicidanismanlik@bogazici.com.tr,+905324121962,Istanbul,True,False,2024-08-31T01:46:21,2025-01-11T01:46:21
C002390,Barış Taş,individual,M,1986-11-10,baris.tas@gmail.com,+905395194786,Antalya,True,True,2025-04-06T22:41:47,2025-07-19T22:41:47
C002391,Barış Bozkurt,individual,M,1989-02-09,baris.bozkurt23@icloud.com,+905514226218,Adana,True,True,2024-02-11T09:31:02,2024-04-26T09:31:02
C002392,Deniz Şahin,individual,M,1970-07-06,deniz.sahin@hotmail.com,+905302400876,İstanbul,True,True,2024-10-28T09:10:08,2025-02-03T09:10:08
C002393,Murat Acar,individual,M,1996-10-18,murat.acar@yahoo.com,5433832545,İstanbul,True,True,2024-06-18T03:12:15,2024-12-16T03:12:15
C002394,Halil Şimşek,individual,M,1983-02-25,halil.simsek@outlook.com,+905503038315,Kocaeli,True,True,2024-03-07T06:23:18,2024-03-07T06:23:18
C002395,Pınar Arslan,individual,F,2000-04-13,pinar.arslan96@yahoo.com,+905357735467,Ankara,True,True,2026-06-20T23:34:24,2026-11-24T23:34:24
C002396,Murat Avcı,individual,M,1987-12-20,murat.avci@gmail.com,+90 531 885 4262,İstanbul,True,True,2025-04-13T15:33:23,2025-07-30T15:33:23
C002397,Kaan Yalçın,individual,M,1985-04-01,kaan.yalcin9@hotmail.com,+905304936171,İstanbul,True,True,2024-03-27T15:34:10,2024-04-06T15:34:10
C002398,Pınar Acar,individual,F,1967-12-07,pinar.acar2@gmail.com,+905434460577,Muğla,True,False,2023-09-19T08:15:06,2023-09-24T08:15:06
C002399,Berk Keskin,individual,M,2002-04-10,berk.keskin@gmail.com,+905533335529,Ankara,True,True,2025-02-24T00:10:22,2025-09-02T00:10:22
C002400,Hasan Karaca,individual,M,1993-12-10,hasan.karaca60@icloud.com,+905527829232,İstanbul,True,False,2026-02-26T02:31:55,2026-04-15T02:31:55
C002401,Merve Taş,individual,F,1991-11-13,merve.tas85@yahoo.com,+905517468588,Ankara,True,True,2025-09-09T00:09:19,2025-11-21T00:09:19
C002402,Kerem Acar,individual,M,1992-02-16,kerem.acar@gmail.com,+905418261001,İstanbul,True,True,2026-01-17T18:52:52,2026-07-18T18:52:52
C002403,Selin Turan,individual,F,1985-03-30,selin.turan at icloud.com,+905305561135,Muğla,True,False,2025-07-18T18:21:06,2025-10-19T18:21:06
C002404,Halil Kılıç,individual,M,1982-11-24,halil.kilic67@yahoo.com,+905544568114,İstanbul,True,True,2024-03-02T00:59:25,2024-05-03T00:59:25
C002405,Mustafa Koç,individual,M,1990-05-23,mustafa.koc@outlook.com,+905348136012,Ankara,True,False,2026-03-08T22:52:39,2026-08-25T22:52:39
C002406,Kaan Arslan,individual,M,1976-06-24,kaan.arslan@gmail.com,+905342076601,Bursa,True,False,2023-11-21T15:33:07,2024-04-10T15:33:07
C002407,Zeynep Öztürk,individual,F,1976-02-10,zeynep.ozturk@yahoo.com,+905539009407,Adana,True,False,2025-07-02T02:37:22,2025-08-27T02:37:22
C002408,Yusuf Erdoğan,individual,M,1974-07-06,yusuf.erdogan68@gmail.com,+905368428760,Gaziantep,True,True,2024-12-17T11:03:24,2024-12-17T11:03:24
C002409,Ceren Bozkurt,individual,F,1971-05-01,ceren.bozkurt11@icloud.com,05497220229,Gaziantep,False,True,2024-11-29T01:01:46,2025-01-31T01:01:46
C002410,Nova Teknoloji Ltd. Şti.,corporate,,,novateknoloji@nova.com.tr,+905544665348,İstanbul,True,False,2024-09-21T09:01:49,2024-09-29T09:01:49
C002411,Yıldız Danışmanlık A.Ş.,corporate,,,yildizdanismanlik@yildiz.com.tr,+905454135442,Bursa,True,False,2024-10-14T00:00:21,2025-01-03T00:00:21
C002412,Hande Demir,individual,F,1981-06-23,hande.demir53@hotmail.com,+905416946177,İzmir,True,True,2024-03-13T02:50:10,2024-04-05T02:50:10
C002413,Kuzey Sağlık A.Ş.,corporate,,,kuzeysaglik@kuzey.com.tr,+905496700308,Antalya,True,False,2023-11-27T21:40:39,2024-05-02T21:40:39
C002414,Furkan Özdemir,individual,M,1983-05-27,furkan.ozdemir44@hotmail.com,+905527645342,Antalya,True,True,2025-02-23T04:51:55,2025-06-26T04:51:55
C002415,Furkan Özdemir,individual,M,1996-06-25,furkan.ozdemir22@hotmail.com,+905555339644,Bursa,True,True,2025-01-02T00:16:09,2025-07-19T00:16:09
C002416,Deniz Şahin,individual,M,1998-11-09,deniz.sahin24@yahoo.com,+905471893654,istanbul,True,True,2026-03-16T04:46:20,2026-05-09T04:46:20
C002417,Murat Şimşek,individual,M,1971-05-29,murat.simsek14@yahoo.com,0545 429 68 09,Ankara,True,False,2025-07-31T11:27:06,2025-12-24T11:27:06
C002418,Murat Doğan,individual,M,1985-10-25,murat.dogan@gmail.com,+905558299433,Kocaeli,True,True,2025-12-04T09:24:15,2026-04-04T09:24:15
C002419,Halil Aydın,individual,M,1994-03-23,halil.aydin16@hotmail.com,+905583448073,İstanbul,True,True,2026-07-28T19:02:15,2026-09-19T19:02:15
C002420,Anadolu Sağlık A.Ş.,corporate,,,anadolusaglik@anadolu.com.tr,+905371373238,istanbul,True,False,2024-07-13T15:39:14,2024-11-27T15:39:14
C002421,Zirve Tekstil Ltd. Şti.,corporate,,,zirvetekstil@zirve.com.tr,+905527917793,Ankara,True,True,2025-12-15T16:39:54,2026-04-02T16:39:54
C002422,Ahmet Turan,individual,M,1995-10-05,ahmet.turan49@yahoo.com,+905471206065,ANKARA,True,True,2025-06-08T14:57:23,2025-06-22T14:57:23
C002423,Ufuk Otomotiv Yan Sanayi A.Ş.,corporate,,,ufukotomotivyansanayi@ufuk.com.tr,+905438270720,Adana,True,False,2025-02-23T17:32:48,2025-07-10T17:32:48
C002424,Delta Lojistik A.Ş.,corporate,,,deltalojistik@delta.com.tr,+905378325572,İstanbul,True,True,2026-06-08T11:17:07,2026-09-23T11:17:07
C002425,Aslı Bulut,individual,F,1978-09-14,asli.bulut@hotmail.com,+905481898395,Bursa,True,True,2025-05-25T19:43:00,2025-10-17T19:43:00
C002426,İbrahim Karaca,individual,M,1969-10-05,ibrahim.karaca96@yahoo.com,0 (533) 219-8590,İstanbul,True,False,2026-02-07T08:01:06,2026-02-09T08:01:06
C002427,Serkan Aksoy,individual,M,1991-05-25,serkan.aksoy30@yahoo.com,+905596749398,Adana,True,False,2024-05-30T21:49:16,2024-08-09T21:49:16
C002428,Mustafa Uzun,individual,M,1994-02-27,mustafa.uzun53@icloud.com,+905513166822,Antalya,True,False,2025-08-09T11:50:24,2025-08-28T11:50:24
C002429,Ayşe Kara,individual,F,1979-01-04,ayse.kara@icloud.com,+905499193223,Antalya,True,False,2024-02-13T11:48:05,2024-06-08T11:48:05
C002430,Burak Avcı,individual,M,1981-01-26,burak.avci50@icloud.com,5347224099,İstanbul,True,True,2023-10-06T13:09:02,2023-11-16T13:09:02
C002431,Oğuz Aslan,individual,M,1986-12-02,oguz.aslan@gmail.com,+905516318229,Bursa,False,True,2026-07-28T18:54:09,2026-11-28T18:54:09
C002432,Selin Özdemir,individual,F,1958-02-16,selin.ozdemir@gmail.com,0 (552) 182-8768,Denizli,False,True,2024-09-09T08:35:19,2024-12-23T08:35:19
C002433,Yusuf Çakır,individual,M,1980-12-23,yusuf.cakir80@gmail.com,+905482606692,Kocaeli,True,False,2025-12-16T22:44:22,2026-06-24T22:44:22
C002434,Merve Demir,individual,F,1976-10-31,merve.demir11@icloud.com,+905471031765,İzmir,True,True,2024-09-29T08:37:10,2025-02-18T08:37:10
C002435,Oğuz Uzun,individual,M,2000-11-02,oguz.uzun@outlook.com,+905343874010,İzmir,True,False,2026-07-22T00:04:58,2026-12-29T00:04:58
C002436,Kerem Yıldız,individual,M,1996-08-05,kerem.yildiz@gmail.com,+905504001234,Eskişehir,True,False,2025-12-28T16:54:52,2026-01-09T16:54:52
C002437,Elif Aksoy,individual,F,1988-08-10,elif.aksoy@hotmail.com,+905394942854,Konya,True,False,2026-05-16T21:03:10,2026-06-06T21:03:10
C002438,Selin Özkan,individual,F,1988-12-09,selin.ozkan98@icloud.com,+905535355890,İstanbul,True,True,2023-10-05T06:00:03,2024-01-02T06:00:03
C002439,Dilara Uzun,individual,F,1969-02-04,,+905437696355,istanbul,True,True,2024-11-30T10:29:54,2025-06-16T10:29:54
C002440,Zirve Danışmanlık Ltd. Şti.,corporate,,,zirvedanismanlik@zirve.com.tr,+905359752171,Ankara,True,False,2024-09-01T06:31:19,2024-11-26T06:31:19
C002441,Hasan Turan,individual,M,1968-04-04,hasan.turan78@icloud.com,+905362019794,İstanbul,True,True,2024-02-07T23:03:41,2024-02-23T23:03:41
C002442,Nur Demir,individual,F,1972-11-11,nur.demir51@gmail.com,+905506115805,İstanbul,True,False,2024-03-11T09:10:47,2024-06-17T09:10:47
C002443,Deniz Şimşek,individual,M,1992-02-04,deniz.simsek14@outlook.com,+905465250970,İstanbul,True,True,2023-11-02T02:32:58,2024-01-19T02:32:58
C002444,Can Bozkurt,individual,M,1973-09-29,can.bozkurt@gmail.com,+905368268678,İstanbul,True,False,2025-11-09T15:21:50,2026-02-07T15:21:50
C002445,Deniz Güneş,individual,M,1982-02-01,deniz.gunes@icloud.com,+905458548426,Bursa,True,False,2026-08-22T08:09:14,2026-12-10T08:09:14
C002446,Mustafa Özkan,individual,M,1980-04-15,mustafa.ozkan15@yahoo.com,+905413076914,İzmir,True,True,2026-01-31T21:54:08,2026-02-06T21:54:08
C002447,Hüseyin Öztürk,individual,M,1965-12-10,huseyin.ozturk94@outlook.com,5326603090,İstanbul,True,True,2024-12-08T07:41:03,2025-04-09T07:41:03
C002448,Kerem Yalçın,individual,M,1984-04-11,kerem.yalcin83@yahoo.com,+905466437677,İstanbul,True,True,2024-09-18T23:48:53,2024-10-01T23:48:53
C002449,Delta Gıda Ltd. Şti.,corporate,,,deltagida@delta.com.tr,+905348515256,Kocaeli,False,True,2026-04-29T22:51:34,2026-08-19T22:51:34
C002450,Kaan Aslan,individual,M,1984-10-20,kaan.aslan@icloud.com,+905362906610,İzmir,True,False,2024-07-20T10:26:08,2024-11-17T10:26:08
C002451,Mehmet Yıldırım,individual,M,1986-07-18,mehmet.yildirim82@icloud.com,+905405698225,İstanbul,True,True,2024-02-08T05:14:13,2024-02-08T05:14:13
C002452,Meridyen Medya A.Ş.,corporate,,,meridyenmedya@meridyen.com.tr,+905421132929,Antalya,True,False,2024-02-07T20:14:12,2024-04-17T20:14:12
C002453,Ceren Yıldız,individual,F,1984-04-16,ceren.yildiz1@yahoo.com,+905346130434,Mersin,True,False,2023-12-17T16:27:04,2024-04-27T16:27:04
C002454,Berk Uzun,individual,M,1968-03-14,berk.uzun@outlook.com,+905534846938,Eskisehir,True,True,2024-10-08T07:41:50,2024-12-27T07:41:50
C002455,Melis Uzun,individual,F,1977-03-25,melis.uzun@outlook.com,+905362488270,İstanbul,True,False,2026-04-16T10:17:46,2026-07-22T10:17:46
C002456,Akdeniz Danışmanlık A.Ş.,corporate,,,akdenizdanismanlik@akdeniz.com.tr,+905506190576,Eskişehir,True,True,2025-04-01T15:10:28,2025-04-01T15:10:28
C002457,Nova Sağlık Ltd. Şti.,corporate,,,novasaglik@nova.com.tr,+905344460184,İstanbul,True,True,2024-05-22T13:09:14,2024-10-03T13:09:14
C002458,Can Aydın,individual,M,1981-07-22,can.aydin44@icloud.com,+90 543 470 4703,Bursa,True,True,2023-11-20T11:43:41,2024-01-14T11:43:41
C002459,Efe Bulut,individual,M,1996-06-03,efe.bulut39@icloud.com,+905397350903,Bursa,True,True,2025-05-08T11:01:08,2025-09-28T11:01:08
C002460,Naz Bulut,individual,F,1982-08-29,naz.bulut@yahoo.com,0538 889 18 85,İstanbul ,True,False,2024-12-25T07:56:43,2025-02-15T07:56:43
C002461,Selim Doğan,individual,M,1983-11-04,selim.dogan@icloud.com,+905379507696,İzmir,True,False,2024-03-21T07:59:47,2024-04-04T07:59:47
C002462,Boğaziçi Yazılım A.Ş.,corporate,,,bogaziciyazilim@bogazici.com.tr,0 (547) 103-4406,Eskişehir,True,True,2024-02-25T02:58:58,2024-05-28T02:58:58
C002463,Murat Kılıç,individual,M,1992-11-15,murat.kilic80@gmail.com,+905497250127,Samsun,True,False,2025-08-25T17:49:35,2025-12-20T17:49:35
C002464,Elif Kaya,individual,F,1979-01-02,elif.kaya@yahoo.com,0559 288 89 56,Muğla,True,True,2025-04-26T08:18:18,2025-07-29T08:18:18
C002465,Yusuf Öztürk,individual,M,1962-05-02,yusuf.ozturk@hotmail.com,+905483142775,Bursa,True,False,2024-08-28T05:24:25,2024-10-27T05:24:25
C002466,Tuğba Avcı,individual,F,1981-10-24,tugba.avci@yahoo.com,+905487046952,İstanbul,True,True,2025-07-10T13:41:08,2025-08-10T13:41:08
C002467,Onur Demir,individual,M,1986-08-19,onur.demir48@outlook.com,+905455759134,Ankara,True,True,2025-06-19T17:34:21,2025-10-18T17:34:21
C002468,Can Ateş,individual,M,1996-11-26,,+905532314598,Antalya,True,False,2025-05-26T08:51:45,2025-07-23T08:51:45
C002469,Anadolu Medya A.Ş.,corporate,,,anadolumedya@anadolu.com.tr,+905529015642,İstanbul,True,False,2024-08-23T03:11:37,2024-09-20T03:11:37
C002470,İbrahim Özkan,individual,M,1996-11-24,ibrahim.ozkan@outlook.com,+905361968829,Ankara,False,True,2025-10-17T16:44:03,2026-01-27T16:44:03
C002471,Selim Çelik,individual,M,1988-01-26,selim.celik@outlook.com,+905383852398,İstanbul,True,True,2026-02-08T23:54:12,2026-02-14T23:54:12
C002472,Murat Keskin,individual,M,1974-08-26,murat.keskin@icloud.com,+905474142276,ANKARA,True,False,2024-12-15T20:46:26,2025-01-11T20:46:26
C002473,Kerem Yılmaz,individual,M,1983-10-07,kerem.yilmaz@gmail.com,+905325573212,Bursa,True,True,2025-05-04T23:36:34,2025-10-01T23:36:34
C002474,Atlas Enerji A.Ş.,corporate,,,atlasenerji@atlas.com.tr,+905554914970,İstanbul,True,True,2025-12-26T00:30:52,2026-07-09T00:30:52
C002475,Sude Taş,individual,F,1998-09-18,sude.tas59@icloud.com,+905428455114,Antalya,True,False,2024-06-29T07:01:53,2024-11-11T07:01:53
C002476,Arda Kaya,individual,M,1979-04-09,arda.kaya@hotmail.com,+905532738124,İstanbul,True,True,2023-11-04T09:38:15,2023-12-18T09:38:15
C002477,İbrahim Korkmaz,individual,M,1973-05-08,ibrahim.korkmaz1@outlook.com,+905337666053,İstanbul,True,False,2023-11-12T15:54:45,2024-02-10T15:54:45
C002478,Damla Ünal,individual,F,1984-06-06,damla.unal5@yahoo.com,+905428534941,İzmir,True,True,2024-10-12T20:34:47,2025-02-27T20:34:47
C002479,Zirve Lojistik Ltd. Şti.,corporate,,,zirvelojistik@zirve.com.tr,+905318449139,İzmir,True,False,2025-12-06T00:07:17,2026-02-22T00:07:17
C002480,Gamze Aydın,individual,F,2002-07-20,gamze.aydin@yahoo.com,+905582948134,Kocaeli,True,False,2024-06-23T19:51:41,2024-10-14T19:51:41
C002481,Hüseyin Turan,individual,M,1976-05-12,huseyin.turan@icloud.com,+905326717117,İstanbul,True,False,2025-11-23T17:16:24,2026-06-10T17:16:24
C002482,Kuzey Otomotiv Yan Sanayi Ltd. Şti.,corporate,,,kuzeyotomotivyansanayi@kuzey.com.tr,5558838204,İzmir,True,True,2026-03-11T00:13:53,2026-08-13T00:13:53
C002483,Tuğba Aksoy,individual,F,1950-02-25,tugba.aksoy@gmail.com,+905338989786,Gaziantep,True,True,2026-08-03T07:05:06,2026-10-28T07:05:06
C002484,Oğuz Yalçın,individual,M,1981-03-10,oguz.yalcin60@outlook.com,0558 511 33 46,Kocaeli,True,True,2025-07-07T07:47:12,2025-10-03T07:47:12
C002485,Efe Polat,individual,M,1990-04-06,efe.polat@icloud.com,+905366763651,Samsun,True,False,2024-09-06T19:16:00,2024-10-03T19:16:00
C002486,Barış Kaya,individual,M,1969-09-19,baris.kaya29@hotmail.com,+905505984842,İzmir,True,True,2025-10-24T23:44:54,2026-02-05T23:44:54
C002487,Efe Korkmaz,individual,M,1976-04-28,efe.korkmaz@outlook.com,+905353743903,İstanbul,True,False,2024-08-03T18:33:48,2024-10-13T18:33:48
C002488,Mustafa Özdemir,individual,M,1994-02-04,mustafa.ozdemir@outlook.com,+90 545 957 7620,İstanbul,True,False,2026-08-04T08:46:09,2026-08-10T08:46:09
C002489,Oğuz Kaya,individual,M,1990-08-09,oguz.kaya@outlook.com,+905589000094,Ankara,True,False,2024-10-13T03:18:10,2025-03-29T03:18:10
C002490,Cem Sarı,individual,M,1977-01-31,cem.sari20@hotmail.com,+905496503886,İstanbul,True,False,2026-08-28T02:09:05,2027-01-02T02:09:05
C002491,Efe Uzun,individual,M,2002-07-31,efe.uzun32@yahoo.com,+905348385079,İstanbul,True,True,2025-03-15T18:37:27,2025-04-15T18:37:27
C002492,Hasan Uzun,individual,M,1972-02-13,hasan.uzun@gmail.com,+905447974005,İstanbul,True,False,2025-07-21T11:03:37,2025-11-08T11:03:37
C002493,Furkan Şimşek,individual,M,1984-02-28,furkan.simsek20@outlook.com,+905532641857,Konya,True,False,2024-07-17T06:55:24,2024-10-30T06:55:24
C002494,Meridyen Lojistik A.Ş.,corporate,,,meridyenlojistik@meridyen.com.tr,+905569906008,İstanbul,True,True,2025-07-23T14:53:11,2025-09-08T14:53:11
C002495,Burak Aksoy,individual,M,1978-07-25,burak.aksoy65@gmail.com,+905495331800,İstanbul,True,True,2026-06-11T21:17:28,2026-07-01T21:17:28
C002496,Derya Kara,individual,F,1981-08-07,derya.kara@outlook.com,+905366679696,İstanbul,True,True,2025-10-15T00:40:19,2026-03-01T00:40:19
C002497,Pınar Şimşek,individual,F,1988-11-28,pinar.simsek7@hotmail.com,+905528906348,İstanbul,True,True,2024-05-23T04:46:45,2024-09-22T04:46:45
C002498,Umut Şimşek,individual,M,1991-09-23,umut.simsek52@hotmail.com,+905369196023,Adana,True,False,2024-07-20T03:10:28,2025-01-16T03:10:28
C002499,Elif Erdoğan,individual,F,1963-03-05,elif.erdogan27@gmail.com,+905385792818,İstanbul,True,False,2024-06-04T10:45:41,2024-12-04T10:45:41
C002500,Deniz Kılıç,individual,M,1979-02-04,deniz.kilic@gmail.com,+905466362819,Samsun,True,True,2024-05-06T10:23:50,2024-06-16T10:23:50
C002501,Pınar Keskin,individual,F,1980-08-10,pinar.keskin63@gmail.com,5451106231,Gaziantep,True,True,2026-03-20T10:33:34,2026-03-22T10:33:34
C002502,Tuğba Ünal,individual,F,2002-02-08,tugba.unal@icloud.com,+905432755384,İzmir,False,True,2024-01-04T03:30:46,2024-03-29T03:30:46
C002503,Merve Kılıç,individual,F,2002-07-04,merve.kilic@outlook.com,+905499833646,Ankara,True,True,2025-08-09T13:22:11,2025-10-20T13:22:11
C002504,Damla Ünal,individual,F,1982-11-19,damla.unal44@icloud.com,+905456707819,Ankara,True,True,2024-06-03T12:15:13,2024-06-30T12:15:13
C002505,Murat Polat,individual,M,1983-04-16,murat.polat37@hotmail.com,+905397410055,İstanbul,False,True,2026-01-30T22:16:49,2026-04-06T22:16:49
C002506,Deniz Yıldırım,individual,M,2000-06-30,deniz.yildirim53@icloud.com,0547 511 55 50,Kocaeli,True,True,2026-08-25T16:28:33,2026-11-28T16:28:33
C002507,Atlas Teknoloji A.Ş.,corporate,,,atlasteknoloji@atlas.com.tr,+905538213385,İstanbul,True,True,2025-02-03T10:33:06,2025-03-17T10:33:06
C002508,İbrahim Demir,individual,M,1973-10-06,ibrahim.demir36@yahoo.com,+905548096455,İstanbul,True,False,2024-06-23T09:26:38,2024-08-11T09:26:38
C002509,Yıldız Yazılım A.Ş.,corporate,,,yildizyazilim@yildiz.com.tr,+905406752112,Adana,True,True,2024-07-19T01:30:37,2024-09-13T01:30:37
C002510,Furkan Yalçın,individual,M,1970-01-20,furkan.yalcin@gmail.com,+905512163860,Istanbul,True,True,2024-05-29T14:11:39,2024-09-19T14:11:39
C002511,Ahmet Şimşek,individual,M,1977-07-07,ahmet.simsek@gmail.com,+905554486217,İzmir,True,True,2026-06-21T14:56:37,2026-08-15T14:56:37
C002512,Dilara Uzun,individual,F,1962-05-26,dilara.uzun@gmail.com,+905382612068,İstanbul,True,True,2024-05-12T13:35:58,2024-10-22T13:35:58
C002513,Kerem Turan,individual,M,2002-10-05,kerem.turan42@gmail.com,+905397660625,İstanbul,True,False,2026-01-20T05:21:29,2026-07-04T05:21:29
C002514,Ali Yalçın,individual,M,1989-09-02,ali.yalcin@outlook.com,+905309904609,İstanbul,True,False,2025-09-16T09:47:20,2025-12-12T09:47:20
C002515,Ahmet Tekin,individual,M,1983-12-20,ahmet.tekin32@outlook.com,5547940917,Ankara,True,True,2024-02-28T04:54:01,2024-04-05T04:54:01
C002516,Atlas Gıda A.Ş.,corporate,,,atlasgida@atlas.com.tr,+905332804436,İstanbul,False,True,2025-12-10T12:25:21,2026-05-01T12:25:21
C002517,Kerem Kılıç,individual,M,1984-07-18,kerem.kilic@hotmail.com,+905351313676,Denizli,True,True,2025-05-18T07:41:44,2025-07-10T07:41:44
C002518,Murat Kurt,individual,M,1988-07-17,murat.kurt@icloud.com,+90 555 357 9466,Ankara,True,False,2024-01-17T15:35:07,2024-06-12T15:35:07
C002519,Kerem Acar,individual,M,1965-11-06,kerem.acar82@gmail.com,+905501911122,İzmir,True,False,2026-05-31T02:11:33,2026-09-11T02:11:33
C002520,Esra Özdemir,individual,F,2002-08-12,esra.ozdemir12@hotmail.com,5437185587,Samsun,True,True,2024-11-16T10:04:36,2025-05-13T10:04:36
C002521,Burak Öztürk,individual,M,1985-07-11,burak.ozturk81@gmail.com,+905355623925,Adana,True,False,2024-11-24T06:56:02,2025-03-30T06:56:02
C002522,Arda Ateş,individual,M,1978-05-07,arda.ates@icloud.com,+905587961164,İstanbul,True,False,2026-01-01T02:43:04,2026-05-08T02:43:04
C002523,Ali Aslan,individual,M,1991-10-24,ali.aslan@icloud.com,+905434041511,İstanbul,True,True,2024-05-12T04:25:19,2024-06-19T04:25:19
C002524,Nur Ateş,individual,F,2000-01-21,nur.ates20@outlook.com,+905592224055,Ankara,True,True,2024-07-17T14:27:59,2024-09-08T14:27:59
C002525,Burak Özdemir,individual,M,1993-11-09,burak.ozdemir@outlook.com,+905375378200,Bursa,True,True,2026-06-14T05:35:57,2026-11-07T05:35:57
C002526,Nova Gıda A.Ş.,corporate,,,novagida@nova.com.tr,+905373076854,İstanbul,True,False,2025-03-06T08:48:03,2025-05-02T08:48:03
C002527,Ege İnşaat Ltd. Şti.,corporate,,,egeinsaat@ege.com.tr,+905415282985,ANKARA,True,True,2024-05-04T21:36:10,2024-08-09T21:36:10
C002528,Murat Avcı,individual,M,1983-08-17,murat.avci@outlook.com,+905458075803,İstanbul,True,False,2024-06-19T09:36:15,2024-09-17T09:36:15
C002529,Barış Acar,individual,M,1983-06-26,baris.acar75@gmail.com,+905302129540,Adana,True,True,2025-05-02T03:28:02,2025-10-12T03:28:02
C002530,Merve Kaya,individual,F,1967-06-07,merve.kaya19@yahoo.com,+905334038866,Istanbul,True,False,2025-11-30T14:17:05,2026-01-20T14:17:05
C002531,Cansu Şahin,individual,F,1988-09-02,cansu.sahin49@gmail.com,+905481078509,İstanbul,True,False,2024-05-05T02:55:20,2024-06-06T02:55:20
C002532,Cem Şahin,individual,M,1960-09-10,cem.sahin10@gmail.com,+905435114606,İstanbul,True,True,2024-09-03T03:07:22,2025-01-29T03:07:22
C002533,Onur Taş,individual,M,1991-09-09,onur.tas43@hotmail.com,+905438875243,Antalya,True,False,2023-10-29T15:46:15,2023-11-15T15:46:15
C002534,Kaan Uzun,individual,M,1987-04-08,kaan.uzun@icloud.com,+905427942687,İstanbul,True,True,2026-06-26T21:58:13,2026-09-23T21:58:13
C002535,Gamze Acar,individual,F,1982-07-07,gamze.acar@icloud.com,+905436612158,Samsun,True,True,2025-05-04T13:49:33,2025-06-11T13:49:33
C002536,Nur Şimşek,individual,F,1999-03-20,nur.simsek36@outlook.com,+905396413399,Antalya,True,True,2024-02-04T03:15:34,2024-06-26T03:15:34
C002537,Oğuz Kılıç,individual,M,1968-02-02,oguz.kilic35@icloud.com,+905305314145,Ankara,True,True,2025-03-01T08:41:10,2025-04-02T08:41:10
C002538,Mustafa Turan,individual,M,1973-10-02,mustafa.turan@icloud.com,+905459797471,Bursa,True,True,2025-01-06T03:01:28,2025-05-20T03:01:28
C002539,Hüseyin Yıldız,individual,M,1969-09-06,huseyin.yildiz@yahoo.com,+905587696255,Ankara,True,False,2024-09-27T00:03:40,2025-03-23T00:03:40
C002540,Ali Turan,individual,M,1982-09-18,ali.turan@outlook.com,+905428166590,İstanbul,True,False,2025-12-15T13:05:07,2025-12-26T13:05:07
C002541,Eren Turan,individual,M,1964-08-04,eren.turan@yahoo.com,+905393758877,Bursa,True,False,2026-05-15T12:49:41,2026-07-12T12:49:41
C002542,Emre Çetin,individual,M,1988-03-15,emre.cetin72@hotmail.com,+905583178891,İstanbul,True,True,2025-05-29T01:43:26,2025-09-09T01:43:26
C002543,Nazlı Avcı,individual,F,1985-01-25,,0 (538) 453-0484,Denizli,True,False,2025-04-25T10:35:00,2025-07-20T10:35:00
C002544,Ömer Erdoğan,individual,M,1973-09-13,omer.erdogan66@yahoo.com,+905591779761,Kocaeli,True,True,2025-09-10T17:00:20,2025-10-26T17:00:20
C002545,Hasan Korkmaz,individual,M,1991-01-24,hasan.korkmaz@outlook.com,+905307250046,Istanbul,True,False,2024-04-12T11:39:35,2024-07-06T11:39:35
C002546,Serkan Bulut,individual,M,1987-10-04,serkan.bulut50@gmail.com,+905494682784,Muğla,True,True,2026-02-14T22:11:18,2026-08-03T22:11:18
C002547,Zeynep Ünal,individual,F,1965-03-26,zeynep.unal25@gmail.com,+905459909903,Ankara,True,False,2025-01-15T07:23:51,2025-05-26T07:23:51
C002548,Can Ünal,individual,M,1971-06-09,can.unal28@yahoo.com,+905522611800,İstanbul,True,True,2025-12-26T15:00:26,2026-05-12T15:00:26
C002549,Nazlı Arslan,individual,F,1979-08-30,nazli.arslan@outlook.com,+905449917129,Adana,True,False,2026-07-07T08:05:08,2026-12-01T08:05:08
C002550,Ebru Çakır,individual,F,1986-03-23,ebru.cakir@icloud.com,+905424196247,Bursa,True,False,2026-06-18T15:13:53,2026-10-19T15:13:53
C002551,Efe Aydın,individual,M,1985-07-30,efe.aydin@icloud.com,5459828006,İstanbul,True,False,2024-03-05T19:40:41,2024-05-12T19:40:41
C002552,Elif Taş,individual,F,1982-04-22,elif.tas95@gmail.com,+905403673301,Bursa,True,True,2025-10-05T06:15:49,2026-02-14T06:15:49
C002553,Sude Ateş,individual,F,1986-09-09,sude.ates@gmail.com,+905374413496,Ankara,True,True,2024-12-18T02:26:48,2025-05-24T02:26:48
C002554,Selim Şimşek,individual,M,1971-06-06,selim.simsek70@icloud.com,+905439505125,Kocaeli,False,True,2026-06-12T08:42:33,2026-10-15T08:42:33
C002555,Serkan Taş,individual,M,1975-02-24,serkan.tas@icloud.com,+905353422751,Mersin,True,True,2026-03-31T01:23:49,2026-05-26T01:23:49
C002556,Yıldız Gıda Ltd. Şti.,corporate,,,yildizgida@yildiz.com.tr,+905333001551,İstanbul,True,True,2025-09-04T23:20:30,2026-01-25T23:20:30
C002557,Arda Kara,individual,M,1978-12-31,arda.kara@icloud.com,5536539013,Bursa,True,True,2026-01-19T16:18:04,2026-07-21T16:18:04
C002558,Hasan Ünal,individual,M,1975-02-18,hasan.unal14@yahoo.com,+905452188416,Samsun,True,False,2026-06-15T21:06:49,2026-07-19T21:06:49
C002559,Mustafa Korkmaz,individual,M,1964-01-16,mustafa.korkmaz@hotmail.com,+905447187071,İzmir,False,True,2026-08-30T21:38:28,2027-03-08T21:38:28
C002560,Oğuz Karaca,individual,M,1984-01-04,oguz.karaca92@yahoo.com,+905302538837,Antalya,True,True,2024-05-12T02:03:48,2024-10-26T02:03:48
C002561,Selim Güneş,individual,M,1996-11-26,selim.gunes98@icloud.com,0547 838 53 16,Gaziantep,True,True,2026-08-17T20:39:23,2027-01-26T20:39:23
C002562,Zirve Enerji Ltd. Şti.,corporate,,,zirveenerji@zirve.com.tr,+905383039486,İstanbul,True,False,2024-03-14T16:01:14,2024-07-29T16:01:14
C002563,Barış Kara,individual,M,1979-10-25,baris.kara47@hotmail.com,+905302013903,Antalya,True,False,2025-09-08T23:45:37,2025-10-02T23:45:37
C002564,Eren Çelik,individual,M,1981-05-01,eren.celik35@icloud.com,+905432653492,Muğla,True,True,2024-08-10T23:03:24,2024-12-21T23:03:24
C002565,Oğuz Bulut,individual,M,1978-02-27,oguz.bulut75@gmail.com,0556 407 67 44,İzmir,True,True,2024-08-16T12:43:24,2024-08-31T12:43:24
C002566,Efe Uzun,individual,M,1987-04-06,efe.uzun@yahoo.com,+905537818523,Izmir,True,False,2023-11-15T14:18:29,2024-01-14T14:18:29
C002567,Kerem Ateş,individual,M,1985-12-31,kerem.ates75@gmail.com,+905428163616,İstanbul,False,True,2025-12-08T04:21:41,2026-04-16T04:21:41
C002568,Seda Acar,individual,F,1984-12-13,seda.acar@hotmail.com,+905321966322,Konya,True,True,2025-12-12T20:22:44,2026-06-13T20:22:44
C002569,Murat Taş,individual,M,1970-03-24,murat.tas@gmail.com,+905436980681,Muğla,False,False,2025-12-22T23:00:37,2026-04-07T23:00:37
C002570,Arda Yıldırım,individual,M,1973-10-11,arda.yildirim59@icloud.com,+905303759750,Kocaeli,True,False,2023-12-14T22:12:38,2024-06-08T22:12:38
C002571,Ebru Bozkurt,individual,F,2000-06-03,ebru.bozkurt@outlook.com,+905339690157,İstanbul,True,True,2024-09-29T14:40:59,2024-10-31T14:40:59
C002572,Tolga Şahin,individual,M,1993-04-29,tolga.sahin@gmail.com,+905596799646,Kocaeli,True,False,2025-05-15T14:42:04,2025-05-26T14:42:04
C002573,İbrahim Aydın,individual,M,1994-09-16,ibrahim.aydin@icloud.com,+905332213800,İstanbul,True,False,2024-11-13T11:56:35,2025-03-30T11:56:35
C002574,Zirve Medya Ltd. Şti.,corporate,,,zirvemedya@zirve.com.tr,+905399218716,İstanbul,True,True,2025-06-08T21:37:50,2025-10-19T21:37:50
C002575,Selim Yılmaz,individual,M,1976-05-27,selim.yilmaz@hotmail.com,+90 547 458 3296,İzmir,True,True,2025-11-25T05:30:37,2026-01-17T05:30:37
C002576,Dilara Özdemir,individual,F,1993-09-03,dilara.ozdemir@yahoo.com,+905543438567,İstanbul,True,True,2024-05-11T13:14:12,2024-09-28T13:14:12
C002577,Barış Özkan,individual,M,1979-08-19,baris.ozkan26@yahoo.com,+905355158917,İstanbul,True,False,2024-12-22T15:04:17,2025-02-20T15:04:17
C002578,Arda Tekin,individual,M,1972-06-28,arda.tekin41@yahoo.com,+905329155079,Muğla,True,True,2024-01-17T17:05:21,2024-06-03T17:05:21
C002579,Boğaziçi Gıda A.Ş.,corporate,,,bogazicigida@bogazici.com.tr,+905514255826,İstanbul,True,False,2025-12-19T07:45:41,2026-01-13T07:45:41
C002580,Atlas Enerji Ltd. Şti.,corporate,,,atlasenerji@atlas.com.tr,+905434582578,İstanbul,True,True,2025-05-05T17:55:44,2025-07-05T17:55:44
C002581,Gizem Tekin,individual,F,1980-07-20,gizem.tekin@outlook.com,+905549121295,İstanbul,True,False,2026-04-04T06:03:04,2026-10-07T06:03:04
C002582,Damla Güneş,individual,F,1979-10-21,damla.gunes29@outlook.com,+905563927947,İstanbul,True,True,2024-11-28T18:07:49,2025-02-06T18:07:49
C002583,Mustafa Karaca,individual,M,1987-05-02,mustafa.karaca39@gmail.com,+905397015951,Mersin,True,True,2024-09-30T09:21:06,2024-12-07T09:21:06
C002584,Aslı Keskin,individual,F,1995-07-21,asli.keskin22@yahoo.com,+905517951106,Konya,True,False,2025-07-30T18:48:48,2026-01-29T18:48:48
C002585,Furkan Aydın,individual,M,1974-06-28,furkan.aydin59@outlook.com,+905348201751,İzmir,True,True,2024-09-18T08:30:04,2025-01-06T08:30:04
C002586,Mehmet Erdoğan,individual,M,1972-03-17,mehmet.erdogan35@icloud.com,+905373992057,Istanbul,True,True,2024-12-08T07:36:12,2025-05-10T07:36:12
C002587,Mehmet Yılmaz,individual,M,1986-10-15,mehmet.yilmaz70@icloud.com,+905375417457,istanbul,True,False,2025-09-01T21:53:03,2026-01-18T21:53:03
C002588,Ufuk Enerji Ltd. Şti.,corporate,,,ufukenerji@ufuk.com.tr,+905423699251,Adana,True,True,2024-11-24T00:28:50,2025-03-02T00:28:50
C002589,Ali Özkan,individual,M,1993-01-17,ali.ozkan@gmail.com,+905449804591,Ankara,True,True,2026-06-06T05:25:30,2026-10-09T05:25:30
C002590,Büşra Güneş,individual,F,1973-02-01,busra.gunes@icloud.com,+905472720279,İstanbul,True,True,2025-03-30T16:32:53,2025-05-29T16:32:53
C002591,Hande Polat,individual,F,1980-09-25,hande.polat96@yahoo.com,+905552168078,Bursa,True,False,2024-05-20T22:58:28,2024-06-12T22:58:28
C002592,Cem Bozkurt,individual,M,2002-09-01,cem.bozkurt16@yahoo.com,+905425952829,İstanbul,True,True,2023-10-04T14:04:03,2024-03-03T14:04:03
C002593,Barış Aslan,individual,M,1993-03-20,baris.aslan@hotmail.com,0 (552) 410-7186,İstanbul,True,False,2024-06-22T14:22:14,2024-08-15T14:22:14
C002594,Tolga Aydın,individual,M,1977-06-12,tolga.aydin60@hotmail.com,+905314551280,İzmir,True,True,2025-07-05T21:59:04,2026-01-13T21:59:04
C002595,Barış Bozkurt,individual,M,2001-01-07,baris.bozkurt@outlook.com,+905506701295,İstanbul,True,True,2026-02-20T20:05:17,2026-08-04T20:05:17
C002596,Ufuk Turizm A.Ş.,corporate,,,ufukturizm@ufuk.com.tr,+905423728761,İstanbul,True,True,2026-08-21T10:14:01,2027-02-15T10:14:01
C002597,Hüseyin Özkan,individual,M,1983-02-02,huseyin.ozkan@hotmail.com,0530 270 49 63,Adana,True,False,2024-12-16T00:07:34,2025-05-04T00:07:34
C002598,Hüseyin Yılmaz,individual,M,1973-04-21,huseyin.yilmaz8@gmail.com,0551 131 19 29,İstanbul,True,True,2024-07-18T13:54:05,2024-12-20T13:54:05
C002599,Gamze Kaya,individual,F,1975-05-17,gamze.kaya@hotmail.com,+905399358627,Antalya,True,False,2026-08-21T12:25:00,2027-02-22T12:25:00
C002600,Berk Bulut,individual,M,1981-09-01,berk.bulut@yahoo.com,+905427717214,Eskisehir,True,True,2026-02-24T08:26:59,2026-06-01T08:26:59
C002601,Hüseyin Yıldız,individual,M,1966-06-06,huseyin.yildiz51@hotmail.com,+905394262874,Bursa,True,False,2024-01-22T05:32:18,2024-03-15T05:32:18
C002602,Yusuf Aksoy,individual,M,1964-02-04,yusuf.aksoy91@yahoo.com,+905339866214,Bursa,True,False,2024-12-10T01:09:25,2025-04-06T01:09:25
C002603,Cansu Uzun,individual,F,2000-03-24,cansu.uzun71@yahoo.com,+905447074446,Kocaeli,True,False,2023-10-08T04:43:41,2024-04-15T04:43:41
C002604,Aslı Doğan,individual,F,1990-08-25,asli.dogan@yahoo.com,+905331001474,Ankara,False,False,2025-02-22T12:12:12,2025-04-29T12:12:12
C002605,Ceren Güneş,individual,F,1993-01-07,ceren.gunes@icloud.com,+905363964661,İstanbul,True,True,2025-03-21T20:20:11,2025-08-16T20:20:11
C002606,Oğuz Acar,individual,M,1982-12-21,oguz.acar41 at yahoo.com,+905536474146,Bursa,False,True,2025-06-11T02:01:52,2025-10-20T02:01:52
C002607,Can Çetin,individual,M,1990-07-19,can.cetin68@hotmail.com,+905328396849,İstanbul,True,True,2024-02-20T22:48:31,2024-04-02T22:48:31
C002608,Yıldız Sağlık Ltd. Şti.,corporate,,,yildizsaglik@yildiz.com.tr,+905328771262,İstanbul,True,True,2025-01-14T00:51:54,2025-03-12T00:51:54
C002609,Ayşe Tekin,individual,F,1971-04-30,ayse.tekin@yahoo.com,+905392145584,Bursa,True,True,2024-08-17T16:29:16,2025-01-08T16:29:16
C002610,Furkan Kara,individual,M,1964-01-15,furkan.kara86@icloud.com,+905347350050,Adana,True,False,2025-05-29T04:57:54,2025-10-23T04:57:54
C002611,Akdeniz Turizm A.Ş.,corporate,,,akdenizturizm@akdeniz.com.tr,+905459096637,İstanbul,True,False,2024-03-29T04:13:35,2024-09-05T04:13:35
C002612,Ömer Sarı,individual,M,1959-09-09,omer.sari@icloud.com,0 (533) 411-7021,IZMIR,True,True,2025-05-02T20:01:46,2025-09-13T20:01:46
C002613,Can Demir,individual,M,1973-09-24,can.demir@gmail.com,+905322485814,ISTANBUL,True,False,2025-08-29T12:55:28,2025-09-27T12:55:28
C002614,Nova Otomotiv Yan Sanayi A.Ş.,corporate,,,novaotomotivyansanayi@nova.com.tr,+905483463379,Gaziantep,True,True,2023-11-26T20:19:34,2024-03-02T20:19:34
C002615,Beyza Erdoğan,individual,F,1956-05-28,beyza.erdogan6@gmail.com,+905427334948,Bursa,True,False,2024-01-07T05:24:58,2024-01-08T05:24:58
C002616,Efe Ünal,individual,M,1971-01-26,efe.unal56@gmail.com,+90 535 867 5923,Ankara,True,True,2024-07-24T13:46:12,2024-12-14T13:46:12
C002617,Hüseyin Yalçın,individual,M,1975-07-27,huseyin.yalcin94@outlook.com,+905532320138,İzmir,True,False,2025-03-12T22:24:32,2025-05-14T22:24:32
C002618,Serkan Yalçın,individual,M,1972-09-06,serkan.yalcin45@gmail.com,+905438621673,İstanbul,True,True,2026-08-07T21:41:55,2026-12-30T21:41:55
C002619,Umut Avcı,individual,M,1974-07-03,umut.avci@gmail.com,+905396503674,İzmir,True,True,2023-09-18T01:55:25,2023-10-14T01:55:25
C002620,Büşra Ünal,individual,F,1997-11-01,busra.unal64@gmail.com,+905544099805,Ankara,True,True,2026-08-28T16:28:28,2026-11-13T16:28:28
C002621,Eren Sarı,individual,M,1975-01-04,eren.sari5@icloud.com,+905437184482,İstanbul,True,True,2024-03-31T20:13:01,2024-07-20T20:13:01
C002622,Murat Avcı,individual,M,1981-12-17,murat.avci@gmail.com,+905525699031,İstanbul,True,False,2025-01-10T09:34:30,2025-04-06T09:34:30
C002623,Cansu Korkmaz,individual,F,1981-03-03,cansu.korkmaz@icloud.com,+90 536 305 3197,İstanbul,True,False,2024-04-26T13:13:38,2024-11-07T13:13:38
C002624,Deniz Yılmaz,individual,M,1978-12-16,deniz.yilmaz@yahoo.com,+905354667666,İstanbul,True,False,2024-12-28T00:06:56,2025-02-09T00:06:56
C002625,Serkan Keskin,individual,M,1975-09-28,serkan.keskin@yahoo.com,0539 562 35 09,İstanbul,True,True,2024-05-21T14:36:31,2024-08-27T14:36:31
C002626,Efe Korkmaz,individual,M,1988-08-20,efe.korkmaz@yahoo.com,+905321476500,İzmir,True,True,2026-04-24T11:38:01,2026-07-25T11:38:01
C002627,Can Özkan,individual,M,1975-01-27,can.ozkan@outlook.com,+905582861710,İstanbul,True,False,2025-07-25T17:57:19,2025-12-03T17:57:19
C002628,Hasan Demir,individual,M,1972-01-10,hasan.demir26@icloud.com,+905483688714,Bursa,True,False,2026-05-03T22:31:38,2026-05-16T22:31:38
C002629,Berk Şimşek,individual,M,1976-04-23,berk.simsek@icloud.com,+905474411266,İzmir,True,True,2026-03-22T05:30:00,2026-06-14T05:30:00
C002630,Burak Şahin,individual,M,1979-06-03,,+905407413349,İstanbul,True,True,2025-05-13T06:17:05,2025-09-01T06:17:05
C002631,Efe Arslan,individual,M,1991-02-16,efe.arslan@icloud.com,+905483331328,Denizli,True,True,2026-07-28T03:39:27,2026-08-27T03:39:27
C002632,Mehmet Özkan,individual,M,1986-12-09,mehmet.ozkan20@icloud.com,+905399818413,Bursa,True,True,2026-05-28T14:54:14,2026-11-30T14:54:14
C002633,Ahmet Özkan,individual,M,1974-04-21,ahmet.ozkan@yahoo.com,+905566064255,İstanbul,True,False,2026-07-31T06:33:06,2026-10-26T06:33:06
C002634,Mustafa Aydın,individual,M,1990-12-03,mustafa.aydin35@icloud.com,+905459056411,IZMIR,True,True,2026-03-30T04:07:20,2026-09-12T04:07:20
C002635,Zeynep Kurt,individual,F,1987-01-27,zeynep.kurt55@outlook.com,+905433731817,Muğla,True,False,2023-10-21T00:24:28,2024-03-19T00:24:28
C002636,Hüseyin Avcı,individual,M,1991-08-06,huseyin.avci@outlook.com,+905352316691,Bursa,True,True,2024-11-16T05:52:19,2025-03-05T05:52:19
C002637,Esra Koç,individual,F,1971-09-11,esra.koc93@gmail.com,+905569680076,Konya,True,True,2026-07-05T16:21:50,2026-10-07T16:21:50
C002638,Berk Öztürk,individual,M,2002-09-24,berk.ozturk30@icloud.com,0 (538) 206-9866,İstanbul,True,True,2024-10-14T19:33:42,2025-03-19T19:33:42
C002639,Hasan Karaca,individual,M,1980-11-15,hasan.karaca71@hotmail.com,+905459747734,İstanbul,True,False,2023-10-14T04:48:01,2023-11-03T04:48:01
C002640,Dilara Acar,individual,F,1983-02-26,dilara.acar49@outlook.com,+905509654297,İstanbul,True,True,2025-04-20T01:10:30,2025-09-17T01:10:30
C002641,Selim Doğan,individual,M,1988-10-09,selim.dogan@outlook.com,+905436495447,Ankara,True,True,2026-03-10T07:00:29,2026-04-22T07:00:29
C002642,Tuğba Kara,individual,F,1973-04-25,tugba.kara85@yahoo.com,+905341297314,İstanbul,True,True,2025-08-21T11:38:24,2025-09-06T11:38:24
C002643,Ege Danışmanlık A.Ş.,corporate,,,egedanismanlik@ege.com.tr,+90 558 412 7572,İstanbul,True,False,2024-12-24T08:51:13,2025-06-08T08:51:13
C002644,Furkan Demir,individual,M,1965-01-08,furkan.demir@outlook.com,+905576526841,İstanbul,True,True,2024-12-16T13:59:14,2025-05-26T13:59:14
C002645,Zeynep Özdemir,individual,F,1969-08-17,zeynep.ozdemir@icloud.com,+905475379871,ISTANBUL,True,True,2025-08-31T16:28:36,2025-09-07T16:28:36
C002646,Ömer Özdemir,individual,M,1978-03-28,omer.ozdemir41@yahoo.com,+90 551 693 2767,Eskişehir,True,False,2024-03-09T18:05:14,2024-04-28T18:05:14
C002647,Deniz Aksoy,individual,M,1987-07-30,deniz.aksoy@yahoo.com,0543 718 04 37,Ankara,True,False,2024-03-16T03:30:39,2024-03-22T03:30:39
C002648,Emre Acar,individual,M,1989-11-28,emre.acar@hotmail.com,+905497349785,İstanbul,True,False,2026-07-15T15:22:53,2026-08-26T15:22:53
C002649,İbrahim Tekin,individual,M,1969-09-28,ibrahim.tekin@outlook.com,+905486393600,İstanbul,True,False,2024-08-24T22:20:08,2024-12-23T22:20:08
C002650,Mehmet Koç,individual,M,1993-10-31,mehmet.koc1@gmail.com,+905501366374,Ankara,True,True,2023-10-03T19:19:37,2023-12-04T19:19:37
C002651,Fatma Arslan,individual,F,1980-09-22,fatma.arslan@yahoo.com,+905584662112,Ankara,True,False,2024-07-24T14:59:21,2024-10-26T14:59:21
C002652,Cem Ünal,individual,M,1982-01-08,cem.unal94@outlook.com,+905318298760,Ankara,True,True,2025-04-12T08:08:50,2025-07-06T08:08:50
C002653,Tolga Sarı,individual,M,1975-06-07,tolga.sari93@hotmail.com,+905492485156,Bursa,True,False,2026-08-16T16:39:09,2027-02-13T16:39:09
C002654,Hande Bozkurt,individual,F,2002-10-21,hande.bozkurt@yahoo.com,+905439504766,İstanbul,True,False,2023-09-29T06:34:41,2024-03-25T06:34:41
C002655,Burak Özdemir,individual,M,1974-07-02,burak.ozdemir71@icloud.com,0 (537) 980-3622,İstanbul,True,True,2025-11-19T11:29:48,2025-12-12T11:29:48
C002656,Ufuk Turizm A.Ş.,corporate,,,ufukturizm@ufuk.com.tr,+905329875747,Kocaeli,True,True,2025-01-30T17:06:52,2025-06-23T17:06:52
C002657,Ahmet Özkan,individual,M,1982-05-14,ahmet.ozkan31@yahoo.com,+905346272423,Kocaeli,True,True,2023-12-19T21:06:12,2024-05-26T21:06:12
C002658,Cem Polat,individual,M,2002-02-21,cem.polat@icloud.com,+905532016622,İstanbul,True,False,2024-08-15T04:34:34,2025-01-25T04:34:34
C002659,Eren Demir,individual,M,1996-07-16,eren.demir@gmail.com,+905455724369,İzmir,True,True,2024-06-21T13:13:51,2024-12-29T13:13:51
C002660,Ömer Sarı,individual,M,1975-09-21,omer.sari35@outlook.com,+905551285639,İstanbul,True,True,2025-03-02T05:15:53,2025-07-13T05:15:53
C002661,Furkan Güneş,individual,M,1986-11-03,furkan.gunes@icloud.com,5484516628,İstanbul,True,True,2026-06-19T04:27:42,2026-06-22T04:27:42
C002662,Ömer Kurt,individual,M,1988-04-27,omer.kurt6@outlook.com,+905412146459,İstanbul,True,True,2024-03-08T19:04:18,2024-06-29T19:04:18
C002663,Esra Kurt,individual,F,1989-09-26,esra.kurt76@gmail.com,+905372376563,Samsun,False,False,2024-06-13T18:53:09,2024-06-30T18:53:09
C002664,Burak Karaca,individual,M,1970-02-16,burak.karaca@yahoo.com,+905488733363,İstanbul,True,True,2024-12-10T04:42:37,2025-02-25T04:42:37
C002665,Pınar Kara,individual,F,1975-05-12,pinar.kara96@icloud.com,+905552509797,Adana,True,False,2023-09-05T15:46:25,2023-10-27T15:46:25
C002666,Zirve Gıda Ltd. Şti.,corporate,,,zirvegida@zirve.com.tr,+905486123653,Antalya,True,False,2023-12-26T14:55:52,2023-12-31T14:55:52
C002667,Umut Korkmaz,individual,M,1971-12-03,umut.korkmaz@hotmail.com,+905344258682,Adana,True,False,2023-10-10T19:53:31,2024-04-19T19:53:31
C002668,Kerem Ateş,individual,M,1968-04-07,kerem.ates64@gmail.com,+905388296704,İstanbul,True,True,2025-02-26T09:53:01,2025-04-19T09:53:01
C002669,Eren Yılmaz,individual,M,1983-09-22,eren.yilmaz65@gmail.com,+905357388095,İstanbul,True,True,2023-12-31T12:38:12,2024-01-24T12:38:12
C002670,Ayşe Aksoy,individual,F,1974-01-31,ayse.aksoy@gmail.com,+905519609335,Kocaeli,True,False,2025-09-01T00:25:33,2025-12-27T00:25:33
C002671,Umut Yıldırım,individual,M,1983-05-25,umut.yildirim23@yahoo.com,+905555789779,İstanbul,True,True,2025-10-26T13:36:47,2026-05-03T13:36:47
C002672,Can Çetin,individual,M,1974-05-31,can.cetin64@outlook.com,+905457228585,Antalya,True,True,2025-10-09T17:33:48,2025-11-13T17:33:48
C002673,Esra Kılıç,individual,F,1971-09-27,esra.kilic@gmail.com,+905502157823,Adana,True,False,2024-04-29T21:54:04,2024-05-07T21:54:04
C002674,Ahmet Avcı,individual,M,1971-10-16,ahmet.avci@gmail.com,+905436895547,Bursa,True,False,2025-07-11T17:01:28,2025-12-02T17:01:28
C002675,Mehmet Uzun,individual,M,1970-02-08,mehmet.uzun@hotmail.com,+905504508471,İstanbul,True,False,2023-11-09T04:03:49,2024-04-26T04:03:49
C002676,Arda Öztürk,individual,M,1976-01-20,arda.ozturk38@gmail.com,+905348619854,İstanbul,True,False,2024-07-22T21:42:21,2024-09-11T21:42:21
C002677,Zeynep Uzun,individual,F,1990-02-20,zeynep.uzun@hotmail.com,+905339071617,İstanbul,True,True,2023-09-06T06:34:37,2024-02-12T06:34:37
C002678,Cem Tekin,individual,M,1988-09-25,cem.tekin82@hotmail.com,+905465584427,Gaziantep,True,True,2025-02-26T06:44:48,2025-03-06T06:44:48
C002679,Cansu Öztürk,individual,F,1978-08-15,cansu.ozturk75@hotmail.com,+905467337203,İzmir,True,True,2024-05-25T06:22:51,2024-07-08T06:22:51
C002680,Burak Özkan,individual,M,1975-06-28,burak.ozkan59@yahoo.com,+905432865079,Ankara,True,False,2025-04-09T07:28:48,2025-08-17T07:28:48
C002681,Eren Çelik,individual,M,1995-02-28,eren.celik9@yahoo.com,+905467684191,Bursa,True,True,2025-07-27T22:19:10,2025-11-10T22:19:10
C002682,Damla Kurt,individual,F,1983-04-06,damla.kurt@yahoo.com,+905466020008,İzmir,True,False,2025-11-12T12:02:45,2026-03-13T12:02:45
C002683,Kaan Polat,individual,M,1973-11-18,kaan.polat39@outlook.com,+905534284853,Samsun,True,True,2023-12-20T03:21:48,2024-01-02T03:21:48
C002684,Hasan Çelik,individual,M,1983-08-13,hasan.celik@outlook.com,+905314153005,Adana,True,True,2025-10-11T14:47:55,2026-02-06T14:47:55
C002685,Deniz Şahin,individual,M,1969-10-19,deniz.sahin9@yahoo.com,+905413981753,İstanbul,True,True,2024-06-27T05:31:58,2024-10-10T05:31:58
C002686,Cem Korkmaz,individual,M,1979-11-18,cem.korkmaz17@gmail.com,+905417744741,İstanbul,True,True,2024-09-25T17:29:21,2025-03-08T17:29:21
C002687,Akdeniz Tekstil Ltd. Şti.,corporate,,,akdeniztekstil@akdeniz.com.tr,+905436462320,Bursa,True,True,2024-02-09T23:31:38,2024-05-31T23:31:38
C002688,Hasan Acar,individual,M,1976-09-17,hasan.acar75@gmail.com,+905335305840,İstanbul,True,False,2025-06-04T20:26:05,2025-07-21T20:26:05
C002689,Derya Kılıç,individual,F,1997-07-13,derya.kilic22@icloud.com,+905352051548,İstanbul,True,False,2025-03-24T20:52:19,2025-04-28T20:52:19
C002690,Cem Doğan,individual,M,1996-05-28,cem.dogan@yahoo.com,+905592424023,Denizli,True,False,2025-09-28T08:58:46,2025-10-21T08:58:46
C002691,Ali Özdemir,individual,M,1975-02-18,ali.ozdemir@icloud.com,+905451486374,Bursa,True,False,2024-02-15T16:24:09,2024-07-18T16:24:09
C002692,Ebru Güneş,individual,F,1990-06-27,ebru.gunes25@hotmail.com,+905566184974,İzmir,True,False,2025-07-31T16:33:04,2025-12-14T16:33:04
C002693,Arda Yıldırım,individual,M,1987-03-26,arda.yildirim@yahoo.com,+905594143733,Bursa,True,False,2024-02-18T18:35:23,2024-08-15T18:35:23
C002694,Meridyen Tekstil Ltd. Şti.,corporate,,,meridyentekstil@meridyen.com.tr,+905344046203,Kocaeli,True,True,2025-05-31T15:22:34,2025-06-04T15:22:34
C002695,Elif Demir,individual,F,1983-08-10,elif.demir86@gmail.com,+905477301720,İstanbul,True,True,2025-03-25T23:22:48,2025-09-26T23:22:48
C002696,Mustafa Tekin,individual,M,1974-11-07,mustafa.tekin@outlook.com,+905555442708,İzmir,True,False,2024-02-09T21:56:14,2024-08-26T21:56:14
C002697,Deniz Acar,individual,M,1982-02-19,deniz.acar63@gmail.com,+905407301083,Bursa,True,True,2023-12-21T23:31:00,2024-05-10T23:31:00
C002698,Halil Bulut,individual,M,1976-06-22,halil.bulut10@hotmail.com,+905538919833,Eskişehir,True,False,2024-05-03T18:57:01,2024-07-13T18:57:01
C002699,Yusuf Yılmaz,individual,M,1994-05-24,yusuf.yilmaz44@gmail.com,+905326810461,İstanbul,True,False,2025-04-04T04:53:16,2025-10-19T04:53:16
C002700,Eren Bozkurt,individual,M,1977-01-26,eren.bozkurt@outlook.com,+905381629405,Ankara,True,True,2026-01-24T23:40:53,2026-04-28T23:40:53
C002701,Merve Korkmaz,individual,F,1988-10-21,merve.korkmaz37@yahoo.com,+905391520578,ankara,True,True,2026-01-31T15:09:02,2026-07-13T15:09:02
C002702,Yasemin Yılmaz,individual,F,1986-01-31,yasemin.yilmaz8@icloud.com,+905468778519,İstanbul,True,True,2025-06-23T16:56:03,2025-09-21T16:56:03
C002703,Beyza Bulut,individual,F,1968-02-29,beyza.bulut@yahoo.com,+905416929172,İstanbul,True,True,2023-11-13T01:08:16,2024-05-12T01:08:16
C002704,Yıldız Turizm Ltd. Şti.,corporate,,,yildizturizm@yildiz.com.tr,+905544618750,Antalya,True,False,2024-01-25T13:25:49,2024-04-03T13:25:49
C002705,Nazlı Çelik,individual,F,1985-06-19,nazli.celik at icloud.com,+905377924634,İstanbul,True,True,2025-07-16T13:33:45,2025-10-03T13:33:45
C002706,Büşra Yılmaz,individual,F,1991-09-12,busra.yilmaz@yahoo.com,+905513239775,Ankara,True,True,2025-12-13T19:33:51,2026-05-02T19:33:51
C002707,Meridyen Otomotiv Yan Sanayi A.Ş.,corporate,,,meridyenotomotivyansanayi@meridyen.com.tr,+905352856427,Adana,False,True,2024-11-27T15:58:54,2025-04-12T15:58:54
C002708,Ali Tekin,individual,M,1980-11-16,ali.tekin@icloud.com,+905437871312,İstanbul,True,True,2025-04-29T02:43:19,2025-07-21T02:43:19
C002709,Ömer Çakır,individual,M,1986-08-21,omer.cakir2@outlook.com,+905499943108,Bursa,True,False,2025-01-23T07:55:51,2025-02-24T07:55:51
C002710,Eren Şimşek,individual,M,1979-06-25,eren.simsek@yahoo.com,5388125451,İstanbul,True,False,2024-05-18T00:41:20,2024-11-05T00:41:20
C002711,Mehmet Yıldız,individual,M,1980-06-02,mehmet.yildiz47@outlook.com,05525568585,Mersin,True,True,2026-08-22T23:59:19,2026-12-10T23:59:19
C002712,Barış Korkmaz,individual,M,1980-05-17,baris.korkmaz@gmail.com,05532733133,Mersin,True,True,2026-06-08T16:59:19,2026-08-04T16:59:19
C002713,Seda Turan,individual,F,1981-09-07,seda.turan37@outlook.com,+905477949695,Antalya,True,False,2024-01-03T16:43:51,2024-02-23T16:43:51
C002714,Yusuf Kılıç,individual,M,1992-03-05,yusuf.kilic41@hotmail.com,+905592387844,Ankara,True,False,2025-05-01T20:46:27,2025-07-01T20:46:27
C002715,Barış Demir,individual,M,1962-10-13,baris.demir60@yahoo.com,+905382994308,İstanbul,True,False,2026-03-25T05:28:49,2026-07-23T05:28:49
C002716,Eren Kılıç,individual,M,1986-10-14,eren.kilic@outlook.com,+905462981238,İstanbul,False,False,2024-06-17T19:57:15,2024-10-03T19:57:15
C002717,Beyza Bozkurt,individual,F,1967-03-27,beyza.bozkurt@gmail.com,+905526688796,İstanbul,True,True,2024-09-11T14:09:50,2024-09-21T14:09:50
C002718,Yusuf Çakır,individual,M,1984-09-12,yusuf.cakir64@yahoo.com,5502667470,Bursa,True,False,2026-06-22T18:48:39,2026-09-22T18:48:39
C002719,Mustafa Acar,individual,M,1987-09-18,mustafa.acar23@hotmail.com,+905407772881,İstanbul,True,False,2026-03-20T05:06:22,2026-07-31T05:06:22
C002720,Ege Lojistik A.Ş.,corporate,,,egelojistik@ege.com.tr,+905465407018,İzmir,True,True,2024-02-27T05:17:26,2024-06-02T05:17:26
C002721,İbrahim Kaya,individual,M,1971-11-24,ibrahim.kaya7 at icloud.com,+905475716379,İstanbul,False,False,2026-07-02T07:57:53,2026-10-28T07:57:53
C002722,Büşra Bulut,individual,F,1993-03-08,busra.bulut@yahoo.com,05431713871,Denizli,True,True,2024-06-16T20:19:58,2024-10-22T20:19:58
C002723,Zeynep Sarı,individual,F,1986-09-29,zeynep.sari@outlook.com,+905349653867,İzmir,True,False,2024-06-01T23:56:31,2024-10-04T23:56:31
C002724,Tolga Sarı,individual,M,1985-07-09,tolga.sari@yahoo.com,+905418402177,Ankara,True,True,2025-05-04T11:56:22,2025-09-21T11:56:22
C002725,Ahmet Demir,individual,M,1969-09-20,ahmet.demir10@outlook.com,+905406135591,İstanbul,True,True,2025-06-23T04:04:44,2025-08-30T04:04:44
C002726,Mehmet Korkmaz,individual,M,1986-01-20,mehmet.korkmaz35@gmail.com,+905484330224,İstanbul,True,True,2025-02-11T09:39:47,2025-08-05T09:39:47
C002727,Yıldız İnşaat Ltd. Şti.,corporate,,,yildizinsaat@yildiz.com.tr,+905514635146,Ankara,True,True,2026-08-04T19:59:26,2027-01-27T19:59:26
C002728,İbrahim Yalçın,individual,M,1954-04-02,ibrahim.yalcin48@yahoo.com,+905374695107,İzmir,True,False,2025-02-04T00:59:14,2025-04-10T00:59:14
C002729,Eren Sarı,individual,M,1987-04-03,eren.sari58@hotmail.com,+905507379830,Ankara,True,True,2025-01-28T19:08:37,2025-03-04T19:08:37
C002730,Berk Karaca,individual,M,1988-08-06,berk.karaca@hotmail.com,+905495248650,İzmir,True,True,2024-01-14T02:15:44,2024-06-10T02:15:44
C002731,Damla Çelik,individual,F,1986-04-07,damla.celik@gmail.com,+905532711109,Muğla,True,True,2024-08-25T03:47:07,2025-01-12T03:47:07
C002732,Naz Özdemir,individual,F,1997-05-31,naz.ozdemir@yahoo.com,+905568875487,Ankara,True,True,2024-02-11T22:37:57,2024-04-07T22:37:57
C002733,Yusuf Kaya,individual,M,1980-06-26,yusuf.kaya@yahoo.com,+905372215540,İstanbul,True,False,2024-03-20T02:31:25,2024-07-09T02:31:25
C002734,Ömer Avcı,individual,M,1995-04-06,omer.avci96@gmail.com,+905426856526,Bursa,True,True,2024-02-05T08:28:06,2024-07-22T08:28:06
C002735,Boğaziçi Yazılım A.Ş.,corporate,,,bogaziciyazilim@bogazici.com.tr,+905488749868,Ankara,True,True,2024-01-01T23:50:05,2024-03-14T23:50:05
C002736,Atlas Teknoloji A.Ş.,corporate,,,atlasteknoloji@atlas.com.tr,+905386747366,Kocaeli,True,True,2025-04-14T17:23:47,2025-10-12T17:23:47
C002737,Anadolu Teknoloji Ltd. Şti.,corporate,,,anadoluteknoloji@anadolu.com.tr,+905407105774,İstanbul,True,True,2026-08-05T15:08:47,2026-10-25T15:08:47
C002738,Yusuf Şahin,individual,M,2001-02-09,yusuf.sahin15@outlook.com,+905581510122,Ankara,True,False,2026-07-11T05:11:22,2026-08-01T05:11:22
C002739,Oğuz Yıldırım,individual,M,1991-06-09,oguz.yildirim29@yahoo.com,+905524135285,İstanbul,True,True,2023-09-27T17:53:31,2024-02-06T17:53:31
C002740,Nova Teknoloji Ltd. Şti.,corporate,,,novateknoloji@nova.com.tr,+905393233074,İstanbul,True,True,2024-03-09T19:14:19,2024-07-20T19:14:19
C002741,Ufuk Sağlık Ltd. Şti.,corporate,,,ufuksaglik@ufuk.com.tr,5523673128,Bursa,True,True,2025-07-08T17:49:02,2025-07-20T17:49:02
C002742,Zeynep Yıldırım,individual,F,1968-10-24,zeynep.yildirim@gmail.com,+905515106030,Ankara,True,False,2024-02-29T12:13:39,2024-06-30T12:13:39
C002743,Tolga Uzun,individual,M,1992-03-22,tolga.uzun94@icloud.com,+905327859084,İstanbul,True,True,2024-12-22T05:48:53,2025-01-06T05:48:53
C002744,Emre Çelik,individual,M,1969-10-02,emre.celik@hotmail.com,+905438469150,Adana,False,True,2023-12-24T14:59:54,2024-01-29T14:59:54
C002745,Yıldız Enerji A.Ş.,corporate,,,yildizenerji@yildiz.com.tr,0558 924 72 03,Konya,True,False,2023-12-06T09:02:28,2024-03-16T09:02:28
C002746,Selim Taş,individual,M,1994-01-19,selim.tas@outlook.com,+905422673569,Bursa,True,False,2024-01-31T19:54:01,2024-04-21T19:54:01
C002747,Ali Tekin,individual,M,1989-07-15,ali.tekin@icloud.com,+905423289509,İstanbul,True,False,2024-08-28T20:13:32,2024-11-23T20:13:32
C002748,Hüseyin Polat,individual,M,1984-06-20,huseyin.polat@hotmail.com,+905417088018,İstanbul,True,False,2024-10-23T12:39:50,2024-11-11T12:39:50
C002749,Deniz Demir,individual,M,1965-07-25,deniz.demir35@icloud.com,+905567588869,Ankara,True,False,2025-11-11T19:21:22,2026-05-05T19:21:22
C002750,Hasan Korkmaz,individual,M,1956-03-10,hasan.korkmaz56@gmail.com,05544518628,İstanbul,True,True,2025-07-18T18:29:13,2025-09-04T18:29:13
C002751,Elif Kurt,individual,F,1987-01-02,elif.kurt@hotmail.com,+905513676861,Ankara,True,True,2024-01-07T17:39:43,2024-04-13T17:39:43
C002752,Ebru Aksoy,individual,F,1968-02-24,ebru.aksoy85@hotmail.com,+905561260661,İstanbul,True,True,2026-01-21T03:08:28,2026-02-23T03:08:28
C002753,Meridyen Enerji A.Ş.,corporate,,,meridyenenerji@meridyen.com.tr,+905423875873,İstanbul,True,False,2024-03-20T16:10:24,2024-09-19T16:10:24
C002754,İrem Arslan,individual,F,1967-08-15,irem.arslan@yahoo.com,+905553171716,Eskişehir,True,True,2025-12-23T01:27:56,2026-01-12T01:27:56
C002755,Emre Karaca,individual,M,1978-04-26,emre.karaca10@gmail.com,+905304833474,İstanbul,True,False,2025-03-28T07:50:34,2025-09-29T07:50:34
C002756,Ege İnşaat Ltd. Şti.,corporate,,,egeinsaat@ege.com.tr,+905468923748,İstanbul,True,False,2025-09-16T15:48:31,2026-01-04T15:48:31
C002757,Selim Avcı,individual,M,1990-04-05,selim.avci@yahoo.com,+905436715232,İzmir,True,True,2025-08-27T21:53:02,2025-12-16T21:53:02
C002758,Deniz Arslan,individual,M,1975-06-05,deniz.arslan@gmail.com,+905541440888,Mersin,True,True,2025-03-31T17:38:00,2025-10-10T17:38:00
C002759,Global İnşaat A.Ş.,corporate,,,globalinsaat at global.com.tr,+905421716535,İzmir,True,False,2026-03-21T08:24:19,2026-04-23T08:24:19
C002760,Ayşe Yılmaz,individual,F,1999-12-29,ayse.yilmaz42@hotmail.com,+905494383920,İzmir,True,True,2026-07-28T08:03:05,2026-12-13T08:03:05
C002761,Ömer Yıldız,individual,M,1981-11-27,omer.yildiz48@icloud.com,+905454719320,Kocaeli,True,False,2025-12-30T08:44:37,2026-02-23T08:44:37
C002762,Halil Özkan,individual,M,1985-10-10,halil.ozkan73@yahoo.com,+905437309540,İzmir,True,True,2024-05-05T11:32:25,2024-08-26T11:32:25
C002763,Beyza Ünal,individual,F,1993-11-26,beyza.unal56@hotmail.com,+905556104450,Antalya,True,True,2024-08-22T23:01:07,2024-08-22T23:01:07
C002764,Ece Özdemir,individual,F,1977-12-16,ece.ozdemir@outlook.com,+905337575905,Adana,True,True,2023-11-27T18:09:37,2024-03-16T18:09:37
C002765,Ceren Acar,individual,F,1979-10-14,ceren.acar@yahoo.com,+905434040296,İstanbul,True,True,2024-12-12T20:50:47,2025-05-07T20:50:47
C002766,Emre Doğan,individual,M,1992-07-09,emre.dogan at icloud.com,+905484250910,İzmir,True,False,2023-12-28T02:51:33,2024-04-23T02:51:33
C002767,Meridyen Lojistik A.Ş.,corporate,,,meridyenlojistik@meridyen.com.tr,+905498962918,İstanbul,True,False,2024-06-03T11:55:23,2024-08-25T11:55:23
C002768,Arda Doğan,individual,M,1982-09-09,arda.dogan46@yahoo.com,+905529844125,İstanbul,True,False,2024-10-29T11:48:22,2025-01-24T11:48:22
C002769,Aslı Yıldız,individual,F,1975-08-05,asli.yildiz50@outlook.com,+905549014133,İstanbul,True,False,2025-04-14T01:05:52,2025-09-22T01:05:52
C002770,Can Aksoy,individual,M,1992-10-19,can.aksoy@gmail.com,05452943008,İstanbul,True,False,2025-01-08T21:17:06,2025-07-12T21:17:06
C002771,Delta Gıda Ltd. Şti.,corporate,,,deltagida@delta.com.tr,+905383249166,İstanbul,True,True,2023-09-18T08:13:21,2024-03-23T08:13:21
C002772,İbrahim Öztürk,individual,M,1978-12-20,ibrahim.ozturk@icloud.com,+905599274855,Antalya,True,False,2024-04-30T01:53:34,2024-07-26T01:53:34
C002773,Ali Avcı,individual,M,1960-02-21,ali.avci91@outlook.com,+905593404931,İstanbul,True,True,2025-08-17T00:38:11,2026-02-01T00:38:11
C002774,Furkan Sarı,individual,M,1956-07-30,furkan.sari@icloud.com,+905555519788,Mersin,True,True,2024-03-06T13:31:55,2024-08-29T13:31:55
C002775,Emre Turan,individual,M,1966-10-31,emre.turan69@hotmail.com,+905351090642,Mersin,True,True,2023-09-29T04:43:30,2023-12-05T04:43:30
C002776,Burak Şahin,individual,M,1995-09-22,burak.sahin28@hotmail.com,+905419285815,İstanbul,True,False,2025-04-01T02:04:12,2025-04-19T02:04:12
C002777,Marmara Teknoloji A.Ş.,corporate,,,marmarateknoloji@marmara.com.tr,5424451415,Adana,True,True,2026-07-24T02:41:49,2026-09-26T02:41:49
C002778,Eren Ünal,individual,M,1991-01-06,eren.unal@yahoo.com,+905519413714,İstanbul,True,True,2024-10-04T18:31:32,2024-12-06T18:31:32
C002779,Selin Arslan,individual,F,1984-07-31,selin.arslan@gmail.com,+905321374356,Ankara,True,False,2024-10-25T01:27:38,2024-12-14T01:27:38
C002780,Anadolu Medya A.Ş.,corporate,,,anadolumedya@anadolu.com.tr,+905358982891,İzmir,True,True,2025-01-25T14:46:17,2025-05-16T14:46:17
C002781,Nur Özkan,individual,F,1991-07-23,nur.ozkan46@hotmail.com,+905541418873,İstanbul,True,True,2023-10-06T18:44:19,2024-04-05T18:44:19
C002782,Yıldız Tekstil A.Ş.,corporate,,,yildiztekstil@yildiz.com.tr,0 (537) 598-4006,Kocaeli,True,True,2023-12-04T05:07:02,2024-05-21T05:07:02
C002783,Sude Avcı,individual,F,1961-08-14,sude.avci@yahoo.com,+905326387815,Ankara,True,False,2023-11-01T12:07:56,2023-11-12T12:07:56
C002784,Mehmet Yıldırım,individual,M,1978-11-07,mehmet.yildirim71@gmail.com,+905421182095,İzmir,True,True,2025-08-24T18:28:32,2025-08-29T18:28:32
C002785,Damla Sarı,individual,F,1983-12-04,damla.sari@hotmail.com,+905514828210,Bursa,True,True,2026-01-28T18:34:09,2026-04-23T18:34:09
C002786,Hasan Kaya,individual,M,1984-11-23,hasan.kaya@yahoo.com,+905424557398,İstanbul,True,False,2025-06-11T12:07:31,2025-10-23T12:07:31
C002787,Umut Öztürk,individual,M,1982-11-17,umut.ozturk@gmail.com,+905426794891,Konya,True,True,2024-08-04T11:58:25,2024-08-27T11:58:25
C002788,Boğaziçi Yazılım A.Ş.,corporate,,,bogaziciyazilim@bogazici.com.tr,05594798548,İstanbul,True,True,2025-09-14T21:33:40,2025-10-29T21:33:40
C002789,Serkan Karaca,individual,M,1999-07-04,serkan.karaca20@icloud.com,+90 532 368 6263,Ankara,True,False,2026-02-22T12:11:45,2026-08-27T12:11:45
C002790,Kuzey Turizm Ltd. Şti.,corporate,,,kuzeyturizm@kuzey.com.tr,+905468297735,Ankara,True,False,2024-01-13T03:25:51,2024-01-19T03:25:51
C002791,İbrahim Polat,individual,M,1984-09-09,ibrahim.polat@hotmail.com,+905455950905,İzmir,True,False,2024-07-31T13:12:52,2025-01-06T13:12:52
C002792,Deniz Öztürk,individual,M,1989-06-03,deniz.ozturk90@outlook.com,+905358498953,İstanbul,True,False,2025-09-05T12:48:55,2025-11-04T12:48:55
C002793,Büşra Yıldırım,individual,F,1983-12-12,busra.yildirim15@hotmail.com,+905387960277,İstanbul,True,False,2024-10-02T20:19:32,2025-03-30T20:19:32
C002794,Naz Aksoy,individual,F,1987-08-03,naz.aksoy@hotmail.com,+905488936726,Bursa,True,False,2025-08-14T07:54:40,2025-10-31T07:54:40
C002795,Cem Çetin,individual,M,1979-09-04,cem.cetin23@gmail.com,+905599710838,İstanbul,True,False,2026-07-04T10:20:20,2026-12-17T10:20:20
C002796,Global Sağlık A.Ş.,corporate,,,,+905342480437,Samsun,True,True,2026-07-07T16:13:38,2026-07-20T16:13:38
C002797,Tolga Şahin,individual,M,1994-08-13,tolga.sahin@yahoo.com,+905368974181,Kocaeli,True,False,2024-07-16T04:11:39,2024-10-30T04:11:39
C002798,Merve Aslan,individual,F,1974-06-15,merve.aslan@icloud.com,+905302458903,Ankara,True,False,2023-10-29T20:42:47,2024-04-23T20:42:47
C002799,Global Teknoloji A.Ş.,corporate,,,globalteknoloji@global.com.tr,+905573121589,Mersin,True,True,2025-10-12T17:17:54,2025-11-10T17:17:54
C002800,Hande Erdoğan,individual,F,1981-09-20,,+905344786742,Bursa,True,False,2024-09-05T07:57:52,2025-01-07T07:57:52
C002801,Global Yazılım A.Ş.,corporate,,,globalyazilim@global.com.tr,+905376014339,İstanbul,True,False,2024-03-25T09:39:20,2024-10-05T09:39:20
C002802,İbrahim Çakır,individual,M,1980-06-04,ibrahim.cakir@outlook.com,+905352809420,Samsun,False,False,2024-01-07T04:17:01,2024-05-22T04:17:01
C002803,İbrahim Korkmaz,individual,M,1986-10-29,ibrahim.korkmaz@hotmail.com,+905469367230,İstanbul,True,False,2024-12-02T12:40:04,2025-03-18T12:40:04
C002804,Fatma Tekin,individual,F,1984-09-17,fatma.tekin32@gmail.com,+905559885181,Mersin,True,False,2025-12-28T14:17:32,2026-05-16T14:17:32
C002805,Esra Aydın,individual,F,1966-03-20,esra.aydin@gmail.com,+905371971339,Bursa,True,True,2025-03-10T21:33:08,2025-04-06T21:33:08
C002806,Furkan Turan,individual,M,1972-08-03,furkan.turan54@yahoo.com,+905535605703,Bursa,True,True,2026-03-01T17:06:26,2026-07-07T17:06:26
C002807,Onur Arslan,individual,M,1991-10-16,onur.arslan49@outlook.com,+905579112268,İstanbul,True,True,2025-02-05T16:08:59,2025-02-18T16:08:59
C002808,Büşra Özkan,individual,F,2002-07-05,busra.ozkan69@icloud.com,+905332876674,İzmir,True,True,2025-06-24T04:33:32,2025-09-21T04:33:32
C002809,Selin Avcı,individual,F,1993-09-28,selin.avci@hotmail.com,+905563662916,Gaziantep,True,False,2024-05-04T22:37:51,2024-08-11T22:37:51
C002810,Efe Ateş,individual,M,1982-07-06,efe.ates@hotmail.com,+905349422083,İstanbul,True,False,2024-08-04T01:38:45,2024-11-16T01:38:45
C002811,Zeynep Aksoy,individual,F,1985-05-29,zeynep.aksoy17@icloud.com,+90 530 220 8405,Gaziantep,True,False,2026-02-04T05:34:27,2026-03-22T05:34:27
C002812,Global Gıda Ltd. Şti.,corporate,,,globalgida@global.com.tr,+905529615551,ANKARA,True,True,2023-12-17T10:33:29,2024-04-21T10:33:29
C002813,Efe Ünal,individual,M,1972-03-15,efe.unal47@yahoo.com,05442591082,İstanbul,True,True,2024-01-08T20:31:11,2024-07-14T20:31:11
C002814,Esra Yılmaz,individual,F,2001-07-13,esra.yilmaz@yahoo.com,+905534522190,İstanbul,True,True,2025-02-26T15:25:52,2025-05-07T15:25:52
C002815,Berk Kara,individual,M,1995-09-19,berk.kara@hotmail.com,+905318156510,İstanbul,False,True,2024-05-26T10:46:09,2024-08-25T10:46:09
C002816,Kerem Güneş,individual,M,1967-12-18,kerem.gunes@icloud.com,+905592744115,İstanbul,True,False,2026-02-18T09:40:27,2026-08-06T09:40:27
C002817,Boğaziçi Sağlık Ltd. Şti.,corporate,,,bogazicisaglik@bogazici.com.tr,+905406751820,İstanbul,True,True,2025-05-16T15:13:32,2025-07-29T15:13:32
C002818,Ege Sağlık A.Ş.,corporate,,,egesaglik@ege.com.tr,+905509928253,İstanbul,True,False,2026-03-06T12:20:33,2026-06-30T12:20:33
C002819,Halil Yılmaz,individual,M,2001-12-17,halil.yilmaz@yahoo.com,0535 978 79 82,İstanbul,True,False,2023-11-22T00:15:42,2024-03-27T00:15:42
C002820,Fatma Demir,individual,F,1986-09-29,fatma.demir@yahoo.com,+905303486996,İstanbul,True,True,2025-03-29T00:54:44,2025-10-08T00:54:44
C002821,Berk Keskin,individual,M,1981-07-27,berk.keskin37@gmail.com,+905328713308,Muğla,True,False,2024-05-22T22:57:46,2024-10-12T22:57:46
C002822,Onur Yalçın,individual,M,1975-10-19,onur.yalcin@yahoo.com,+905528517187,İstanbul,True,True,2024-05-24T13:30:29,2024-06-26T13:30:29
C002823,Tolga Yıldırım,individual,M,1999-11-04,tolga.yildirim@yahoo.com,+905331774899,Kocaeli,True,True,2026-01-28T23:18:55,2026-04-25T23:18:55
C002824,Tolga Kara,individual,M,1978-09-15,tolga.kara@gmail.com,+905393596668,Ankara,True,True,2025-09-04T20:13:30,2026-03-01T20:13:30
C002825,Barış Yılmaz,individual,M,1984-09-02,baris.yilmaz50@yahoo.com,+905447567976,Ankara,True,False,2026-05-11T13:53:47,2026-09-23T13:53:47
C002826,İbrahim Aydın,individual,M,1991-04-15,ibrahim.aydin@outlook.com,+905457765435,İstanbul,True,True,2025-09-12T07:54:50,2025-09-29T07:54:50
C002827,Gizem Kara,individual,F,1981-12-31,gizem.kara@gmail.com,+905484167127,Denizli,True,False,2025-02-10T09:10:40,2025-03-01T09:10:40
C002828,Ahmet Ünal,individual,M,1997-04-22,ahmet.unal69@outlook.com,+905306238406,İstanbul,False,False,2025-03-27T05:44:29,2025-10-10T05:44:29
C002829,Hasan Turan,individual,M,1964-06-07,hasan.turan@icloud.com,0534 437 10 82,İstanbul,True,False,2024-02-11T09:46:58,2024-02-19T09:46:58
C002830,Berk Karaca,individual,M,1986-02-13,berk.karaca@gmail.com,+905508148911,İstanbul ,True,True,2025-01-08T10:36:46,2025-06-04T10:36:46
C002831,Serkan Turan,individual,M,1983-05-26,serkan.turan@hotmail.com,+905416228885,İstanbul,True,False,2023-12-30T21:40:02,2024-04-06T21:40:02
C002832,Furkan Taş,individual,M,1969-02-17,furkan.tas27@hotmail.com,+905573860929,Ankara,True,False,2026-04-20T22:55:19,2026-06-22T22:55:19
C002833,Selim Erdoğan,individual,M,1988-11-20,selim.erdogan@yahoo.com,+905312480680,İstanbul,True,True,2024-07-07T07:36:34,2024-08-31T07:36:34
C002834,Kaan Yılmaz,individual,M,2002-03-06,kaan.yilmaz@gmail.com,+905434172536,İstanbul,True,False,2025-11-25T18:27:09,2026-01-17T18:27:09
C002835,Cem Korkmaz,individual,M,2001-08-04,cem.korkmaz77@icloud.com,+905426849966,ankara,True,False,2025-02-06T06:16:42,2025-06-12T06:16:42
C002836,Fatma Özkan,individual,F,1998-03-11,fatma.ozkan82@yahoo.com,+905394400124,Ankara,True,False,2025-03-13T09:16:59,2025-03-22T09:16:59
C002837,Deniz Kurt,individual,M,1979-11-15,deniz.kurt@icloud.com,+905579253110,Ankara,True,True,2026-04-14T08:51:28,2026-06-02T08:51:28
C002838,Barış Tekin,individual,M,1995-06-06,baris.tekin50@hotmail.com,+905372311886,ISTANBUL,True,False,2024-01-30T19:38:21,2024-02-13T19:38:21
C002839,Tuğba Yıldız,individual,F,1982-05-18,tugba.yildiz13@icloud.com,+905394406824,İzmir,True,True,2024-08-01T04:11:47,2024-11-23T04:11:47
C002840,Kuzey Yazılım Ltd. Şti.,corporate,,,kuzeyyazilim@kuzey.com.tr,+905501143494,Ankara,True,False,2024-07-14T08:46:55,2024-08-13T08:46:55
C002841,Damla Şahin,individual,F,1989-06-29,damla.sahin@icloud.com,+905428679048,Adana,True,False,2026-03-05T02:25:23,2026-09-11T02:25:23
C002842,Damla Erdoğan,individual,F,1975-06-11,damla.erdogan@gmail.com,+905352807601,İstanbul,True,False,2024-05-16T01:49:37,2024-10-28T01:49:37
C002843,Ali Bozkurt,individual,M,1996-10-09,ali.bozkurt@outlook.com,+905335152111,İzmir,True,True,2025-05-20T21:15:14,2025-08-30T21:15:14
C002844,Serkan Avcı,individual,M,1979-06-13,serkan.avci86@gmail.com,+905582318634,Ankara,True,False,2024-12-14T06:09:00,2025-03-07T06:09:00
C002845,Kuzey Enerji Ltd. Şti.,corporate,,,kuzeyenerji@kuzey.com.tr,+905589623943,Ankara,True,True,2024-08-26T11:56:37,2025-02-15T11:56:37
C002846,Hasan Ateş,individual,M,1995-03-07,hasan.ates@gmail.com,+905371171097,Mersin,True,True,2026-08-18T17:37:24,2026-11-09T17:37:24
C002847,Barış Aslan,individual,M,1972-06-05,baris.aslan@hotmail.com,05461001188,İstanbul,True,True,2026-06-04T00:06:02,2026-08-03T00:06:02
C002848,Sude Kara,individual,F,1964-09-28,sude.kara@icloud.com,+905347132781,İstanbul,True,True,2026-03-15T07:40:16,2026-04-09T07:40:16
C002849,Ali Ünal,individual,M,1990-11-14,ali.unal12@icloud.com,+905533272529,İstanbul,True,True,2025-12-19T08:19:57,2026-05-16T08:19:57
C002850,Nazlı Aslan,individual,F,1974-07-22,nazli.aslan@hotmail.com,+905368419056,İstanbul,True,False,2023-10-01T19:38:21,2023-10-01T19:38:21
C002851,Kuzey Enerji Ltd. Şti.,corporate,,,kuzeyenerji@kuzey.com.tr,+905437951953,İstanbul,True,True,2024-12-08T05:48:28,2025-05-25T05:48:28
C002852,Halil Kurt,individual,M,1988-05-02,halil.kurt42@icloud.com,+905374205412,İstanbul,True,True,2024-01-11T05:45:12,2024-03-14T05:45:12
C002853,Eren Güneş,individual,M,1970-08-08,eren.gunes72@outlook.com,+905451098545,Antalya,False,True,2024-11-15T06:31:58,2025-05-07T06:31:58
C002854,Mehmet Çelik,individual,M,1993-04-30,mehmet.celik@outlook.com,+905595865361,İstanbul,True,True,2024-09-24T03:27:37,2025-03-27T03:27:37
C002855,Can Acar,individual,M,1991-04-22,can.acar@yahoo.com,+905495991477,Ankara,True,False,2025-09-22T23:22:19,2026-03-14T23:22:19
C002856,Umut Yalçın,individual,M,1998-07-12,umut.yalcin54@gmail.com,+905447405300,İstanbul,True,True,2023-12-12T22:39:53,2024-01-21T22:39:53
C002857,Tolga Sarı,individual,M,1989-02-13,tolga.sari2@icloud.com,+905309576541,İstanbul,True,True,2024-01-17T06:25:15,2024-01-23T06:25:15
C002858,Cansu Özkan,individual,F,1975-01-18,,+905509312948,Ankara,False,True,2026-01-24T06:24:58,2026-05-15T06:24:58
C002859,Arda Erdoğan,individual,M,1977-10-17,arda.erdogan@gmail.com,+905594654759,İzmir,True,True,2026-01-15T15:04:30,2026-01-15T15:04:30
C002860,İbrahim Turan,individual,M,1972-10-04,ibrahim.turan34@gmail.com,+905302076067,ANKARA,True,False,2024-11-11T02:40:13,2025-04-07T02:40:13
C002861,Zeynep Taş,individual,F,1980-09-20,zeynep.tas25@hotmail.com,+905432323385,Denizli,True,True,2024-06-26T11:15:07,2024-10-23T11:15:07
C002862,Murat Çelik,individual,M,1986-05-19,murat.celik17@gmail.com,+905579533904,İstanbul,False,False,2026-07-22T14:06:20,2027-01-30T14:06:20
C002863,Selin Kurt,individual,F,1972-12-21,selin.kurt75@gmail.com,+905509830982,Adana,True,True,2024-01-21T19:07:50,2024-03-25T19:07:50
C002864,Kaan Özdemir,individual,M,1976-06-13,kaan.ozdemir@yahoo.com,+905392611760,İstanbul,True,True,2024-03-25T13:59:44,2024-09-02T13:59:44
C002865,Hüseyin Aslan,individual,M,1988-07-23,,+905513941869,istanbul,True,True,2026-06-20T15:35:33,2026-08-30T15:35:33
C002866,Yusuf Kaya,individual,M,1970-08-11,yusuf.kaya24@outlook.com,5378899289,İstanbul,True,True,2024-11-24T12:53:16,2025-03-02T12:53:16
C002867,Onur Sarı,individual,M,1979-03-13,onur.sari58@hotmail.com,+905453872522,Istanbul,True,True,2024-05-28T00:22:34,2024-10-09T00:22:34
C002868,Derya Çakır,individual,F,1982-06-24,derya.cakir63 at yahoo.com,+905494499867,Muğla,True,False,2024-01-01T21:46:48,2024-01-29T21:46:48
C002869,Serkan Kaya,individual,M,1971-03-06,serkan.kaya@outlook.com,+905381069680,İzmir,True,False,2026-02-12T03:37:19,2026-03-19T03:37:19
C002870,Boğaziçi İnşaat Ltd. Şti.,corporate,,,,+905593990636,İstanbul,True,True,2025-10-30T04:10:53,2026-03-08T04:10:53
C002871,Ayşe Çetin,individual,F,1987-05-22,ayse.cetin@icloud.com,+905575857397,Adana,True,True,2024-08-29T20:01:52,2024-11-16T20:01:52
C002872,Atlas Enerji A.Ş.,corporate,,,atlasenerji@atlas.com.tr,+905382527643,İstanbul,True,True,2025-04-10T21:45:59,2025-06-06T21:45:59
C002873,Onur Karaca,individual,M,2002-11-22,onur.karaca32@outlook.com,+905484604120,Bursa,True,False,2024-05-20T22:46:46,2024-08-20T22:46:46
C002874,Atlas Medya Ltd. Şti.,corporate,,,atlasmedya@atlas.com.tr,5491698661,Muğla,True,True,2025-03-27T16:00:06,2025-08-27T16:00:06
C002875,Selim Polat,individual,M,1991-12-21,selim.polat51@yahoo.com,+905302486368,İzmir,True,True,2023-12-03T12:10:35,2024-01-16T12:10:35
C002876,Nova Medya A.Ş.,corporate,,,novamedya@nova.com.tr,+90 555 264 0321,Antalya,False,False,2025-07-09T13:12:03,2025-12-03T13:12:03
C002877,Beyza Yalçın,individual,F,1976-12-18,beyza.yalcin@icloud.com,+905506648278,Antalya,True,True,2025-12-20T02:25:41,2026-03-26T02:25:41
C002878,Global Otomotiv Yan Sanayi Ltd. Şti.,corporate,,,globalotomotivyansanayi@global.com.tr,+905411796519,İstanbul,True,True,2024-08-21T01:58:42,2025-01-06T01:58:42
C002879,Murat Tekin,individual,M,1986-06-21,murat.tekin@hotmail.com,+905469048289,İstanbul,True,False,2025-10-25T16:52:28,2026-01-17T16:52:28
C002880,Halil Şimşek,individual,M,1997-01-05,halil.simsek@hotmail.com,+905588515282,Ankara,True,True,2023-10-19T02:34:22,2023-12-21T02:34:22
C002881,Zirve Tekstil Ltd. Şti.,corporate,,,zirvetekstil@zirve.com.tr,+905586309253,Ankara,True,True,2026-02-09T12:19:56,2026-03-15T12:19:56
C002882,Büşra Ünal,individual,F,1991-01-06,,+905306585517,Kocaeli,False,True,2025-05-05T02:03:10,2025-05-06T02:03:10
C002883,Akdeniz Lojistik Ltd. Şti.,corporate,,,akdenizlojistik@akdeniz.com.tr,+905454682858,Eskisehir,True,True,2025-06-13T02:37:32,2025-08-26T02:37:32
C002884,Merve Çakır,individual,F,2000-09-21,merve.cakir7@outlook.com,+905441912107,Bursa,True,True,2024-09-19T00:44:17,2025-01-30T00:44:17
C002885,Pınar Arslan,individual,F,1993-09-13,pinar.arslan9@icloud.com,+905493117034,İstanbul,True,True,2025-12-02T02:14:15,2025-12-17T02:14:15
C002886,Ömer Arslan,individual,M,1981-01-24,omer.arslan12@icloud.com,+905594099579,İstanbul,True,False,2024-11-05T12:08:10,2025-04-07T12:08:10
C002887,Murat Doğan,individual,M,1992-08-18,murat.dogan@hotmail.com,+905482376113,Mersin,True,True,2025-04-23T08:11:56,2025-05-26T08:11:56
C002888,Ufuk Yazılım A.Ş.,corporate,,,ufukyazilim@ufuk.com.tr,+905387163470,İstanbul,True,False,2026-08-14T06:16:01,2026-12-14T06:16:01
C002889,Beyza Özdemir,individual,F,1963-04-20,beyza.ozdemir@hotmail.com,+905316702731,İstanbul,True,False,2025-01-17T02:45:45,2025-05-04T02:45:45
C002890,Emre Öztürk,individual,M,1991-09-22,emre.ozturk@gmail.com,+905544058051,İzmir,True,False,2026-08-30T08:28:18,2026-12-03T08:28:18
C002891,Sude Tekin,individual,F,2002-04-20,sude.tekin87@hotmail.com,+905587985190,istanbul,True,False,2025-02-24T23:09:14,2025-04-27T23:09:14
C002892,Global Tekstil Ltd. Şti.,corporate,,,globaltekstil@global.com.tr,+905569704733,Istanbul,True,False,2023-11-22T18:20:06,2024-06-02T18:20:06
C002893,Can Doğan,individual,M,1969-06-20,can.dogan48@hotmail.com,05392818756,İzmir,True,True,2026-06-20T22:37:40,2026-09-06T22:37:40
C002894,Barış Demir,individual,M,1984-02-26,baris.demir67@outlook.com,05504180557,İstanbul,True,True,2026-03-08T12:24:43,2026-09-14T12:24:43
C002895,Can Özdemir,individual,M,1993-11-17,can.ozdemir@outlook.com,+905351555619,İzmir,True,False,2024-12-11T21:47:13,2025-02-06T21:47:13
C002896,Pınar Sarı,individual,F,1985-08-12,pinar.sari62@hotmail.com,+905481679808,ANKARA,True,True,2023-11-10T12:20:48,2024-03-26T12:20:48
C002897,Barış Şimşek,individual,M,1981-01-05,baris.simsek@gmail.com,+905377452547,İzmir,True,False,2024-01-15T01:34:39,2024-06-06T01:34:39
C002898,Ömer Kaya,individual,M,2002-02-22,omer.kaya@yahoo.com,+905584776377,Ankara,True,True,2024-09-29T15:15:12,2024-10-23T15:15:12
C002899,Damla Bulut,individual,F,1977-09-12,damla.bulut@hotmail.com,+905489899926,Samsun,True,False,2026-07-05T06:36:07,2026-07-08T06:36:07
C002900,Serkan Polat,individual,M,1976-11-03,serkan.polat@hotmail.com,+905384428665,İstanbul,True,True,2023-10-02T15:47:42,2024-02-28T15:47:42
C002901,Ahmet Sarı,individual,M,1987-11-11,ahmet.sari@icloud.com,+905509656404,Ankara,True,False,2025-01-15T00:20:03,2025-02-25T00:20:03
C002902,Kerem Özkan,individual,M,2000-04-05,kerem.ozkan9@yahoo.com,+905472123771,Antalya,True,True,2023-10-09T08:57:10,2023-11-27T08:57:10
C002903,Cansu Özkan,individual,F,1994-12-16,cansu.ozkan43@icloud.com,05463842024,İstanbul,True,True,2025-01-23T12:26:36,2025-07-12T12:26:36
C002904,Eren Özdemir,individual,M,1993-04-25,eren.ozdemir67@icloud.com,+905418475383,İstanbul,True,True,2024-11-20T23:20:30,2025-03-16T23:20:30
C002905,Berk Acar,individual,M,2002-10-26,berk.acar60@outlook.com,+905594352967,İstanbul,True,False,2024-08-26T06:33:50,2024-10-18T06:33:50
C002906,Kaan Öztürk,individual,M,1990-04-16,kaan.ozturk@yahoo.com,+905539066819,Bursa,True,False,2023-12-23T14:43:40,2024-03-23T14:43:40
C002907,Cansu Demir,individual,F,1957-10-12,cansu.demir@hotmail.com,+905507314494,İstanbul,True,False,2025-11-14T16:31:23,2026-01-03T16:31:23
C002908,Eren Ateş,individual,M,1979-09-19,eren.ates21@gmail.com,+905374029348,İstanbul,True,False,2023-09-22T11:06:38,2023-10-23T11:06:38
C002909,Murat Kaya,individual,M,1978-01-29,murat.kaya@yahoo.com,+905436350151,İstanbul,True,True,2026-05-22T08:01:05,2026-11-20T08:01:05
C002910,Aslı Çetin,individual,F,2002-11-07,asli.cetin@yahoo.com,+905521077712,İstanbul,True,True,2026-08-17T11:29:06,2026-10-30T11:29:06
C002911,Can Yıldız,individual,M,1984-04-01,can.yildiz95@outlook.com,+905544946761,Denizli,True,False,2025-04-14T17:05:11,2025-09-20T17:05:11
C002912,Fatma Uzun,individual,F,1988-12-30,fatma.uzun@hotmail.com,+905446721931,Ankara,True,True,2025-08-11T15:40:01,2026-02-21T15:40:01
C002913,Efe Yalçın,individual,M,1972-04-18,efe.yalcin60@hotmail.com,+905387208509,Adana,True,True,2024-03-20T11:14:34,2024-07-04T11:14:34
C002914,Selim Kurt,individual,M,1988-03-03,selim.kurt@hotmail.com,+905311446777,Gaziantep,True,True,2025-10-04T01:26:22,2026-02-17T01:26:22
C002915,Ayşe Yıldız,individual,F,1988-11-28,ayse.yildiz@icloud.com,+905437924978,Bursa,True,True,2024-08-02T20:43:24,2025-02-10T20:43:24
C002916,Nazlı Acar,individual,F,1992-03-25,nazli.acar@gmail.com,+905584262231,Ankara,True,False,2025-10-24T23:13:12,2025-12-11T23:13:12
C002917,Delta Turizm A.Ş.,corporate,,,deltaturizm@delta.com.tr,+905345528484,Antalya,True,True,2026-01-18T15:52:28,2026-05-14T15:52:28
C002918,İbrahim Bulut,individual,M,1997-02-06,ibrahim.bulut@outlook.com,+905314717882,Gaziantep,True,True,2026-02-16T23:58:59,2026-03-03T23:58:59
C002919,Arda Uzun,individual,M,1979-06-30,arda.uzun32@icloud.com,+905522463195,İstanbul ,False,False,2024-04-17T20:23:59,2024-07-20T20:23:59
C002920,Mehmet Erdoğan,individual,M,1986-10-21,mehmet.erdogan58@yahoo.com,05544295942,İstanbul,True,False,2026-04-28T06:05:39,2026-07-11T06:05:39
C002921,Merve Güneş,individual,F,1999-04-03,merve.gunes65@outlook.com,+905461817876,Ankara,True,True,2024-01-28T01:18:43,2024-03-23T01:18:43
C002922,Hande Erdoğan,individual,F,1972-03-31,hande.erdogan at gmail.com,+905416146724,İstanbul,True,False,2025-09-17T14:57:53,2026-03-14T14:57:53
C002923,Akdeniz Enerji A.Ş.,corporate,,,akdenizenerji@akdeniz.com.tr,0 (532) 244-6480,Samsun,True,False,2025-08-02T01:11:39,2026-01-24T01:11:39
C002924,Nur Şimşek,individual,F,1967-02-22,nur.simsek@yahoo.com,+905572997391,Antalya,True,True,2023-10-21T06:48:34,2024-04-30T06:48:34
C002925,Ufuk Danışmanlık A.Ş.,corporate,,,ufukdanismanlik@ufuk.com.tr,+905337541195,İzmir,True,True,2025-09-12T13:11:16,2026-03-19T13:11:16
C002926,Marmara Gıda A.Ş.,corporate,,,marmaragida@marmara.com.tr,+905383889304,Ankara,True,False,2026-07-19T04:51:45,2026-12-26T04:51:45
C002927,Meridyen Otomotiv Yan Sanayi A.Ş.,corporate,,,meridyenotomotivyansanayi@meridyen.com.tr,+905514787512,Adana,True,True,2024-05-03T17:27:14,2024-06-06T17:27:14
C002928,Berk Aksoy,individual,M,1986-04-15,berk.aksoy54@yahoo.com,+905376912433,İstanbul,True,False,2024-08-15T17:47:42,2024-11-17T17:47:42
C002929,Akdeniz Teknoloji A.Ş.,corporate,,,akdenizteknoloji@akdeniz.com.tr,0 (545) 802-9441,Adana,True,False,2024-03-24T01:57:46,2024-09-01T01:57:46
C002930,Selim Güneş,individual,M,1974-05-08,selim.gunes at yahoo.com,+905547523454,İstanbul,False,False,2024-12-13T18:17:53,2025-01-19T18:17:53
C002931,Hüseyin Karaca,individual,M,1963-07-23,huseyin.karaca40@icloud.com,+905306572372,İstanbul,True,True,2026-06-04T12:58:29,2026-08-06T12:58:29
C002932,Zeynep Özdemir,individual,F,1983-06-01,zeynep.ozdemir42@hotmail.com,+905367801295,İstanbul,True,True,2024-01-27T04:51:05,2024-04-19T04:51:05
C002933,Murat Ünal,individual,M,1972-08-18,murat.unal57@icloud.com,+905379431615,İstanbul,True,True,2024-01-02T10:47:06,2024-03-19T10:47:06
C002934,Sude Çelik,individual,F,1987-03-31,sude.celik@icloud.com,+905379844610,İstanbul,True,True,2026-06-24T08:02:29,2026-08-17T08:02:29
C002935,Deniz Bozkurt,individual,M,1973-08-14,deniz.bozkurt37@gmail.com,+905566438078,Bursa,True,True,2026-05-02T06:31:52,2026-11-16T06:31:52
C002936,Ahmet Aksoy,individual,M,2002-12-13,ahmet.aksoy51@outlook.com,+905379075270,Bursa,True,True,2024-11-17T02:25:40,2025-01-25T02:25:40
C002937,Onur Doğan,individual,M,1991-07-25,onur.dogan@icloud.com,+905536425515,Samsun,True,False,2024-10-29T10:33:20,2025-03-07T10:33:20
C002938,Pınar Tekin,individual,F,1991-04-22,pinar.tekin@hotmail.com,+905348221527,Mersin,True,False,2026-02-28T00:14:39,2026-06-10T00:14:39
C002939,İbrahim Doğan,individual,M,1991-09-08,ibrahim.dogan@yahoo.com,0 (544) 168-4302,Adana,True,True,2026-07-28T03:36:13,2027-01-11T03:36:13
C002940,Murat Ateş,individual,M,1978-07-13,murat.ates@yahoo.com,+905482426708,Ankara,True,False,2026-06-09T23:38:38,2026-09-19T23:38:38
C002941,Mehmet Şimşek,individual,M,1981-07-03,mehmet.simsek@icloud.com,+905351111574,İzmir,True,True,2024-12-07T17:49:22,2025-06-13T17:49:22
C002942,Murat Bulut,individual,M,1979-11-20,murat.bulut35@icloud.com,+905459392087,Samsun,True,True,2024-10-31T18:15:27,2024-11-06T18:15:27
C002943,Meridyen Otomotiv Yan Sanayi A.Ş.,corporate,,,meridyenotomotivyansanayi@meridyen.com.tr,+905507570420,İstanbul,True,True,2026-05-28T18:24:55,2026-10-29T18:24:55
C002944,Emre Kaya,individual,M,1982-10-20,emre.kaya@gmail.com,+905358060765,Muğla,True,True,2026-04-05T18:45:23,2026-07-19T18:45:23
C002945,Merve Koç,individual,F,2000-04-06,merve.koc@outlook.com,+905585465893,İstanbul,True,False,2023-12-11T09:18:19,2024-01-22T09:18:19
C002946,Yusuf Ünal,individual,M,1988-02-07,yusuf.unal@gmail.com,+905462492150,İzmir,True,True,2024-03-13T22:11:24,2024-07-25T22:11:24
C002947,Yusuf Özkan,individual,M,1980-12-09,yusuf.ozkan26@yahoo.com,+905363543429,Denizli,True,True,2023-11-18T13:52:12,2024-05-18T13:52:12
C002948,Selin Bulut,individual,F,1982-03-26,selin.bulut54@hotmail.com,+905414651867,İzmir,True,False,2024-06-08T18:23:39,2024-10-21T18:23:39
C002949,Ahmet Öztürk,individual,M,1979-03-22,ahmet.ozturk45@outlook.com,5593010463,İstanbul,True,False,2025-01-17T05:48:55,2025-07-21T05:48:55
C002950,Global İnşaat Ltd. Şti.,corporate,,,globalinsaat@global.com.tr,+905482112856,Mersin,True,False,2025-10-05T22:49:31,2026-03-11T22:49:31
C002951,Aslı Erdoğan,individual,F,1979-04-16,asli.erdogan@icloud.com,+905465008786,İstanbul,True,False,2026-03-07T05:31:38,2026-03-21T05:31:38
C002952,Tolga Tekin,individual,M,1973-10-18,tolga.tekin94@yahoo.com,+905338999816,Ankara,True,False,2023-12-06T14:17:22,2024-02-18T14:17:22
C002953,Furkan Koç,individual,M,1995-12-27,furkan.koc@yahoo.com,+905314621480,Ankara,True,False,2025-08-28T22:27:13,2025-10-22T22:27:13
C002954,Beyza Öztürk,individual,F,1984-12-12,beyza.ozturk@outlook.com,+905438365388,Ankara,True,True,2024-11-26T03:20:52,2025-04-13T03:20:52
C002955,Umut Tekin,individual,M,2002-09-30,umut.tekin@gmail.com,+905483340981,ANKARA,True,True,2023-10-22T04:41:52,2023-11-11T04:41:52
C002956,Furkan Koç,individual,M,1994-05-16,furkan.koc31@hotmail.com,+905503272561,İstanbul,True,True,2024-04-22T01:37:45,2024-07-30T01:37:45
C002957,Yasemin Şahin,individual,F,1987-09-21,yasemin.sahin34@hotmail.com,+905513580095,İstanbul,True,True,2026-02-18T01:33:45,2026-06-29T01:33:45
C002958,Kerem Turan,individual,M,1968-10-21,kerem.turan45@hotmail.com,+905337262794,İstanbul,True,False,2024-12-21T20:15:04,2025-04-20T20:15:04
C002959,Nur Arslan,individual,F,1969-08-03,nur.arslan76@gmail.com,0541 101 18 29,İstanbul,True,False,2026-04-09T12:37:56,2026-06-06T12:37:56
C002960,Burak Erdoğan,individual,M,1974-12-08,burak.erdogan46@yahoo.com,+905343252244,İstanbul,True,False,2023-09-11T23:13:33,2023-11-20T23:13:33
C002961,Gamze Çakır,individual,F,1981-06-14,gamze.cakir64@gmail.com,+905585976576,Eskişehir,True,True,2025-10-27T01:55:17,2025-11-17T01:55:17
C002962,Akdeniz Tekstil Ltd. Şti.,corporate,,,akdeniztekstil@akdeniz.com.tr,+905478793916,İstanbul,True,False,2024-07-16T00:58:15,2024-08-20T00:58:15
C002963,Umut Çelik,individual,M,1988-12-09,umut.celik82@icloud.com,+905354849625,Denizli,True,False,2025-12-04T19:11:28,2026-05-24T19:11:28
C002964,İbrahim Doğan,individual,M,1983-02-18,ibrahim.dogan@gmail.com,+905589296140,Gaziantep,True,False,2023-12-02T01:11:27,2024-03-26T01:11:27
C002965,Nova Teknoloji A.Ş.,corporate,,,novateknoloji@nova.com.tr,0553 685 14 68,Ankara,True,False,2024-12-26T04:24:47,2025-04-22T04:24:47
C002966,Barış Polat,individual,M,1984-12-21,baris.polat@outlook.com,+905397767471,Kocaeli,True,True,2025-02-03T18:01:19,2025-07-28T18:01:19
C002967,Oğuz Şimşek,individual,M,1998-02-28,oguz.simsek20@outlook.com,+905488781610,İstanbul,True,False,2025-12-02T04:27:21,2026-05-21T04:27:21
C002968,Eren Erdoğan,individual,M,1988-07-18,,+905323355467,Ankara,False,False,2025-07-15T10:10:41,2026-01-03T10:10:41
C002969,İrem Karaca,individual,F,1992-09-19,irem.karaca7@outlook.com,+905522224378,İstanbul,True,True,2024-06-04T02:38:54,2024-10-12T02:38:54
C002970,Seda Özdemir,individual,F,1987-12-01,seda.ozdemir@gmail.com,+905437396475,İstanbul,True,True,2025-04-03T07:33:34,2025-05-30T07:33:34
C002971,Merve Yalçın,individual,F,1997-08-06,merve.yalcin63@outlook.com,+90 533 398 4501,Bursa,True,False,2024-04-18T14:32:27,2024-08-07T14:32:27
C002972,Can Bulut,individual,M,1981-08-28,can.bulut29@yahoo.com,+905438857131,İstanbul,True,True,2024-04-09T00:48:33,2024-10-20T00:48:33
C002973,Sude Arslan,individual,F,1983-05-15,sude.arslan@gmail.com,+905413116709,Antalya,True,False,2025-03-11T10:48:05,2025-05-11T10:48:05
C002974,Ece Özdemir,individual,F,1968-10-03,ece.ozdemir29@icloud.com,+905568893671,Antalya,True,True,2025-02-19T19:08:23,2025-07-27T19:08:23
C002975,Emre Kılıç,individual,M,1962-02-10,emre.kilic51@icloud.com,05318054965,Bursa,True,True,2024-08-21T08:41:29,2025-03-07T08:41:29
C002976,Arda Yalçın,individual,M,1981-02-17,arda.yalcin@icloud.com,+905567237015,İzmir,True,False,2023-11-06T05:16:23,2023-11-19T05:16:23
C002977,Beyza Ateş,individual,F,1975-06-26,beyza.ates@gmail.com,05598345869,İzmir,True,True,2025-08-23T03:08:06,2025-12-13T03:08:06
C002978,Yıldız Otomotiv Yan Sanayi A.Ş.,corporate,,,yildizotomotivyansanayi@yildiz.com.tr,+905407272144,İstanbul ,True,True,2025-03-23T02:49:55,2025-04-30T02:49:55
C002979,Ömer Çelik,individual,M,1981-05-15,omer.celik@gmail.com,+905508835678,Gaziantep,True,True,2026-01-02T23:05:54,2026-02-10T23:05:54
C002980,Oğuz Aydın,individual,M,1961-05-05,oguz.aydin78@gmail.com,+905458356883,İzmir,True,True,2025-07-30T19:01:40,2025-12-18T19:01:40
C002981,Tolga Çakır,individual,M,1988-12-16,tolga.cakir@outlook.com,05387169989,Ankara,True,True,2025-11-10T12:36:05,2026-02-18T12:36:05
C002982,Meridyen Enerji Ltd. Şti.,corporate,,,meridyenenerji@meridyen.com.tr,+905327465727,İzmir,True,True,2026-06-30T14:04:29,2026-11-19T14:04:29
C002983,Hüseyin Acar,individual,M,1982-01-27,huseyin.acar21@icloud.com,+905345605647,İstanbul,True,True,2026-06-12T04:58:04,2026-09-14T04:58:04
C002984,Umut Korkmaz,individual,M,1977-12-07,umut.korkmaz@hotmail.com,+905487933262,Bursa,True,False,2026-05-06T12:50:37,2026-07-08T12:50:37
C002985,Kaan Şimşek,individual,M,1995-02-15,kaan.simsek26@gmail.com,+905472416547,İstanbul,True,False,2025-05-04T17:49:45,2025-06-04T17:49:45
C002986,Berk Öztürk,individual,M,1988-11-11,berk.ozturk78@hotmail.com,+905304361670,Samsun,True,True,2026-08-28T02:41:22,2026-11-11T02:41:22
C002987,Hüseyin Özdemir,individual,M,2001-02-27,huseyin.ozdemir4@hotmail.com,05368247421,İstanbul,True,False,2026-07-26T02:28:04,2026-08-07T02:28:04
C002988,Murat Aydın,individual,M,1979-12-23,murat.aydin3@hotmail.com,+905528855237,Gaziantep,True,False,2025-02-06T10:20:22,2025-02-12T10:20:22
C002989,Hüseyin Yıldız,individual,M,1991-09-12,huseyin.yildiz89@yahoo.com,+905515461953,Adana,True,True,2024-07-04T14:52:49,2024-08-17T14:52:49
C002990,Kaan Öztürk,individual,M,1991-01-03,kaan.ozturk27@gmail.com,+905499948923,Muğla,True,True,2024-05-11T16:06:41,2024-05-24T16:06:41
C002991,Ahmet Ünal,individual,M,1971-07-08,ahmet.unal@yahoo.com,0 (552) 792-5618,Ankara,True,True,2024-09-20T14:14:55,2025-01-13T14:14:55
C002992,Mehmet Kılıç,individual,M,1982-08-22,mehmet.kilic@gmail.com,+905505848951,Bursa,True,False,2026-02-08T20:12:38,2026-07-10T20:12:38
C002993,Fatma Keskin,individual,F,1979-06-25,fatma.keskin98@icloud.com,+905355703764,İstanbul,True,False,2024-03-13T06:54:11,2024-09-25T06:54:11
C002994,Fatma Ünal,individual,F,1994-11-09,fatma.unal@gmail.com,+905573662848,İzmir,True,True,2026-01-02T20:36:13,2026-03-24T20:36:13
C002995,Damla Koç,individual,F,1971-01-11,damla.koc1@gmail.com,+905447191950,İzmir,False,True,2025-02-08T04:37:59,2025-03-27T04:37:59
C002996,Marmara Tekstil A.Ş.,corporate,,,marmaratekstil@marmara.com.tr,0554 522 80 31,Ankara,True,True,2026-06-04T05:30:27,2026-09-18T05:30:27
C002997,Eren Yılmaz,individual,M,1983-08-21,eren.yilmaz10@gmail.com,+905451969041,İstanbul,True,True,2026-07-23T19:55:27,2026-10-10T19:55:27
C002998,Tuğba Öztürk,individual,F,1996-03-09,tugba.ozturk2@icloud.com,+905313988120,İstanbul,True,True,2026-08-10T11:58:23,2026-10-27T11:58:23
C002999,İbrahim Karaca,individual,M,1993-05-19,ibrahim.karaca5@hotmail.com,+905377471618,Kocaeli,True,True,2025-01-23T13:44:09,2025-02-28T13:44:09
C003000,Ege Medya A.Ş.,corporate,,,egemedya@ege.com.tr,+905529907792,İstanbul,True,False,2026-05-19T08:14:37,2026-08-04T08:14:37
C003001,Kuzey Lojistik A.Ş.,corporate,,,kuzeylojistik@kuzey.com.tr,+905538585039,Bursa,True,False,2025-11-11T09:37:12,2026-05-14T09:37:12
C003002,Mustafa Özdemir,individual,M,1993-02-21,mustafa.ozdemir58@outlook.com,+905598944324,ankara,True,False,2026-05-05T22:26:18,2026-07-09T22:26:18
C003003,Efe Çakır,individual,M,1977-03-14,efe.cakir@outlook.com,+90 540 134 1473,Antalya,True,True,2025-07-26T22:30:20,2025-07-28T22:30:20
C003004,Ege Danışmanlık Ltd. Şti.,corporate,,,egedanismanlik@ege.com.tr,+905547596732,İzmir,True,False,2026-05-20T07:17:52,2026-09-09T07:17:52
C003005,Deniz Avcı,individual,M,1995-09-13,deniz.avci@hotmail.com,+905343320973,Ankara,True,True,2024-12-30T18:55:50,2025-05-01T18:55:50
C003006,Delta Sağlık Ltd. Şti.,corporate,,,deltasaglik@delta.com.tr,+905418857393,Samsun,True,False,2024-06-10T03:07:15,2024-10-29T03:07:15
C003007,Zeynep Yıldırım,individual,F,1972-07-17,zeynep.yildirim1@icloud.com,05541690338,İstanbul,True,True,2026-08-03T06:36:42,2026-12-21T06:36:42
C003008,Deniz Yılmaz,individual,M,1980-01-17,deniz.yilmaz47@icloud.com,+905566738332,İstanbul,True,True,2024-11-06T14:29:56,2024-12-12T14:29:56
C003009,İbrahim Kılıç,individual,M,2002-05-26,ibrahim.kilic48@outlook.com,+905495394969,İstanbul,True,True,2025-01-02T03:51:41,2025-04-16T03:51:41
C003010,Hasan Sarı,individual,M,1978-02-03,hasan.sari@gmail.com,+905419769627,İstanbul,True,False,2024-02-25T09:05:10,2024-06-23T09:05:10
C003011,Meridyen İnşaat Ltd. Şti.,corporate,,,meridyeninsaat@meridyen.com.tr,0 (547) 687-0486,Bursa,True,False,2024-05-28T06:44:42,2024-07-30T06:44:42
C003012,Ömer Aslan,individual,M,1978-08-27,omer.aslan@icloud.com,+905524556473,İstanbul,True,True,2025-02-19T15:38:57,2025-02-27T15:38:57
C003013,Nazlı Ünal,individual,F,1977-11-24,nazli.unal9@outlook.com,+905349444965,İstanbul,True,False,2024-06-02T00:21:51,2024-12-07T00:21:51
C003014,Kaan Karaca,individual,M,1974-11-27,kaan.karaca33@hotmail.com,+905552848707,Ankara,True,True,2025-05-25T11:08:37,2025-08-25T11:08:37
C003015,Serkan Yıldırım,individual,M,1981-07-27,serkan.yildirim@hotmail.com,+90 556 513 1703,İstanbul,True,False,2025-09-26T16:50:48,2026-02-17T16:50:48
C003016,Oğuz Çakır,individual,M,1978-08-27,oguz.cakir@yahoo.com,+905472965341,Ankara,True,False,2025-06-07T06:15:40,2025-08-01T06:15:40
C003017,Melis Aslan,individual,F,1975-05-16,melis.aslan7@icloud.com,+905327912641,İzmir,True,True,2024-02-10T22:07:02,2024-05-24T22:07:02
C003018,Emre Aksoy,individual,M,1998-03-18,emre.aksoy44@gmail.com,+905502845252,İstanbul,True,True,2025-07-19T10:00:35,2025-07-26T10:00:35
C003019,Deniz Polat,individual,M,2000-04-19,deniz.polat57@gmail.com,+905472631602,İstanbul,True,False,2024-01-16T02:24:32,2024-05-04T02:24:32
C003020,Serkan Öztürk,individual,M,1972-05-25,serkan.ozturk@icloud.com,+905493937353,Ankara,True,True,2024-03-20T19:05:16,2024-04-14T19:05:16
C003021,Hüseyin Bulut,individual,M,1983-04-13,huseyin.bulut73@outlook.com,+90 547 129 1659,İzmir,True,True,2023-12-28T08:05:09,2024-05-20T08:05:09
C003022,Kaan Özkan,individual,M,1979-10-05,kaan.ozkan72@icloud.com,+905323464343,Adana,True,False,2025-12-13T19:16:23,2026-03-15T19:16:23
C003023,Naz Demir,individual,F,1974-11-28,naz.demir@gmail.com,+905444164452,İstanbul,True,False,2024-07-06T13:13:51,2025-01-13T13:13:51
C003024,Kerem Bulut,individual,M,1992-01-09,kerem.bulut39@gmail.com,+905596789627,Antalya,True,True,2026-03-15T16:07:07,2026-04-06T16:07:07
C003025,Cem Özkan,individual,M,1977-02-07,cem.ozkan@yahoo.com,+905316408552,Mersin,True,True,2024-10-10T16:39:46,2025-01-03T16:39:46
C003026,Arda Şimşek,individual,M,1978-03-28,arda.simsek93@yahoo.com,+905325210447,İstanbul,True,True,2025-10-06T02:47:45,2026-01-01T02:47:45
C003027,Emre Ateş,individual,M,1985-02-03,emre.ates@yahoo.com,+905399169056,Bursa,False,False,2025-06-25T23:58:59,2025-11-06T23:58:59
C003028,Gizem Güneş,individual,F,1975-12-11,gizem.gunes61@hotmail.com,+905304544542,Kocaeli,False,False,2025-05-30T10:05:32,2025-07-15T10:05:32
C003029,Nazlı Çelik,individual,F,1969-03-29,nazli.celik43@yahoo.com,+905517639844,İstanbul,True,False,2024-02-26T17:28:56,2024-07-30T17:28:56
C003030,Eren Erdoğan,individual,M,1975-04-25,eren.erdogan@hotmail.com,+905404320247,İstanbul,False,False,2024-09-02T19:22:05,2025-01-15T19:22:05
C003031,Ayşe Bulut,individual,F,1975-01-16,ayse.bulut60@gmail.com,+905378932158,Kocaeli,True,False,2023-11-03T08:26:09,2024-03-23T08:26:09
C003032,Hande Acar,individual,F,1985-12-23,hande.acar@icloud.com,5315314501,Adana,True,True,2024-11-14T22:10:38,2025-05-08T22:10:38
C003033,Dilara Yıldız,individual,F,1990-06-18,dilara.yildiz12@gmail.com,+905306291144,İzmir,True,False,2025-03-30T08:34:08,2025-10-11T08:34:08
C003034,Merve Taş,individual,F,1993-07-07,merve.tas55@yahoo.com,+905531937490,Ankara,True,False,2026-07-28T19:55:35,2026-08-25T19:55:35
C003035,Beyza Karaca,individual,F,1981-12-19,beyza.karaca42@gmail.com,+905346829674,Ankara,False,True,2025-07-10T06:06:32,2025-10-09T06:06:32
C003036,Naz Arslan,individual,F,1978-11-03,naz.arslan@gmail.com,+905571627952,istanbul,True,False,2024-05-22T04:33:40,2024-11-20T04:33:40
C003037,Can Kılıç,individual,M,2001-09-10,can.kilic@outlook.com,+905534438275,Ankara,True,False,2025-02-25T08:44:12,2025-05-11T08:44:12
C003038,İbrahim Uzun,individual,M,1990-12-17,ibrahim.uzun77@yahoo.com,+905471533884,ANKARA,True,False,2025-07-02T17:08:13,2025-10-31T17:08:13
C003039,Elif Çetin,individual,F,1980-01-12,elif.cetin86@yahoo.com,05502666602,İstanbul,False,True,2025-05-17T17:48:14,2025-09-05T17:48:14
C003040,Naz Bulut,individual,F,1984-08-14,naz.bulut@outlook.com,0 (555) 496-8632,İstanbul,True,True,2024-02-02T07:14:23,2024-05-27T07:14:23
C003041,Ebru Karaca,individual,F,1985-09-13,ebru.karaca18@icloud.com,+905322039828,İzmir,True,True,2024-12-30T20:35:34,2025-02-08T20:35:34
C003042,Esra Taş,individual,F,1982-04-15,esra.tas27@outlook.com,+905471571289,İstanbul,True,True,2024-08-02T08:39:51,2024-09-05T08:39:51
C003043,Tolga Uzun,individual,M,1975-01-17,tolga.uzun@yahoo.com,+905311534158,İstanbul,True,False,2025-09-28T05:58:02,2025-12-27T05:58:02
C003044,Derya Keskin,individual,F,2001-12-14,derya.keskin98@outlook.com,+905427756468,Ankara,True,False,2026-07-17T12:24:28,2026-08-14T12:24:28
C003045,Merve Turan,individual,F,1998-02-28,merve.turan@gmail.com,+905523538914,Bursa,True,False,2024-09-20T00:32:07,2024-11-01T00:32:07
C003046,Elif Koç,individual,F,1989-05-05,elif.koc82@yahoo.com,+905305418419,İstanbul,True,True,2026-03-21T16:31:24,2026-09-13T16:31:24
C003047,Derya Çetin,individual,F,1982-04-02,derya.cetin@hotmail.com,05523973132,Bursa,True,True,2025-12-20T23:07:59,2026-05-02T23:07:59
C003048,Anadolu İnşaat Ltd. Şti.,corporate,,,anadoluinsaat@anadolu.com.tr,0 (547) 516-0164,Istanbul,False,True,2024-09-26T04:41:03,2024-09-29T04:41:03
C003049,Berk Şahin,individual,M,1977-12-02,berk.sahin@gmail.com,+905518179651,Bursa,True,True,2023-09-16T22:24:45,2023-11-11T22:24:45
C003050,Tolga Kaya,individual,M,1978-11-01,tolga.kaya73@hotmail.com,+905387578658,Istanbul,True,True,2025-03-07T13:26:30,2025-06-30T13:26:30
C003051,Cem Uzun,individual,M,1969-12-02,cem.uzun8@outlook.com,+905447892593,İstanbul,True,True,2024-12-03T22:25:44,2025-05-16T22:25:44
C003052,Merve Şimşek,individual,F,1989-05-24,merve.simsek68@icloud.com,+905592432119,İstanbul,True,True,2024-06-10T13:24:24,2024-08-04T13:24:24
C003053,Aslı Yıldırım,individual,F,1969-12-15,asli.yildirim@gmail.com,+905356407810,İstanbul,True,False,2025-06-11T05:23:45,2025-12-25T05:23:45
C003054,Eren Yalçın,individual,M,1992-08-13,eren.yalcin@yahoo.com,+905501662824,İstanbul,True,True,2024-12-12T15:37:26,2025-04-27T15:37:26
C003055,Selim Turan,individual,M,1991-09-05,,05351755999,Izmir,True,True,2026-06-10T10:58:15,2026-11-22T10:58:15
C003056,Murat Bulut,individual,M,1971-08-16,murat.bulut@yahoo.com,+905376704443,Eskişehir,True,True,2024-09-05T20:07:45,2024-10-29T20:07:45
C003057,Delta Tekstil A.Ş.,corporate,,,deltatekstil@delta.com.tr,+905435588548,Izmir,True,False,2025-02-05T23:43:27,2025-03-09T23:43:27
C003058,Barış Korkmaz,individual,M,2001-10-24,baris.korkmaz@icloud.com,+905481105875,Ankara,True,False,2025-08-03T23:57:39,2026-01-21T23:57:39
C003059,İrem Kaya,individual,F,1991-09-29,irem.kaya37@gmail.com,+905512365601,İstanbul,True,True,2024-09-21T20:42:49,2025-03-21T20:42:49
C003060,Melis Öztürk,individual,F,1989-01-03,melis.ozturk85@yahoo.com,05303608538,Ankara,True,True,2025-10-02T03:55:40,2026-04-09T03:55:40
C003061,Serkan Polat,individual,M,1982-01-18,serkan.polat@yahoo.com,+905391822006,İstanbul,True,False,2026-02-26T22:57:00,2026-07-21T22:57:00
C003062,Global Otomotiv Yan Sanayi A.Ş.,corporate,,,globalotomotivyansanayi@global.com.tr,+905535811041,İstanbul,True,True,2024-11-14T18:47:00,2024-12-27T18:47:00
C003063,Mehmet Demir,individual,M,1980-12-27,mehmet.demir@hotmail.com,+905458659548,İzmir,True,False,2026-08-25T06:35:45,2026-09-29T06:35:45
C003064,Barış Şimşek,individual,M,1994-09-03,baris.simsek@hotmail.com,+905442501962,İstanbul,True,False,2025-08-01T15:30:25,2026-02-04T15:30:25
C003065,Global Turizm A.Ş.,corporate,,,globalturizm@global.com.tr,+905427389190,İzmir,True,True,2026-04-29T00:58:24,2026-04-30T00:58:24
C003066,Hüseyin Şimşek,individual,M,1998-12-05,huseyin.simsek@yahoo.com,+905419660214,İstanbul,True,True,2024-08-05T15:55:50,2024-08-18T15:55:50
C003067,Tolga Öztürk,individual,M,1981-04-08,tolga.ozturk34@icloud.com,0 (534) 436-2271,İstanbul,False,False,2024-04-17T22:04:18,2024-05-30T22:04:18
C003068,Eren Bulut,individual,M,1998-06-09,eren.bulut64@icloud.com,+905523011944,Mersin,True,False,2026-06-16T23:08:29,2026-08-01T23:08:29
C003069,Eren Sarı,individual,M,1969-09-27,eren.sari37@icloud.com,+905421023430,İstanbul,True,True,2024-12-04T06:19:26,2025-03-08T06:19:26
C003070,Tolga Ünal,individual,M,1970-12-19,tolga.unal55@icloud.com,+905572900582,İstanbul,True,True,2025-07-04T20:41:52,2025-08-26T20:41:52
C003071,Furkan Arslan,individual,M,2002-06-19,furkan.arslan29@icloud.com,+905433391516,Mersin,True,True,2025-05-04T07:24:55,2025-10-17T07:24:55
C003072,Mehmet Taş,individual,M,1983-10-26,mehmet.tas@outlook.com,+90 547 989 8936,İstanbul,True,True,2025-05-23T18:44:30,2025-10-13T18:44:30
C003073,Tolga Karaca,individual,M,1972-01-04,tolga.karaca@yahoo.com,+905555367920,Mersin,True,True,2025-02-06T05:13:24,2025-04-11T05:13:24
C003074,Arda Çakır,individual,M,1984-03-02,arda.cakir@outlook.com,+905572554201,Konya,True,True,2025-02-02T20:46:21,2025-07-13T20:46:21
C003075,Kuzey Lojistik A.Ş.,corporate,,,kuzeylojistik@kuzey.com.tr,+905323634023,İstanbul,True,False,2024-04-07T18:45:31,2024-07-14T18:45:31
C003076,Ahmet Karaca,individual,M,2000-04-26,ahmet.karaca@gmail.com,+905526090281,İzmir,True,False,2023-10-25T20:56:00,2023-11-10T20:56:00
C003077,Merve Erdoğan,individual,F,1954-02-04,merve.erdogan@outlook.com,+905563063847,Ankara,True,False,2025-08-10T14:13:54,2025-12-30T14:13:54
C003078,Tuğba Karaca,individual,F,1983-07-06,tugba.karaca69@gmail.com,+905578950949,İstanbul,True,False,2025-08-18T02:17:56,2025-11-17T02:17:56
C003079,Deniz Korkmaz,individual,M,1973-07-06,deniz.korkmaz52@yahoo.com,+905395221320,İstanbul,True,False,2025-04-10T22:02:35,2025-07-12T22:02:35
C003080,Ali Güneş,individual,M,1984-05-26,ali.gunes@outlook.com,+905351791889,İstanbul,True,False,2026-01-14T05:43:41,2026-03-10T05:43:41
C003081,Can Aksoy,individual,M,1970-08-16,can.aksoy@outlook.com,+905588171405,Konya,True,True,2026-01-14T15:32:08,2026-07-25T15:32:08
C003082,Fatma Kara,individual,F,1995-10-26,fatma.kara@hotmail.com,+905378588604,İstanbul,True,True,2026-06-01T11:52:37,2026-10-01T11:52:37
C003083,Emre Şimşek,individual,M,1989-01-29,emre.simsek@icloud.com,+905348450540,Mersin,True,True,2026-02-14T21:59:22,2026-07-03T21:59:22
C003084,Mustafa Çelik,individual,M,1976-12-17,mustafa.celik@outlook.com,+905305285608,Muğla,True,True,2026-03-09T20:10:09,2026-03-18T20:10:09
C003085,Ali Korkmaz,individual,M,1983-05-13,ali.korkmaz68@hotmail.com,+905312614663,Ankara,True,True,2026-07-28T12:12:20,2027-01-03T12:12:20
C003086,Ahmet Sarı,individual,M,1988-11-10,ahmet.sari13@outlook.com,+905524083751,İstanbul,True,False,2026-01-23T01:20:44,2026-01-29T01:20:44
C003087,Fatma Turan,individual,F,1987-03-23,fatma.turan78@yahoo.com,+905457557120,İstanbul,True,False,2025-10-26T04:14:23,2026-03-09T04:14:23
C003088,Yasemin Keskin,individual,F,1981-07-22,yasemin.keskin24@yahoo.com,+905333167530,İstanbul,True,True,2024-06-03T08:04:29,2024-10-15T08:04:29
C003089,Burak Kaya,individual,M,1976-01-03,burak.kaya@yahoo.com,5553322876,İzmir,True,False,2024-04-09T12:11:47,2024-07-03T12:11:47
C003090,Efe Kaya,individual,M,1984-12-08,efe.kaya@outlook.com,+905529268600,Kocaeli,True,False,2023-10-19T23:26:38,2023-11-23T23:26:38
C003091,Cem Tekin,individual,M,1982-10-04,cem.tekin@yahoo.com,+905302393833,ankara,True,True,2025-02-11T04:51:00,2025-07-25T04:51:00
C003092,Kerem Tekin,individual,M,1978-12-12,kerem.tekin@gmail.com,+905433115952,İstanbul,True,False,2026-04-19T20:48:49,2026-07-31T20:48:49
C003093,Selim Bulut,individual,M,1981-02-09,selim.bulut@gmail.com,+905576185146,Bursa,True,True,2025-03-16T10:56:01,2025-04-20T10:56:01
C003094,Meridyen Medya A.Ş.,corporate,,,meridyenmedya@meridyen.com.tr,+905532603003,Mersin,True,True,2025-10-06T01:22:51,2025-12-10T01:22:51
C003095,İbrahim Korkmaz,individual,M,1971-08-24,ibrahim.korkmaz37@yahoo.com,+905415907212,İstanbul,True,True,2025-10-07T13:14:50,2026-01-22T13:14:50
C003096,Umut Korkmaz,individual,M,1989-09-24,umut.korkmaz98@hotmail.com,+905544500770,İstanbul,True,True,2026-07-22T21:20:34,2027-01-24T21:20:34
C003097,Arda Şimşek,individual,M,1973-07-19,arda.simsek97@outlook.com,+905518262811,Eskişehir,True,False,2026-05-04T08:44:08,2026-05-22T08:44:08
C003098,Onur Kılıç,individual,M,1976-01-08,onur.kilic@yahoo.com,+905358455316,Samsun,True,True,2024-11-09T11:42:13,2024-12-06T11:42:13
C003099,Gamze Çelik,individual,F,1967-09-03,gamze.celik@icloud.com,+905331730487,Ankara,True,True,2026-07-23T01:01:20,2026-09-15T01:01:20
C003100,Ece Özkan,individual,F,1968-04-07,ece.ozkan@outlook.com,+905583743688,ISTANBUL,True,False,2024-01-01T00:28:46,2024-02-02T00:28:46
C003101,Anadolu Tekstil A.Ş.,corporate,,,anadolutekstil@anadolu.com.tr,+905358995652,İstanbul,True,True,2025-06-08T19:07:06,2025-09-08T19:07:06
C003102,Efe Taş,individual,M,1970-12-02,efe.tas4@hotmail.com,+905454874601,İstanbul,True,False,2024-04-27T18:07:02,2024-04-27T18:07:02
C003103,Arda Yıldız,individual,M,1974-06-16,arda.yildiz61@icloud.com,+905519780330,İzmir,True,False,2026-03-19T23:55:09,2026-05-02T23:55:09
C003104,Ali Karaca,individual,M,1992-08-19,ali.karaca@outlook.com,+905303487243,İstanbul,True,True,2025-11-10T19:34:40,2026-01-05T19:34:40
C003105,Burak Çelik,individual,M,1976-12-28,burak.celik@icloud.com,+905451955486,Bursa,True,False,2025-02-08T17:52:36,2025-05-14T17:52:36
C003106,Selim Yalçın,individual,M,1976-12-08,selim.yalcin38@yahoo.com,+905363062084,İstanbul,True,False,2025-01-10T01:07:57,2025-06-05T01:07:57
C003107,Yıldız Gıda A.Ş.,corporate,,,yildizgida@yildiz.com.tr,+905339438171,İstanbul,True,True,2026-04-28T15:51:50,2026-05-09T15:51:50
C003108,Kuzey İnşaat A.Ş.,corporate,,,kuzeyinsaat@kuzey.com.tr,+905332658631,İstanbul,True,False,2026-02-12T07:23:45,2026-07-21T07:23:45
C003109,Yusuf Şimşek,individual,M,1977-12-03,yusuf.simsek@icloud.com,5516975995,ankara,True,True,2024-01-17T17:02:40,2024-03-05T17:02:40
C003110,Tuğba Şimşek,individual,F,2002-01-18,tugba.simsek54@yahoo.com,+905431262490,Konya,True,False,2024-03-20T05:58:02,2024-07-24T05:58:02
C003111,Eren Sarı,individual,M,1973-10-28,eren.sari@outlook.com,05483505886,Kocaeli,True,True,2023-10-29T15:29:13,2024-02-21T15:29:13
C003112,Boğaziçi Turizm A.Ş.,corporate,,,bogaziciturizm@bogazici.com.tr,+905304034010,Konya,True,False,2026-02-07T07:14:43,2026-04-09T07:14:43
C003113,Cem Koç,individual,M,1993-05-26,cem.koc@icloud.com,+905368965575,İstanbul,True,True,2026-05-23T11:51:28,2026-09-11T11:51:28
C003114,Umut Turan,individual,M,1970-11-05,umut.turan@icloud.com,+905357446096,İstanbul,True,False,2023-10-03T06:41:41,2024-03-16T06:41:41
C003115,Selin Kaya,individual,F,1981-05-22,selin.kaya24@icloud.com,+905536068046,istanbul,True,True,2025-05-05T15:46:29,2025-08-04T15:46:29
C003116,Furkan Doğan,individual,M,1974-01-05,furkan.dogan97@icloud.com,+905516457161,İstanbul,True,True,2025-11-30T02:18:59,2026-01-31T02:18:59
C003117,Derya Aslan,individual,F,1987-06-23,derya.aslan@yahoo.com,+905429061545,İstanbul,True,True,2025-04-21T09:45:16,2025-09-20T09:45:16
C003118,Esra Sarı,individual,F,1998-07-02,esra.sari@icloud.com,+905422827768,İzmir,False,True,2023-12-24T15:27:30,2024-03-17T15:27:30
C003119,Furkan Güneş,individual,M,1978-02-04,furkan.gunes@icloud.com,+905389167081,Muğla,True,True,2024-07-04T21:51:32,2024-09-29T21:51:32
C003120,Meridyen Medya A.Ş.,corporate,,,meridyenmedya@meridyen.com.tr,+905382608558,İstanbul,True,False,2025-12-05T18:33:32,2026-04-11T18:33:32
C003121,Mehmet Yalçın,individual,M,1984-05-10,mehmet.yalcin@hotmail.com,+905594893793,İstanbul,True,False,2024-09-21T11:50:13,2024-10-02T11:50:13
C003122,Nur Turan,individual,F,1979-11-22,nur.turan13@hotmail.com,+905465632095,İstanbul,True,False,2026-07-19T14:35:02,2026-08-03T14:35:02
C003123,Emre Özdemir,individual,M,1987-09-14,emre.ozdemir@outlook.com,+905535583546,Ankara,True,False,2025-02-03T07:08:12,2025-05-16T07:08:12
C003124,Furkan Güneş,individual,M,1974-09-02,furkan.gunes46@yahoo.com,+905428373047,Ankara,True,False,2023-12-15T08:00:05,2023-12-25T08:00:05
C003125,Sude Çelik,individual,F,1988-04-09,,+905317763386,İstanbul,True,True,2024-10-22T02:37:20,2025-04-20T02:37:20
C003126,Furkan Aksoy,individual,M,1997-07-14,furkan.aksoy76@outlook.com,+905518072939,İstanbul,True,True,2026-03-24T03:27:01,2026-04-15T03:27:01
C003127,Ufuk Tekstil Ltd. Şti.,corporate,,,ufuktekstil@ufuk.com.tr,+905418141494,Adana,False,False,2025-06-10T21:56:10,2025-10-01T21:56:10
C003128,Yusuf Arslan,individual,M,1984-04-07,yusuf.arslan74@outlook.com,+905439905048,Kocaeli,True,False,2024-05-30T03:26:28,2024-09-13T03:26:28
C003129,Eren Uzun,individual,M,1997-10-03,eren.uzun@hotmail.com,05555616671,Adana,True,True,2026-05-30T22:46:24,2026-11-19T22:46:24
C003130,Yıldız Gıda A.Ş.,corporate,,,yildizgida@yildiz.com.tr,+905387827809,Istanbul,True,True,2024-05-04T09:49:40,2024-08-29T09:49:40
C003131,Marmara Teknoloji Ltd. Şti.,corporate,,,marmarateknoloji@marmara.com.tr,+905515755091,Samsun,False,False,2025-01-07T23:42:13,2025-05-23T23:42:13
C003132,İbrahim Kaya,individual,M,1982-07-31,ibrahim.kaya82@hotmail.com,+905459542871,Muğla,True,True,2025-10-29T08:03:02,2026-05-01T08:03:02
C003133,Tuğba Şimşek,individual,F,1987-12-28,tugba.simsek37@yahoo.com,+905481343047,İstanbul,True,False,2023-10-10T13:25:20,2023-11-19T13:25:20
C003134,Derya Ateş,individual,F,1987-01-13,derya.ates66@yahoo.com,+905414878562,IZMIR,True,False,2025-11-28T04:35:29,2026-02-12T04:35:29
C003135,Melis Demir,individual,F,1978-06-10,melis.demir@hotmail.com,+905545563329,Bursa,False,False,2024-02-12T14:04:54,2024-03-21T14:04:54
C003136,Selin Kurt,individual,F,1984-11-14,selin.kurt82@hotmail.com,5576879868,Ankara,True,False,2024-11-21T11:02:48,2024-12-31T11:02:48
C003137,Ayşe Koç,individual,F,1979-03-14,ayse.koc@outlook.com,+905515315000,İstanbul,False,True,2026-01-18T22:55:16,2026-04-25T22:55:16
C003138,Eren Ateş,individual,M,1989-10-07,eren.ates@hotmail.com,+905333334485,İstanbul,True,True,2025-06-24T17:31:29,2025-10-08T17:31:29
C003139,Yusuf Demir,individual,M,1990-08-24,yusuf.demir97@yahoo.com,+905439569311,İstanbul,True,False,2024-12-05T04:18:32,2025-06-19T04:18:32
C003140,Selim Kaya,individual,M,2002-05-28,selim.kaya20@gmail.com,0 (544) 439-7196,İstanbul,True,False,2025-08-24T01:06:50,2026-01-15T01:06:50
C003141,Ufuk İnşaat Ltd. Şti.,corporate,,,ufukinsaat@ufuk.com.tr,+905512317386,Antalya,True,False,2024-06-13T02:56:08,2024-11-26T02:56:08
C003142,Sude Uzun,individual,F,1985-12-18,sude.uzun5@outlook.com,+905314150598,İzmir,True,False,2024-11-01T17:05:41,2024-11-27T17:05:41
C003143,Furkan Çelik,individual,M,1963-07-14,furkan.celik@yahoo.com,5578801579,İstanbul,True,True,2025-05-18T04:38:53,2025-10-26T04:38:53
C003144,Halil Erdoğan,individual,M,1996-11-05,halil.erdogan@gmail.com,+905553755984,İstanbul,True,True,2023-12-19T10:41:17,2024-06-17T10:41:17
C003145,Cem Aydın,individual,M,1978-12-04,cem.aydin@hotmail.com,+90 549 505 6659,İstanbul,True,False,2026-05-23T09:31:44,2026-06-19T09:31:44
C003146,Marmara Sağlık Ltd. Şti.,corporate,,,marmarasaglik@marmara.com.tr,+905537989953,İstanbul,True,False,2025-04-07T15:17:15,2025-05-17T15:17:15
C003147,Naz Keskin,individual,F,1984-04-28,naz.keskin@gmail.com,0 (546) 646-4876,Bursa,True,True,2026-07-16T18:46:26,2026-12-05T18:46:26
C003148,Ceren Karaca,individual,F,1973-05-08,ceren.karaca20@icloud.com,+905443101028,Bursa,True,True,2024-06-24T00:57:22,2024-12-21T00:57:22
C003149,Esra Bulut,individual,F,1975-04-17,esra.bulut57@gmail.com,+905361428511,İstanbul,True,False,2024-04-16T01:45:39,2024-06-02T01:45:39
C003150,Emre Uzun,individual,M,1980-07-12,emre.uzun@gmail.com,+905374203816,Antalya,True,False,2025-01-19T18:02:53,2025-02-15T18:02:53
C003151,Deniz Polat,individual,M,1984-12-13,deniz.polat70@outlook.com,0530 859 48 54,Ankara,True,True,2024-12-22T11:27:38,2025-04-18T11:27:38
C003152,Seda Karaca,individual,F,1992-03-06,seda.karaca@yahoo.com,+905497798504,İstanbul,True,True,2024-08-21T18:25:44,2025-02-09T18:25:44
C003153,Zirve Yazılım A.Ş.,corporate,,,zirveyazilim@zirve.com.tr,+905371683048,Antalya,False,True,2025-01-28T13:07:36,2025-07-09T13:07:36
C003154,Meridyen Gıda Ltd. Şti.,corporate,,,meridyengida@meridyen.com.tr,+905473572793,ankara,True,True,2025-02-26T14:22:16,2025-07-31T14:22:16
C003155,Ömer Güneş,individual,M,1977-12-22,omer.gunes@hotmail.com,+905357303220,Ankara,True,True,2025-12-28T21:45:20,2026-04-11T21:45:20
C003156,Ege İnşaat A.Ş.,corporate,,,egeinsaat@ege.com.tr,+905494518258,İstanbul,True,True,2026-01-22T03:04:52,2026-03-30T03:04:52
C003157,Hasan Aslan,individual,M,1991-04-07,hasan.aslan42@outlook.com,+905565000004,İzmir,True,False,2024-09-14T08:23:51,2025-01-10T08:23:51
C003158,Pınar Aksoy,individual,F,1976-04-25,pinar.aksoy52@outlook.com,+90 535 599 5732,İstanbul,True,True,2024-01-03T22:44:53,2024-03-09T22:44:53
C003159,Nazlı Karaca,individual,F,1987-10-13,nazli.karaca88@gmail.com,+905327008320,Antalya,True,True,2024-06-19T09:29:24,2024-12-09T09:29:24
C003160,Tolga Sarı,individual,M,1988-09-17,tolga.sari35@outlook.com,+905495125599,İstanbul,True,False,2026-06-18T06:23:21,2026-11-29T06:23:21
C003161,Kaan Öztürk,individual,M,1979-04-26,kaan.ozturk@outlook.com,+905338345067,İstanbul,True,True,2025-03-02T23:33:25,2025-03-27T23:33:25
C003162,İrem Güneş,individual,F,1989-11-27,irem.gunes@yahoo.com,+905351197888,Gaziantep,True,False,2026-05-09T12:03:57,2026-09-07T12:03:57
C003163,Eren Kara,individual,M,1996-07-28,eren.kara96@outlook.com,+905337524821,İstanbul,True,True,2023-10-02T22:20:56,2023-11-19T22:20:56
C003164,Cansu Özdemir,individual,F,1986-01-18,cansu.ozdemir@outlook.com,+905567950237,Antalya,True,False,2026-05-16T03:17:27,2026-08-12T03:17:27
C003165,Derya Erdoğan,individual,F,1979-04-22,derya.erdogan47@outlook.com,+905315084796,Muğla,True,False,2026-04-01T04:33:52,2026-10-01T04:33:52
C003166,Ayşe Uzun,individual,F,1994-05-31,ayse.uzun78@gmail.com,+905502290072,İstanbul,True,True,2025-09-24T11:02:37,2026-01-24T11:02:37
C003167,Oğuz Şahin,individual,M,1992-08-24,oguz.sahin@hotmail.com,+905418530914,Ankara,False,False,2026-08-09T11:34:11,2026-11-17T11:34:11
C003168,Burak Ateş,individual,M,1994-06-07,burak.ates@yahoo.com,+905511098308,Gaziantep,True,False,2024-10-08T09:00:14,2025-02-28T09:00:14
C003169,Murat Erdoğan,individual,M,1995-01-06,murat.erdogan@gmail.com,5479221268,İstanbul,True,False,2025-10-06T09:38:18,2025-12-13T09:38:18
C003170,Barış Kara,individual,M,1988-10-30,baris.kara@yahoo.com,+905421430524,İstanbul,True,False,2024-08-10T20:07:35,2024-12-31T20:07:35
C003171,Cem Yılmaz,individual,M,1986-02-17,cem.yilmaz@yahoo.com,0 (534) 764-2038,Kocaeli,True,False,2024-12-06T19:28:16,2025-06-08T19:28:16
C003172,Damla Koç,individual,F,1976-09-28,damla.koc67@outlook.com,+905421719575,İstanbul,True,False,2026-04-04T08:32:46,2026-06-30T08:32:46
C003173,Mustafa Kara,individual,M,1987-11-16,mustafa.kara@outlook.com,+905434490896,İstanbul,True,True,2026-01-27T07:13:56,2026-06-27T07:13:56
C003174,Boğaziçi Teknoloji A.Ş.,corporate,,,bogaziciteknoloji@bogazici.com.tr,+905534466683,İstanbul,True,False,2025-12-20T15:57:19,2025-12-26T15:57:19
C003175,Ömer Acar,individual,M,1972-10-06,omer.acar@outlook.com,+905305207875,Gaziantep,True,True,2024-03-24T12:16:24,2024-04-17T12:16:24
C003176,Cansu Aksoy,individual,F,2003-01-01,cansu.aksoy@gmail.com,+905593627144,İstanbul,True,True,2024-07-04T03:57:31,2024-07-10T03:57:31
C003177,Burak Yıldız,individual,M,1980-06-13,burak.yildiz29@yahoo.com,+905557742279,İstanbul,True,True,2025-11-27T13:00:06,2026-05-29T13:00:06
C003178,Derya Aksoy,individual,F,1982-04-18,derya.aksoy@outlook.com,+905545181895,İstanbul,True,False,2024-09-15T09:11:59,2025-02-13T09:11:59
C003179,Kaan Güneş,individual,M,1996-01-23,kaan.gunes@gmail.com,+905353043531,Samsun,True,True,2023-12-01T15:25:13,2024-04-24T15:25:13
C003180,Ufuk Teknoloji Ltd. Şti.,corporate,,,,+905418319842,İstanbul,True,False,2024-11-06T14:58:59,2024-11-29T14:58:59
C003181,Kaan Koç,individual,M,1975-09-07,,+905329457337,İstanbul,True,True,2025-11-03T07:18:08,2026-05-07T07:18:08
C003182,Zeynep Çakır,individual,F,1982-02-03,zeynep.cakir@yahoo.com,+905508552393,İstanbul,True,True,2025-12-07T22:23:30,2026-01-05T22:23:30
C003183,Arda Ateş,individual,M,1996-11-30,arda.ates@outlook.com,+905408865679,Kocaeli,True,True,2026-07-29T07:31:22,2026-11-09T07:31:22
C003184,Serkan Kaya,individual,M,1986-05-16,serkan.kaya@gmail.com,+905598295512,İstanbul,True,False,2024-04-24T01:28:08,2024-10-31T01:28:08
C003185,Yusuf Doğan,individual,M,1986-11-19,yusuf.dogan29@yahoo.com,+905511509654,İzmir,True,False,2024-03-28T23:58:35,2024-04-10T23:58:35
C003186,Tuğba Aydın,individual,F,1984-02-20,tugba.aydin3@gmail.com,+905302419753,Ankara,True,False,2025-12-17T18:19:38,2026-06-25T18:19:38
C003187,Cem Kılıç,individual,M,1998-12-23,cem.kilic63@outlook.com,+905391665390,Bursa,True,True,2024-01-13T16:12:20,2024-04-22T16:12:20
C003188,Kerem Tekin,individual,M,1974-07-13,kerem.tekin@gmail.com,+905508899989,İstanbul,True,False,2023-12-03T07:25:27,2024-04-19T07:25:27
C003189,Ali Arslan,individual,M,1982-05-16,ali.arslan69@hotmail.com,+905335555653,Bursa,True,False,2025-06-02T13:59:16,2025-06-08T13:59:16
C003190,Ceren Aydın,individual,F,1994-07-12,ceren.aydin10@icloud.com,+905537319313,İstanbul,True,True,2025-12-16T02:20:59,2026-05-28T02:20:59
C003191,Dilara Aksoy,individual,F,1973-09-18,dilara.aksoy72@outlook.com,+905574341227,İstanbul,True,True,2024-11-29T23:40:08,2025-05-21T23:40:08
C003192,Serkan Ünal,individual,M,1983-06-29,serkan.unal76@hotmail.com,+905555299350,Istanbul,True,True,2026-04-30T03:19:29,2026-06-09T03:19:29
C003193,Akdeniz Teknoloji A.Ş.,corporate,,,akdenizteknoloji@akdeniz.com.tr,+905576605008,İstanbul,True,True,2023-09-07T07:48:48,2023-11-28T07:48:48
C003194,Dilara Karaca,individual,F,2002-12-09,dilara.karaca52@outlook.com,+905549827389,Istanbul,True,True,2024-04-05T02:19:54,2024-07-16T02:19:54
C003195,Selim Özkan,individual,M,1970-02-26,selim.ozkan28@hotmail.com,+905372432932,İstanbul,True,True,2025-12-04T11:19:19,2026-05-27T11:19:19
C003196,Marmara Turizm Ltd. Şti.,corporate,,,marmaraturizm@marmara.com.tr,5304669445,Antalya,True,False,2026-08-17T05:03:26,2026-12-12T05:03:26
C003197,Can Doğan,individual,M,1982-10-19,can.dogan@yahoo.com,+905545560720,İstanbul,True,False,2024-04-27T18:22:00,2024-09-09T18:22:00
C003198,Cansu Bozkurt,individual,F,1970-11-23,cansu.bozkurt@icloud.com,+905433496482,İstanbul,True,True,2026-06-02T15:39:03,2026-07-19T15:39:03
C003199,Emre Kaya,individual,M,1978-06-11,emre.kaya10@gmail.com,+905557854316,Ankara,True,False,2024-11-26T06:02:31,2025-04-26T06:02:31
C003200,Ömer Ateş,individual,M,1967-12-05,omer.ates17@icloud.com,+905447807827,Denizli,True,True,2024-12-24T02:24:31,2025-06-26T02:24:31
C003201,Gamze Çetin,individual,F,1986-07-17,gamze.cetin41@gmail.com,+90 545 324 7819,İstanbul,True,True,2025-03-05T14:22:25,2025-03-08T14:22:25
C003202,Pınar Kılıç,individual,F,1974-01-17,pinar.kilic@outlook.com,+905578181879,Ankara,True,True,2024-12-22T18:25:57,2025-05-24T18:25:57
C003203,Beyza Arslan,individual,F,2001-05-20,beyza.arslan42@gmail.com,+905489444873,Antalya,True,False,2026-07-03T16:03:15,2026-08-11T16:03:15
C003204,Cem Avcı,individual,M,1993-04-13,cem.avci2@yahoo.com,+905365333110,İzmir,True,False,2025-04-07T14:58:42,2025-10-16T14:58:42
C003205,Arda Koç,individual,M,1960-01-27,arda.koc@hotmail.com,+905584706003,Mersin,True,False,2025-07-13T06:35:51,2025-12-21T06:35:51
C003206,Mustafa Erdoğan,individual,M,1960-09-20,mustafa.erdogan@hotmail.com,+905587643917,İstanbul,True,True,2026-04-26T04:38:40,2026-05-10T04:38:40
C003207,Nova İnşaat A.Ş.,corporate,,,novainsaat@nova.com.tr,+905543885319,Muğla,True,False,2025-01-31T02:13:46,2025-07-17T02:13:46
C003208,Ahmet Yalçın,individual,M,1971-10-01,ahmet.yalcin@yahoo.com,+905349791326,İstanbul,True,True,2026-07-08T06:39:13,2026-10-22T06:39:13
C003209,Ebru Turan,individual,F,1968-12-31,ebru.turan@yahoo.com,+905328084748,İstanbul,True,True,2025-12-17T03:54:22,2026-01-29T03:54:22
C003210,Ali Çetin,individual,M,1965-10-18,ali.cetin@hotmail.com,0543 349 57 05,İstanbul,True,True,2026-07-01T21:02:11,2026-07-05T21:02:11
C003211,İbrahim Kurt,individual,M,1993-12-27,ibrahim.kurt41@outlook.com,+905414221661,Ankara,True,True,2023-10-24T14:39:58,2023-11-19T14:39:58
C003212,Berk Bulut,individual,M,1981-09-17,berk.bulut11@yahoo.com,+905363210234,Antalya,True,False,2023-10-22T18:54:36,2024-01-02T18:54:36
C003213,Hüseyin Güneş,individual,M,1991-06-14,huseyin.gunes43@hotmail.com,+905584719549,İstanbul,True,True,2025-04-27T16:08:28,2025-04-27T16:08:28
C003214,Nova Gıda A.Ş.,corporate,,,novagida@nova.com.tr,+905366749211,İstanbul,True,False,2026-04-10T01:00:32,2026-05-04T01:00:32
C003215,Seda Özkan,individual,F,1992-01-08,seda.ozkan@hotmail.com,+905389965283,Ankara,True,False,2025-04-06T08:23:01,2025-07-27T08:23:01
C003216,Onur Doğan,individual,M,1975-03-31,onur.dogan@yahoo.com,+905424071986,İstanbul,False,True,2025-03-02T03:24:21,2025-05-14T03:24:21
C003217,Selim Özdemir,individual,M,1976-03-07,selim.ozdemir12@gmail.com,+905454241023,İzmir,True,False,2024-07-24T08:21:22,2024-12-09T08:21:22
C003218,Murat Koç,individual,M,1993-01-28,murat.koc@hotmail.com,+905354989133,Kocaeli,True,True,2024-10-18T08:29:38,2025-02-07T08:29:38
C003219,Aslı Acar,individual,F,1989-04-29,asli.acar15@hotmail.com,+905307451878,Ankara,True,False,2025-12-18T16:49:32,2026-03-12T16:49:32
C003220,Nur Karaca,individual,F,1984-05-14,nur.karaca@yahoo.com,+905375894555,Ankara,True,False,2023-10-03T01:27:28,2024-01-02T01:27:28
C003221,Mustafa Yılmaz,individual,M,1981-08-17,mustafa.yilmaz16@yahoo.com,+905504724542,İstanbul,True,True,2024-06-03T13:27:20,2024-11-08T13:27:20
C003222,Merve Polat,individual,F,1988-01-19,merve.polat38@yahoo.com,+905356623445,İstanbul,True,True,2024-05-19T06:34:08,2024-07-16T06:34:08
C003223,Dilara Aslan,individual,F,1982-10-08,dilara.aslan@yahoo.com,+905458348108,Ankara,True,False,2026-05-15T21:29:07,2026-07-02T21:29:07
C003224,Kaan Güneş,individual,M,1993-08-31,kaan.gunes@icloud.com,+905492483950,Antalya,True,True,2025-11-18T20:00:04,2026-02-20T20:00:04
C003225,Burak Çelik,individual,M,1973-08-05,burak.celik@gmail.com,+905364492410,İstanbul,True,True,2025-06-06T14:15:53,2025-07-19T14:15:53
C003226,Barış Şahin,individual,M,1979-12-10,baris.sahin87@gmail.com,+905311969411,Ankara,True,True,2025-08-11T09:19:07,2026-01-16T09:19:07
C003227,Kerem Kara,individual,M,1988-01-15,kerem.kara94@yahoo.com,+905528601294,İstanbul,True,True,2026-05-04T21:40:33,2026-08-16T21:40:33
C003228,Ömer Çakır,individual,M,1977-06-19,omer.cakir@icloud.com,+905418797720,İstanbul,True,False,2025-06-21T02:47:18,2025-09-06T02:47:18
C003229,Eren Uzun,individual,M,1983-04-28,eren.uzun@gmail.com,0555 947 40 37,Ankara,True,True,2024-10-27T19:06:20,2025-04-06T19:06:20
C003230,Ahmet Koç,individual,M,1973-05-25,ahmet.koc@icloud.com,+905489733275,Ankara,True,True,2026-02-15T17:21:01,2026-08-14T17:21:01
C003231,Aslı Bozkurt,individual,F,1996-09-29,asli.bozkurt87@outlook.com,+905419072432,İstanbul,True,False,2024-11-01T15:29:08,2024-12-09T15:29:08
C003232,Hande Erdoğan,individual,F,1984-07-19,,+905564822123,Antalya,True,True,2025-12-15T10:01:12,2026-01-24T10:01:12
C003233,Halil Ateş,individual,M,1990-03-31,halil.ates@gmail.com,+905306094657,Samsun,False,True,2026-01-22T13:39:26,2026-07-02T13:39:26
C003234,Efe Doğan,individual,M,1988-04-17,efe.dogan@outlook.com,+905355062118,İstanbul,True,True,2025-07-23T23:34:44,2025-11-14T23:34:44
C003235,Selin Keskin,individual,F,1989-08-25,selin.keskin@yahoo.com,+905444910549,Samsun,True,False,2024-10-20T10:07:21,2025-05-04T10:07:21
C003236,Ömer Korkmaz,individual,M,1976-11-29,omer.korkmaz52@yahoo.com,+905503551783,İstanbul,True,True,2024-10-13T19:14:14,2025-01-27T19:14:14
C003237,Hüseyin Yıldız,individual,M,1995-03-25,huseyin.yildiz@outlook.com,+905513154599,Antalya,False,True,2025-04-26T22:15:27,2025-08-05T22:15:27
C003238,Beyza Yalçın,individual,F,1967-12-24,beyza.yalcin@yahoo.com,+905368507571,İstanbul ,True,False,2024-02-13T04:34:01,2024-04-22T04:34:01
C003239,Merve Koç,individual,F,1993-10-24,merve.koc@gmail.com,+905476314683,İzmir,True,False,2024-06-30T18:59:52,2024-12-23T18:59:52
C003240,Kerem Demir,individual,M,1987-04-27,kerem.demir@hotmail.com,+905481437106,Gaziantep,True,True,2026-03-06T16:01:19,2026-07-23T16:01:19
C003241,Tolga Kurt,individual,M,1969-01-09,tolga.kurt@outlook.com,+905405137525,Ankara,True,True,2023-11-17T14:04:39,2024-04-19T14:04:39
C003242,Ömer Güneş,individual,M,1972-11-28,omer.gunes@outlook.com,+905354898282,Muğla,True,False,2025-07-14T05:29:45,2025-09-15T05:29:45
C003243,Cansu Koç,individual,F,1978-01-10,cansu.koc32@icloud.com,+905452648095,İstanbul,True,False,2026-03-03T21:51:18,2026-08-30T21:51:18
C003244,Seda Koç,individual,F,1985-02-05,seda.koc33@icloud.com,+905345988876,İstanbul,True,False,2026-06-06T22:54:05,2026-06-25T22:54:05
C003245,Sude Güneş,individual,F,1983-09-11,sude.gunes78@hotmail.com,+905496549999,İstanbul,True,False,2024-11-16T04:25:08,2025-01-23T04:25:08
C003246,Kuzey Yazılım A.Ş.,corporate,,,kuzeyyazilim@kuzey.com.tr,0 (545) 958-4857,İstanbul,True,False,2025-12-31T16:05:11,2026-01-20T16:05:11
C003247,Tolga Özdemir,individual,M,1962-02-11,tolga.ozdemir30@icloud.com,+905587918981,Eskişehir,True,False,2025-12-21T22:00:42,2026-04-27T22:00:42
C003248,Nazlı Acar,individual,F,1963-06-09,nazli.acar11@gmail.com,+905408187300,Kocaeli,True,False,2025-09-08T03:49:13,2025-11-28T03:49:13
C003249,İbrahim Özdemir,individual,M,1969-10-29,ibrahim.ozdemir@gmail.com,0 (537) 751-7635,Antalya,True,False,2026-02-01T15:10:46,2026-03-17T15:10:46
C003250,Boğaziçi Teknoloji A.Ş.,corporate,,,bogaziciteknoloji@bogazici.com.tr,+905534268700,İstanbul,True,False,2025-04-15T02:11:19,2025-06-16T02:11:19
C003251,Mehmet Ünal,individual,M,1989-12-22,mehmet.unal@outlook.com,+905473414168,İstanbul,True,False,2025-05-18T02:27:19,2025-05-25T02:27:19
C003252,Selin Turan,individual,F,1984-01-22,selin.turan30@yahoo.com,+905443593273,İstanbul,True,True,2024-03-16T04:36:49,2024-04-09T04:36:49
C003253,Ali Bulut,individual,M,1985-12-10,ali.bulut@gmail.com,+905578397236,Bursa,True,False,2024-02-01T07:40:29,2024-05-18T07:40:29
C003254,Serkan Çakır,individual,M,1986-05-20,serkan.cakir57@icloud.com,+905508784799,Bursa,True,False,2026-01-22T21:34:04,2026-06-01T21:34:04
C003255,Derya Turan,individual,F,1971-05-12,derya.turan45@yahoo.com,+905309144120,İstanbul,False,True,2025-07-07T09:37:05,2025-08-10T09:37:05
C003256,Ali Özdemir,individual,M,1985-09-30,ali.ozdemir@gmail.com,+905412976066,ISTANBUL,False,True,2024-09-03T13:42:02,2025-01-18T13:42:02
C003257,Nur Yıldız,individual,F,1994-11-17,nur.yildiz46@hotmail.com,+905361991151,ANKARA,True,True,2024-05-08T09:52:21,2024-10-21T09:52:21
C003258,Ufuk Tekstil A.Ş.,corporate,,,ufuktekstil@ufuk.com.tr,+905537585043,Bursa,True,True,2026-07-29T13:17:50,2026-10-31T13:17:50
C003259,Ege Teknoloji A.Ş.,corporate,,,egeteknoloji@ege.com.tr,+90 541 418 7260,Antalya,True,True,2025-04-10T07:18:24,2025-06-05T07:18:24
C003260,Berk Keskin,individual,M,1966-06-13,berk.keskin35@outlook.com,+905544445906,Gaziantep,True,True,2026-07-19T22:08:03,2026-08-09T22:08:03
C003261,Efe Karaca,individual,M,1990-01-03,efe.karaca@hotmail.com,0 (557) 143-5258,İstanbul,False,True,2024-03-03T01:29:08,2024-03-20T01:29:08
C003262,Yasemin Yılmaz,individual,F,1985-07-26,yasemin.yilmaz@icloud.com,+905525801573,İstanbul,True,True,2025-09-01T14:28:36,2025-10-22T14:28:36
C003263,Deniz Tekin,individual,M,1967-08-09,deniz.tekin@hotmail.com,+905536044575,Bursa,True,False,2023-11-21T20:19:52,2024-03-06T20:19:52
C003264,Onur Çelik,individual,M,1988-07-29,onur.celik@hotmail.com,+905392341926,İstanbul,True,True,2025-02-14T20:59:36,2025-07-14T20:59:36
C003265,Ebru Bulut,individual,F,1965-05-06,ebru.bulut@gmail.com,+905595691968,Ankara,True,False,2024-06-18T03:46:49,2024-08-22T03:46:49
C003266,Halil Korkmaz,individual,M,1978-01-03,halil.korkmaz15@gmail.com,+905313928647,Gaziantep,True,False,2026-05-07T00:50:11,2026-08-16T00:50:11
C003267,Murat Öztürk,individual,M,1989-12-02,murat.ozturk@yahoo.com,+905483246905,İstanbul,True,False,2025-05-20T15:19:15,2025-07-31T15:19:15
C003268,Kuzey Sağlık A.Ş.,corporate,,,kuzeysaglik@kuzey.com.tr,+905526928803,İzmir,True,True,2025-03-23T22:25:27,2025-07-09T22:25:27
C003269,Ömer Yıldırım,individual,M,2000-12-12,omer.yildirim@outlook.com,+905539047602,Antalya,True,False,2024-10-07T16:05:11,2024-10-08T16:05:11
C003270,Merve Kaya,individual,F,1972-01-28,merve.kaya23@gmail.com,+905471678842,Ankara,True,False,2026-04-16T10:54:08,2026-06-25T10:54:08
C003271,Serkan Ünal,individual,M,1975-06-22,serkan.unal87@yahoo.com,+905549876212,Ankara,True,True,2025-04-25T17:58:19,2025-06-11T17:58:19
C003272,Atlas Tekstil A.Ş.,corporate,,,atlastekstil@atlas.com.tr,+905429258624,İstanbul,True,True,2026-06-19T06:30:21,2026-07-11T06:30:21
C003273,Aslı Yılmaz,individual,F,2000-10-10,asli.yilmaz@outlook.com,+905333585981,İstanbul,True,False,2024-01-22T10:57:24,2024-03-14T10:57:24
C003274,Fatma Avcı,individual,F,1974-06-03,fatma.avci@yahoo.com,+905394536807,İstanbul,True,True,2025-03-12T09:54:05,2025-03-26T09:54:05
C003275,Kerem Tekin,individual,M,1998-11-18,kerem.tekin@hotmail.com,+905339096139,İstanbul,True,True,2024-07-25T08:18:56,2025-01-11T08:18:56
C003276,Boğaziçi Lojistik Ltd. Şti.,corporate,,,bogazicilojistik@bogazici.com.tr,+905381110159,İstanbul,True,False,2025-10-24T13:26:08,2026-04-28T13:26:08
C003277,Zirve Medya Ltd. Şti.,corporate,,,zirvemedya@zirve.com.tr,+905395663628,İstanbul,True,True,2024-01-04T22:27:49,2024-07-06T22:27:49
C003278,Gizem Polat,individual,F,1990-02-14,gizem.polat95@gmail.com,+905546625671,İzmir,True,True,2024-11-10T04:14:28,2025-05-02T04:14:28
C003279,Berk Çelik,individual,M,1965-07-15,berk.celik21@icloud.com,+905396100394,İstanbul,True,False,2024-09-11T14:19:46,2024-11-12T14:19:46
C003280,Nova Turizm A.Ş.,corporate,,,novaturizm@nova.com.tr,+905379190846,Antalya,True,True,2024-01-30T16:50:12,2024-07-10T16:50:12
C003281,Mustafa Taş,individual,M,1988-04-21,mustafa.tas26@outlook.com,+905481376017,Denizli,True,True,2024-06-01T12:19:57,2024-06-17T12:19:57
C003282,Ege Gıda A.Ş.,corporate,,,egegida@ege.com.tr,+905311034848,Adana,True,True,2024-01-22T11:33:11,2024-04-08T11:33:11
C003283,Ebru Taş,individual,F,1986-11-19,ebru.tas@gmail.com,+905362684454,İstanbul,True,True,2024-04-24T13:59:47,2024-04-26T13:59:47
C003284,Ayşe Aslan,individual,F,1982-04-02,ayse.aslan67@hotmail.com,+905467660782,Bursa,True,True,2023-10-19T03:40:48,2024-01-02T03:40:48
C003285,Cem Taş,individual,M,1978-06-20,cem.tas@outlook.com,+905325400799,İstanbul,True,True,2025-05-04T21:40:30,2025-06-09T21:40:30
C003286,Yusuf Özdemir,individual,M,1987-11-04,yusuf.ozdemir@gmail.com,+905346127229,Samsun,True,True,2025-10-20T07:09:58,2026-03-13T07:09:58
C003287,Murat Bulut,individual,M,1963-06-17,murat.bulut@yahoo.com,+905424623238,Ankara,True,False,2026-04-20T05:22:25,2026-07-09T05:22:25
C003288,Naz Şimşek,individual,F,1974-08-26,naz.simsek52@icloud.com,+905375314113,İzmir,True,True,2023-09-29T10:19:59,2023-12-29T10:19:59
C003289,Hüseyin Çakır,individual,M,1972-12-20,huseyin.cakir@gmail.com,0 (545) 844-7167,Eskişehir,False,False,2023-10-05T03:51:41,2023-11-17T03:51:41
C003290,Oğuz Erdoğan,individual,M,1996-03-08,oguz.erdogan@icloud.com,+905488330012,Ankara,True,False,2025-09-16T12:10:23,2026-03-03T12:10:23
C003291,Ece Bulut,individual,F,1976-10-27,ece.bulut64@yahoo.com,+905423773363,Bursa,True,True,2024-03-03T17:12:05,2024-04-26T17:12:05
C003292,Halil Bozkurt,individual,M,1980-08-25,halil.bozkurt9@yahoo.com,+905325261421,Izmir,True,True,2023-09-18T13:47:42,2023-12-30T13:47:42
C003293,Esra Tekin,individual,F,1960-02-28,esra.tekin45@icloud.com,0 (550) 945-2627,Istanbul,True,False,2025-04-06T19:01:41,2025-05-30T19:01:41
C003294,Onur Yıldız,individual,M,1986-01-04,onur.yildiz@yahoo.com,+905368761691,Ankara,True,True,2024-06-05T16:47:21,2024-08-23T16:47:21
C003295,Zirve Enerji Ltd. Şti.,corporate,,,zirveenerji@zirve.com.tr,+905442702633,İzmir,True,True,2024-09-03T10:42:52,2025-02-12T10:42:52
C003296,Aslı Doğan,individual,F,1975-06-07,asli.dogan35@yahoo.com,+905379892650,İstanbul,True,True,2025-04-29T18:33:25,2025-05-13T18:33:25
C003297,Yusuf Güneş,individual,M,1985-12-09,yusuf.gunes@gmail.com,+905512435877,Kocaeli,True,True,2026-08-12T19:57:37,2026-10-24T19:57:37
C003298,Mehmet Keskin,individual,M,1980-05-11,mehmet.keskin@outlook.com,+905397068082,Gaziantep,True,True,2025-03-23T21:03:40,2025-06-11T21:03:40
C003299,Serkan Çetin,individual,M,1990-07-31,serkan.cetin@hotmail.com,+905389150291,Ankara,True,True,2024-01-20T09:39:05,2024-01-24T09:39:05
C003300,Damla Bulut,individual,F,1983-05-27,damla.bulut18@icloud.com,0548 436 83 71,İstanbul,False,True,2026-06-23T14:28:20,2026-12-28T14:28:20
C003301,Yusuf Yalçın,individual,M,1983-01-11,yusuf.yalcin@gmail.com,+905323269089,Bursa,True,True,2025-02-04T20:57:48,2025-03-23T20:57:48
C003302,Murat Turan,individual,M,1970-12-03,murat.turan22@yahoo.com,+905339682171,Muğla,True,True,2024-06-21T07:13:32,2024-09-12T07:13:32
C003303,Mustafa Ünal,individual,M,1987-12-14,mustafa.unal@outlook.com,+905457751005,İstanbul,True,False,2026-04-04T05:56:32,2026-09-30T05:56:32
C003304,Merve Aydın,individual,F,1995-01-24,merve.aydin@outlook.com,+905461896348,İstanbul,True,True,2026-08-26T04:12:27,2026-09-20T04:12:27
C003305,Seda Kara,individual,F,1967-08-27,seda.kara@icloud.com,+905523993441,İstanbul,True,False,2025-05-30T01:37:11,2025-07-29T01:37:11
C003306,Melis Özkan,individual,F,1982-08-02,melis.ozkan@icloud.com,+905371523750,Kocaeli,True,False,2026-05-01T05:25:46,2026-10-19T05:25:46
C003307,Mehmet Ateş,individual,M,1972-04-26,mehmet.ates@gmail.com,+905585870148,Antalya,True,True,2024-01-22T03:18:45,2024-05-15T03:18:45
C003308,Ömer Demir,individual,M,1997-01-19,omer.demir84@icloud.com,+905449086249,İstanbul,True,True,2024-04-05T18:16:57,2024-08-28T18:16:57
C003309,Marmara Danışmanlık A.Ş.,corporate,,,marmaradanismanlik@marmara.com.tr,+905575672617,Bursa,True,True,2025-04-11T19:37:14,2025-07-25T19:37:14
C003310,Onur Aksoy,individual,M,2002-02-26,onur.aksoy75@gmail.com,+905541931856,Ankara,True,True,2025-10-19T09:55:03,2025-10-31T09:55:03
C003311,Serkan Tekin,individual,M,1974-02-12,serkan.tekin@outlook.com,+905377482285,İstanbul,True,False,2024-12-19T05:40:19,2025-04-16T05:40:19
C003312,Nur Koç,individual,F,1980-12-27,nur.koc@icloud.com,+905541607256,Ankara,True,False,2025-01-01T11:22:41,2025-03-02T11:22:41
C003313,Mustafa Keskin,individual,M,1972-10-19,mustafa.keskin95@gmail.com,+905423814839,İzmir,True,False,2025-11-19T01:32:58,2026-05-12T01:32:58
C003314,Elif Turan,individual,F,1982-07-07,elif.turan@hotmail.com,05342004050,Denizli,True,False,2026-02-06T15:48:31,2026-07-04T15:48:31
C003315,Selim Doğan,individual,M,1988-10-20,selim.dogan@yahoo.com,+905543233037,İstanbul,True,True,2024-07-08T22:15:37,2024-08-21T22:15:37
C003316,Mehmet Yıldız,individual,M,1987-08-24,mehmet.yildiz@yahoo.com,+905562833395,Denizli,True,True,2024-11-20T05:45:50,2025-04-07T05:45:50
C003317,Halil Şimşek,individual,M,1992-01-17,halil.simsek1 at outlook.com,+905351429988,Ankara,True,False,2026-05-12T10:16:25,2026-08-15T10:16:25
C003318,Efe Turan,individual,M,1984-06-24,efe.turan@yahoo.com,+905421642054,İstanbul,True,True,2025-05-29T16:59:45,2025-07-06T16:59:45
C003319,Arda Koç,individual,M,1993-08-22,arda.koc33@outlook.com,+905571966334,İzmir,True,True,2026-04-05T21:27:31,2026-06-12T21:27:31
C003320,Damla Doğan,individual,F,1989-12-09,damla.dogan@hotmail.com,+905421701391,ankara,True,True,2025-12-01T00:48:03,2026-03-05T00:48:03
C003321,Selin Yıldız,individual,F,1989-11-17,selin.yildiz39@icloud.com,+905498854286,Mersin,True,True,2024-03-18T13:11:12,2024-08-15T13:11:12
C003322,Burak Yıldırım,individual,M,1983-07-28,burak.yildirim@yahoo.com,+905478801800,Denizli,True,False,2024-10-20T02:21:21,2024-10-20T02:21:21
C003323,Barış Kaya,individual,M,1976-09-24,baris.kaya@gmail.com,+905484994483,Konya,True,True,2024-06-07T13:37:22,2024-06-16T13:37:22
C003324,Hande Öztürk,individual,F,1986-02-13,hande.ozturk@gmail.com,+905386345288,Adana,False,False,2026-01-26T00:25:46,2026-01-31T00:25:46
C003325,Selin Ünal,individual,F,1988-06-06,selin.unal88@yahoo.com,+905468155584,Muğla,True,False,2024-08-02T20:38:30,2024-12-11T20:38:30
C003326,Kaan Taş,individual,M,1975-12-27,kaan.tas64@icloud.com,+905553623381,Ankara,True,True,2024-05-17T01:40:04,2024-05-31T01:40:04
C003327,Naz Bulut,individual,F,1986-06-24,naz.bulut@outlook.com,+905575877052,İstanbul,True,True,2025-07-07T09:22:32,2025-09-01T09:22:32
C003328,Aslı Avcı,individual,F,1985-12-10,asli.avci@outlook.com,+905396366121,Eskişehir,True,True,2024-01-19T13:47:35,2024-07-19T13:47:35
C003329,Meridyen Medya A.Ş.,corporate,,,meridyenmedya@meridyen.com.tr,+905403131195,İstanbul,False,True,2025-01-26T05:43:48,2025-05-12T05:43:48
C003330,Beyza Taş,individual,F,1989-12-03,beyza.tas5@outlook.com,+905395680679,Antalya,True,True,2024-01-29T11:02:55,2024-06-09T11:02:55
C003331,Marmara Teknoloji A.Ş.,corporate,,,marmarateknoloji@marmara.com.tr,+905571066010,İstanbul,True,False,2024-07-31T20:36:50,2024-08-27T20:36:50
C003332,Hüseyin Yılmaz,individual,M,2002-09-13,huseyin.yilmaz@hotmail.com,0537 119 23 90,Istanbul,True,False,2025-02-01T13:58:35,2025-06-26T13:58:35
C003333,Ali Kaya,individual,M,1973-02-20,ali.kaya@hotmail.com,+905315401210,Antalya,True,True,2023-09-29T04:45:02,2024-01-13T04:45:02
C003334,Furkan Kaya,individual,M,1968-04-21,furkan.kaya@hotmail.com,+905582280725,İstanbul,True,True,2025-12-17T11:15:17,2026-02-18T11:15:17
C003335,Global Medya A.Ş.,corporate,,,globalmedya@global.com.tr,+905327795771,Eskişehir,True,False,2025-08-29T02:27:31,2025-12-29T02:27:31
C003336,Hüseyin Kara,individual,M,1982-11-09,huseyin.kara13@yahoo.com,+90 547 513 5085,İstanbul,True,True,2025-06-26T23:35:49,2025-09-19T23:35:49
C003337,Ufuk Medya Ltd. Şti.,corporate,,,ufukmedya@ufuk.com.tr,+905433117640,Konya,True,True,2026-03-20T14:55:52,2026-03-21T14:55:52
C003338,Ufuk Danışmanlık A.Ş.,corporate,,,ufukdanismanlik@ufuk.com.tr,+905342204566,Gaziantep,True,True,2024-05-10T14:21:04,2024-08-17T14:21:04
C003339,İbrahim Yıldız,individual,M,1981-05-29,ibrahim.yildiz7@outlook.com,+905526462586,Ankara,True,True,2024-02-28T19:06:14,2024-07-28T19:06:14
C003340,Ebru Turan,individual,F,1999-05-15,ebru.turan76@hotmail.com,+905408902645,İstanbul,True,False,2025-12-10T17:48:31,2026-04-04T17:48:31
C003341,Tolga Güneş,individual,M,1999-01-21,tolga.gunes@gmail.com,+905306900487,Adana,True,True,2025-03-22T04:37:47,2025-03-30T04:37:47
C003342,Ali Arslan,individual,M,1980-05-10,ali.arslan8@hotmail.com,+905512949157,İstanbul,True,True,2024-05-19T14:43:01,2024-10-28T14:43:01
C003343,Berk Acar,individual,M,1985-08-06,berk.acar@yahoo.com,05395898422,Ankara,True,False,2026-03-19T19:21:57,2026-09-15T19:21:57
C003344,Tolga Kaya,individual,M,2001-09-21,tolga.kaya@yahoo.com,+905489413659,İstanbul,True,True,2025-01-17T07:21:44,2025-02-22T07:21:44
C003345,Yasemin Kara,individual,F,1974-09-21,yasemin.kara56@hotmail.com,+905366939976,Antalya,True,True,2025-02-06T10:20:38,2025-03-13T10:20:38
C003346,Murat Tekin,individual,M,1967-09-18,murat.tekin@yahoo.com,05475574139,Ankara,True,False,2025-05-07T00:35:47,2025-08-03T00:35:47
C003347,Mehmet Korkmaz,individual,M,1988-12-17,mehmet.korkmaz@gmail.com,+905458736620,Denizli,True,True,2023-09-11T06:28:20,2023-09-20T06:28:20
C003348,Elif Güneş,individual,F,1970-05-01,elif.gunes17@yahoo.com,+905557548919,Konya,True,True,2025-10-10T17:26:14,2025-10-20T17:26:14
C003349,Ufuk Otomotiv Yan Sanayi A.Ş.,corporate,,,ufukotomotivyansanayi@ufuk.com.tr,+905331248292,Gaziantep,True,False,2025-05-11T23:06:51,2025-10-26T23:06:51
C003350,Berk Karaca,individual,M,1981-03-29,berk.karaca63@icloud.com,+905543763857,İstanbul,True,True,2025-08-01T13:53:42,2026-01-11T13:53:42
C003351,Meridyen Danışmanlık A.Ş.,corporate,,,meridyendanismanlik@meridyen.com.tr,+905507854910,İstanbul,True,False,2024-07-08T12:21:43,2024-08-25T12:21:43
C003352,Murat Demir,individual,M,1967-10-28,murat.demir8@yahoo.com,+905542137891,İstanbul,True,False,2024-04-01T05:24:26,2024-05-03T05:24:26
C003353,Hande Bulut,individual,F,1969-06-28,hande.bulut6@icloud.com,+905464667688,İzmir,True,False,2026-02-17T22:52:56,2026-04-04T22:52:56
C003354,Efe Avcı,individual,M,1972-03-01,efe.avci47@yahoo.com,+905508785743,İstanbul,False,True,2025-06-30T17:47:02,2025-12-20T17:47:02
C003355,Boğaziçi Yazılım A.Ş.,corporate,,,bogaziciyazilim@bogazici.com.tr,+905331409768,Eskişehir,True,True,2024-04-14T05:55:05,2024-05-18T05:55:05
C003356,Mehmet Yalçın,individual,M,1991-01-03,mehmet.yalcin@gmail.com,+905454314366,İzmir,True,True,2024-08-01T18:43:36,2024-10-18T18:43:36
C003357,Onur Tekin,individual,M,1988-12-17,onur.tekin@outlook.com,5502659491,Ankara,True,False,2025-11-18T03:58:42,2026-02-12T03:58:42
C003358,Barış Çelik,individual,M,1996-12-05,baris.celik@outlook.com,5397191152,İstanbul,True,False,2025-12-09T02:03:18,2025-12-16T02:03:18
C003359,Halil Aksoy,individual,M,2000-12-20,halil.aksoy47@yahoo.com,+905313929087,İstanbul,True,False,2025-02-10T19:56:29,2025-07-15T19:56:29
C003360,Elif Bulut,individual,F,2002-08-28,elif.bulut@icloud.com,+905364600901,İstanbul,True,True,2024-12-26T06:07:03,2025-07-04T06:07:03
C003361,Atlas Enerji Ltd. Şti.,corporate,,,atlasenerji@atlas.com.tr,0 (547) 416-2440,İstanbul,True,True,2025-05-31T06:42:32,2025-08-25T06:42:32
C003362,Serkan Güneş,individual,M,1981-03-06,serkan.gunes@gmail.com,+905502350619,İstanbul,True,False,2024-11-15T03:44:43,2025-01-14T03:44:43
C003363,Hasan Özkan,individual,M,1969-04-08,hasan.ozkan@hotmail.com,+905409496255,Bursa,True,False,2024-02-20T06:55:10,2024-02-24T06:55:10
C003364,Tolga Çakır,individual,M,1993-10-17,tolga.cakir81@yahoo.com,+905435287589,İstanbul,True,True,2024-03-08T05:10:17,2024-04-10T05:10:17
C003365,Emre Keskin,individual,M,1997-11-30,emre.keskin45@hotmail.com,+90 545 933 4886,Ankara,True,True,2025-12-04T04:02:43,2026-04-02T04:02:43
C003366,Efe Korkmaz,individual,M,1975-11-04,efe.korkmaz@icloud.com,+905448712146,Antalya,True,False,2026-06-30T17:10:40,2026-07-24T17:10:40
C003367,Furkan Turan,individual,M,1962-11-27,furkan.turan@hotmail.com,+905382173515,Ankara,True,False,2026-05-01T17:25:11,2026-05-26T17:25:11
C003368,Akdeniz Yazılım A.Ş.,corporate,,,akdenizyazilim@akdeniz.com.tr,+905446774982,Ankara,True,True,2025-08-11T07:06:52,2026-02-08T07:06:52
C003369,Meridyen Turizm A.Ş.,corporate,,,meridyenturizm@meridyen.com.tr,+905547899260,İstanbul,True,False,2024-06-28T06:02:59,2024-11-17T06:02:59
C003370,Melis Erdoğan,individual,F,1993-01-29,melis.erdogan93@yahoo.com,+905407445075,İzmir,True,False,2023-12-22T03:40:36,2024-07-07T03:40:36
C003371,Selim Arslan,individual,M,2002-03-29,selim.arslan@icloud.com,+905339834495,Ankara,True,False,2024-08-03T17:59:07,2025-01-12T17:59:07
C003372,Boğaziçi Tekstil A.Ş.,corporate,,,bogazicitekstil@bogazici.com.tr,+905489542253,Kocaeli,True,True,2024-11-24T22:13:40,2025-04-24T22:13:40
C003373,Beyza Yıldız,individual,F,1984-09-21,beyza.yildiz@yahoo.com,+905541933434,Muğla,True,False,2024-12-30T03:14:27,2025-03-29T03:14:27
C003374,Merve Doğan,individual,F,1973-09-10,merve.dogan75@hotmail.com,+905362135931,İstanbul,True,False,2023-11-20T20:31:14,2024-05-20T20:31:14
C003375,Ege Sağlık Ltd. Şti.,corporate,,,egesaglik@ege.com.tr,+905492217031,İstanbul,False,False,2024-07-24T06:13:37,2024-09-17T06:13:37
C003376,Derya Yıldırım,individual,F,1968-05-23,derya.yildirim@yahoo.com,+905516461457,İstanbul,True,True,2023-09-08T17:39:45,2024-01-25T17:39:45
C003377,Tolga Şimşek,individual,M,1991-05-15,tolga.simsek63@hotmail.com,+905528570497,İstanbul,True,False,2024-11-12T15:11:55,2025-03-09T15:11:55
C003378,İbrahim Ateş,individual,M,1975-07-30,ibrahim.ates@gmail.com,+905505801913,İstanbul,True,True,2025-11-26T16:16:25,2026-01-12T16:16:25
C003379,Anadolu Enerji A.Ş.,corporate,,,anadoluenerji@anadolu.com.tr,+905352137778,Samsun,True,False,2025-08-18T01:14:52,2025-10-17T01:14:52
C003380,Halil Koç,individual,M,1976-06-14,halil.koc25@outlook.com,0547 996 26 44,İstanbul,True,True,2025-06-09T15:36:52,2025-12-05T15:36:52
C003381,Eren Arslan,individual,M,1979-04-02,eren.arslan96@hotmail.com,+905475377951,İzmir,True,True,2024-06-02T15:02:24,2024-07-27T15:02:24
C003382,Seda Keskin,individual,F,1968-03-29,seda.keskin@gmail.com,+905486101576,İstanbul,True,False,2024-10-05T20:45:34,2024-10-29T20:45:34
C003383,Selim Çelik,individual,M,1990-12-24,selim.celik@outlook.com,+905567177358,İstanbul,True,False,2024-10-03T11:53:50,2024-11-13T11:53:50
C003384,Onur Öztürk,individual,M,1990-08-04,onur.ozturk@icloud.com,+905312914031,Ankara,False,True,2025-04-11T00:48:58,2025-08-19T00:48:58
C003385,Büşra Öztürk,individual,F,1989-06-17,busra.ozturk@icloud.com,+905451025061,İzmir,True,True,2024-12-27T23:45:55,2025-02-13T23:45:55
C003386,Emre Bulut,individual,M,1978-07-22,emre.bulut79@outlook.com,+905511823029,İstanbul,True,False,2025-11-25T21:55:19,2026-05-12T21:55:19
C003387,Kerem Çakır,individual,M,1973-04-17,,+905436760423,İstanbul,True,True,2024-08-17T05:08:43,2024-09-15T05:08:43
C003388,Ebru Ateş,individual,F,1969-09-24,ebru.ates@outlook.com,+905434142160,Antalya,True,False,2024-09-20T07:43:25,2025-02-13T07:43:25
C003389,Ege Yazılım A.Ş.,corporate,,,egeyazilim@ege.com.tr,+905515819525,İstanbul,True,False,2025-03-07T00:15:53,2025-04-29T00:15:53
C003390,Ufuk Danışmanlık A.Ş.,corporate,,,ufukdanismanlik@ufuk.com.tr,+905578906069,İstanbul,True,True,2025-11-21T22:49:08,2026-01-21T22:49:08
C003391,Arda Yıldırım,individual,M,1988-05-20,arda.yildirim@gmail.com,+905397655102,İstanbul,True,True,2024-11-24T00:27:47,2025-05-24T00:27:47
C003392,Damla Acar,individual,F,1999-04-14,damla.acar5@yahoo.com,+905599512045,Adana,True,True,2025-05-18T02:18:38,2025-10-05T02:18:38
C003393,Oğuz Öztürk,individual,M,1993-07-10,oguz.ozturk@gmail.com,+905327657653,İstanbul,True,True,2023-12-28T15:30:35,2024-04-25T15:30:35
C003394,Zirve Sağlık A.Ş.,corporate,,,zirvesaglik@zirve.com.tr,5523807842,İzmir,True,True,2025-09-09T05:36:54,2026-03-01T05:36:54
C003395,Arda Yıldırım,individual,M,1985-09-26,arda.yildirim@icloud.com,+905473316823,Istanbul,True,True,2025-06-01T04:37:06,2025-10-04T04:37:06
C003396,Fatma Keskin,individual,F,1974-07-06,fatma.keskin37@gmail.com,+905392041485,İstanbul,True,True,2026-06-08T13:28:14,2026-09-30T13:28:14
C003397,Hasan Öztürk,individual,M,1971-11-10,hasan.ozturk@hotmail.com,+905593767450,İstanbul ,True,False,2023-12-23T22:16:12,2024-05-03T22:16:12
C003398,Damla Erdoğan,individual,F,1972-02-18,damla.erdogan14@hotmail.com,+905437860434,Gaziantep,True,True,2026-06-23T04:15:33,2026-11-06T04:15:33
C003399,Naz Özkan,individual,F,1985-07-27,naz.ozkan68@yahoo.com,+905345810868,İstanbul,True,True,2026-01-11T00:22:47,2026-03-23T00:22:47
C003400,Deniz Keskin,individual,M,1961-07-15,deniz.keskin77@yahoo.com,+905318973975,Denizli,True,True,2024-11-08T06:56:27,2024-11-11T06:56:27
C003401,Naz Yıldırım,individual,F,1990-08-15,naz.yildirim19@hotmail.com,+905369886605,İstanbul,True,False,2026-04-15T17:47:02,2026-09-10T17:47:02
C003402,Gamze Erdoğan,individual,F,2001-04-09,gamze.erdogan83@outlook.com,+905594705429,Adana,True,False,2025-10-22T18:00:16,2025-11-16T18:00:16
C003403,Oğuz Aydın,individual,M,1985-04-12,oguz.aydin@gmail.com,+90 543 435 1917,Konya,True,False,2025-08-11T01:11:37,2025-10-02T01:11:37
C003404,Furkan Kılıç,individual,M,1974-03-18,furkan.kilic@yahoo.com,05441615622,Ankara,True,False,2024-10-27T22:01:02,2025-02-18T22:01:02
C003405,Onur Yılmaz,individual,M,1993-08-24,onur.yilmaz@hotmail.com,+905455701653,İstanbul,True,True,2024-04-26T16:56:28,2024-11-05T16:56:28
C003406,Seda Ünal,individual,F,1970-06-23,seda.unal@outlook.com,+905436412211,İstanbul,True,False,2026-01-13T23:56:57,2026-03-17T23:56:57
C003407,Akdeniz Danışmanlık Ltd. Şti.,corporate,,,akdenizdanismanlik@akdeniz.com.tr,+905576658664,Kocaeli,True,True,2024-11-05T00:23:21,2025-01-09T00:23:21
C003408,Hasan Yıldız,individual,M,1982-04-04,hasan.yildiz77@outlook.com,+905326364444,Denizli,True,False,2025-04-19T14:22:26,2025-09-10T14:22:26
C003409,Nur Aksoy,individual,F,1980-07-24,nur.aksoy65@outlook.com,+905311167121,İstanbul,False,False,2024-10-26T22:11:28,2024-12-23T22:11:28
C003410,Yusuf Kara,individual,M,1987-09-10,yusuf.kara@hotmail.com,+905575290099,Ankara,True,False,2024-09-06T02:00:31,2025-01-27T02:00:31
C003411,Ebru Yalçın,individual,F,2001-09-26,ebru.yalcin@yahoo.com,0 (532) 397-3557,İzmir,True,False,2024-12-16T23:32:01,2025-06-27T23:32:01
C003412,Selim Çetin,individual,M,1984-11-18,selim.cetin3@hotmail.com,+905417689006,Adana,True,False,2024-08-22T02:35:08,2025-01-04T02:35:08
C003413,Tuğba Güneş,individual,F,1977-02-14,tugba.gunes42@yahoo.com,+905534930288,İstanbul,True,True,2025-11-30T14:15:36,2026-04-01T14:15:36
C003414,Damla Aksoy,individual,F,2002-06-26,damla.aksoy7@yahoo.com,+905485172168,ankara,True,True,2023-10-14T08:26:26,2023-10-25T08:26:26
C003415,Ufuk Danışmanlık A.Ş.,corporate,,,ufukdanismanlik@ufuk.com.tr,+905336864625,İzmir,False,True,2025-01-28T14:03:55,2025-08-07T14:03:55
C003416,Tuğba Erdoğan,individual,F,1986-07-03,tugba.erdogan97@gmail.com,+905479308187,Ankara,True,False,2024-11-10T14:21:36,2024-12-13T14:21:36
C003417,Pınar Özdemir,individual,F,1983-09-06,pinar.ozdemir@gmail.com,+905369804403,Kocaeli,True,False,2025-05-25T12:18:47,2025-11-09T12:18:47
C003418,Kaan Yalçın,individual,M,1986-08-30,kaan.yalcin69@gmail.com,+905461576060,İstanbul,False,False,2025-07-05T01:08:28,2025-10-05T01:08:28
C003419,Marmara Enerji Ltd. Şti.,corporate,,,marmaraenerji@marmara.com.tr,+905583138829,İstanbul,True,False,2025-02-18T16:00:17,2025-05-28T16:00:17
C003420,Kerem Taş,individual,M,1962-12-06,kerem.tas@hotmail.com,+905586464631,Bursa,True,True,2025-01-02T11:04:25,2025-04-12T11:04:25
C003421,Yıldız Lojistik Ltd. Şti.,corporate,,,,+905483314184,İstanbul ,True,False,2024-05-02T09:13:38,2024-09-09T09:13:38
C003422,Cem Demir,individual,M,1978-11-29,cem.demir@hotmail.com,+905452319652,Ankara,True,False,2025-12-29T09:27:38,2026-06-30T09:27:38
C003423,Cansu Tekin,individual,F,1975-02-15,cansu.tekin@gmail.com,+905589846926,Ankara,True,False,2025-06-17T18:40:04,2025-10-04T18:40:04
C003424,Gamze Yalçın,individual,F,1975-12-10,gamze.yalcin@outlook.com,+905528875426,Samsun,True,False,2025-10-16T12:09:53,2025-11-02T12:09:53
C003425,Yıldız Turizm A.Ş.,corporate,,,yildizturizm@yildiz.com.tr,+905471924090,İstanbul,False,True,2024-06-29T10:41:50,2024-09-15T10:41:50
C003426,Cansu Ateş,individual,F,1990-02-14,cansu.ates42@outlook.com,+905368093336,Konya,True,True,2025-10-03T23:03:16,2025-12-03T23:03:16
C003427,Naz Polat,individual,F,1981-08-01,naz.polat@outlook.com,+905544622436,Bursa,True,False,2025-12-18T23:28:09,2026-03-30T23:28:09
C003428,Ahmet Kurt,individual,M,1972-03-31,ahmet.kurt29@icloud.com,+905368532510,Bursa,True,False,2024-03-17T01:25:34,2024-07-22T01:25:34
C003429,Arda Özdemir,individual,M,1987-08-28,arda.ozdemir14@yahoo.com,+905595155368,İstanbul,True,True,2025-04-12T18:33:11,2025-09-19T18:33:11
C003430,Pınar Aslan,individual,F,1988-09-28,pinar.aslan@icloud.com,+905481970295,Denizli,True,False,2026-03-24T00:53:41,2026-09-14T00:53:41
C003431,Aslı Avcı,individual,F,1983-05-06,asli.avci@yahoo.com,+905574665850,Mersin,True,True,2026-05-26T02:20:49,2026-07-15T02:20:49
C003432,Kaan Çakır,individual,M,1987-01-10,kaan.cakir83@yahoo.com,+905479286290,İstanbul,True,True,2024-01-12T00:41:23,2024-05-22T00:41:23
C003433,Deniz Kılıç,individual,M,1978-08-02,deniz.kilic@outlook.com,+905582674255,Bursa,True,True,2026-05-02T15:51:26,2026-08-14T15:51:26
C003434,Marmara Lojistik A.Ş.,corporate,,,marmaralojistik@marmara.com.tr,+905345501996,Ankara,True,False,2025-07-01T11:30:20,2025-11-19T11:30:20
C003435,Barış Korkmaz,individual,M,1983-09-13,baris.korkmaz24@yahoo.com,+905333197239,İstanbul,True,True,2024-04-15T19:19:57,2024-07-27T19:19:57
C003436,Meridyen Yazılım Ltd. Şti.,corporate,,,meridyenyazilim@meridyen.com.tr,+905406313755,Ankara,True,True,2024-03-04T11:33:39,2024-04-27T11:33:39
C003437,Meridyen Teknoloji A.Ş.,corporate,,,meridyenteknoloji@meridyen.com.tr,+905395901193,Kocaeli,True,False,2024-12-11T07:48:41,2024-12-16T07:48:41
C003438,Ceren Sarı,individual,F,1991-08-27,ceren.sari88@outlook.com,+905548776506,İstanbul,True,True,2023-09-24T15:05:02,2024-02-19T15:05:02
C003439,Boğaziçi İnşaat Ltd. Şti.,corporate,,,bogaziciinsaat@bogazici.com.tr,+905403800237,Bursa,True,True,2024-07-03T06:42:59,2024-09-11T06:42:59
C003440,Ceren Ateş,individual,F,1977-09-05,ceren.ates@outlook.com,0 (553) 529-4571,İstanbul,True,False,2024-04-08T13:52:41,2024-08-31T13:52:41
C003441,Delta Enerji Ltd. Şti.,corporate,,,deltaenerji@delta.com.tr,+905326239665,Antalya,True,False,2026-07-21T15:36:25,2026-09-29T15:36:25
C003442,Deniz Arslan,individual,M,1977-06-10,deniz.arslan7@gmail.com,+905514892373,Ankara,True,False,2025-03-20T04:09:31,2025-08-15T04:09:31
C003443,Ahmet Sarı,individual,M,1986-09-07,ahmet.sari@icloud.com,+905465624888,İstanbul,True,True,2026-04-12T21:09:27,2026-08-06T21:09:27
C003444,Esra Kara,individual,F,1988-03-08,esra.kara8@outlook.com,+905595059046,İstanbul,True,False,2024-01-07T18:59:32,2024-04-30T18:59:32
C003445,Meridyen Turizm Ltd. Şti.,corporate,,,meridyenturizm@meridyen.com.tr,+905428962893,Samsun,True,True,2023-12-11T23:04:42,2024-02-22T23:04:42
C003446,Umut Öztürk,individual,M,1991-03-15,umut.ozturk@gmail.com,+905583463503,Bursa,True,False,2025-10-28T21:36:46,2026-01-26T21:36:46
C003447,Seda Erdoğan,individual,F,1966-06-03,,+905592499590,Eskişehir,True,True,2024-03-17T18:33:10,2024-04-17T18:33:10
C003448,Atlas Danışmanlık A.Ş.,corporate,,,atlasdanismanlik@atlas.com.tr,+905402429644,Konya,True,True,2025-03-02T11:08:24,2025-05-24T11:08:24
C003449,Can Öztürk,individual,M,1988-01-09,can.ozturk@gmail.com,+905433121157,İstanbul,True,False,2025-12-28T07:49:56,2026-07-14T07:49:56
C003450,Deniz Öztürk,individual,M,1973-03-25,deniz.ozturk41@yahoo.com,+905493779335,Konya,True,False,2024-10-20T04:37:09,2025-01-07T04:37:09
C003451,Murat Tekin,individual,M,1986-11-21,murat.tekin@gmail.com,+90 532 949 6171,İstanbul,True,False,2024-10-14T02:50:58,2025-01-20T02:50:58
C003452,Pınar Korkmaz,individual,F,1967-07-15,pinar.korkmaz98@hotmail.com,0556 928 05 29,İstanbul,True,False,2024-08-22T11:04:47,2024-11-05T11:04:47
C003453,Tuğba Karaca,individual,F,1995-02-17,tugba.karaca@icloud.com,+905565536263,İstanbul,True,True,2024-06-15T19:31:24,2024-08-21T19:31:24
C003454,Beyza Sarı,individual,F,1984-12-21,beyza.sari98@icloud.com,+905587536281,İstanbul,True,True,2025-01-26T22:50:36,2025-06-07T22:50:36
C003455,Büşra Çakır,individual,F,1975-12-15,,+905332756764,ankara,True,False,2026-06-26T00:38:24,2026-07-22T00:38:24
C003456,Gizem Tekin,individual,F,1963-05-23,gizem.tekin31@hotmail.com,+905405477498,Bursa,True,False,2026-05-09T05:35:17,2026-10-15T05:35:17
C003457,Kaan Bozkurt,individual,M,2002-10-28,kaan.bozkurt51@icloud.com,0554 659 75 58,İstanbul,True,False,2025-10-30T02:38:28,2026-03-13T02:38:28
C003458,Berk Kara,individual,M,1988-08-08,berk.kara@gmail.com,+905335744858,İstanbul,True,True,2026-08-21T07:29:58,2026-09-26T07:29:58
C003459,Kuzey Danışmanlık A.Ş.,corporate,,,kuzeydanismanlik@kuzey.com.tr,+905333780077,Gaziantep,False,True,2024-12-12T07:18:20,2025-04-06T07:18:20
C003460,Nova Gıda Ltd. Şti.,corporate,,,novagida@nova.com.tr,+905589878569,İstanbul,True,False,2024-02-05T02:31:53,2024-06-22T02:31:53
C003461,Oğuz Erdoğan,individual,M,1992-10-03,oguz.erdogan63@yahoo.com,+905496750785,Kocaeli,True,True,2026-01-06T07:21:04,2026-06-09T07:21:04
C003462,Marmara Teknoloji A.Ş.,corporate,,,marmarateknoloji@marmara.com.tr,+905362584345,İstanbul,True,False,2023-09-30T06:44:58,2024-01-18T06:44:58
C003463,Kaan Güneş,individual,M,2002-11-25,kaan.gunes@yahoo.com,0 (542) 718-2094,İstanbul ,True,True,2025-12-23T16:09:52,2026-04-20T16:09:52
C003464,Marmara İnşaat A.Ş.,corporate,,,marmarainsaat@marmara.com.tr,+905423744959,İzmir,True,False,2023-09-19T23:35:26,2023-12-23T23:35:26
C003465,Fatma Güneş,individual,F,1973-02-20,fatma.gunes42@hotmail.com,05582885944,İstanbul,True,False,2026-06-09T06:51:41,2026-08-26T06:51:41
C003466,Tolga Aslan,individual,M,1991-08-16,tolga.aslan10@yahoo.com,+905422617428,İstanbul,True,True,2023-11-22T06:54:46,2024-03-30T06:54:46
C003467,Marmara Enerji A.Ş.,corporate,,,marmaraenerji@marmara.com.tr,+905571773938,İstanbul,False,True,2025-02-19T17:53:34,2025-08-22T17:53:34
C003468,Dilara Yalçın,individual,F,1990-03-24,dilara.yalcin@yahoo.com,05459551861,Samsun,True,False,2023-09-14T05:55:26,2023-11-10T05:55:26
C003469,Efe Ateş,individual,M,1980-10-15,efe.ates51@icloud.com,+905442331509,Ankara,True,False,2024-06-09T02:26:49,2024-09-01T02:26:49
C003470,Zirve Turizm A.Ş.,corporate,,,zirveturizm@zirve.com.tr,+905412603504,İstanbul,True,True,2025-03-01T06:45:00,2025-06-15T06:45:00
C003471,Nazlı Koç,individual,F,1975-01-12,nazli.koc@icloud.com,+905409310641,İstanbul,True,True,2025-05-01T12:59:03,2025-10-13T12:59:03
C003472,Derya Güneş,individual,F,1993-04-25,derya.gunes@yahoo.com,05567027775,Ankara,True,True,2023-10-16T00:58:04,2023-10-30T00:58:04
C003473,Kaan Bulut,individual,M,1966-09-03,kaan.bulut28@yahoo.com,+905485137571,İstanbul,True,False,2025-01-21T08:26:40,2025-02-10T08:26:40
C003474,Seda Arslan,individual,F,1975-05-08,seda.arslan48@hotmail.com,+905399845428,Muğla,True,False,2023-10-07T20:47:20,2023-12-25T20:47:20
C003475,Umut Aydın,individual,M,1981-06-10,umut.aydin@yahoo.com,+905365846835,istanbul,True,False,2025-04-13T13:19:08,2025-06-19T13:19:08
C003476,Beyza Turan,individual,F,1968-12-08,beyza.turan4@hotmail.com,05399952808,Ankara,True,True,2023-09-16T21:42:42,2024-03-10T21:42:42
C003477,Kaan Keskin,individual,M,1982-10-12,kaan.keskin53@icloud.com,+905553280312,Ankara,True,True,2024-10-28T00:10:11,2025-05-15T00:10:11
C003478,Elif Aslan,individual,F,1981-07-09,elif.aslan@yahoo.com,+905487022193,Bursa,True,True,2025-03-01T07:36:44,2025-08-13T07:36:44
C003479,Tolga Demir,individual,M,1975-01-16,tolga.demir86@hotmail.com,+905412893305,Adana,True,False,2025-08-14T23:58:26,2025-08-19T23:58:26
C003480,Barış Erdoğan,individual,M,1994-01-26,baris.erdogan65@gmail.com,+905462988921,ISTANBUL,True,True,2026-04-21T08:01:17,2026-05-29T08:01:17
C003481,Arda Aksoy,individual,M,1985-07-25,arda.aksoy24@gmail.com,+905569436758,Bursa,True,True,2026-04-24T13:22:44,2026-08-30T13:22:44
C003482,Elif Erdoğan,individual,F,1976-06-16,,5467586352,Eskişehir,True,False,2025-08-02T07:41:54,2025-09-20T07:41:54
C003483,Murat Demir,individual,M,1976-09-21,murat.demir87@icloud.com,+905303969765,İstanbul,True,False,2024-01-15T00:58:44,2024-02-21T00:58:44
C003484,Hüseyin Öztürk,individual,M,1987-04-02,huseyin.ozturk72@outlook.com,+90 545 980 8982,İstanbul,True,True,2026-07-28T04:48:54,2027-01-25T04:48:54
C003485,Murat Erdoğan,individual,M,1975-01-30,murat.erdogan@outlook.com,5386216287,İstanbul,True,False,2026-03-09T22:39:22,2026-06-16T22:39:22
C003486,Murat Bulut,individual,M,1996-09-27,murat.bulut@gmail.com,+905328914049,Muğla,True,False,2026-02-15T11:51:50,2026-06-16T11:51:50
C003487,Tuğba Özdemir,individual,F,1976-03-03,tugba.ozdemir80@hotmail.com,+905369245624,Denizli,True,True,2026-04-04T01:01:49,2026-07-13T01:01:49
C003488,Selim Karaca,individual,M,1980-03-25,selim.karaca42@yahoo.com,+905585564296,İstanbul,True,True,2024-01-30T16:03:32,2024-04-19T16:03:32
C003489,Fatma Şimşek,individual,F,1983-06-15,fatma.simsek@outlook.com,+905314359517,Ankara,True,True,2026-06-19T13:20:37,2026-07-03T13:20:37
C003490,İbrahim Doğan,individual,M,1972-06-06,ibrahim.dogan86@yahoo.com,+905416237378,Ankara,False,True,2026-04-07T11:51:13,2026-06-06T11:51:13
C003491,Ahmet Öztürk,individual,M,1983-02-25,ahmet.ozturk9@icloud.com,+905513754108,İstanbul,False,True,2026-01-16T02:23:51,2026-07-19T02:23:51
C003492,Can Çelik,individual,M,1981-10-20,can.celik39@gmail.com,+905424286250,Antalya,True,False,2023-12-29T19:51:59,2024-02-04T19:51:59
C003493,Melis Ünal,individual,F,1996-03-12,melis.unal@icloud.com,+905308304903,Ankara,True,True,2024-08-03T22:34:47,2024-12-08T22:34:47
C003494,Akdeniz Sağlık A.Ş.,corporate,,,akdenizsaglik@akdeniz.com.tr,0549 522 68 52,İstanbul,True,False,2025-11-09T20:24:54,2026-02-07T20:24:54
C003495,Serkan Korkmaz,individual,M,1978-04-29,serkan.korkmaz1@yahoo.com,+905355309036,İstanbul,True,False,2026-08-22T08:12:54,2026-10-22T08:12:54
C003496,Tolga Uzun,individual,M,1966-11-02,tolga.uzun91@hotmail.com,+905343031296,Eskişehir,True,False,2025-11-16T17:22:51,2026-01-30T17:22:51
C003497,Ebru Aydın,individual,F,1982-10-11,ebru.aydin85@icloud.com,+905349707335,Ankara,True,True,2025-12-13T06:30:59,2026-02-11T06:30:59
C003498,Atlas Otomotiv Yan Sanayi A.Ş.,corporate,,,atlasotomotivyansanayi@atlas.com.tr,05305548994,Ankara,True,False,2026-04-06T22:43:11,2026-08-19T22:43:11
C003499,Ebru Acar,individual,F,1965-09-23,ebru.acar27@yahoo.com,+905368283591,Gaziantep,True,False,2025-04-21T14:16:23,2025-08-20T14:16:23
C003500,Hüseyin Polat,individual,M,1996-07-27,huseyin.polat@gmail.com,+905408000822,Samsun,True,True,2023-09-25T23:42:36,2023-12-02T23:42:36
C003501,Zirve Sağlık A.Ş.,corporate,,,zirvesaglik@zirve.com.tr,+905544280041,İstanbul,True,True,2025-06-01T18:57:35,2025-07-10T18:57:35
C003502,Eren Avcı,individual,M,1989-04-16,eren.avci88@yahoo.com,+905409846028,İzmir,True,True,2025-11-10T08:25:37,2026-02-19T08:25:37
C003503,Cem Çetin,individual,M,1985-03-13,cem.cetin@yahoo.com,+905564032581,IZMIR,True,True,2025-06-29T13:20:32,2025-09-08T13:20:32
C003504,Kerem Sarı,individual,M,1991-10-30,kerem.sari@gmail.com,05342849644,İstanbul,True,False,2025-01-19T06:55:37,2025-04-10T06:55:37
C003505,Dilara Acar,individual,F,1973-08-24,dilara.acar24@outlook.com,+905597855249,İstanbul,True,True,2024-01-28T09:41:51,2024-03-07T09:41:51
C003506,Gamze Yıldız,individual,F,1972-07-18,gamze.yildiz@hotmail.com,+905577044006,İstanbul,True,True,2026-01-17T23:15:44,2026-04-07T23:15:44
C003507,Kaan Kaya,individual,M,1988-08-03,kaan.kaya94 at icloud.com,+905336480504,Eskişehir,True,True,2025-02-20T14:03:16,2025-08-30T14:03:16
C003508,Yusuf Şimşek,individual,M,1988-05-02,yusuf.simsek@icloud.com,+905431202941,Muğla,True,True,2025-07-28T02:46:34,2025-12-27T02:46:34
C003509,Gamze Öztürk,individual,F,1974-11-08,gamze.ozturk@icloud.com,+905468451086,İstanbul,True,True,2025-02-21T04:08:38,2025-03-19T04:08:38
C003510,Mustafa Kılıç,individual,M,1979-04-09,mustafa.kilic37@icloud.com,+905454267038,İzmir,True,False,2025-10-05T16:42:10,2026-03-14T16:42:10
C003511,İrem Tekin,individual,F,1973-01-04,irem.tekin7@gmail.com,+905484830346,ANKARA,False,True,2024-08-25T13:21:53,2024-10-02T13:21:53
C003512,Efe Yalçın,individual,M,1983-08-16,efe.yalcin@hotmail.com,+905581677794,İstanbul,True,False,2023-10-08T03:31:15,2023-10-30T03:31:15
C003513,Zirve Otomotiv Yan Sanayi Ltd. Şti.,corporate,,,zirveotomotivyansanayi@zirve.com.tr,+905553116606,Muğla,True,False,2024-12-12T14:44:59,2025-06-23T14:44:59
C003514,Ceren Kaya,individual,F,1985-01-25,ceren.kaya29@gmail.com,5428778418,Kocaeli,True,True,2023-11-27T20:55:17,2024-03-24T20:55:17
C003515,Atlas Danışmanlık A.Ş.,corporate,,,atlasdanismanlik@atlas.com.tr,+905509979428,İstanbul,True,True,2025-02-20T18:44:52,2025-03-05T18:44:52
C003516,Selin Kaya,individual,F,1988-07-14,selin.kaya89@outlook.com,+905385777040,Bursa,True,True,2025-04-23T20:43:42,2025-09-14T20:43:42
C003517,Selim Aslan,individual,M,1989-05-16,selim.aslan@hotmail.com,+905594291803,İstanbul,True,True,2024-12-01T12:02:11,2025-01-13T12:02:11
C003518,Oğuz Karaca,individual,M,1994-05-18,oguz.karaca64@yahoo.com,+905387079702,Antalya,True,True,2024-02-19T09:52:41,2024-05-13T09:52:41
C003519,Mustafa Sarı,individual,M,1980-10-09,mustafa.sari@icloud.com,+905317955522,Ankara,True,True,2024-07-19T07:21:50,2024-11-09T07:21:50
C003520,Kerem Taş,individual,M,1962-02-05,kerem.tas28@icloud.com,05488704683,İstanbul,True,True,2025-08-12T08:31:09,2025-08-15T08:31:09
C003521,Anadolu Otomotiv Yan Sanayi A.Ş.,corporate,,,anadoluotomotivyansanayi@anadolu.com.tr,+905505013059,Ankara,True,False,2025-08-24T04:13:37,2025-09-27T04:13:37
C003522,Nazlı Kaya,individual,F,1963-03-16,nazli.kaya77@outlook.com,+905512249463,İstanbul,True,True,2025-01-23T17:44:08,2025-07-05T17:44:08
C003523,Onur Doğan,individual,M,1983-08-25,onur.dogan38@yahoo.com,0531 646 18 93,Ankara,True,True,2024-05-25T14:30:03,2024-10-02T14:30:03
C003524,Ahmet Yalçın,individual,M,1984-06-21,ahmet.yalcin@outlook.com,+905585011528,İstanbul,True,False,2026-05-19T23:18:59,2026-07-15T23:18:59
C003525,Hande Koç,individual,F,1980-12-26,hande.koc@gmail.com,+905555403847,Mersin,True,True,2024-07-15T12:35:57,2025-01-22T12:35:57
C003526,Ali Yıldırım,individual,M,1985-08-12,ali.yildirim@icloud.com,0559 530 93 63,Mersin,True,False,2025-09-17T05:15:51,2026-01-14T05:15:51
C003527,Ege Tekstil A.Ş.,corporate,,,egetekstil@ege.com.tr,+905555189402,Ankara,False,False,2026-07-19T05:07:13,2027-01-23T05:07:13
C003528,Ege Teknoloji A.Ş.,corporate,,,egeteknoloji@ege.com.tr,+905531832049,İstanbul,True,False,2025-12-10T17:59:32,2026-06-11T17:59:32
C003529,Esra Yıldız,individual,F,1985-12-27,esra.yildiz74@hotmail.com,0 (537) 858-2604,İstanbul,True,True,2026-02-05T08:36:02,2026-08-01T08:36:02
C003530,Gizem Aksoy,individual,F,1986-07-13,gizem.aksoy35@hotmail.com,+90 542 735 4242,Bursa,True,False,2024-06-13T17:30:57,2024-08-16T17:30:57
C003531,Mehmet Avcı,individual,M,1975-04-06,mehmet.avci36 at outlook.com,+905466952411,Bursa,True,True,2024-02-14T23:09:50,2024-06-20T23:09:50
C003532,Hasan Kaya,individual,M,1968-02-08,hasan.kaya@gmail.com,+905348883619,Istanbul,True,False,2024-05-14T07:25:28,2024-06-05T07:25:28
C003533,Gizem Bozkurt,individual,F,1982-08-27,gizem.bozkurt@gmail.com,+905386288531,İstanbul,True,False,2026-01-17T16:55:06,2026-07-26T16:55:06
C003534,Kerem Özdemir,individual,M,1969-07-12,kerem.ozdemir@yahoo.com,+905363965787,Konya,False,False,2026-06-01T23:28:14,2026-12-05T23:28:14
C003535,Cansu Polat,individual,F,1977-11-27,cansu.polat@outlook.com,+905348223595,İstanbul,True,False,2025-05-27T13:39:14,2025-07-21T13:39:14
C003536,Cem Öztürk,individual,M,1979-05-22,cem.ozturk@gmail.com,+905327390037,Mersin,True,False,2024-01-14T21:56:43,2024-06-20T21:56:43
C003537,Ece Kara,individual,F,1986-10-24,ece.kara46@icloud.com,+905374360784,İstanbul,True,False,2026-02-16T21:46:51,2026-08-18T21:46:51
C003538,Efe Kara,individual,M,1995-11-27,efe.kara28@yahoo.com,+905434706382,IZMIR,True,True,2025-11-23T06:43:39,2025-12-14T06:43:39
C003539,Umut Keskin,individual,M,1977-12-14,umut.keskin@yahoo.com,+905456729385,IZMIR,True,False,2026-02-06T20:05:00,2026-03-09T20:05:00
C003540,Ali Kurt,individual,M,1994-04-25,ali.kurt@gmail.com,+905436486960,Ankara,True,False,2024-03-16T02:51:34,2024-06-08T02:51:34
C003541,Kerem Turan,individual,M,1979-08-31,kerem.turan10@icloud.com,+905479957700,İstanbul,True,False,2023-11-22T19:41:31,2024-04-15T19:41:31
C003542,Melis Çelik,individual,F,1989-08-01,melis.celik@yahoo.com,+905556252572,İstanbul,True,False,2024-06-12T08:34:55,2024-11-16T08:34:55
C003543,Ahmet Aksoy,individual,M,1966-01-30,ahmet.aksoy@hotmail.com,+905513445999,Denizli,False,False,2026-08-12T23:35:21,2027-02-15T23:35:21
C003544,Ömer Kaya,individual,M,1983-12-28,omer.kaya@outlook.com,+905418361778,Ankara,True,True,2026-08-16T20:14:21,2027-03-02T20:14:21
C003545,Delta Sağlık A.Ş.,corporate,,,deltasaglik@delta.com.tr,+905589189295,İstanbul,True,True,2025-08-27T14:57:43,2026-02-19T14:57:43
C003546,Eren Yıldırım,individual,M,1983-03-27,eren.yildirim@hotmail.com,+905512305831,İzmir,False,True,2024-01-22T18:04:57,2024-02-22T18:04:57
C003547,Ebru Ateş,individual,F,1995-04-18,ebru.ates@hotmail.com,+905351262246,İstanbul,True,True,2025-11-09T00:44:21,2026-04-25T00:44:21
C003548,Akdeniz Sağlık A.Ş.,corporate,,,akdenizsaglik@akdeniz.com.tr,+90 530 808 0277,Ankara,True,False,2026-06-08T14:29:42,2026-08-22T14:29:42
C003549,Onur Acar,individual,M,1979-04-20,onur.acar33@gmail.com,+905501863625,Ankara,True,False,2025-11-27T09:16:25,2026-04-27T09:16:25
C003550,Furkan Keskin,individual,M,1984-06-21,furkan.keskin@hotmail.com,+905391458079,İstanbul,True,False,2026-07-22T14:43:46,2026-08-03T14:43:46
C003551,Selim Özdemir,individual,M,1972-12-13,selim.ozdemir15@outlook.com,+905354492568,İstanbul,True,True,2025-03-07T19:16:34,2025-08-08T19:16:34
C003552,Delta Teknoloji Ltd. Şti.,corporate,,,deltateknoloji@delta.com.tr,+905556329553,Mersin,True,False,2026-02-05T23:34:14,2026-03-04T23:34:14
C003553,Zirve Gıda A.Ş.,corporate,,,zirvegida@zirve.com.tr,+905491522952,İstanbul,True,False,2026-03-03T03:26:13,2026-05-10T03:26:13
C003554,Barış Güneş,individual,M,1985-02-24,baris.gunes88@icloud.com,0543 813 23 63,ISTANBUL,True,True,2024-11-13T07:05:50,2025-03-29T07:05:50
C003555,Serkan Demir,individual,M,1980-12-08,serkan.demir@gmail.com,+905574975926,İstanbul,True,False,2024-12-31T05:00:32,2025-06-27T05:00:32
C003556,Oğuz Turan,individual,M,1990-04-03,oguz.turan@icloud.com,+905354358042,Ankara,True,False,2025-08-20T06:47:56,2025-11-21T06:47:56
C003557,Murat Arslan,individual,M,2002-03-04,murat.arslan93@gmail.com,+905587425738,İstanbul,True,True,2024-08-20T08:24:00,2024-12-14T08:24:00
C003558,Fatma Ünal,individual,F,1992-01-09,fatma.unal@outlook.com,+905541087958,İstanbul,True,True,2025-03-20T06:46:55,2025-06-21T06:46:55
C003559,Arda Koç,individual,M,1983-02-22,arda.koc56@yahoo.com,+905474480593,İstanbul,True,False,2025-11-21T00:34:32,2026-06-04T00:34:32
C003560,Nur Aslan,individual,F,1970-05-10,nur.aslan44@icloud.com,+905454746645,İstanbul,True,True,2025-06-07T07:02:00,2025-08-04T07:02:00
C003561,Seda Keskin,individual,F,1981-03-03,seda.keskin59@outlook.com,+905547021818,İstanbul,True,True,2024-07-05T17:01:26,2024-11-17T17:01:26
C003562,Mehmet Arslan,individual,M,2002-08-01,mehmet.arslan@icloud.com,+905548751367,İzmir,True,True,2025-09-23T22:13:01,2025-12-09T22:13:01
C003563,Efe Çelik,individual,M,1977-09-08,efe.celik20@outlook.com,+905563964675,Adana,True,True,2025-06-20T11:35:28,2025-07-12T11:35:28
C003564,Mustafa Taş,individual,M,1998-08-10,mustafa.tas10@gmail.com,05518332155,İstanbul,False,True,2025-05-13T19:46:48,2025-09-09T19:46:48
C003565,Seda Aydın,individual,F,1987-11-04,seda.aydin30@icloud.com,+905474925381,İstanbul,True,False,2026-02-16T20:06:42,2026-07-22T20:06:42
C003566,Esra Güneş,individual,F,2002-03-09,esra.gunes41@hotmail.com,+905309731621,Ankara,True,False,2025-08-24T06:12:24,2025-09-29T06:12:24
C003567,Nova Danışmanlık A.Ş.,corporate,,,novadanismanlik@nova.com.tr,+905403411284,İzmir,True,False,2024-11-03T23:29:20,2025-01-01T23:29:20
C003568,Zirve Enerji A.Ş.,corporate,,,zirveenerji@zirve.com.tr,+905376405959,ANKARA,True,True,2024-06-10T07:41:55,2024-09-30T07:41:55
C003569,Atlas Enerji Ltd. Şti.,corporate,,,atlasenerji@atlas.com.tr,+905545012212,Ankara,False,False,2023-09-06T01:34:44,2024-02-24T01:34:44
C003570,Yusuf Koç,individual,M,1984-03-02,yusuf.koc@yahoo.com,+905327232198,İzmir,True,True,2025-12-21T08:32:17,2026-07-03T08:32:17
C003571,Burak Kara,individual,M,1998-10-10,burak.kara@outlook.com,+905478768791,istanbul,False,False,2025-08-24T21:45:39,2026-02-26T21:45:39
C003572,Kerem Aslan,individual,M,1965-09-02,kerem.aslan@yahoo.com,+905396982369,İstanbul,True,True,2023-10-09T01:19:18,2024-04-08T01:19:18
C003573,Arda Korkmaz,individual,M,1996-11-11,arda.korkmaz33@gmail.com,+90 531 714 4362,Antalya,True,False,2026-03-12T07:12:44,2026-05-21T07:12:44
C003574,Ömer Aydın,individual,M,1988-10-20,omer.aydin@gmail.com,+905413511145,İstanbul,True,True,2023-11-16T12:53:39,2023-12-16T12:53:39
C003575,Aslı Ünal,individual,F,1976-12-01,asli.unal@gmail.com,+905487516825,İstanbul,True,False,2026-02-17T05:49:21,2026-07-03T05:49:21
C003576,Cansu Yılmaz,individual,F,1991-11-29,cansu.yilmaz80@hotmail.com,+905371450299,İzmir,True,False,2024-05-16T04:40:33,2024-10-10T04:40:33
C003577,Yıldız Danışmanlık A.Ş.,corporate,,,yildizdanismanlik@yildiz.com.tr,05339354811,İstanbul,True,False,2026-07-09T08:16:38,2027-01-12T08:16:38
C003578,Halil Bulut,individual,M,1982-08-14,halil.bulut@yahoo.com,+905563460334,Ankara,True,False,2025-10-06T05:40:16,2025-12-11T05:40:16
C003579,İrem Yıldız,individual,F,1986-10-03,irem.yildiz45@gmail.com,0551 180 08 51,Bursa,True,False,2025-09-07T02:54:14,2025-09-16T02:54:14
C003580,İrem Kaya,individual,F,1979-12-13,irem.kaya@yahoo.com,+905579037496,Kocaeli,True,True,2024-04-28T19:25:51,2024-08-23T19:25:51
C003581,Eren Öztürk,individual,M,1994-06-11,eren.ozturk69@outlook.com,+905327211222,İstanbul,True,False,2024-07-09T11:36:24,2024-12-30T11:36:24
C003582,Oğuz Bozkurt,individual,M,1986-04-16,oguz.bozkurt21@icloud.com,+905371638487,Antalya,False,False,2026-01-10T16:58:36,2026-06-27T16:58:36
C003583,Can Bozkurt,individual,M,1967-02-23,can.bozkurt32@hotmail.com,+905365773920,Gaziantep,True,True,2024-02-01T17:30:35,2024-02-06T17:30:35
C003584,Seda Yılmaz,individual,F,1988-02-05,seda.yilmaz@gmail.com,+905594854103,Adana,True,True,2025-10-09T07:57:24,2025-10-22T07:57:24
C003585,Pınar Erdoğan,individual,F,1989-05-28,pinar.erdogan@hotmail.com,+905508734349,Kocaeli,True,True,2025-04-16T00:41:22,2025-08-25T00:41:22
C003586,Pınar Yılmaz,individual,F,1985-04-22,pinar.yilmaz@hotmail.com,+905349954238,Ankara,True,True,2025-08-13T04:05:11,2025-09-21T04:05:11
C003587,Naz Kaya,individual,F,1984-07-02,naz.kaya26@outlook.com,+905339215185,İstanbul,True,False,2026-01-18T23:28:42,2026-02-20T23:28:42
C003588,Dilara Çakır,individual,F,1984-04-20,dilara.cakir27@hotmail.com,5345446282,Istanbul,True,False,2024-08-02T11:31:24,2024-09-10T11:31:24
C003589,Mustafa Avcı,individual,M,1989-04-08,mustafa.avci@outlook.com,+905598235559,İstanbul,True,True,2024-03-04T06:44:24,2024-05-27T06:44:24
C003590,Tuğba Çetin,individual,F,1986-03-23,tugba.cetin@hotmail.com,+905582499925,Ankara,True,True,2026-08-21T18:54:28,2027-01-03T18:54:28
C003591,Tolga Erdoğan,individual,M,1974-11-03,tolga.erdogan@gmail.com,+905358388047,İzmir,True,False,2026-01-12T00:48:11,2026-03-08T00:48:11
C003592,Akdeniz Otomotiv Yan Sanayi Ltd. Şti.,corporate,,,akdenizotomotivyansanayi@akdeniz.com.tr,+905318544645,Ankara,True,True,2025-06-17T07:10:16,2025-08-06T07:10:16
C003593,Halil Uzun,individual,M,1975-11-29,halil.uzun88@hotmail.com,+905447492763,Samsun,True,True,2025-08-01T22:10:34,2025-12-23T22:10:34
C003594,Ahmet Kılıç,individual,M,1974-04-21,ahmet.kilic@yahoo.com,+905552894872,Izmir,True,False,2025-01-24T18:18:48,2025-03-18T18:18:48
C003595,Ali Kurt,individual,M,1967-09-29,ali.kurt6@icloud.com,+905331255630,İstanbul,True,False,2023-12-20T15:12:45,2024-03-07T15:12:45
C003596,Umut Bulut,individual,M,2002-09-26,umut.bulut41@hotmail.com,+905419333653,Bursa,True,True,2025-07-14T18:19:45,2025-12-16T18:19:45
C003597,Barış Kılıç,individual,M,1992-01-19,baris.kilic70@icloud.com,+905474704894,İstanbul,True,True,2024-08-05T08:32:54,2024-08-27T08:32:54
C003598,Dilara Uzun,individual,F,1990-02-11,dilara.uzun@icloud.com,+905365704667,İstanbul,True,True,2025-11-04T01:59:29,2025-11-22T01:59:29
C003599,Hasan Çelik,individual,M,1994-06-20,hasan.celik40@icloud.com,+905322470255,Gaziantep,True,False,2024-04-25T12:48:46,2024-09-17T12:48:46
C003600,Merve Çelik,individual,F,1985-09-18,merve.celik63@hotmail.com,0545 692 20 20,İzmir,True,True,2023-11-01T10:06:38,2024-01-11T10:06:38
C003601,Esra Tekin,individual,F,1990-05-08,esra.tekin@hotmail.com,+905302561441,İstanbul,True,True,2025-10-01T19:20:41,2026-03-02T19:20:41
C003602,Cansu Yalçın,individual,F,1981-11-15,cansu.yalcin@outlook.com,+905302505039,Antalya,True,False,2024-03-12T20:11:02,2024-03-26T20:11:02
C003603,İbrahim Kaya,individual,M,1981-01-20,ibrahim.kaya@icloud.com,0 (554) 677-8627,Ankara,False,True,2025-08-21T19:25:11,2025-10-17T19:25:11
C003604,Arda Koç,individual,M,1980-08-19,arda.koc@icloud.com,+905303102023,İstanbul,True,True,2024-12-25T16:07:18,2025-07-12T16:07:18
C003605,Global Lojistik A.Ş.,corporate,,,globallojistik@global.com.tr,+905456168375,İstanbul,True,True,2025-03-17T10:52:54,2025-05-29T10:52:54
C003606,Onur Şahin,individual,M,1994-01-05,onur.sahin@outlook.com,+905409760152,Antalya,True,True,2026-01-22T21:19:07,2026-07-11T21:19:07
C003607,Onur Aksoy,individual,M,1978-04-25,onur.aksoy42@outlook.com,+905384600728,Bursa,True,True,2025-05-13T11:05:46,2025-08-06T11:05:46
C003608,Ali Yalçın,individual,M,1994-03-15,ali.yalcin30@yahoo.com,+905537336787,İstanbul,True,True,2026-05-12T05:10:57,2026-07-11T05:10:57
C003609,Tolga Erdoğan,individual,M,2000-06-29,tolga.erdogan31@icloud.com,+905468846042,Istanbul,True,False,2024-05-04T12:47:14,2024-07-12T12:47:14
C003610,Deniz Demir,individual,M,1983-06-05,deniz.demir53@hotmail.com,+905332207277,Bursa,True,True,2025-01-25T10:17:25,2025-07-22T10:17:25
C003611,Fatma Kurt,individual,F,2002-04-02,fatma.kurt@yahoo.com,+905519979897,İzmir,True,True,2024-09-11T09:57:01,2024-10-30T09:57:01
C003612,İrem Acar,individual,F,1999-10-28,irem.acar39@outlook.com,+905429147280,Bursa,True,False,2026-01-29T19:59:06,2026-02-12T19:59:06
C003613,Ayşe Taş,individual,F,1977-12-27,ayse.tas52@hotmail.com,0550 170 34 75,İzmir,True,False,2024-09-22T04:04:55,2025-01-20T04:04:55
C003614,Kuzey İnşaat A.Ş.,corporate,,,kuzeyinsaat@kuzey.com.tr,+905339337582,Bursa,True,True,2023-12-13T13:52:29,2024-03-15T13:52:29
C003615,Halil Tekin,individual,M,1973-01-04,halil.tekin@gmail.com,+905561794454,Ankara,True,True,2025-05-03T12:40:15,2025-10-22T12:40:15
C003616,Naz Çetin,individual,F,1997-03-19,naz.cetin@yahoo.com,+905313181797,İstanbul,True,True,2026-07-20T08:43:39,2027-01-17T08:43:39
C003617,Mustafa Kara,individual,M,1991-12-08,mustafa.kara3@hotmail.com,+905518870401,Kocaeli,True,True,2025-09-27T12:11:01,2026-01-30T12:11:01
C003618,Hasan Korkmaz,individual,M,1963-11-24,hasan.korkmaz@outlook.com,+90 551 663 1765,Kocaeli,True,True,2025-07-21T03:08:06,2025-12-05T03:08:06
C003619,Zeynep Yıldırım,individual,F,1992-09-23,zeynep.yildirim78@gmail.com,+905586302862,Denizli,True,True,2024-07-28T20:28:01,2024-08-08T20:28:01
C003620,Derya Güneş,individual,F,1995-06-01,derya.gunes@gmail.com,0541 325 91 13,İstanbul,True,True,2026-08-24T22:32:51,2026-12-05T22:32:51
C003621,Yasemin Korkmaz,individual,F,1972-01-08,yasemin.korkmaz@outlook.com,+905391142921,İstanbul,True,True,2024-02-29T20:30:53,2024-03-06T20:30:53
C003622,Büşra Yıldırım,individual,F,1988-12-29,busra.yildirim@yahoo.com,+905579379791,İstanbul,True,False,2025-11-01T14:00:34,2025-11-17T14:00:34
C003623,Emre Korkmaz,individual,M,1972-08-09,emre.korkmaz@gmail.com,+905592966610,İstanbul,True,False,2024-03-19T23:37:37,2024-08-16T23:37:37
C003624,Oğuz Korkmaz,individual,M,1997-07-30,oguz.korkmaz@icloud.com,+905572972554,Samsun,True,True,2025-10-16T19:42:03,2025-12-01T19:42:03
C003625,Selim Kara,individual,M,1982-03-05,selim.kara@gmail.com,+905481981082,Ankara,True,True,2026-04-22T11:44:26,2026-09-12T11:44:26
C003626,Ebru Uzun,individual,F,1984-01-28,ebru.uzun52@icloud.com,+905401698457,İzmir,True,True,2025-10-07T18:26:53,2026-03-01T18:26:53
C003627,Serkan Yıldırım,individual,M,1998-04-17,serkan.yildirim@yahoo.com,+905488168904,Ankara,True,False,2023-09-18T08:57:47,2024-03-08T08:57:47
C003628,Yasemin Öztürk,individual,F,1977-05-29,yasemin.ozturk@gmail.com,+905478651232,İzmir,True,True,2023-10-13T05:14:24,2024-01-26T05:14:24
C003629,Anadolu Lojistik Ltd. Şti.,corporate,,,anadolulojistik@anadolu.com.tr,+905505490489,İstanbul ,True,False,2026-02-16T21:53:15,2026-04-17T21:53:15
C003630,Cem Polat,individual,M,2002-12-15,cem.polat@gmail.com,+905573482566,İstanbul,True,False,2023-09-08T13:35:49,2024-03-22T13:35:49
C003631,Selim Aydın,individual,M,1964-12-25,selim.aydin@gmail.com,+905313252674,İstanbul,True,True,2026-05-16T02:59:05,2026-09-03T02:59:05
C003632,Ömer Acar,individual,M,1988-05-20,omer.acar@gmail.com,0553 381 69 56,Ankara,True,False,2023-11-09T15:38:13,2023-12-13T15:38:13
C003633,Murat Avcı,individual,M,1983-12-06,murat.avci@yahoo.com,+905406802547,Ankara,True,False,2025-07-14T20:19:47,2025-10-24T20:19:47
C003634,Mustafa Yıldırım,individual,M,1981-09-29,mustafa.yildirim24@gmail.com,+905464318478,Ankara,False,False,2024-01-15T13:41:33,2024-05-13T13:41:33
C003635,Barış Şahin,individual,M,1972-06-20,baris.sahin@outlook.com,+905427523996,Istanbul,True,True,2024-06-08T15:46:49,2024-12-03T15:46:49
C003636,Nazlı Bozkurt,individual,F,2002-09-13,nazli.bozkurt@yahoo.com,+905517839618,İstanbul,True,True,2024-07-24T17:29:56,2025-01-02T17:29:56
C003637,Elif Avcı,individual,F,1962-04-08,elif.avci@yahoo.com,+905413750093,İstanbul,True,False,2024-06-30T10:59:18,2024-07-19T10:59:18
C003638,Boğaziçi Sağlık Ltd. Şti.,corporate,,,bogazicisaglik@bogazici.com.tr,+905566789366,istanbul,True,False,2025-05-19T03:22:15,2025-07-26T03:22:15
C003639,Zirve Medya A.Ş.,corporate,,,,+905424646955,İstanbul,True,False,2025-09-16T22:33:15,2025-12-15T22:33:15
C003640,Arda Yılmaz,individual,M,1974-02-12,arda.yilmaz@yahoo.com,+905483637198,istanbul,True,False,2024-05-25T00:18:19,2024-08-14T00:18:19
C003641,Yıldız Otomotiv Yan Sanayi Ltd. Şti.,corporate,,,yildizotomotivyansanayi@yildiz.com.tr,+905397277990,Istanbul,True,False,2025-04-28T09:52:35,2025-08-24T09:52:35
C003642,Tuğba Güneş,individual,F,1982-10-10,tugba.gunes51@icloud.com,+905455965265,Eskişehir,True,False,2026-06-07T14:38:17,2026-09-05T14:38:17
C003643,Aslı Yıldırım,individual,F,1994-03-10,asli.yildirim@outlook.com,+905475635115,Adana,True,True,2024-01-06T15:31:49,2024-04-21T15:31:49
C003644,Yusuf Kaya,individual,M,1984-03-04,yusuf.kaya@yahoo.com,+905522920189,İstanbul,True,True,2025-12-26T23:59:25,2026-01-07T23:59:25
C003645,Umut Korkmaz,individual,M,1972-08-23,umut.korkmaz@icloud.com,+905376921793,İstanbul,True,False,2026-01-31T18:05:59,2026-04-28T18:05:59
C003646,Ece Yıldırım,individual,F,1987-02-15,ece.yildirim@gmail.com,+905333574785,İstanbul,True,True,2024-08-29T23:21:08,2025-01-27T23:21:08
C003647,Ayşe Uzun,individual,F,1974-09-13,ayse.uzun@gmail.com,+905419961353,Istanbul,True,True,2025-10-06T10:15:01,2025-11-23T10:15:01
C003648,Yasemin Kılıç,individual,F,1981-09-19,yasemin.kilic@icloud.com,+905491296713,ISTANBUL,True,True,2023-12-22T03:38:30,2024-03-07T03:38:30
C003649,Merve Keskin,individual,F,1957-08-08,merve.keskin@outlook.com,0 (555) 150-8969,Bursa,True,True,2023-11-28T14:15:46,2023-12-31T14:15:46
C003650,Kuzey Turizm Ltd. Şti.,corporate,,,kuzeyturizm@kuzey.com.tr,5478186038,Ankara,True,True,2024-05-15T20:43:51,2024-09-26T20:43:51
C003651,Global Yazılım A.Ş.,corporate,,,globalyazilim@global.com.tr,0 (544) 699-8886,Muğla,True,False,2024-11-26T09:36:48,2025-05-30T09:36:48
C003652,Aslı Acar,individual,F,1966-09-07,asli.acar15@hotmail.com,+905507443356,İzmir,True,True,2024-07-23T04:08:17,2024-11-01T04:08:17
C003653,Büşra Aydın,individual,F,1967-10-04,busra.aydin@gmail.com,+905334692454,Muğla,True,False,2025-03-24T09:34:35,2025-04-08T09:34:35
C003654,Anadolu Teknoloji Ltd. Şti.,corporate,,,anadoluteknoloji@anadolu.com.tr,+905419729233,Ankara,True,True,2025-01-14T23:25:50,2025-04-24T23:25:50
C003655,Gizem Karaca,individual,F,1978-09-08,gizem.karaca@yahoo.com,0542 592 21 31,Kocaeli,False,True,2024-03-22T03:26:43,2024-06-23T03:26:43
C003656,Umut Çakır,individual,M,2002-02-27,umut.cakir12@outlook.com,+905593006470,İstanbul,True,True,2024-03-30T10:58:04,2024-07-24T10:58:04
C003657,Nova Danışmanlık A.Ş.,corporate,,,novadanismanlik@nova.com.tr,+905529878753,İstanbul,True,True,2023-12-06T07:15:18,2024-05-12T07:15:18
C003658,Deniz Özdemir,individual,M,1986-11-29,deniz.ozdemir55@hotmail.com,+905457559659,İstanbul,True,True,2025-03-20T14:32:29,2025-05-29T14:32:29
C003659,Tolga Şimşek,individual,M,1994-06-12,tolga.simsek@icloud.com,+905578949397,İstanbul,True,False,2024-11-05T21:55:46,2025-03-26T21:55:46
C003660,Kerem Özkan,individual,M,1961-08-10,kerem.ozkan@outlook.com,+905559623798,İstanbul,True,False,2024-12-18T19:51:31,2025-03-15T19:51:31
C003661,Anadolu Danışmanlık A.Ş.,corporate,,,anadoludanismanlik@anadolu.com.tr,+905392503835,Gaziantep,True,True,2025-05-21T14:32:46,2025-07-14T14:32:46
C003662,Efe Özdemir,individual,M,1980-03-25,efe.ozdemir@gmail.com,+905382137120,ISTANBUL,True,False,2024-01-04T10:40:30,2024-04-22T10:40:30
C003663,Emre Keskin,individual,M,1955-03-21,emre.keskin@icloud.com,+905416639691,Antalya,True,False,2026-05-03T19:36:36,2026-05-29T19:36:36
C003664,Nazlı Şahin,individual,F,1987-04-30,nazli.sahin@yahoo.com,+905335707792,İstanbul,True,False,2024-08-04T00:34:17,2025-02-18T00:34:17
C003665,Nur Kılıç,individual,F,1983-05-07,nur.kilic57@hotmail.com,05592167498,Kocaeli,True,True,2024-02-28T02:36:47,2024-08-08T02:36:47
C003666,Yusuf Kılıç,individual,M,1993-12-15,yusuf.kilic64@gmail.com,5503951998,İstanbul,True,False,2024-02-07T18:31:59,2024-07-27T18:31:59
C003667,Kerem Kılıç,individual,M,1986-04-08,kerem.kilic@yahoo.com,+905322382916,Bursa,True,True,2024-11-09T03:43:53,2025-04-14T03:43:53
C003668,Beyza Turan,individual,F,1999-03-11,beyza.turan at icloud.com,5513797449,Ankara,True,False,2024-01-09T08:59:47,2024-03-06T08:59:47
C003669,Meridyen Enerji A.Ş.,corporate,,,meridyenenerji@meridyen.com.tr,+905365752281,İstanbul,True,True,2024-05-21T21:53:19,2024-12-05T21:53:19
C003670,Ufuk Sağlık A.Ş.,corporate,,,ufuksaglik@ufuk.com.tr,+905404712871,İzmir,True,False,2025-12-28T09:40:18,2026-03-19T09:40:18
C003671,Nova Enerji A.Ş.,corporate,,,novaenerji@nova.com.tr,+905393624346,İzmir,True,True,2026-02-28T14:53:08,2026-04-21T14:53:08
C003672,Aslı Şimşek,individual,F,1982-03-24,asli.simsek88@yahoo.com,+905551926118,Antalya,True,False,2024-03-22T12:44:58,2024-05-11T12:44:58
C003673,Kerem Arslan,individual,M,1970-04-11,kerem.arslan@gmail.com,+905452249444,Ankara,True,False,2023-11-24T03:27:11,2024-01-24T03:27:11
C003674,Serkan Demir,individual,M,1982-11-23,serkan.demir84@yahoo.com,0532 370 38 15,Ankara,True,True,2024-09-21T01:35:21,2024-09-22T01:35:21
C003675,Büşra Yılmaz,individual,F,1985-03-20,busra.yilmaz61@hotmail.com,+905418591864,Bursa,True,True,2024-10-31T20:47:39,2025-04-15T20:47:39
C003676,Beyza Çetin,individual,F,1980-05-18,beyza.cetin@yahoo.com,+905565849716,İstanbul,True,True,2025-05-02T19:45:55,2025-09-27T19:45:55
C003677,Aslı Aslan,individual,F,1992-11-27,asli.aslan22@hotmail.com,+90 550 777 3384,Samsun,True,True,2025-01-18T06:25:12,2025-02-20T06:25:12
C003678,Global Yazılım A.Ş.,corporate,,,globalyazilim@global.com.tr,+905386097249,Denizli,True,True,2023-12-21T09:35:02,2024-01-20T09:35:02
C003679,Ebru Korkmaz,individual,F,2002-02-28,ebru.korkmaz30@yahoo.com,+905566520797,ISTANBUL,True,False,2025-03-20T19:57:06,2025-07-02T19:57:06
C003680,İbrahim Taş,individual,M,1987-05-19,ibrahim.tas83@hotmail.com,+905484482378,Ankara,True,True,2026-07-07T19:49:54,2026-08-16T19:49:54
C003681,Seda Yılmaz,individual,F,1988-04-20,seda.yilmaz@outlook.com,5582416081,İstanbul,True,True,2023-11-15T13:26:52,2024-05-21T13:26:52
C003682,Ahmet Çelik,individual,M,1984-08-27,ahmet.celik@outlook.com,+905469986848,ANKARA,True,False,2026-02-06T18:37:01,2026-05-31T18:37:01
C003683,Anadolu Danışmanlık Ltd. Şti.,corporate,,,anadoludanismanlik@anadolu.com.tr,+905533389079,Kocaeli,True,False,2025-08-28T11:51:45,2025-10-17T11:51:45
C003684,Elif Özdemir,individual,F,1977-11-11,elif.ozdemir@outlook.com,0547 160 27 07,İstanbul,True,True,2024-08-22T06:03:01,2024-09-28T06:03:01
C003685,Global Gıda Ltd. Şti.,corporate,,,globalgida@global.com.tr,+905396298605,İstanbul,True,False,2026-03-19T08:50:49,2026-04-23T08:50:49
C003686,Gamze Karaca,individual,F,2000-07-08,gamze.karaca76@outlook.com,+905542317715,İzmir,True,True,2025-03-10T21:17:09,2025-03-15T21:17:09
C003687,Mehmet Kaya,individual,M,1988-05-01,mehmet.kaya@hotmail.com,+905568149265,Ankara,False,True,2024-10-28T02:42:43,2025-05-07T02:42:43
C003688,Ece Özkan,individual,F,1985-07-21,ece.ozkan@hotmail.com,+905488914122,İstanbul,True,True,2023-09-07T11:17:39,2023-10-29T11:17:39
C003689,Emre Koç,individual,M,1980-07-12,emre.koc14@hotmail.com,+905319711576,İstanbul,True,False,2025-11-06T23:36:30,2026-05-02T23:36:30
C003690,Sude Ateş,individual,F,2002-03-29,sude.ates78@hotmail.com,0 (543) 632-0655,Ankara,True,True,2026-02-22T16:26:14,2026-05-26T16:26:14
C003691,Hasan Kılıç,individual,M,1978-08-08,hasan.kilic@gmail.com,+905321987022,Ankara,True,False,2026-05-11T16:03:48,2026-05-24T16:03:48
C003692,Selin Koç,individual,F,1988-01-28,selin.koc40 at gmail.com,+905317972213,Ankara,True,True,2026-01-30T23:36:04,2026-02-02T23:36:04
C003693,Ahmet Aydın,individual,M,1967-04-14,ahmet.aydin@yahoo.com,+905498248974,İzmir,True,True,2025-08-05T08:41:12,2025-10-24T08:41:12
C003694,Yusuf Öztürk,individual,M,1973-09-14,yusuf.ozturk6@outlook.com,+905588255054,Antalya,True,True,2025-03-10T22:24:26,2025-07-31T22:24:26
C003695,Ömer Aslan,individual,M,1979-03-03,omer.aslan@outlook.com,+90 534 479 2379,İstanbul,True,False,2025-02-23T13:38:25,2025-06-28T13:38:25
C003696,Global Gıda Ltd. Şti.,corporate,,,globalgida@global.com.tr,05556459936,Adana,True,True,2025-12-20T23:39:10,2026-01-20T23:39:10
C003697,Can Erdoğan,individual,M,1974-07-24,can.erdogan@hotmail.com,+905542119786,Ankara,True,False,2026-01-10T02:02:57,2026-06-07T02:02:57
C003698,Ceren Avcı,individual,F,2002-06-09,ceren.avci77@yahoo.com,+905594544249,Ankara,True,True,2024-03-05T13:22:19,2024-05-25T13:22:19
C003699,Halil Çelik,individual,M,1983-10-27,halil.celik@gmail.com,+905378105737,Adana,True,True,2025-05-25T15:59:35,2025-08-27T15:59:35
C003700,Hüseyin Aydın,individual,M,1972-10-26,huseyin.aydin@hotmail.com,+905417213014,Antalya,True,True,2024-11-10T03:41:57,2024-12-30T03:41:57
C003701,Ece Sarı,individual,F,1973-04-26,ece.sari@yahoo.com,+905429852658,İstanbul,True,False,2025-11-24T01:06:33,2026-01-01T01:06:33
C003702,Meridyen Enerji Ltd. Şti.,corporate,,,meridyenenerji@meridyen.com.tr,+905537185941,Adana,True,False,2026-07-03T00:43:34,2026-09-12T00:43:34
C003703,Kerem Uzun,individual,M,1977-12-22,kerem.uzun@yahoo.com,+905322694146,ANKARA,True,False,2023-10-17T19:13:21,2023-11-04T19:13:21
C003704,Yusuf Kara,individual,M,1971-06-13,yusuf.kara@gmail.com,+905566394989,İstanbul,True,True,2025-05-23T22:56:46,2025-07-30T22:56:46
C003705,Zirve Sağlık A.Ş.,corporate,,,zirvesaglik@zirve.com.tr,+905498111283,İstanbul,True,True,2024-08-01T21:00:45,2024-10-15T21:00:45
C003706,Efe Kılıç,individual,M,1964-12-23,efe.kilic13@icloud.com,+905529824493,Gaziantep,True,True,2026-01-23T20:32:28,2026-05-28T20:32:28
C003707,Murat Özdemir,individual,M,1969-10-06,murat.ozdemir12@outlook.com,+905598772814,Mersin,True,True,2025-09-06T10:42:30,2026-02-03T10:42:30
C003708,Boğaziçi Lojistik Ltd. Şti.,corporate,,,bogazicilojistik@bogazici.com.tr,+905589729640,İstanbul,True,False,2026-05-06T20:01:03,2026-09-13T20:01:03
C003709,Gamze Kurt,individual,F,1987-09-24,gamze.kurt@hotmail.com,+905588858413,İstanbul,True,False,2025-04-24T02:23:44,2025-07-26T02:23:44
C003710,Ufuk Danışmanlık Ltd. Şti.,corporate,,,ufukdanismanlik@ufuk.com.tr,+905443816266,Gaziantep,True,False,2024-01-05T20:53:31,2024-05-12T20:53:31
C003711,Yasemin Bulut,individual,F,1991-01-22,yasemin.bulut@hotmail.com,+905309893118,İstanbul,True,False,2025-07-01T09:13:01,2025-12-28T09:13:01
C003712,Naz Yıldız,individual,F,1988-05-02,naz.yildiz97@yahoo.com,+905408818587,İstanbul,True,True,2025-08-01T07:11:28,2025-08-23T07:11:28
C003713,Zirve Medya Ltd. Şti.,corporate,,,zirvemedya@zirve.com.tr,+905407801654,Ankara,True,False,2024-05-10T10:27:10,2024-10-18T10:27:10
C003714,Arda Çelik,individual,M,1990-12-17,arda.celik@hotmail.com,+905309671012,ANKARA,True,True,2024-10-18T23:20:08,2024-12-22T23:20:08
C003715,Umut Bozkurt,individual,M,1974-08-01,umut.bozkurt68@icloud.com,+905362646288,Antalya,True,False,2026-07-28T05:26:46,2026-10-05T05:26:46
C003716,Nur Bulut,individual,F,1983-03-27,nur.bulut38@icloud.com,+905465839378,İstanbul,True,False,2024-09-20T23:49:31,2024-09-26T23:49:31
C003717,Serkan Doğan,individual,M,1988-03-22,serkan.dogan54@outlook.com,+905519711143,Bursa,True,True,2025-08-24T00:08:10,2025-12-01T00:08:10
C003718,Kaan Erdoğan,individual,M,1975-03-18,kaan.erdogan16@icloud.com,+905553356615,Konya,True,False,2026-01-10T10:43:04,2026-01-26T10:43:04
C003719,Kaan Ünal,individual,M,1969-08-14,kaan.unal@yahoo.com,+905331758127,İstanbul,True,False,2024-10-01T16:00:43,2024-11-19T16:00:43
C003720,Derya Kurt,individual,F,1957-08-22,derya.kurt@icloud.com,+905548065328,Izmir,True,False,2024-12-21T02:02:47,2025-04-21T02:02:47
C003721,Hande Karaca,individual,F,2000-03-17,hande.karaca71@gmail.com,+905416359018,İstanbul,True,True,2026-01-01T04:13:13,2026-04-26T04:13:13
C003722,İbrahim Çetin,individual,M,1983-11-16,ibrahim.cetin78@hotmail.com,+90 533 588 5043,İstanbul,True,False,2025-03-01T06:31:07,2025-03-03T06:31:07
C003723,Global Gıda A.Ş.,corporate,,,globalgida@global.com.tr,+905334681517,İstanbul,True,True,2026-04-08T21:51:40,2026-09-30T21:51:40
C003724,Hande Aslan,individual,F,1969-10-16,hande.aslan36@outlook.com,+905479667467,İstanbul,True,True,2026-01-11T17:41:22,2026-03-13T17:41:22
C003725,Onur Bozkurt,individual,M,1972-01-22,onur.bozkurt@icloud.com,+905478148720,İstanbul,True,False,2025-10-10T23:55:57,2026-02-03T23:55:57
C003726,Hasan Erdoğan,individual,M,1981-04-17,hasan.erdogan@outlook.com,+905538002577,Konya,True,True,2026-08-28T22:03:42,2026-12-12T22:03:42
C003727,İrem Yıldız,individual,F,2002-07-05,irem.yildiz@hotmail.com,+905523154383,İstanbul,True,True,2026-03-11T00:49:23,2026-05-12T00:49:23
C003728,Ebru Yıldız,individual,F,1981-02-05,ebru.yildiz30@outlook.com,05351279197,Kocaeli,True,True,2026-05-25T11:24:41,2026-07-29T11:24:41
C003729,Serkan Yalçın,individual,M,1982-12-28,serkan.yalcin@outlook.com,+905412008472,İstanbul,True,False,2026-05-28T21:25:31,2026-11-13T21:25:31
C003730,Emre Karaca,individual,M,1975-06-11,,+905348349049,İstanbul,True,False,2023-09-17T16:16:06,2023-11-21T16:16:06
C003731,Pınar Keskin,individual,F,1998-11-04,pinar.keskin@icloud.com,+905372426677,İstanbul,True,True,2025-05-05T03:48:45,2025-07-02T03:48:45
C003732,Kerem Güneş,individual,M,1991-08-23,kerem.gunes@yahoo.com,+905492837589,İstanbul,True,True,2024-10-30T08:33:01,2024-12-17T08:33:01
C003733,Pınar Güneş,individual,F,1984-11-26,pinar.gunes72@yahoo.com,+905549870557,İstanbul,True,False,2024-03-03T20:19:24,2024-08-30T20:19:24
C003734,Can Bulut,individual,M,1979-11-01,can.bulut@outlook.com,+905493413209,Antalya,True,True,2025-02-25T19:37:22,2025-04-09T19:37:22
C003735,Burak Bozkurt,individual,M,1991-10-22,burak.bozkurt@gmail.com,+905446384601,Samsun,False,True,2024-09-17T01:32:01,2024-10-25T01:32:01
C003736,Hasan Acar,individual,M,1987-12-11,hasan.acar@hotmail.com,+905398134522,Konya,True,False,2026-07-16T02:22:48,2026-08-14T02:22:48
C003737,Akdeniz Medya A.Ş.,corporate,,,akdenizmedya@akdeniz.com.tr,+905449957936,İstanbul,True,False,2024-05-03T16:40:41,2024-07-06T16:40:41
C003738,Marmara Enerji A.Ş.,corporate,,,marmaraenerji@marmara.com.tr,+905449130135,İzmir,False,True,2025-07-26T00:55:57,2025-09-22T00:55:57
C003739,Halil Yıldız,individual,M,2002-10-23,halil.yildiz71@outlook.com,0 (551) 972-4571,İstanbul,True,False,2026-04-20T07:56:52,2026-04-26T07:56:52
C003740,Ufuk Danışmanlık Ltd. Şti.,corporate,,,ufukdanismanlik@ufuk.com.tr,+905428588106,Konya,True,True,2024-04-07T17:30:21,2024-09-12T17:30:21
C003741,Ceren Sarı,individual,F,1989-01-17,ceren.sari35@gmail.com,+905496178016,İstanbul,True,False,2024-11-02T09:37:42,2025-05-07T09:37:42
C003742,Selim Kurt,individual,M,1987-04-01,selim.kurt@hotmail.com,+90 539 477 1396,İstanbul,True,False,2024-12-28T20:38:48,2025-03-11T20:38:48
C003743,Elif Öztürk,individual,F,1968-10-08,elif.ozturk@gmail.com,+905424602426,Konya,True,False,2026-07-11T07:13:03,2026-09-19T07:13:03
C003744,Kuzey Lojistik A.Ş.,corporate,,,kuzeylojistik@kuzey.com.tr,+905388185079,Antalya,True,True,2025-07-10T04:54:56,2025-10-09T04:54:56
C003745,Barış Kılıç,individual,M,1996-03-31,baris.kilic11@outlook.com,+905425467194,Ankara,True,True,2024-08-10T19:48:07,2024-09-15T19:48:07
C003746,İbrahim Korkmaz,individual,M,1970-12-19,ibrahim.korkmaz@outlook.com,+905519260504,İstanbul,True,True,2026-03-21T09:01:58,2026-09-19T09:01:58
C003747,Gizem Kurt,individual,F,1984-05-10,gizem.kurt@hotmail.com,+905361048555,Ankara,True,False,2026-06-21T19:56:27,2026-12-21T19:56:27
C003748,Kaan Uzun,individual,M,1998-09-26,kaan.uzun@hotmail.com,+905589054683,İzmir,True,False,2026-03-24T13:43:43,2026-04-13T13:43:43
C003749,Furkan Sarı,individual,M,1989-06-16,furkan.sari28@outlook.com,+905487139448,Bursa,True,True,2024-03-26T09:04:46,2024-06-24T09:04:46
C003750,Ahmet Şimşek,individual,M,1977-06-24,ahmet.simsek14 at outlook.com,+905435287820,Ankara,True,False,2026-03-01T17:27:05,2026-04-18T17:27:05
C003751,Oğuz Çakır,individual,M,1995-04-09,oguz.cakir22@yahoo.com,+905466025603,İzmir,True,True,2024-10-12T01:18:20,2024-10-31T01:18:20
C003752,Cem Karaca,individual,M,1992-06-24,cem.karaca@gmail.com,+905443312597,Konya,True,False,2023-12-18T06:33:12,2024-05-26T06:33:12
C003753,Derya Keskin,individual,F,1991-12-01,derya.keskin9@hotmail.com,+905415389204,İstanbul,False,True,2025-04-26T02:04:01,2025-08-20T02:04:01
C003754,Furkan Taş,individual,M,1988-07-12,furkan.tas9@hotmail.com,+905512053063,Antalya,True,False,2025-05-26T05:01:16,2025-10-13T05:01:16
C003755,Emre Aslan,individual,M,1982-08-20,emre.aslan@yahoo.com,+905409546300,İzmir,True,True,2024-06-19T10:18:27,2024-11-10T10:18:27
C003756,Emre Yalçın,individual,M,1976-07-04,emre.yalcin@icloud.com,+905381461966,Muğla,True,False,2024-01-25T09:39:00,2024-03-06T09:39:00
C003757,Selim Ateş,individual,M,1978-01-29,selim.ates31@yahoo.com,+905536707415,Antalya,True,False,2025-06-14T23:31:44,2025-10-21T23:31:44
C003758,Berk Turan,individual,M,1992-07-05,berk.turan61@outlook.com,+905318085257,İstanbul,True,False,2025-08-21T22:32:11,2025-08-25T22:32:11
C003759,Tuğba Yıldız,individual,F,1981-09-24,tugba.yildiz57@outlook.com,+905581749528,Ankara,True,False,2023-11-22T11:24:59,2024-03-25T11:24:59
C003760,Furkan Kılıç,individual,M,1984-02-26,furkan.kilic@yahoo.com,+905329169000,Ankara,False,True,2026-07-24T02:09:20,2027-01-31T02:09:20
C003761,Zirve Yazılım A.Ş.,corporate,,,zirveyazilim@zirve.com.tr,+905313448209,Denizli,True,True,2023-10-04T13:41:00,2024-02-03T13:41:00
C003762,Melis Aslan,individual,F,1984-02-24,melis.aslan@yahoo.com,+905308222526,İstanbul,True,False,2023-12-08T10:18:12,2023-12-20T10:18:12
C003763,Serkan Ateş,individual,M,1959-04-25,serkan.ates@gmail.com,+905308904863,Bursa,True,True,2024-09-25T20:16:19,2024-09-28T20:16:19
C003764,Can Aydın,individual,M,1998-02-18,can.aydin76@icloud.com,+905548080752,İstanbul,True,True,2024-11-26T06:19:10,2025-04-13T06:19:10
C003765,Nazlı Aydın,individual,F,1990-05-16,nazli.aydin@outlook.com,+905388588458,Bursa,True,True,2024-09-29T04:29:10,2024-11-17T04:29:10
C003766,Naz Yılmaz,individual,F,1986-11-29,naz.yilmaz@yahoo.com,+905405698672,Bursa,True,False,2024-07-06T13:01:13,2024-11-24T13:01:13
C003767,Tuğba Çakır,individual,F,1985-04-20,tugba.cakir39@outlook.com,+905496429088,Muğla,False,False,2025-08-16T16:11:33,2026-02-11T16:11:33
C003768,Büşra Aksoy,individual,F,1986-05-11,busra.aksoy@yahoo.com,+905424105037,Antalya,True,False,2024-11-14T08:47:23,2025-04-21T08:47:23
C003769,Dilara Taş,individual,F,1985-08-29,dilara.tas@icloud.com,+905351045371,İstanbul,True,True,2023-12-06T00:23:30,2024-05-24T00:23:30
C003770,Murat Polat,individual,M,1982-08-07,murat.polat18@icloud.com,+905315315136,Eskişehir,True,False,2024-04-16T13:54:41,2024-04-28T13:54:41
C003771,Ayşe Tekin,individual,F,1996-07-10,ayse.tekin@gmail.com,+905337988708,İstanbul,False,True,2025-10-06T21:21:58,2026-02-23T21:21:58
C003772,Damla Aydın,individual,F,1983-09-18,damla.aydin@hotmail.com,+905423273553,Bursa,True,True,2023-10-21T04:24:58,2024-04-26T04:24:58
C003773,Kerem Tekin,individual,M,1985-12-24,kerem.tekin@icloud.com,+905459457284,Mersin,True,False,2026-01-15T02:56:34,2026-03-06T02:56:34
C003774,Nova Sağlık A.Ş.,corporate,,,novasaglik@nova.com.tr,+905597075030,Eskişehir,True,True,2024-11-15T06:10:01,2025-01-28T06:10:01
C003775,Ufuk Turizm Ltd. Şti.,corporate,,,ufukturizm@ufuk.com.tr,0540 635 90 93,Bursa,True,False,2024-10-06T06:45:53,2025-03-05T06:45:53
C003776,Cem Aslan,individual,M,2002-03-25,cem.aslan81@yahoo.com,+905378466600,Ankara,False,False,2025-01-06T21:51:49,2025-01-22T21:51:49
C003777,Mustafa Sarı,individual,M,1979-12-12,mustafa.sari@yahoo.com,+905336208950,İstanbul,True,True,2025-03-25T22:41:32,2025-07-22T22:41:32
C003778,Ece Ünal,individual,F,1991-01-07,ece.unal@gmail.com,+905495035671,İstanbul,True,False,2026-02-04T03:38:32,2026-08-08T03:38:32
C003779,Kerem Tekin,individual,M,1965-03-13,kerem.tekin26@yahoo.com,+905435125290,Denizli,True,True,2026-06-22T06:33:05,2026-11-25T06:33:05
C003780,Yusuf Şimşek,individual,M,1978-05-03,yusuf.simsek@gmail.com,+905363506211,Samsun,True,True,2024-04-01T17:03:31,2024-06-15T17:03:31
C003781,Ege İnşaat Ltd. Şti.,corporate,,,egeinsaat@ege.com.tr,+905342647780,Antalya,True,True,2025-04-04T06:58:38,2025-09-26T06:58:38
C003782,Atlas Danışmanlık A.Ş.,corporate,,,atlasdanismanlik@atlas.com.tr,+905567733174,Mersin,True,False,2025-07-25T08:02:46,2025-11-04T08:02:46
C003783,Ege Lojistik A.Ş.,corporate,,,egelojistik at ege.com.tr,+905549958078,Kocaeli,True,False,2026-02-24T14:54:07,2026-03-15T14:54:07
C003784,Oğuz Uzun,individual,M,1988-05-14,oguz.uzun@yahoo.com,+905483378715,İstanbul,True,False,2026-04-05T13:00:08,2026-06-26T13:00:08
C003785,Anadolu Teknoloji A.Ş.,corporate,,,anadoluteknoloji@anadolu.com.tr,+905423643748,İzmir,True,True,2023-09-24T23:19:02,2024-01-02T23:19:02
C003786,İbrahim Çelik,individual,M,1979-07-13,ibrahim.celik@yahoo.com,+90 553 187 1843,Antalya,True,False,2025-08-14T23:30:37,2025-12-28T23:30:37
C003787,Akdeniz Gıda A.Ş.,corporate,,,akdenizgida@akdeniz.com.tr,+905425904315,İstanbul,True,False,2026-03-20T23:29:59,2026-07-13T23:29:59
C003788,Emre Özkan,individual,M,1984-01-17,emre.ozkan@icloud.com,+905352271334,İstanbul,True,True,2024-11-14T21:41:19,2025-02-09T21:41:19
C003789,Mustafa Turan,individual,M,2002-09-09,mustafa.turan86@gmail.com,+905452836970,İstanbul,True,False,2024-06-07T22:28:24,2024-10-01T22:28:24
C003790,Can Yalçın,individual,M,1988-05-25,can.yalcin@gmail.com,+905378164612,İstanbul,True,True,2026-07-24T23:26:56,2027-01-01T23:26:56
C003791,Hasan Polat,individual,M,1972-01-22,hasan.polat95@yahoo.com,+905487595019,İzmir,True,False,2023-09-09T08:27:50,2023-11-15T08:27:50
C003792,Hande Arslan,individual,F,1984-11-11,hande.arslan86@gmail.com,+905598004446,Ankara,True,True,2025-08-04T05:26:27,2026-01-23T05:26:27
C003793,Hüseyin Sarı,individual,M,1986-11-23,huseyin.sari85@yahoo.com,+905319978659,istanbul,True,True,2026-08-13T04:42:25,2026-12-24T04:42:25
C003794,Tolga Çelik,individual,M,1986-03-05,tolga.celik19@yahoo.com,05574808926,Ankara,True,True,2025-01-02T18:18:10,2025-01-02T18:18:10
C003795,Cansu Aslan,individual,F,1968-07-14,cansu.aslan@hotmail.com,+905537797385,İstanbul,True,True,2026-05-10T03:25:21,2026-08-16T03:25:21
C003796,Nazlı Aslan,individual,F,1998-11-28,nazli.aslan22@outlook.com,05335691829,ankara,True,True,2026-07-28T02:46:13,2026-08-12T02:46:13
C003797,Onur Ünal,individual,M,1986-06-06,onur.unal@hotmail.com,+905495073786,Konya,True,True,2023-09-22T20:35:04,2023-12-08T20:35:04
C003798,Nova Sağlık A.Ş.,corporate,,,novasaglik@nova.com.tr,0554 104 70 35,İzmir,True,True,2023-12-18T22:21:11,2024-06-08T22:21:11
C003799,Akdeniz Sağlık Ltd. Şti.,corporate,,,akdenizsaglik@akdeniz.com.tr,+905518247157,Kocaeli,True,True,2026-07-24T12:32:19,2027-01-03T12:32:19
C003800,Ece Keskin,individual,F,2001-10-12,ece.keskin@yahoo.com,+905488552071,Ankara,True,True,2024-08-20T16:23:24,2024-09-05T16:23:24
C003801,Esra Kılıç,individual,F,1992-05-23,esra.kilic@gmail.com,5481005238,İstanbul,True,False,2024-01-01T19:37:19,2024-03-15T19:37:19
C003802,Merve Acar,individual,F,1996-06-30,merve.acar@gmail.com,+905534102941,İzmir,True,False,2024-05-21T11:33:20,2024-11-17T11:33:20
C003803,Oğuz Taş,individual,M,1974-01-23,oguz.tas8@icloud.com,05363340892,İstanbul,True,False,2023-10-21T03:19:41,2023-11-07T03:19:41
C003804,Selim Kara,individual,M,2002-08-13,selim.kara15@icloud.com,+90 536 910 0177,İstanbul,True,True,2025-05-11T10:58:34,2025-10-23T10:58:34
C003805,Kerem Tekin,individual,M,1969-12-14,kerem.tekin@yahoo.com,5458028393,Muğla,True,True,2024-08-19T23:30:04,2024-10-22T23:30:04
C003806,Serkan Turan,individual,M,1971-07-03,serkan.turan@icloud.com,+905361661733,Antalya,True,True,2024-09-02T06:40:34,2025-01-02T06:40:34
C003807,Anadolu Yazılım A.Ş.,corporate,,,anadoluyazilim@anadolu.com.tr,+905519063450,Ankara,True,True,2025-04-07T02:40:59,2025-06-22T02:40:59
C003808,Mustafa Özkan,individual,M,1984-10-29,mustafa.ozkan@yahoo.com,+905564648337,Mersin,True,True,2026-02-13T00:14:42,2026-08-15T00:14:42
C003809,Can Şimşek,individual,M,1992-12-01,can.simsek@yahoo.com,+905462694831,Ankara,True,False,2024-08-13T04:38:11,2025-01-06T04:38:11
C003810,Arda Doğan,individual,M,1975-10-15,arda.dogan@yahoo.com,+905419105503,Ankara,False,False,2024-03-18T15:08:36,2024-07-07T15:08:36
C003811,Büşra Doğan,individual,F,1987-06-26,busra.dogan@icloud.com,+905556994608,İstanbul,True,True,2024-07-23T11:14:56,2025-01-15T11:14:56
C003812,Meridyen Turizm A.Ş.,corporate,,,meridyenturizm@meridyen.com.tr,+905541935955,Ankara,True,False,2025-06-26T03:41:15,2025-11-29T03:41:15
C003813,Pınar Bozkurt,individual,F,1989-08-30,pinar.bozkurt45@hotmail.com,+905362731365,İstanbul,True,True,2024-11-02T23:14:09,2024-11-19T23:14:09
C003814,Kaan Tekin,individual,M,1978-01-18,kaan.tekin@gmail.com,+905583099788,Bursa,True,True,2024-03-27T11:56:37,2024-09-04T11:56:37
C003815,Cem Demir,individual,M,1989-08-09,cem.demir@hotmail.com,+905317202186,Muğla,True,False,2024-07-29T10:02:02,2025-01-02T10:02:02
C003816,Halil Arslan,individual,M,1978-04-03,halil.arslan74@outlook.com,5557154310,İstanbul,True,False,2026-04-28T20:23:15,2026-08-15T20:23:15
C003817,Halil Sarı,individual,M,1994-08-09,halil.sari@outlook.com,+905393741551,İstanbul,True,True,2025-03-19T16:20:41,2025-04-16T16:20:41
C003818,Atlas İnşaat Ltd. Şti.,corporate,,,atlasinsaat@atlas.com.tr,+905327247083,İstanbul,True,False,2026-07-31T22:40:36,2027-01-27T22:40:36
C003819,Beyza Aslan,individual,F,1960-10-29,beyza.aslan@yahoo.com,+905401047345,Muğla,True,False,2026-04-23T15:10:37,2026-11-07T15:10:37
C003820,Onur Ateş,individual,M,1970-10-26,onur.ates@gmail.com,0540 527 56 79,Adana,True,True,2024-07-13T12:13:52,2024-12-14T12:13:52
C003821,Can Çelik,individual,M,1982-11-15,can.celik98@gmail.com,+905502010298,Kocaeli,False,False,2024-08-15T10:12:54,2024-11-12T10:12:54
C003822,Umut Polat,individual,M,1983-02-04,umut.polat@yahoo.com,+905463213407,İstanbul,True,False,2025-11-04T03:31:26,2026-01-17T03:31:26
C003823,Serkan Arslan,individual,M,1989-10-09,serkan.arslan38@outlook.com,+905338365408,İstanbul,True,True,2026-01-09T03:10:09,2026-05-12T03:10:09
C003824,İbrahim Keskin,individual,M,2002-03-05,ibrahim.keskin@gmail.com,+905515254384,İstanbul,False,True,2025-03-28T03:18:30,2025-10-12T03:18:30
C003825,Serkan Kaya,individual,M,1979-03-05,serkan.kaya@gmail.com,+905539486629,Ankara,True,False,2024-09-25T03:29:43,2024-12-03T03:29:43
C003826,Gamze Turan,individual,F,1998-05-18,gamze.turan60@yahoo.com,+905583970193,Ankara,True,False,2024-12-10T16:05:36,2025-06-24T16:05:36
C003827,Kerem Taş,individual,M,1985-01-17,kerem.tas42@hotmail.com,+905412676232,İstanbul,True,False,2024-10-01T18:02:35,2025-04-10T18:02:35
C003828,Cem Demir,individual,M,1971-10-20,cem.demir@gmail.com,05302222957,İstanbul,True,False,2024-08-23T14:11:53,2024-12-29T14:11:53
C003829,Burak Öztürk,individual,M,1986-10-31,burak.ozturk@hotmail.com,+905522699852,Konya,True,False,2025-06-30T19:23:12,2025-12-24T19:23:12
C003830,Kerem Turan,individual,M,1993-07-08,kerem.turan@yahoo.com,+905348422276,Antalya,True,True,2024-11-08T21:49:18,2025-03-24T21:49:18
C003831,Global İnşaat Ltd. Şti.,corporate,,,globalinsaat@global.com.tr,+905539567266,Adana,False,False,2024-11-06T14:07:43,2025-03-18T14:07:43
C003832,Marmara Danışmanlık Ltd. Şti.,corporate,,,marmaradanismanlik@marmara.com.tr,+905401330152,Mersin,True,True,2023-12-01T19:04:05,2024-03-07T19:04:05
C003833,Eren Kara,individual,M,1976-11-15,eren.kara46@yahoo.com,+905465319842,Antalya,True,True,2024-10-27T16:50:53,2025-02-14T16:50:53
C003834,Merve Ünal,individual,F,1962-10-06,merve.unal57@outlook.com,+905521528344,Konya,True,False,2026-04-23T20:24:28,2026-10-04T20:24:28
C003835,Ufuk Teknoloji Ltd. Şti.,corporate,,,ufukteknoloji@ufuk.com.tr,+905454099356,Ankara,True,True,2025-07-06T04:58:55,2025-08-04T04:58:55
C003836,Hasan Kaya,individual,M,1999-07-27,hasan.kaya@icloud.com,05533615861,Eskişehir,True,True,2024-12-07T03:27:06,2024-12-13T03:27:06
C003837,Elif Doğan,individual,F,1985-05-06,elif.dogan57@outlook.com,+905549964775,İstanbul ,False,True,2026-03-18T18:44:13,2026-09-12T18:44:13
C003838,Elif Sarı,individual,F,1963-02-04,elif.sari1@yahoo.com,+905518918870,İstanbul,True,False,2025-10-20T16:00:08,2026-02-21T16:00:08
C003839,Hasan Çelik,individual,M,1992-09-27,hasan.celik77@gmail.com,+905563034480,İstanbul,True,False,2024-01-21T21:25:55,2024-02-22T21:25:55
C003840,Eren Kurt,individual,M,1980-09-18,eren.kurt@hotmail.com,+905455879972,İstanbul,True,False,2024-05-06T21:15:48,2024-07-30T21:15:48
C003841,Global Enerji Ltd. Şti.,corporate,,,globalenerji@global.com.tr,+905342560913,İstanbul,True,True,2026-06-02T09:29:50,2026-08-13T09:29:50
C003842,Ege Gıda Ltd. Şti.,corporate,,,egegida@ege.com.tr,+905508360057,İstanbul,True,True,2024-02-10T16:05:21,2024-03-10T16:05:21
C003843,Kaan Demir,individual,M,1985-01-23,kaan.demir90@icloud.com,05345191526,Samsun,True,False,2026-05-22T01:35:55,2026-06-06T01:35:55
C003844,Ece Acar,individual,F,1969-12-16,ece.acar@gmail.com,+905397247522,Ankara,True,False,2026-01-24T13:03:24,2026-07-30T13:03:24
C003845,Oğuz Yalçın,individual,M,1988-05-09,oguz.yalcin@gmail.com,+905306307219,ISTANBUL,True,True,2024-09-02T11:34:53,2024-09-12T11:34:53
C003846,Cem Şimşek,individual,M,1967-01-29,cem.simsek87@yahoo.com,+905448880748,İstanbul,True,False,2025-10-06T17:28:44,2025-11-04T17:28:44
C003847,Mehmet Uzun,individual,M,1988-11-11,mehmet.uzun@gmail.com,05398208035,İstanbul,True,True,2024-04-05T08:56:41,2024-06-09T08:56:41
C003848,Mehmet Bozkurt,individual,M,1991-09-11,mehmet.bozkurt@hotmail.com,+905379316642,Konya,True,False,2025-04-24T12:45:29,2025-09-25T12:45:29
C003849,Damla Kara,individual,F,1982-04-05,damla.kara73@outlook.com,+905303162824,İstanbul,True,True,2024-04-07T13:54:30,2024-09-14T13:54:30
C003850,Boğaziçi Gıda A.Ş.,corporate,,,bogazicigida@bogazici.com.tr,+905538239254,İstanbul,True,True,2025-08-30T12:08:03,2026-02-23T12:08:03
C003851,Mustafa Kaya,individual,M,1992-11-15,mustafa.kaya21@yahoo.com,+905307688319,Mersin,True,False,2025-07-20T05:47:12,2025-09-19T05:47:12
C003852,Ayşe Yılmaz,individual,F,1993-08-24,ayse.yilmaz@outlook.com,+905415866044,ankara,True,True,2024-02-27T05:13:33,2024-06-08T05:13:33
C003853,Ufuk Gıda Ltd. Şti.,corporate,,,ufukgida@ufuk.com.tr,+905566739055,İstanbul,True,True,2024-10-15T03:57:36,2025-04-23T03:57:36
C003854,Atlas Medya A.Ş.,corporate,,,atlasmedya@atlas.com.tr,+905526126624,İstanbul,True,True,2025-05-27T00:29:49,2025-11-10T00:29:49
C003855,Mustafa Çetin,individual,M,1992-10-15,mustafa.cetin25@gmail.com,+905506829654,İstanbul,True,True,2025-08-19T09:23:08,2026-02-15T09:23:08
C003856,Zirve Medya Ltd. Şti.,corporate,,,zirvemedya@zirve.com.tr,+905537065700,Konya,True,True,2024-07-07T08:45:26,2024-09-12T08:45:26
C003857,Ege Yazılım A.Ş.,corporate,,,egeyazilim@ege.com.tr,+905493251788,Mersin,True,False,2024-01-08T14:13:46,2024-03-12T14:13:46
C003858,Hasan Demir,individual,M,1974-02-25,hasan.demir@yahoo.com,+905435406933,İzmir,True,True,2024-01-21T18:28:47,2024-02-24T18:28:47
C003859,Umut Yıldırım,individual,M,1992-09-03,umut.yildirim28@outlook.com,+905373187557,Denizli,True,False,2024-03-18T13:35:31,2024-08-24T13:35:31
C003860,Kerem Ateş,individual,M,1979-11-17,kerem.ates71@hotmail.com,+905404494460,istanbul,False,True,2024-08-18T18:55:03,2024-11-25T18:55:03
C003861,Nova Gıda A.Ş.,corporate,,,novagida@nova.com.tr,+905398540039,İstanbul,True,True,2024-07-28T13:52:13,2024-08-07T13:52:13
C003862,Ömer Sarı,individual,M,1991-05-30,omer.sari75@yahoo.com,+905584826902,İzmir,True,True,2025-02-20T00:57:48,2025-03-03T00:57:48
C003863,Onur Öztürk,individual,M,1981-07-21,onur.ozturk43@hotmail.com,+905352117837,İstanbul,True,False,2025-01-25T04:00:03,2025-06-15T04:00:03
C003864,Ece Yıldırım,individual,F,1985-07-25,ece.yildirim38@outlook.com,+905502452576,İstanbul,True,False,2025-03-05T17:37:06,2025-03-12T17:37:06
C003865,Sude Doğan,individual,F,1995-10-24,sude.dogan@gmail.com,5403701814,İstanbul,True,False,2026-01-10T15:44:07,2026-02-13T15:44:07
C003866,Cem Polat,individual,M,1979-06-15,cem.polat@gmail.com,+905325727843,Adana,True,True,2024-06-10T15:42:04,2024-09-02T15:42:04
C003867,Cem Aslan,individual,M,1987-12-22,cem.aslan@yahoo.com,+905499883992,Antalya,True,True,2025-05-10T23:35:34,2025-08-06T23:35:34
C003868,Boğaziçi İnşaat Ltd. Şti.,corporate,,,bogaziciinsaat@bogazici.com.tr,+905427972025,Ankara,True,False,2024-08-13T20:40:45,2024-11-06T20:40:45
C003869,Eren Kurt,individual,M,1988-03-19,,+905361309183,İstanbul,True,False,2025-09-14T22:29:24,2026-03-10T22:29:24
C003870,Nur Demir,individual,F,1991-08-11,,+905323930717,Adana,True,True,2023-09-22T18:18:05,2024-03-24T18:18:05
C003871,Halil Aslan,individual,M,1987-01-10,halil.aslan33@yahoo.com,+905524285371,Bursa,True,True,2023-11-07T18:55:17,2024-04-23T18:55:17
C003872,Akdeniz Sağlık A.Ş.,corporate,,,akdenizsaglik@akdeniz.com.tr,+905599392473,Bursa,False,True,2025-12-05T15:01:24,2026-06-09T15:01:24
C003873,Derya Yıldırım,individual,F,1979-06-05,derya.yildirim@icloud.com,+905441693449,İstanbul,True,True,2024-08-08T04:03:07,2025-02-13T04:03:07
C003874,Tuğba Tekin,individual,F,1984-09-03,tugba.tekin@hotmail.com,+905396680738,Ankara,True,True,2024-06-24T20:51:16,2024-12-28T20:51:16
C003875,Esra Yıldırım,individual,F,1999-07-14,esra.yildirim@icloud.com,+905454139331,İzmir,True,True,2025-09-28T00:24:19,2025-11-22T00:24:19
C003876,Sude Bozkurt,individual,F,1992-10-06,sude.bozkurt59@hotmail.com,+905414959821,İstanbul,True,True,2024-11-28T04:55:59,2024-12-07T04:55:59
C003877,Sude Doğan,individual,F,1990-04-28,sude.dogan@outlook.com,0559 620 38 98,İstanbul,True,False,2024-08-03T23:45:31,2024-12-18T23:45:31
C003878,Nazlı Ünal,individual,F,1993-02-14,nazli.unal@gmail.com,+905401272220,Denizli,False,True,2024-10-06T13:41:03,2025-01-11T13:41:03
C003879,Kerem Kaya,individual,M,1983-04-03,kerem.kaya@icloud.com,+905525554166,Muğla,True,True,2024-12-30T12:15:10,2025-07-09T12:15:10
C003880,Damla Karaca,individual,F,1973-12-14,damla.karaca@yahoo.com,+905368441968,Kocaeli,True,True,2024-06-13T19:59:02,2024-09-03T19:59:02
C003881,Cem Keskin,individual,M,1972-09-28,cem.keskin@hotmail.com,+905577442588,İzmir,True,False,2025-04-30T08:21:00,2025-10-01T08:21:00
C003882,Umut Karaca,individual,M,2002-08-30,umut.karaca@gmail.com,5597947095,İstanbul,True,True,2024-05-24T04:21:02,2024-06-07T04:21:02
C003883,Büşra Kaya,individual,F,1980-05-30,busra.kaya@icloud.com,+905424389556,İzmir,True,False,2024-03-24T07:04:24,2024-07-29T07:04:24
C003884,Ebru Öztürk,individual,F,1976-02-06,ebru.ozturk@outlook.com,+905504333656,İstanbul,True,False,2025-06-13T07:18:30,2025-12-18T07:18:30
C003885,Emre Güneş,individual,M,1990-12-04,emre.gunes30@hotmail.com,5483158304,İstanbul,True,False,2023-12-24T02:55:24,2024-05-04T02:55:24
C003886,Nova İnşaat Ltd. Şti.,corporate,,,novainsaat@nova.com.tr,+905334387224,İstanbul,True,True,2023-11-24T21:07:08,2024-04-09T21:07:08
C003887,Mehmet Aydın,individual,M,1979-12-03,mehmet.aydin94@outlook.com,+905411753106,Kocaeli,True,False,2025-07-31T15:59:30,2025-08-31T15:59:30
C003888,Derya Özkan,individual,F,1994-03-27,derya.ozkan@hotmail.com,+905405265302,İstanbul,True,False,2025-08-11T00:17:33,2025-12-14T00:17:33
C003889,Hüseyin Bozkurt,individual,M,1980-08-26,huseyin.bozkurt@hotmail.com,0555 841 38 63,İstanbul,True,True,2025-10-08T20:01:07,2025-10-20T20:01:07
C003890,Atlas Lojistik Ltd. Şti.,corporate,,,atlaslojistik@atlas.com.tr,+905578985046,İstanbul,False,False,2025-06-07T21:09:51,2025-11-10T21:09:51
C003891,Boğaziçi Yazılım Ltd. Şti.,corporate,,,bogaziciyazilim@bogazici.com.tr,+905495095218,istanbul,True,False,2024-07-12T16:53:09,2024-12-27T16:53:09
C003892,Arda Acar,individual,M,1991-10-27,arda.acar56@outlook.com,+905566304161,İstanbul,True,False,2024-02-03T01:10:58,2024-06-27T01:10:58
C003893,Hüseyin Kurt,individual,M,1984-03-13,huseyin.kurt88@outlook.com,+90 558 417 7417,İzmir,True,False,2025-11-25T16:06:23,2026-04-16T16:06:23
C003894,Gamze Demir,individual,F,1977-06-18,gamze.demir43@icloud.com,+90 541 732 1369,İstanbul,True,True,2025-09-18T03:56:46,2025-10-06T03:56:46
C003895,Tuğba Aksoy,individual,F,1996-11-29,tugba.aksoy@outlook.com,+905512468792,Muğla,True,True,2024-01-17T15:06:15,2024-01-19T15:06:15
C003896,Deniz Kaya,individual,M,1992-12-09,deniz.kaya@hotmail.com,+905593067362,İstanbul,True,False,2026-03-19T19:05:10,2026-06-21T19:05:10
C003897,Nazlı Korkmaz,individual,F,1964-03-01,nazli.korkmaz@outlook.com,+905389270632,İstanbul,True,True,2025-01-26T20:06:08,2025-06-14T20:06:08
C003898,Emre Aslan,individual,M,1981-09-23,emre.aslan@icloud.com,+905595445073,Ankara,True,True,2025-05-08T16:39:52,2025-06-17T16:39:52
C003899,Mehmet Kara,individual,M,1985-07-31,mehmet.kara27@hotmail.com,+905315817754,İstanbul,True,False,2026-08-07T08:12:57,2026-10-01T08:12:57
C003900,Aslı Bozkurt,individual,F,1978-01-13,asli.bozkurt69@icloud.com,+905573289703,İzmir,True,True,2024-06-08T02:00:14,2024-07-24T02:00:14
C003901,Kerem Doğan,individual,M,1988-06-28,kerem.dogan@yahoo.com,+905492821692,Ankara,True,True,2025-11-28T22:30:39,2026-02-19T22:30:39
C003902,Atlas Lojistik Ltd. Şti.,corporate,,,atlaslojistik@atlas.com.tr,+905486391208,ISTANBUL,True,True,2024-11-09T21:40:18,2025-02-14T21:40:18
C003903,Mustafa Bulut,individual,M,1973-06-23,mustafa.bulut48@gmail.com,+905408757157,Ankara,True,True,2024-08-20T08:02:45,2025-02-15T08:02:45
C003904,İbrahim Şahin,individual,M,1994-06-27,ibrahim.sahin9@hotmail.com,+905499776575,Bursa,True,False,2026-07-24T11:38:17,2026-09-19T11:38:17
C003905,İbrahim Aydın,individual,M,1955-07-01,ibrahim.aydin72@gmail.com,+905408870092,ANKARA,True,True,2025-02-26T03:37:03,2025-08-03T03:37:03
C003906,Hasan Karaca,individual,M,1980-11-02,hasan.karaca15@icloud.com,+905462861304,Bursa,True,False,2024-07-17T22:30:13,2024-12-04T22:30:13
C003907,Oğuz Aslan,individual,M,2002-08-14,oguz.aslan@hotmail.com,+905387208443,İstanbul,True,False,2025-04-26T22:46:58,2025-06-03T22:46:58
C003908,Umut Yıldız,individual,M,1988-12-13,umut.yildiz@yahoo.com,+905508275983,Ankara,True,False,2025-10-15T15:36:18,2026-02-02T15:36:18
C003909,Berk Turan,individual,M,1977-06-09,berk.turan71@outlook.com,+905346590211,İzmir,True,False,2024-08-03T21:54:14,2024-12-24T21:54:14
C003910,Hasan Kılıç,individual,M,1967-12-16,hasan.kilic3@hotmail.com,+905392011677,Kocaeli,True,True,2026-08-07T23:23:52,2027-01-03T23:23:52
C003911,Onur Doğan,individual,M,1982-04-15,onur.dogan@icloud.com,+905523078470,İstanbul,True,False,2026-02-13T16:30:46,2026-06-30T16:30:46
C003912,Emre Şimşek,individual,M,1986-02-06,emre.simsek@outlook.com,+905531774073,Ankara,True,True,2024-04-14T16:49:34,2024-08-16T16:49:34
C003913,Efe Acar,individual,M,1976-11-03,efe.acar@hotmail.com,+905427842899,Denizli,True,False,2024-10-16T06:30:14,2024-11-21T06:30:14
C003914,Burak Ünal,individual,M,1983-11-01,burak.unal@gmail.com,0530 284 07 50,Bursa,True,False,2023-09-22T09:11:33,2024-01-03T09:11:33
C003915,Can Taş,individual,M,1990-09-01,can.tas@yahoo.com,0 (533) 689-8947,Gaziantep,True,False,2024-10-09T10:50:52,2024-11-05T10:50:52
C003916,Ege Otomotiv Yan Sanayi Ltd. Şti.,corporate,,,egeotomotivyansanayi@ege.com.tr,+905495574305,istanbul,True,True,2026-02-12T14:24:50,2026-02-13T14:24:50
C003917,Serkan Güneş,individual,M,2002-10-11,serkan.gunes12@icloud.com,+905325459119,Muğla,True,False,2025-06-10T05:07:05,2025-08-14T05:07:05
C003918,Aslı Güneş,individual,F,1970-02-13,asli.gunes@hotmail.com,+905352847523,Muğla,True,False,2025-06-13T11:02:04,2025-08-06T11:02:04
C003919,Ufuk Otomotiv Yan Sanayi Ltd. Şti.,corporate,,,ufukotomotivyansanayi@ufuk.com.tr,+905413644877,ANKARA,True,True,2025-06-26T00:14:10,2025-08-15T00:14:10
C003920,Ayşe Bozkurt,individual,F,1985-10-15,ayse.bozkurt@yahoo.com,+905407190525,Istanbul,True,True,2026-07-18T06:27:17,2026-09-25T06:27:17
C003921,Furkan Yıldız,individual,M,1993-09-24,furkan.yildiz@outlook.com,+905501984152,İstanbul,True,True,2026-04-18T16:18:57,2026-09-22T16:18:57
C003922,Arda Sarı,individual,M,1993-11-18,arda.sari41@hotmail.com,+905583491085,Ankara,True,True,2024-05-28T18:09:34,2024-07-16T18:09:34
C003923,Barış Doğan,individual,M,1999-10-29,baris.dogan@outlook.com,5568488340,İstanbul,True,False,2024-06-16T12:16:02,2024-08-05T12:16:02
C003924,Cem Turan,individual,M,2002-09-19,cem.turan@outlook.com,+90 531 254 4225,İstanbul,False,True,2024-06-13T00:48:16,2024-10-24T00:48:16
C003925,Serkan Özkan,individual,M,1993-01-21,serkan.ozkan24@yahoo.com,+905495258862,İstanbul,True,False,2023-11-15T11:51:47,2024-01-16T11:51:47
C003926,Barış Uzun,individual,M,1995-04-11,baris.uzun47@yahoo.com,+905522372574,Ankara,True,True,2024-02-14T07:46:24,2024-07-04T07:46:24
C003927,Zeynep Korkmaz,individual,F,1998-02-10,zeynep.korkmaz@hotmail.com,+905516052741,Adana,True,False,2026-02-26T09:04:34,2026-03-10T09:04:34
C003928,Kaan Ünal,individual,M,1998-05-18,kaan.unal8@hotmail.com,+905406407462,İstanbul,True,False,2024-09-15T19:41:03,2024-12-23T19:41:03
C003929,Hüseyin Kılıç,individual,M,1994-07-05,huseyin.kilic53@gmail.com,+905453721940,İzmir,True,False,2024-01-11T00:40:18,2024-01-19T00:40:18
C003930,Ahmet Keskin,individual,M,1969-05-12,ahmet.keskin@outlook.com,0557 596 93 38,İstanbul,True,True,2023-09-04T05:42:44,2023-10-03T05:42:44
C003931,Derya Taş,individual,F,1981-11-25,derya.tas at yahoo.com,+905327285556,Bursa,True,False,2023-09-13T12:03:45,2023-12-10T12:03:45
C003932,Cem Erdoğan,individual,M,1982-12-21,cem.erdogan27@yahoo.com,+905595676952,Adana,True,False,2024-08-09T05:23:25,2025-01-05T05:23:25
C003933,Tolga Şimşek,individual,M,1986-02-22,tolga.simsek@icloud.com,+905468585270,İstanbul,True,False,2025-02-25T14:26:15,2025-04-09T14:26:15
C003934,Mustafa Aksoy,individual,M,1978-05-21,,+905415057030,İstanbul,True,True,2026-02-06T08:55:36,2026-04-08T08:55:36
C003935,Ömer Öztürk,individual,M,1989-07-23,omer.ozturk87@yahoo.com,05592351813,Ankara,True,True,2025-06-16T20:21:09,2025-08-14T20:21:09
C003936,Ömer Tekin,individual,M,1984-04-03,omer.tekin@hotmail.com,+905473952090,İstanbul,True,False,2026-06-09T11:10:05,2026-08-16T11:10:05
C003937,İbrahim Güneş,individual,M,1986-09-11,ibrahim.gunes@outlook.com,+905487627512,İstanbul,True,True,2025-06-09T16:58:10,2025-11-02T16:58:10
C003938,Deniz Çakır,individual,M,1986-09-20,deniz.cakir@icloud.com,+905549305073,Antalya,True,True,2026-08-06T07:57:22,2027-02-02T07:57:22
C003939,Beyza Bulut,individual,F,1986-09-15,beyza.bulut@outlook.com,+905539158574,İstanbul,True,True,2025-03-28T11:23:39,2025-07-17T11:23:39
C003940,Beyza Şahin,individual,F,1970-02-21,beyza.sahin@yahoo.com,+905464913891,Kocaeli,True,False,2025-11-10T05:01:27,2026-03-17T05:01:27
C003941,Yıldız Yazılım Ltd. Şti.,corporate,,,yildizyazilim@yildiz.com.tr,+905305004699,İstanbul,True,False,2023-11-23T21:22:43,2024-03-30T21:22:43
C003942,Emre Kara,individual,M,1996-05-15,emre.kara@yahoo.com,+905579696628,İstanbul,True,True,2024-09-27T12:25:09,2024-11-06T12:25:09
C003943,Anadolu Enerji A.Ş.,corporate,,,anadoluenerji@anadolu.com.tr,+905481303101,Samsun,True,True,2025-08-18T22:13:35,2025-08-19T22:13:35
C003944,Yusuf Kaya,individual,M,1996-02-12,yusuf.kaya@hotmail.com,0 (533) 717-6987,İstanbul,True,True,2024-04-05T09:00:42,2024-10-06T09:00:42
C003945,Akdeniz Sağlık Ltd. Şti.,corporate,,,akdenizsaglik@akdeniz.com.tr,+905424581133,İstanbul,True,False,2025-12-10T04:42:44,2026-01-30T04:42:44
C003946,Serkan Özdemir,individual,M,1984-02-11,serkan.ozdemir@outlook.com,+905431582657,Kocaeli,True,False,2024-11-15T08:08:09,2025-03-28T08:08:09
C003947,Büşra Uzun,individual,F,1985-03-26,busra.uzun@icloud.com,+905503272222,Ankara,True,False,2024-08-09T20:45:18,2024-10-20T20:45:18
C003948,Dilara Arslan,individual,F,1965-11-16,dilara.arslan@gmail.com,0 (538) 952-2329,İstanbul,True,False,2024-06-10T16:54:45,2024-10-30T16:54:45
C003949,Ali Yıldız,individual,M,1989-06-06,ali.yildiz72@yahoo.com,+905446601455,Kocaeli,True,True,2024-04-02T16:59:23,2024-06-04T16:59:23
C003950,Yıldız Yazılım Ltd. Şti.,corporate,,,yildizyazilim@yildiz.com.tr,0 (535) 534-6721,İstanbul,True,True,2024-09-19T06:32:58,2025-03-10T06:32:58
C003951,Yasemin Yıldız,individual,F,2002-05-03,yasemin.yildiz@icloud.com,+905332717978,Muğla,False,False,2026-01-21T17:02:06,2026-04-28T17:02:06
C003952,Ömer Kılıç,individual,M,1988-11-25,omer.kilic@yahoo.com,+905304569846,Bursa,True,True,2024-11-25T13:11:34,2025-03-04T13:11:34
C003953,Selin Güneş,individual,F,2002-11-02,selin.gunes@outlook.com,+905402350467,Kocaeli,True,True,2023-11-25T04:48:52,2024-03-24T04:48:52
C003954,Kaan Şimşek,individual,M,1985-11-16,kaan.simsek@icloud.com,+905348414719,İstanbul,True,True,2026-04-08T05:21:37,2026-10-05T05:21:37
C003955,İrem Bozkurt,individual,F,2002-07-13,irem.bozkurt@icloud.com,+905526709042,İstanbul,True,False,2026-02-10T19:31:31,2026-06-20T19:31:31
C003956,Gizem Aksoy,individual,F,1977-12-03,gizem.aksoy at gmail.com,+905463834732,İstanbul,True,True,2026-03-31T03:19:40,2026-07-15T03:19:40
C003957,Marmara Medya A.Ş.,corporate,,,marmaramedya@marmara.com.tr,+905578795269,İstanbul,True,True,2026-04-04T10:35:44,2026-05-26T10:35:44
C003958,Efe Çakır,individual,M,1965-12-19,efe.cakir@hotmail.com,+905591754633,İzmir,True,True,2026-06-26T08:32:12,2026-10-14T08:32:12
C003959,Akdeniz Yazılım A.Ş.,corporate,,,akdenizyazilim@akdeniz.com.tr,+905477738149,Ankara,True,True,2024-05-15T22:19:44,2024-09-08T22:19:44
C003960,Ece Taş,individual,F,1980-05-05,ece.tas98@outlook.com,0539 265 87 18,Ankara,True,False,2026-06-06T17:17:26,2026-09-25T17:17:26
C003961,Ahmet Arslan,individual,M,1983-09-11,ahmet.arslan@yahoo.com,+905581034708,Samsun,True,False,2025-07-13T14:09:41,2025-08-31T14:09:41
C003962,Ahmet Yıldırım,individual,M,1971-06-17,ahmet.yildirim@gmail.com,+905417292401,İzmir,True,True,2025-07-16T03:24:27,2025-09-13T03:24:27
C003963,Ebru Aksoy,individual,F,1979-12-28,ebru.aksoy@icloud.com,+905556380560,Bursa,True,True,2023-11-17T03:37:47,2024-05-06T03:37:47
C003964,Melis Özkan,individual,F,2001-05-14,melis.ozkan63@yahoo.com,+905337387783,Ankara,True,True,2023-12-14T08:43:31,2024-04-11T08:43:31
C003965,Selin Doğan,individual,F,1993-03-25,selin.dogan@outlook.com,+905349195026,İstanbul,True,True,2026-02-16T10:46:42,2026-03-29T10:46:42
C003966,Hasan Aydın,individual,M,1988-03-12,hasan.aydin@hotmail.com,+905591138223,Denizli,True,False,2025-01-03T08:11:36,2025-01-05T08:11:36
C003967,Derya Doğan,individual,F,1994-03-09,derya.dogan44@icloud.com,+905447890183,İstanbul,True,True,2025-08-21T04:34:25,2025-10-02T04:34:25
C003968,Marmara Otomotiv Yan Sanayi A.Ş.,corporate,,,marmaraotomotivyansanayi@marmara.com.tr,+905342137651,İstanbul,True,True,2026-01-17T03:31:36,2026-05-06T03:31:36
C003969,Nova Gıda Ltd. Şti.,corporate,,,novagida@nova.com.tr,+905418917345,İstanbul,True,False,2025-08-06T12:46:08,2025-11-14T12:46:08
C003970,Selin Kılıç,individual,F,1986-05-01,selin.kilic@gmail.com,+905337718055,Antalya,True,True,2024-05-24T00:22:24,2024-06-18T00:22:24
C003971,Meridyen Teknoloji A.Ş.,corporate,,,meridyenteknoloji@meridyen.com.tr,+905303624140,İstanbul,False,True,2024-04-05T07:46:43,2024-09-13T07:46:43
C003972,Selim Kılıç,individual,M,1994-05-19,,+905411795792,İstanbul,True,True,2024-12-06T14:51:28,2024-12-06T14:51:28
C003973,Halil Aksoy,individual,M,1972-05-17,halil.aksoy76@yahoo.com,+905339155912,İstanbul,True,False,2024-05-29T18:12:37,2024-07-13T18:12:37
C003974,Atlas Sağlık A.Ş.,corporate,,,atlassaglik@atlas.com.tr,+905415051408,istanbul,True,False,2023-09-20T01:39:12,2024-03-02T01:39:12
C003975,Elif Arslan,individual,F,1991-04-16,elif.arslan@gmail.com,+905446330550,Ankara,True,True,2024-01-22T20:27:22,2024-02-03T20:27:22
C003976,Murat Yıldız,individual,M,1988-06-18,murat.yildiz@yahoo.com,+905581329165,İstanbul,True,False,2026-07-29T23:41:28,2026-11-23T23:41:28
C003977,Elif Kurt,individual,F,1993-04-15,elif.kurt@gmail.com,+905508707672,Ankara,True,False,2023-12-04T07:48:11,2024-06-15T07:48:11
C003978,Kerem Kaya,individual,M,1982-05-20,kerem.kaya@icloud.com,+905319081353,İstanbul,True,True,2026-03-10T12:50:57,2026-09-22T12:50:57
C003979,Emre Ünal,individual,M,1995-10-10,emre.unal48@yahoo.com,+905583917823,İstanbul,True,False,2024-08-04T04:32:26,2024-12-25T04:32:26
C003980,Eren Yıldırım,individual,M,1967-04-14,eren.yildirim@gmail.com,+905524570584,İstanbul,True,False,2024-01-19T02:18:01,2024-03-24T02:18:01
C003981,Mehmet Kurt,individual,M,1971-09-24,mehmet.kurt@gmail.com,+905307724587,Eskişehir,True,False,2025-07-01T07:43:13,2025-11-28T07:43:13
C003982,Eren Karaca,individual,M,1989-04-17,eren.karaca75@gmail.com,+905577544809,İstanbul ,True,False,2024-04-06T19:29:17,2024-10-07T19:29:17
C003983,Ali Aslan,individual,M,1982-04-22,ali.aslan36@icloud.com,0531 897 63 20,Bursa,True,True,2024-05-01T04:46:48,2024-10-04T04:46:48
C003984,Selim Yılmaz,individual,M,1991-09-17,selim.yilmaz94@yahoo.com,+905551193563,İstanbul,True,False,2024-10-04T09:33:52,2024-10-11T09:33:52
C003985,Arda Yalçın,individual,M,1989-02-23,arda.yalcin@outlook.com,+905328683058,İstanbul,True,True,2024-07-08T10:04:11,2024-09-27T10:04:11
C003986,Ömer Bulut,individual,M,1983-05-29,omer.bulut@yahoo.com,+90 530 905 1231,Denizli,True,False,2024-06-12T10:33:09,2024-10-09T10:33:09
C003987,Zirve Enerji A.Ş.,corporate,,,zirveenerji@zirve.com.tr,0 (530) 116-4589,İzmir,True,False,2025-02-06T19:14:15,2025-07-18T19:14:15
C003988,Arda Güneş,individual,M,1999-01-22,arda.gunes78@outlook.com,+905462506236,Kocaeli,True,False,2024-11-16T01:02:53,2025-04-21T01:02:53
C003989,Nur Korkmaz,individual,F,1968-07-17,nur.korkmaz@outlook.com,05528755612,Kocaeli,True,True,2024-04-08T09:36:45,2024-05-27T09:36:45
C003990,Ufuk Gıda A.Ş.,corporate,,,ufukgida@ufuk.com.tr,0532 269 20 59,İstanbul,True,False,2026-05-04T18:07:09,2026-08-14T18:07:09
C003991,Can Taş,individual,M,1987-10-16,can.tas@yahoo.com,+905445262765,İstanbul,True,True,2025-01-15T03:05:34,2025-03-24T03:05:34
C003992,Aslı Şahin,individual,F,1975-02-26,asli.sahin@outlook.com,+905309643417,İstanbul,True,True,2024-03-02T16:03:32,2024-07-03T16:03:32
C003993,Nazlı Korkmaz,individual,F,1971-02-13,nazli.korkmaz63@gmail.com,+905566670811,Kocaeli,True,True,2025-09-23T15:45:39,2025-10-19T15:45:39
C003994,Ahmet Turan,individual,M,1970-07-20,ahmet.turan@yahoo.com,+905572550858,İstanbul,True,False,2023-11-28T20:48:20,2024-05-11T20:48:20
C003995,Naz Aydın,individual,F,1977-10-15,naz.aydin@gmail.com,+905478632104,İstanbul,True,True,2026-02-11T00:12:50,2026-08-21T00:12:50
C003996,Arda Öztürk,individual,M,1974-02-19,arda.ozturk@icloud.com,+905347800116,İstanbul,True,False,2026-02-08T08:42:49,2026-02-19T08:42:49
C003997,Burak Kara,individual,M,1973-06-10,burak.kara30@outlook.com,+905476674181,Samsun,True,True,2025-02-18T17:19:29,2025-04-27T17:19:29
C003998,Serkan Avcı,individual,M,1996-01-30,serkan.avci@yahoo.com,+905552227892,İstanbul,True,True,2024-07-05T13:46:03,2025-01-02T13:46:03
C003999,Delta Turizm Ltd. Şti.,corporate,,,deltaturizm@delta.com.tr,+905443512167,İstanbul,True,True,2025-11-22T17:25:01,2026-02-05T17:25:01
C004000,Dilara Kılıç,individual,F,2000-09-16,dilara.kilic23@gmail.com,+905451235716,İstanbul,True,False,2025-02-06T22:02:43,2025-03-31T22:02:43
C004001,Yusuf Polat,individual,M,1985-07-08,yusuf.polat@gmail.com,+905311699002,Konya,True,False,2023-12-31T00:56:42,2024-01-04T00:56:42
C004002,Yusuf Erdoğan,individual,M,1979-02-07,yusuf.erdogan@gmail.com,+905586313425,Ankara,True,False,2025-09-27T12:09:22,2026-01-12T12:09:22
C004003,Tuğba Polat,individual,F,1983-09-21,tugba.polat@yahoo.com,+905304892905,Kocaeli,True,True,2025-04-08T22:07:45,2025-05-29T22:07:45
C004004,Boğaziçi Sağlık Ltd. Şti.,corporate,,,bogazicisaglik@bogazici.com.tr,+905425402991,Mersin,True,True,2024-10-30T07:04:07,2024-11-17T07:04:07
C004005,Tolga Taş,individual,M,1998-12-23,tolga.tas@icloud.com,+90 531 839 2894,İzmir,True,True,2026-02-01T08:55:39,2026-06-17T08:55:39
C004006,Selim Yıldız,individual,M,2002-11-14,selim.yildiz@outlook.com,+905438892596,Kocaeli,True,False,2023-12-30T21:05:49,2024-05-23T21:05:49
C004007,Yıldız Otomotiv Yan Sanayi A.Ş.,corporate,,,yildizotomotivyansanayi@yildiz.com.tr,+905408716486,İstanbul,True,False,2026-02-16T22:46:52,2026-08-26T22:46:52
C004008,Dilara Yıldırım,individual,F,1960-08-17,dilara.yildirim@yahoo.com,+905367835040,İzmir,True,False,2025-04-16T08:18:47,2025-09-19T08:18:47
C004009,Gizem Uzun,individual,F,1990-01-04,gizem.uzun72@hotmail.com,+905456397618,Ankara,True,True,2026-08-18T06:16:48,2027-01-28T06:16:48
C004010,Beyza Özdemir,individual,F,1985-09-12,beyza.ozdemir@icloud.com,+905548653570,İstanbul,True,False,2026-02-12T05:57:26,2026-07-02T05:57:26
C004011,Cansu Tekin,individual,F,1986-02-25,cansu.tekin7@icloud.com,0545 432 80 15,İstanbul,True,False,2025-07-17T02:46:07,2025-12-14T02:46:07
C004012,Anadolu Teknoloji A.Ş.,corporate,,,anadoluteknoloji@anadolu.com.tr,+905385901465,İstanbul,True,False,2024-07-11T12:50:42,2024-11-09T12:50:42
C004013,Derya Yıldız,individual,F,1989-06-26,derya.yildiz93@outlook.com,+905435458829,Mersin,True,True,2023-11-08T11:23:20,2023-12-24T11:23:20
C004014,Oğuz Ateş,individual,M,1988-07-26,oguz.ates67@yahoo.com,+905312936905,Ankara,True,True,2024-06-18T12:28:04,2024-11-12T12:28:04
C004015,Hasan Acar,individual,M,1960-04-22,hasan.acar@gmail.com,+905329596446,İstanbul,True,True,2024-11-04T07:14:42,2025-03-06T07:14:42
C004016,Tolga Sarı,individual,M,1985-09-07,tolga.sari34@hotmail.com,+905547724001,Bursa,True,True,2026-05-22T01:30:27,2026-07-31T01:30:27
C004017,Emre Aslan,individual,M,1991-12-10,emre.aslan@hotmail.com,+905381776923,Ankara,True,True,2026-04-27T17:07:49,2026-11-08T17:07:49
C004018,Deniz Yıldız,individual,M,1971-07-31,deniz.yildiz@gmail.com,+905419797766,Ankara,True,False,2023-09-14T04:10:37,2024-03-28T04:10:37
C004019,Onur Kaya,individual,M,1983-09-25,onur.kaya@hotmail.com,+905578434204,ankara,True,True,2024-05-30T18:32:20,2024-10-16T18:32:20
C004020,Kuzey Turizm Ltd. Şti.,corporate,,,kuzeyturizm@kuzey.com.tr,+905484318126,İstanbul,True,True,2026-06-21T12:34:37,2026-07-05T12:34:37
C004021,Ebru Kurt,individual,F,1973-12-30,ebru.kurt42@hotmail.com,+905329514340,Kocaeli,True,False,2026-08-23T12:06:09,2027-01-21T12:06:09
C004022,Naz Koç,individual,F,1982-12-18,naz.koc@yahoo.com,+905599137973,İstanbul,True,True,2024-08-02T17:16:33,2024-09-09T17:16:33
C004023,Halil Öztürk,individual,M,1977-06-03,halil.ozturk91@hotmail.com,+905353207439,İstanbul,True,False,2024-09-22T16:15:47,2024-12-18T16:15:47
C004024,Damla Sarı,individual,F,1985-09-22,damla.sari@yahoo.com,+905304693178,Muğla,True,False,2025-09-23T04:46:58,2025-10-28T04:46:58
C004025,Marmara Yazılım A.Ş.,corporate,,,marmarayazilim@marmara.com.tr,+905469679399,Muğla,False,False,2025-02-10T07:49:56,2025-02-18T07:49:56
C004026,Kuzey Gıda Ltd. Şti.,corporate,,,kuzeygida@kuzey.com.tr,+905437374674,Antalya,True,True,2025-03-02T13:21:18,2025-07-29T13:21:18
C004027,Damla Tekin,individual,F,1981-03-24,damla.tekin@icloud.com,+905584613838,İzmir,True,False,2025-01-08T05:05:36,2025-05-22T05:05:36
C004028,Zeynep Korkmaz,individual,F,2002-02-21,zeynep.korkmaz@yahoo.com,+905506702118,İstanbul,True,True,2024-05-24T09:56:38,2024-09-23T09:56:38
C004029,Meridyen Yazılım A.Ş.,corporate,,,meridyenyazilim@meridyen.com.tr,+905357016487,Adana,True,False,2024-11-12T02:52:28,2024-11-20T02:52:28
C004030,Naz Bozkurt,individual,F,1989-05-15,naz.bozkurt@icloud.com,+905489370996,Samsun,True,True,2025-09-16T03:01:00,2025-12-02T03:01:00
C004031,Ufuk Turizm Ltd. Şti.,corporate,,,ufukturizm@ufuk.com.tr,+905472644597,İzmir,True,True,2024-04-25T19:56:59,2024-09-16T19:56:59
C004032,Zirve Gıda A.Ş.,corporate,,,zirvegida@zirve.com.tr,+905321317475,Ankara,True,True,2025-03-24T00:15:39,2025-09-04T00:15:39
C004033,Büşra Koç,individual,F,1970-07-10,busra.koc42@gmail.com,+905574630456,İstanbul,True,True,2026-06-10T07:01:22,2026-10-19T07:01:22
C004034,Murat Yıldız,individual,M,1982-07-12,murat.yildiz47@gmail.com,+905309323512,İstanbul,True,True,2024-07-11T10:12:58,2024-08-21T10:12:58
C004035,Marmara Enerji Ltd. Şti.,corporate,,,marmaraenerji@marmara.com.tr,+905304721468,İstanbul,True,False,2025-07-24T22:31:58,2025-09-15T22:31:58
C004036,Berk Karaca,individual,M,1980-01-12,berk.karaca12@hotmail.com,05465094668,Bursa,True,True,2026-07-01T03:38:21,2026-09-03T03:38:21
C004037,Berk Öztürk,individual,M,1986-01-28,berk.ozturk30@icloud.com,+905379072320,İstanbul,True,True,2024-01-25T14:02:41,2024-07-04T14:02:41
C004038,Can Aydın,individual,M,2002-10-14,can.aydin11@outlook.com,+90 549 285 0404,İstanbul,True,False,2025-03-14T00:31:56,2025-09-04T00:31:56
C004039,Cem Tekin,individual,M,1975-12-04,cem.tekin@gmail.com,+905389873017,İzmir,True,False,2026-05-22T07:50:09,2026-05-26T07:50:09
C004040,Murat Şahin,individual,M,1997-08-10,murat.sahin@icloud.com,+905379586989,İstanbul,True,False,2024-11-28T14:04:01,2024-12-05T14:04:01
C004041,İrem Kılıç,individual,F,1990-01-04,irem.kilic66@yahoo.com,+905521571057,Samsun,True,True,2024-03-22T11:00:05,2024-09-20T11:00:05
C004042,Onur Polat,individual,M,1980-04-26,onur.polat@outlook.com,+905582070359,İstanbul,True,True,2025-01-23T07:36:10,2025-07-14T07:36:10
C004043,Tuğba Aydın,individual,F,1989-10-30,tugba.aydin85@icloud.com,+905479407388,İstanbul,True,False,2025-08-12T09:06:47,2026-02-15T09:06:47
C004044,Dilara Uzun,individual,F,1993-07-22,dilara.uzun@icloud.com,+905503215011,Bursa,True,False,2025-08-14T03:51:35,2025-08-25T03:51:35
C004045,Büşra Yıldırım,individual,F,1985-08-16,busra.yildirim@yahoo.com,+905597229305,İzmir,False,False,2024-12-16T05:09:45,2025-02-09T05:09:45
C004046,Ayşe Sarı,individual,F,1983-08-25,ayse.sari@yahoo.com,+905391298786,istanbul,True,False,2023-12-26T16:58:48,2024-01-28T16:58:48
C004047,Kerem Özdemir,individual,M,1990-05-28,kerem.ozdemir27@outlook.com,+905557427523,İstanbul,True,True,2026-05-19T03:59:27,2026-06-25T03:59:27
C004048,Oğuz Çetin,individual,M,1966-12-12,oguz.cetin@yahoo.com,+905365533610,İstanbul,True,True,2023-09-08T11:42:41,2024-03-15T11:42:41
C004049,Eren Turan,individual,M,1987-08-28,eren.turan15@hotmail.com,+905591045845,İstanbul,True,True,2025-08-24T23:20:44,2025-12-18T23:20:44
C004050,Arda Özkan,individual,M,2001-04-06,arda.ozkan47@hotmail.com,+905516926028,Bursa,True,False,2025-03-13T12:48:09,2025-04-18T12:48:09
C004051,Berk Demir,individual,M,1975-12-31,berk.demir16@icloud.com,+905501222705,İstanbul,True,False,2025-02-11T20:10:52,2025-07-03T20:10:52
C004052,Kuzey Tekstil A.Ş.,corporate,,,,+905582963969,İstanbul,True,False,2024-12-30T15:44:52,2025-04-22T15:44:52
C004053,Ceren Öztürk,individual,F,1958-10-29,ceren.ozturk@outlook.com,+905324972453,İstanbul,True,True,2024-12-27T16:03:26,2025-01-24T16:03:26
C004054,Ufuk Yazılım A.Ş.,corporate,,,ufukyazilim@ufuk.com.tr,+905451372024,Kocaeli,True,False,2025-07-06T14:29:13,2026-01-13T14:29:13
C004055,Efe Ünal,individual,M,1983-08-31,efe.unal49@hotmail.com,+905304190679,Ankara,True,False,2025-09-28T06:40:32,2025-12-20T06:40:32
C004056,Tolga Özkan,individual,M,2002-04-01,tolga.ozkan80@yahoo.com,0 (531) 956-2233,Muğla,True,False,2026-06-30T13:11:46,2026-10-26T13:11:46
C004057,Fatma Korkmaz,individual,F,1993-09-15,fatma.korkmaz@hotmail.com,+905528789509,ISTANBUL,True,False,2025-08-24T18:17:01,2025-12-27T18:17:01
C004058,Seda Aslan,individual,F,2000-05-07,seda.aslan23@hotmail.com,+905359706532,Denizli,True,True,2024-07-14T13:41:22,2024-10-16T13:41:22
C004059,Kaan Şahin,individual,M,1988-10-03,kaan.sahin@hotmail.com,+905535559365,İstanbul,True,False,2025-04-14T05:33:55,2025-06-24T05:33:55
C004060,Nazlı Bulut,individual,F,1989-01-17,nazli.bulut48@yahoo.com,+905573270662,İstanbul,False,False,2026-03-10T10:02:55,2026-03-11T10:02:55
C004061,Murat Arslan,individual,M,1967-08-26,murat.arslan69@gmail.com,+905349136393,İstanbul,True,False,2025-04-05T20:34:32,2025-10-21T20:34:32
C004062,Barış Taş,individual,M,1985-08-14,baris.tas@outlook.com,+905523312334,İstanbul,True,False,2026-07-20T05:09:58,2026-12-09T05:09:58
C004063,Onur Ünal,individual,M,1974-12-18,onur.unal@outlook.com,+905358399793,Ankara,True,True,2024-10-24T15:19:59,2025-03-18T15:19:59
C004064,Ebru Taş,individual,F,1968-12-06,ebru.tas23@yahoo.com,+905508405489,İstanbul,True,True,2024-02-19T10:33:37,2024-07-16T10:33:37
C004065,Mustafa Yalçın,individual,M,1992-02-16,mustafa.yalcin9@outlook.com,+905501717574,Antalya,True,True,2024-04-08T18:11:50,2024-05-15T18:11:50
C004066,Murat Kılıç,individual,M,2000-03-08,murat.kilic@icloud.com,+905493139789,Mersin,True,True,2026-05-07T13:22:38,2026-05-23T13:22:38
C004067,Cem Yıldırım,individual,M,1982-03-27,cem.yildirim26@hotmail.com,+905531066800,İstanbul,True,True,2023-12-01T07:16:56,2024-03-15T07:16:56
C004068,Sude Karaca,individual,F,1998-05-29,sude.karaca@gmail.com,+905482733506,İstanbul,True,True,2026-07-18T10:41:06,2027-01-24T10:41:06
C004069,Furkan Şimşek,individual,M,1986-06-05,furkan.simsek87@yahoo.com,+905338615428,Samsun,True,False,2024-10-12T20:27:59,2024-12-06T20:27:59
C004070,Atlas Teknoloji A.Ş.,corporate,,,atlasteknoloji@atlas.com.tr,+905321341359,Kocaeli,True,True,2023-12-11T02:39:31,2024-03-15T02:39:31
C004071,Yasemin Aydın,individual,F,1986-03-14,yasemin.aydin@yahoo.com,+905482038732,İzmir,True,False,2023-09-30T23:26:04,2023-12-06T23:26:04
C004072,Beyza Ünal,individual,F,1999-03-04,beyza.unal@outlook.com,+905423641150,İzmir,True,True,2025-04-15T02:34:47,2025-06-29T02:34:47
C004073,Halil Özdemir,individual,M,1996-07-29,halil.ozdemir@hotmail.com,+905575836544,İstanbul,True,True,2025-07-14T04:31:13,2025-10-29T04:31:13
C004074,İbrahim Kılıç,individual,M,1981-08-08,ibrahim.kilic@gmail.com,+905397031599,Eskişehir,True,True,2024-03-03T06:34:10,2024-03-08T06:34:10
C004075,Can Tekin,individual,M,1987-02-03,can.tekin98@gmail.com,0542 869 67 69,Denizli,True,False,2025-07-07T11:19:40,2026-01-21T11:19:40
C004076,Atlas Teknoloji Ltd. Şti.,corporate,,,atlasteknoloji@atlas.com.tr,+905502661574,İstanbul,True,False,2025-07-18T19:56:22,2025-07-21T19:56:22
C004077,Cem Güneş,individual,M,1983-10-07,cem.gunes28@hotmail.com,+905524879429,Ankara,True,False,2026-05-05T04:25:55,2026-09-20T04:25:55
C004078,Ömer Şahin,individual,M,1977-11-15,omer.sahin@gmail.com,+905413664203,İzmir,True,False,2025-12-26T03:47:11,2026-06-27T03:47:11
C004079,Can Ünal,individual,M,1986-12-23,can.unal95@hotmail.com,+905455263679,Adana,True,True,2024-01-01T15:54:44,2024-01-28T15:54:44
C004080,Mehmet Öztürk,individual,M,1955-08-22,mehmet.ozturk@icloud.com,+905334288314,Bursa,True,True,2026-07-21T07:21:29,2027-01-10T07:21:29
C004081,Gamze Korkmaz,individual,F,1979-03-10,gamze.korkmaz@icloud.com,+905578691329,Adana,True,True,2025-04-25T09:20:15,2025-05-11T09:20:15
C004082,Melis Özdemir,individual,F,1978-03-03,melis.ozdemir@yahoo.com,5403191813,İstanbul,True,True,2026-05-15T17:54:29,2026-08-13T17:54:29
C004083,Emre Demir,individual,M,1986-05-11,emre.demir17@gmail.com,+905369862934,İstanbul,True,True,2023-12-20T05:01:38,2024-02-03T05:01:38
C004084,Büşra Taş,individual,F,1987-03-28,busra.tas11@yahoo.com,+905382335956,İstanbul,True,True,2025-09-15T01:39:12,2026-03-13T01:39:12
C004085,Akdeniz Yazılım A.Ş.,corporate,,,akdenizyazilim@akdeniz.com.tr,+905491616656,İstanbul,True,False,2024-12-16T02:49:40,2025-05-22T02:49:40
C004086,Arda Doğan,individual,M,1987-07-19,arda.dogan98@yahoo.com,+905368243648,Konya,True,False,2025-03-02T04:25:05,2025-09-07T04:25:05
C004087,Deniz Yıldız,individual,M,2001-08-17,deniz.yildiz@yahoo.com,+905482885001,Ankara,True,True,2026-03-26T09:30:28,2026-07-13T09:30:28
C004088,Furkan Bozkurt,individual,M,1987-02-07,furkan.bozkurt5@outlook.com,+905591453933,Ankara,True,True,2025-07-18T21:07:43,2025-10-23T21:07:43
C004089,Atlas Medya A.Ş.,corporate,,,atlasmedya@atlas.com.tr,+905393106616,Eskişehir,True,False,2024-08-07T16:01:58,2024-10-19T16:01:58
C004090,Serkan Erdoğan,individual,M,1998-05-01,serkan.erdogan@gmail.com,+905499609068,Denizli,True,False,2024-07-17T11:00:34,2024-09-06T11:00:34
C004091,Ali Öztürk,individual,M,1961-11-12,ali.ozturk@gmail.com,+905592310933,İstanbul,True,True,2026-06-06T03:36:58,2026-11-23T03:36:58
C004092,Ali Bulut,individual,M,1996-11-01,ali.bulut73@icloud.com,05319034577,İstanbul,True,True,2023-09-04T13:38:01,2023-11-08T13:38:01
C004093,Emre Kaya,individual,M,1985-11-08,emre.kaya23@icloud.com,+905556479021,İzmir,True,True,2024-11-13T08:24:35,2025-05-08T08:24:35
C004094,Efe Tekin,individual,M,2002-01-18,efe.tekin@yahoo.com,+905431135340,İstanbul,True,True,2024-06-03T22:39:27,2024-11-30T22:39:27
C004095,Akdeniz Yazılım A.Ş.,corporate,,,akdenizyazilim@akdeniz.com.tr,+905533987466,Ankara,True,False,2024-10-30T20:46:34,2024-12-17T20:46:34
C004096,Meridyen İnşaat Ltd. Şti.,corporate,,,meridyeninsaat@meridyen.com.tr,+905459131681,Mersin,True,False,2023-09-05T16:21:54,2023-10-01T16:21:54
C004097,Zirve Sağlık A.Ş.,corporate,,,zirvesaglik@zirve.com.tr,+905538172059,Ankara,True,True,2024-03-08T21:56:31,2024-08-25T21:56:31
C004098,Selin Bozkurt,individual,F,1987-11-13,selin.bozkurt@yahoo.com,+905308733587,İstanbul,True,False,2024-09-24T22:03:32,2025-02-15T22:03:32
C004099,Gamze Güneş,individual,F,2002-03-11,gamze.gunes12@outlook.com,+905472996921,Ankara,True,True,2025-03-22T09:20:15,2025-07-15T09:20:15
C004100,Nova Teknoloji A.Ş.,corporate,,,novateknoloji@nova.com.tr,+905453857542,İstanbul,True,False,2025-03-30T11:40:40,2025-04-19T11:40:40
C004101,Elif Polat,individual,F,1988-09-19,elif.polat@gmail.com,+905436389815,Eskişehir,False,True,2024-06-04T09:50:33,2024-08-22T09:50:33
C004102,Meridyen Danışmanlık A.Ş.,corporate,,,meridyendanismanlik@meridyen.com.tr,+905585065593,Denizli,False,False,2024-06-21T13:05:00,2024-09-26T13:05:00
C004103,Hasan Taş,individual,M,1992-04-14,hasan.tas@gmail.com,+905578966662,İzmir,True,True,2024-05-07T00:38:50,2024-11-08T00:38:50
C004104,Hande Ateş,individual,F,1979-10-07,hande.ates@icloud.com,+905305570149,Kocaeli,True,False,2024-11-11T17:43:17,2025-01-05T17:43:17
C004105,Selim Yalçın,individual,M,1989-10-14,selim.yalcin19@yahoo.com,+905307635496,Konya,True,False,2025-07-21T10:49:21,2025-07-29T10:49:21
C004106,Mustafa Yalçın,individual,M,1997-12-11,mustafa.yalcin20@icloud.com,+905334935816,İzmir,True,False,2025-07-12T10:08:49,2025-12-27T10:08:49
C004107,İrem Öztürk,individual,F,1978-06-29,irem.ozturk@hotmail.com,0 (556) 215-4703,İzmir,True,True,2025-04-02T00:09:08,2025-08-25T00:09:08
C004108,Dilara Öztürk,individual,F,2002-11-14,dilara.ozturk5@hotmail.com,5593359965,Ankara,True,True,2026-03-14T11:26:13,2026-05-14T11:26:13
C004109,Ufuk Sağlık A.Ş.,corporate,,,ufuksaglik@ufuk.com.tr,+905424314463,İstanbul,True,True,2025-05-10T17:20:36,2025-09-12T17:20:36
C004110,Kaan Doğan,individual,M,2002-11-22,kaan.dogan70@gmail.com,+905473551431,İstanbul,True,True,2026-08-20T18:46:33,2027-02-16T18:46:33
C004111,İrem Acar,individual,F,1969-05-01,irem.acar4@outlook.com,+905551233166,İstanbul,True,True,2024-06-12T01:11:14,2024-09-14T01:11:14
C004112,Marmara Lojistik Ltd. Şti.,corporate,,,marmaralojistik@marmara.com.tr,+905498040589,Bursa,True,False,2025-01-19T14:56:57,2025-04-23T14:56:57
C004113,Hüseyin Tekin,individual,M,1972-12-28,huseyin.tekin@hotmail.com,+905531862393,Denizli,True,False,2024-04-24T22:40:24,2024-06-06T22:40:24
C004114,Atlas Teknoloji A.Ş.,corporate,,,atlasteknoloji@atlas.com.tr,+905488878787,İstanbul,True,False,2025-12-26T18:29:48,2026-04-25T18:29:48
C004115,Marmara Danışmanlık A.Ş.,corporate,,,marmaradanismanlik@marmara.com.tr,+905555343410,Denizli,False,True,2025-11-07T18:45:55,2025-12-14T18:45:55
C004116,Akdeniz Lojistik A.Ş.,corporate,,,akdenizlojistik@akdeniz.com.tr,+905565084829,Denizli,True,False,2025-07-12T19:54:27,2025-12-23T19:54:27
C004117,Mustafa Öztürk,individual,M,1975-04-05,mustafa.ozturk@icloud.com,+905485060936,Denizli,True,True,2024-01-04T10:04:52,2024-02-29T10:04:52
C004118,Murat Erdoğan,individual,M,1991-05-20,murat.erdogan@icloud.com,+905491760203,İzmir,True,False,2024-08-09T07:13:29,2024-09-02T07:13:29
C004119,Hasan Güneş,individual,M,1995-11-28,hasan.gunes at gmail.com,+905441179345,İzmir,True,True,2026-01-13T17:38:11,2026-05-24T17:38:11
C004120,Emre Şimşek,individual,M,1981-02-05,emre.simsek80@gmail.com,+905512556538,Ankara,False,True,2024-02-08T05:21:09,2024-04-12T05:21:09
C004121,Umut Özkan,individual,M,1984-06-19,umut.ozkan@icloud.com,+905426328074,İstanbul,True,True,2024-11-21T17:01:31,2025-02-23T17:01:31
C004122,Pınar Aydın,individual,F,1977-05-05,pinar.aydin95@icloud.com,+905544880567,İzmir,True,False,2024-08-19T04:02:12,2024-11-08T04:02:12
C004123,Tolga Polat,individual,M,1986-11-28,tolga.polat59@icloud.com,+905328704590,Ankara,True,True,2026-02-16T11:02:56,2026-07-24T11:02:56
C004124,Kuzey Sağlık A.Ş.,corporate,,,kuzeysaglik@kuzey.com.tr,+905369534862,Denizli,True,True,2025-05-04T04:22:10,2025-09-17T04:22:10
C004125,Barış Keskin,individual,M,1985-02-13,baris.keskin39@hotmail.com,+905417622273,Ankara,True,True,2026-03-21T12:38:30,2026-04-14T12:38:30
C004126,Beyza Yıldırım,individual,F,1967-02-27,beyza.yildirim@gmail.com,+905535156902,Denizli,False,False,2025-03-12T22:12:47,2025-08-07T22:12:47
C004127,Boğaziçi Lojistik A.Ş.,corporate,,,bogazicilojistik@bogazici.com.tr,5588300619,İstanbul,True,True,2023-12-23T17:32:30,2024-01-31T17:32:30
C004128,Ece Özdemir,individual,F,1978-06-22,ece.ozdemir@outlook.com,+905598990396,ISTANBUL,True,True,2026-04-28T01:34:56,2026-10-21T01:34:56
C004129,Furkan Aslan,individual,M,1990-09-07,furkan.aslan@hotmail.com,+905424791724,İstanbul,True,True,2025-08-17T20:27:57,2026-01-08T20:27:57
C004130,Aslı Ateş,individual,F,1988-06-25,asli.ates55@hotmail.com,+905441279350,Kocaeli,True,False,2025-08-06T17:31:42,2025-08-11T17:31:42
C004131,Efe Çakır,individual,M,1990-01-26,efe.cakir@outlook.com,+905438159655,İzmir,True,False,2026-05-28T21:29:56,2026-08-17T21:29:56
C004132,Merve Avcı,individual,F,1974-06-18,merve.avci71@yahoo.com,0 (551) 561-0654,İzmir,True,False,2023-11-18T22:49:00,2024-01-06T22:49:00
C004133,Mustafa Ateş,individual,M,1993-11-06,mustafa.ates@outlook.com,+905425295005,İstanbul,True,False,2026-02-19T22:20:15,2026-04-21T22:20:15
C004134,Burak Bozkurt,individual,M,2000-01-05,burak.bozkurt@hotmail.com,+905497642304,İzmir,True,True,2025-01-13T06:31:57,2025-05-26T06:31:57
C004135,Cem Turan,individual,M,2002-08-28,cem.turan63@gmail.com,+905543146929,ISTANBUL,True,True,2023-11-03T00:28:16,2024-03-16T00:28:16
C004136,Burak Güneş,individual,M,2002-09-04,burak.gunes@hotmail.com,+905356545998,İstanbul,True,False,2024-11-05T15:28:51,2025-02-28T15:28:51
C004137,Barış Aslan,individual,M,1990-06-02,baris.aslan5@gmail.com,+905369728279,Ankara,True,False,2026-01-07T12:23:43,2026-03-28T12:23:43
C004138,Yusuf Kurt,individual,M,1975-04-17,yusuf.kurt91@hotmail.com,+905574172429,Ankara,True,True,2024-03-15T05:29:12,2024-05-09T05:29:12
C004139,Beyza Erdoğan,individual,F,1989-04-02,beyza.erdogan@icloud.com,+905422258736,İzmir,True,False,2024-03-13T05:30:06,2024-04-10T05:30:06
C004140,Dilara Keskin,individual,F,1975-12-01,dilara.keskin@icloud.com,+905304699355,Denizli,True,False,2023-09-22T08:39:25,2024-03-01T08:39:25
C004141,Hasan Aksoy,individual,M,1991-01-16,hasan.aksoy42 at hotmail.com,+90 546 370 9762,Mersin,True,False,2025-01-01T00:56:59,2025-05-20T00:56:59
C004142,Kuzey Turizm Ltd. Şti.,corporate,,,kuzeyturizm@kuzey.com.tr,+905385593414,İstanbul,True,True,2026-01-29T18:32:56,2026-04-02T18:32:56
C004143,Hande Kaya,individual,F,1973-11-11,hande.kaya41@icloud.com,0 (538) 359-9133,İstanbul,True,True,2025-03-18T20:24:17,2025-09-30T20:24:17
C004144,Büşra Çelik,individual,F,1985-06-21,busra.celik67@outlook.com,+905538071294,Ankara,False,True,2024-09-10T17:32:44,2024-09-29T17:32:44
C004145,Ali Sarı,individual,M,1964-02-15,ali.sari61@gmail.com,+905589796344,Antalya,True,True,2026-05-10T16:09:21,2026-06-11T16:09:21
C004146,Atlas Danışmanlık A.Ş.,corporate,,,atlasdanismanlik@atlas.com.tr,+905534206761,Ankara,True,False,2024-09-10T06:20:12,2024-11-08T06:20:12
C004147,Melis Çelik,individual,F,1995-04-27,melis.celik@outlook.com,+905373051009,Ankara,True,True,2025-08-30T20:14:46,2026-03-07T20:14:46
C004148,Yusuf Yıldız,individual,M,1982-05-14,yusuf.yildiz@outlook.com,+905525643351,Bursa,False,True,2024-08-03T12:17:09,2025-02-13T12:17:09
C004149,Ömer Korkmaz,individual,M,1981-04-18,omer.korkmaz@outlook.com,+905408532047,Ankara,True,False,2025-12-28T12:04:09,2026-01-19T12:04:09
C004150,Merve Çetin,individual,F,2002-11-11,merve.cetin@outlook.com,+905423701663,Ankara,True,False,2025-12-10T02:14:33,2026-04-27T02:14:33
C004151,Ahmet Yıldırım,individual,M,1984-03-07,ahmet.yildirim@yahoo.com,5599377596,istanbul,True,True,2024-08-26T07:45:07,2024-12-12T07:45:07
C004152,Boğaziçi Turizm A.Ş.,corporate,,,bogaziciturizm@bogazici.com.tr,+905511434511,Konya,True,True,2024-06-25T16:56:04,2025-01-10T16:56:04
C004153,Ali Öztürk,individual,M,1971-11-29,ali.ozturk@hotmail.com,+905335627852,Antalya,True,True,2024-05-27T15:46:34,2024-07-06T15:46:34
C004154,Ceren Şimşek,individual,F,1973-03-15,ceren.simsek20@icloud.com,+905337512545,İstanbul,True,True,2024-01-28T06:36:11,2024-03-04T06:36:11
C004155,Oğuz Bulut,individual,M,1983-05-02,oguz.bulut@gmail.com,+905404252914,İstanbul,True,True,2025-02-17T07:26:58,2025-04-05T07:26:58
C004156,Ceren Çakır,individual,F,1984-04-28,ceren.cakir17@icloud.com,+905314685517,Eskişehir,True,False,2023-09-29T03:26:43,2023-12-29T03:26:43
C004157,Nazlı Özkan,individual,F,1987-10-14,nazli.ozkan52@icloud.com,+905533017760,Antalya,False,True,2025-08-04T09:51:59,2025-11-04T09:51:59
C004158,Burak Uzun,individual,M,1978-12-07,burak.uzun12@gmail.com,+905577937820,İstanbul,True,True,2026-08-19T00:39:17,2026-09-30T00:39:17
C004159,Halil Şahin,individual,M,1991-06-10,halil.sahin10@hotmail.com,+905459442103,Ankara,True,True,2025-09-21T18:26:58,2025-10-30T18:26:58
C004160,Kerem Bozkurt,individual,M,1979-06-15,kerem.bozkurt57@hotmail.com,+905475849153,İstanbul,True,True,2025-05-23T06:05:33,2025-10-14T06:05:33
C004161,Can Sarı,individual,M,1984-12-05,can.sari@icloud.com,+905312622465,Mersin,True,True,2024-04-06T17:10:36,2024-05-22T17:10:36
C004162,Arda Taş,individual,M,1985-06-07,arda.tas@yahoo.com,05568383214,Antalya,True,True,2024-02-17T13:05:13,2024-07-08T13:05:13
C004163,Nova Teknoloji A.Ş.,corporate,,,novateknoloji@nova.com.tr,+905542979128,İzmir,True,False,2024-08-08T12:03:24,2025-01-16T12:03:24
C004164,Akdeniz Lojistik A.Ş.,corporate,,,akdenizlojistik@akdeniz.com.tr,+905402112922,İzmir,True,False,2025-06-26T20:30:39,2025-09-08T20:30:39
C004165,Eren Keskin,individual,M,1974-01-24,eren.keskin43@hotmail.com,+905402200873,İstanbul,True,True,2024-05-03T11:17:33,2024-08-08T11:17:33
C004166,Atlas Teknoloji A.Ş.,corporate,,,atlasteknoloji@atlas.com.tr,+905359775049,İstanbul,True,True,2025-02-27T21:51:26,2025-06-07T21:51:26
C004167,Ege Turizm A.Ş.,corporate,,,egeturizm@ege.com.tr,+905332958399,İstanbul,True,False,2025-02-23T16:19:16,2025-06-30T16:19:16
C004168,Yasemin Kurt,individual,F,1993-08-25,yasemin.kurt70@gmail.com,+905424150980,İzmir,True,True,2024-01-31T21:40:26,2024-06-13T21:40:26
C004169,Damla Erdoğan,individual,F,1990-07-13,damla.erdogan@hotmail.com,+905357079219,Denizli,True,True,2025-10-24T10:31:23,2026-01-28T10:31:23
C004170,Eren Uzun,individual,M,1978-07-04,eren.uzun@yahoo.com,+905462740274,İzmir,True,False,2024-06-05T06:40:08,2024-09-29T06:40:08
C004171,Kaan Turan,individual,M,1976-03-08,kaan.turan21@hotmail.com,+905343792030,Ankara,True,True,2024-07-20T22:31:38,2024-07-20T22:31:38
C004172,Serkan Çakır,individual,M,1960-06-12,serkan.cakir@yahoo.com,+905497209068,Konya,True,False,2024-10-07T22:34:15,2025-03-04T22:34:15
C004173,Ceren Özkan,individual,F,1985-09-16,ceren.ozkan@outlook.com,+905422387972,İstanbul,True,False,2024-06-20T17:53:45,2024-08-31T17:53:45
C004174,Onur Yalçın,individual,M,1990-10-16,onur.yalcin38@hotmail.com,+905376330161,İstanbul,True,True,2025-08-02T11:45:19,2026-02-04T11:45:19
C004175,Murat Yıldız,individual,M,1991-10-01,murat.yildiz@outlook.com,+905451770967,İstanbul,True,False,2025-10-22T07:03:01,2025-12-10T07:03:01
C004176,Melis Polat,individual,F,2000-02-10,melis.polat@gmail.com,+905539284818,Kocaeli,True,False,2025-05-18T21:03:57,2025-11-11T21:03:57
C004177,Gamze Yıldız,individual,F,1996-03-19,gamze.yildiz8@gmail.com,+905525346818,ankara,True,True,2026-03-25T06:17:05,2026-05-01T06:17:05
C004178,Naz Kara,individual,F,1954-09-19,naz.kara@gmail.com,5475930394,İstanbul,True,True,2023-09-04T23:08:31,2023-11-20T23:08:31
C004179,Selin Tekin,individual,F,1980-11-11,selin.tekin97@gmail.com,+905459364571,İzmir,True,True,2026-03-19T18:12:44,2026-07-18T18:12:44
C004180,Zeynep Özkan,individual,F,1998-09-17,zeynep.ozkan6@icloud.com,+905413293574,Antalya,True,False,2023-10-06T11:30:52,2024-03-24T11:30:52
C004181,Ömer Bulut,individual,M,1991-09-22,omer.bulut46@gmail.com,+905544372572,İstanbul,True,False,2025-06-17T13:45:26,2025-07-20T13:45:26
C004182,Yıldız Medya Ltd. Şti.,corporate,,,yildizmedya@yildiz.com.tr,+905559562990,İstanbul,True,True,2025-03-30T01:18:36,2025-07-06T01:18:36
C004183,Ceren Aydın,individual,F,1973-04-05,ceren.aydin@yahoo.com,+905351757721,Ankara,True,False,2023-11-08T06:59:36,2024-01-15T06:59:36
C004184,Tolga Keskin,individual,M,1997-07-26,tolga.keskin20 at icloud.com,+905377542262,Ankara,True,True,2024-11-23T09:52:35,2025-02-11T09:52:35
C004185,Kaan Öztürk,individual,M,1990-09-24,kaan.ozturk@yahoo.com,+905442841467,Kocaeli,True,False,2025-09-04T17:01:46,2026-02-19T17:01:46
C004186,Ayşe Avcı,individual,F,1997-10-20,ayse.avci63@hotmail.com,+905521124717,Ankara,True,True,2024-02-12T06:40:35,2024-08-07T06:40:35
C004187,Ömer Yılmaz,individual,M,1979-06-22,omer.yilmaz@yahoo.com,+905378338531,Mersin,True,False,2026-01-31T07:02:35,2026-05-26T07:02:35
C004188,Kaan Sarı,individual,M,1972-04-22,kaan.sari@outlook.com,+905585969199,İstanbul,True,False,2025-08-07T10:04:07,2025-11-30T10:04:07
C004189,Boğaziçi Yazılım A.Ş.,corporate,,,bogaziciyazilim@bogazici.com.tr,+905365289254,İstanbul,True,True,2025-01-04T03:38:59,2025-06-30T03:38:59
C004190,Dilara Yalçın,individual,F,1962-11-13,dilara.yalcin@icloud.com,+905502606322,Gaziantep,True,True,2024-10-03T04:28:44,2024-11-25T04:28:44
C004191,Fatma Uzun,individual,F,1989-04-22,fatma.uzun43@yahoo.com,+905313469952,İstanbul,True,True,2025-07-20T09:20:17,2025-10-20T09:20:17
C004192,Selin Yalçın,individual,F,1964-03-16,selin.yalcin41@hotmail.com,+905598157982,İstanbul,True,True,2025-01-07T23:54:40,2025-03-26T23:54:40
C004193,Hasan Çelik,individual,M,1991-09-17,hasan.celik@outlook.com,+905351308570,İstanbul,True,False,2024-07-22T17:45:40,2024-07-30T17:45:40
C004194,Oğuz Aydın,individual,M,2000-08-23,oguz.aydin@icloud.com,+905351988448,İstanbul,True,False,2024-06-12T12:23:41,2024-09-28T12:23:41
C004195,Can Şahin,individual,M,1981-12-13,can.sahin87@yahoo.com,05408657333,Kocaeli,False,False,2025-11-17T07:28:25,2026-01-27T07:28:25
C004196,Derya Bozkurt,individual,F,2002-07-13,derya.bozkurt@hotmail.com,+905334445634,Konya,True,False,2024-01-20T15:30:55,2024-03-07T15:30:55
C004197,Nur Öztürk,individual,F,1975-11-17,nur.ozturk@outlook.com,+905426241295,İstanbul,True,False,2025-01-25T18:02:27,2025-07-13T18:02:27
C004198,Ömer Kara,individual,M,1981-06-30,omer.kara@icloud.com,+905362481465,İstanbul,True,True,2024-09-25T17:07:12,2025-02-12T17:07:12
C004199,Nazlı Öztürk,individual,F,1983-11-02,nazli.ozturk@outlook.com,05383871084,Antalya,True,False,2024-09-30T15:40:07,2025-03-24T15:40:07
C004200,Murat Ünal,individual,M,1995-02-28,murat.unal80@outlook.com,+905599735100,Bursa,True,False,2024-05-25T15:40:54,2024-05-26T15:40:54
C004201,Burak Aslan,individual,M,1968-08-14,burak.aslan@gmail.com,+905552916327,İstanbul ,True,False,2025-09-09T13:15:55,2025-12-10T13:15:55
C004202,Naz Tekin,individual,F,1990-06-06,naz.tekin@yahoo.com,+905543465249,İzmir,True,False,2026-03-09T20:07:37,2026-05-31T20:07:37
C004203,İbrahim Şimşek,individual,M,1978-01-06,ibrahim.simsek@icloud.com,+905508777775,İstanbul,True,True,2025-10-31T14:04:30,2025-11-23T14:04:30
C004204,Oğuz Demir,individual,M,1971-11-01,oguz.demir73@yahoo.com,+905314486628,İstanbul,True,True,2025-03-27T00:07:20,2025-08-12T00:07:20
C004205,Nova Otomotiv Yan Sanayi A.Ş.,corporate,,,novaotomotivyansanayi@nova.com.tr,+905329392734,Ankara,True,False,2024-12-17T05:28:44,2025-02-11T05:28:44
C004206,Anadolu Enerji A.Ş.,corporate,,,anadoluenerji@anadolu.com.tr,+905327555870,İstanbul,True,False,2025-03-28T16:11:53,2025-05-29T16:11:53
C004207,Ayşe Avcı,individual,F,1975-12-13,ayse.avci@yahoo.com,+905314208258,İstanbul,False,True,2025-02-26T13:01:06,2025-08-22T13:01:06
C004208,Kerem Şimşek,individual,M,1969-07-16,kerem.simsek@outlook.com,+905402737214,Istanbul,True,True,2026-06-22T05:58:59,2026-11-06T05:58:59
C004209,Elif Yılmaz,individual,F,2002-12-31,elif.yilmaz58@outlook.com,+905389810914,Ankara,True,True,2025-07-22T15:44:10,2026-01-18T15:44:10
C004210,Cansu Doğan,individual,F,1977-05-30,cansu.dogan6@yahoo.com,5433124802,İstanbul,True,True,2025-10-30T09:52:25,2025-11-03T09:52:25
C004211,Can Yılmaz,individual,M,2001-12-18,can.yilmaz7@gmail.com,+905372450940,İstanbul,True,True,2026-08-27T16:16:23,2027-01-03T16:16:23
C004212,Onur Bulut,individual,M,1985-01-14,onur.bulut@hotmail.com,+905308395749,Ankara,True,True,2026-07-25T21:04:12,2026-09-04T21:04:12
C004213,Mustafa Yalçın,individual,M,1990-06-13,mustafa.yalcin33@icloud.com,+905518259294,Antalya,False,True,2025-08-18T16:29:56,2025-08-18T16:29:56
C004214,Halil Özdemir,individual,M,1977-01-31,halil.ozdemir63@yahoo.com,+905403328985,İstanbul,True,False,2025-01-11T06:05:19,2025-03-17T06:05:19
C004215,Elif Bulut,individual,F,1988-04-03,elif.bulut@gmail.com,+905451729009,İstanbul,True,False,2024-10-08T17:56:10,2024-12-11T17:56:10
C004216,Hüseyin Koç,individual,M,1970-09-12,huseyin.koc98@hotmail.com,+905418217003,Kocaeli,True,True,2024-06-11T04:19:42,2024-07-11T04:19:42
C004217,Tolga Taş,individual,M,1986-11-22,tolga.tas58@outlook.com,+905324325394,Eskişehir,True,True,2025-03-24T09:56:07,2025-05-17T09:56:07
C004218,Murat Erdoğan,individual,M,1984-06-19,murat.erdogan@yahoo.com,+905385734489,İstanbul,True,False,2024-08-27T15:31:50,2024-10-23T15:31:50
C004219,Cansu Doğan,individual,F,1966-09-05,cansu.dogan29@icloud.com,+905563854756,Adana,True,False,2025-12-25T07:36:17,2026-02-22T07:36:17
C004220,Tuğba Kurt,individual,F,1997-07-04,tugba.kurt5@gmail.com,+905396295547,İstanbul,True,True,2023-10-25T05:05:38,2024-04-26T05:05:38
C004221,Serkan Acar,individual,M,1983-04-01,serkan.acar@hotmail.com,+905548258907,İstanbul,True,True,2024-10-20T03:08:43,2024-11-25T03:08:43
C004222,Hüseyin Çakır,individual,M,1969-11-17,huseyin.cakir@yahoo.com,0540 112 83 84,Eskişehir,True,False,2024-11-08T05:39:30,2025-03-11T05:39:30
C004223,Ahmet Çakır,individual,M,1983-05-18,ahmet.cakir10@hotmail.com,+905489279764,Bursa,True,True,2025-08-08T08:50:16,2025-11-24T08:50:16
C004224,Ali Kılıç,individual,M,1988-04-25,ali.kilic11@outlook.com,+90 534 539 9938,İstanbul,True,True,2024-11-04T21:26:22,2024-11-20T21:26:22
C004225,Mehmet Aydın,individual,M,1960-07-09,mehmet.aydin@yahoo.com,+905493383258,İstanbul,True,False,2025-02-10T04:28:54,2025-06-11T04:28:54
C004226,Melis Korkmaz,individual,F,1975-02-18,melis.korkmaz48@gmail.com,+905486271795,İstanbul,True,False,2025-05-23T06:38:32,2025-11-10T06:38:32
C004227,Selin Kılıç,individual,F,1984-11-14,selin.kilic93@yahoo.com,+905495887135,İstanbul,True,True,2024-12-12T11:18:45,2025-04-24T11:18:45
C004228,Dilara Kurt,individual,F,1973-10-05,dilara.kurt@gmail.com,+905372518987,İstanbul,False,True,2024-09-17T22:14:16,2024-11-01T22:14:16
C004229,Melis Bulut,individual,F,1973-07-15,melis.bulut96@icloud.com,5563300695,Bursa,True,True,2025-11-19T23:24:01,2025-12-30T23:24:01
C004230,Tolga Aydın,individual,M,1982-08-17,tolga.aydin1@outlook.com,+905534907653,İstanbul,True,True,2026-07-18T03:08:22,2027-01-24T03:08:22
C004231,Ebru Taş,individual,F,1974-05-08,ebru.tas66@icloud.com,+905371531874,Antalya,True,False,2025-08-11T00:51:00,2026-01-08T00:51:00
C004232,Berk Bozkurt,individual,M,1999-05-02,berk.bozkurt79@hotmail.com,+90 556 869 0775,Muğla,True,False,2024-12-26T08:17:17,2025-02-18T08:17:17
C004233,Ali Yıldırım,individual,M,1977-04-13,ali.yildirim53@gmail.com,+905356625937,İstanbul,True,True,2025-03-24T02:02:27,2025-08-15T02:02:27
C004234,Merve Özdemir,individual,F,1981-05-21,merve.ozdemir@outlook.com,+905432308348,istanbul,False,False,2024-05-30T05:22:41,2024-08-28T05:22:41
C004235,Ceren Yılmaz,individual,F,1987-09-06,ceren.yilmaz@hotmail.com,+905444628975,İzmir,True,True,2025-07-08T22:33:59,2025-10-18T22:33:59
C004236,Mehmet Korkmaz,individual,M,1998-04-19,mehmet.korkmaz39@yahoo.com,+905302092704,İzmir,True,True,2023-11-11T09:08:29,2024-03-03T09:08:29
C004237,Aslı Yılmaz,individual,F,1964-07-29,asli.yilmaz@yahoo.com,+905595606284,Antalya,True,True,2024-10-28T02:27:46,2025-02-16T02:27:46
C004238,Tolga Özkan,individual,M,1986-01-02,tolga.ozkan@outlook.com,+905504712238,Ankara,True,True,2024-07-04T15:49:22,2025-01-12T15:49:22
C004239,Tolga Yıldız,individual,M,1988-06-04,tolga.yildiz91@yahoo.com,+905362355821,Kocaeli,True,False,2026-03-07T20:35:19,2026-03-16T20:35:19
C004240,Boğaziçi Sağlık Ltd. Şti.,corporate,,,bogazicisaglik@bogazici.com.tr,+905412121744,Ankara,True,False,2026-02-23T15:44:28,2026-06-10T15:44:28
C004241,Hüseyin Keskin,individual,M,1983-03-16,huseyin.keskin15@hotmail.com,+905587396671,İzmir,True,True,2025-05-30T16:35:09,2025-06-06T16:35:09
C004242,Emre Kurt,individual,M,1968-05-29,emre.kurt@gmail.com,+905477278557,Samsun,False,True,2025-02-13T01:48:28,2025-07-19T01:48:28
C004243,Nazlı Koç,individual,F,1988-11-22,nazli.koc75@hotmail.com,+905354819580,Antalya,True,False,2025-09-27T04:58:41,2026-01-24T04:58:41
C004244,Eren Güneş,individual,M,1976-01-31,eren.gunes42@hotmail.com,+905313284917,Antalya,False,False,2026-04-19T07:36:38,2026-09-20T07:36:38
C004245,Tolga Yıldırım,individual,M,1978-12-01,tolga.yildirim45@icloud.com,+905562384555,Izmir,True,True,2024-05-30T08:38:50,2024-11-30T08:38:50
C004246,Arda Doğan,individual,M,1985-11-29,arda.dogan@hotmail.com,+905569880636,Ankara,True,False,2026-02-27T07:43:50,2026-05-06T07:43:50
C004247,Nazlı Karaca,individual,F,1976-01-31,nazli.karaca92@hotmail.com,+905307261240,İstanbul,True,True,2026-06-21T15:24:20,2026-08-20T15:24:20
C004248,Emre Öztürk,individual,M,1992-05-11,emre.ozturk@hotmail.com,+905306355101,İstanbul,False,False,2026-07-03T11:57:45,2026-11-11T11:57:45
C004249,Hande Demir,individual,F,1988-09-22,hande.demir@outlook.com,+905538644623,İzmir,True,True,2024-01-04T12:05:48,2024-04-21T12:05:48
C004250,İbrahim Özdemir,individual,M,1992-06-15,ibrahim.ozdemir36@yahoo.com,+905564063333,İstanbul,True,False,2026-02-03T01:59:09,2026-06-26T01:59:09
C004251,Ahmet Avcı,individual,M,1986-07-16,ahmet.avci@hotmail.com,+905594397931,Ankara,True,True,2026-02-12T04:07:21,2026-03-07T04:07:21
C004252,Marmara Lojistik Ltd. Şti.,corporate,,,marmaralojistik@marmara.com.tr,+905484967906,Ankara,True,True,2024-08-22T12:24:49,2024-10-05T12:24:49
C004253,Hande Aksoy,individual,F,1985-06-27,hande.aksoy85@icloud.com,+905422422859,İzmir,True,True,2025-10-23T00:22:17,2025-11-11T00:22:17
C004254,Gizem Çetin,individual,F,1970-04-01,gizem.cetin@hotmail.com,+905342129777,İstanbul,True,False,2024-05-07T19:28:05,2024-10-03T19:28:05
C004255,Kerem Güneş,individual,M,1972-06-23,kerem.gunes8@yahoo.com,+905404728323,Adana,True,True,2025-12-07T01:03:36,2026-03-23T01:03:36
C004256,Fatma Keskin,individual,F,1975-03-04,fatma.keskin@yahoo.com,+905541019572,Kocaeli,True,True,2025-11-19T15:44:24,2026-04-16T15:44:24
C004257,Yusuf Şahin,individual,M,1991-04-04,yusuf.sahin@outlook.com,+905407327663,İstanbul,True,True,2023-10-01T03:43:28,2024-03-26T03:43:28
C004258,Elif Kurt,individual,F,1983-09-15,elif.kurt41@outlook.com,+905521292295,Konya,True,False,2024-10-05T03:31:21,2025-02-01T03:31:21
C004259,Burak Çakır,individual,M,1996-06-18,burak.cakir28@yahoo.com,+905428693479,İzmir,True,False,2025-12-03T23:42:24,2026-02-18T23:42:24
C004260,Emre Polat,individual,M,1998-02-05,,+905327784495,Gaziantep,True,False,2025-10-06T17:47:45,2026-01-27T17:47:45
C004261,Ege Lojistik Ltd. Şti.,corporate,,,egelojistik@ege.com.tr,+905341249329,İstanbul,True,True,2025-02-20T03:22:35,2025-06-10T03:22:35
C004262,Ahmet Şahin,individual,M,1989-09-14,ahmet.sahin42@outlook.com,+905591764181,İstanbul ,True,False,2026-08-15T06:59:54,2027-02-04T06:59:54
C004263,İbrahim Özkan,individual,M,1994-12-05,ibrahim.ozkan43@yahoo.com,+905398738010,Bursa,True,False,2024-06-27T20:38:03,2024-09-22T20:38:03
C004264,Burak Uzun,individual,M,1994-10-15,burak.uzun76@gmail.com,0 (558) 289-4583,İstanbul,True,True,2025-10-22T07:42:11,2026-04-10T07:42:11
C004265,Onur Doğan,individual,M,1995-02-16,onur.dogan19@outlook.com,+905346753416,İstanbul,True,True,2025-06-09T13:38:28,2025-11-09T13:38:28
C004266,Tolga Erdoğan,individual,M,1970-11-20,tolga.erdogan@outlook.com,+905518651996,Kocaeli,True,True,2025-04-28T04:39:51,2025-07-24T04:39:51
C004267,Murat Öztürk,individual,M,1986-07-26,murat.ozturk@gmail.com,+905561351603,İstanbul,True,False,2023-09-29T05:14:47,2023-11-06T05:14:47
C004268,Eren Yılmaz,individual,M,1991-06-24,eren.yilmaz@icloud.com,+905453676759,İstanbul,True,False,2024-01-17T02:20:24,2024-02-20T02:20:24
C004269,Deniz Aydın,individual,M,1994-05-05,deniz.aydin@outlook.com,+905506818722,İzmir,True,False,2024-04-06T06:42:32,2024-09-25T06:42:32
C004270,Can Erdoğan,individual,M,1987-07-27,can.erdogan77@icloud.com,+905412040523,Ankara,True,False,2025-03-01T20:18:16,2025-06-07T20:18:16
C004271,Umut Uzun,individual,M,2002-02-25,umut.uzun6@outlook.com,+905535162330,İstanbul,True,True,2023-11-08T14:06:23,2023-12-02T14:06:23
C004272,Boğaziçi Medya A.Ş.,corporate,,,bogazicimedya@bogazici.com.tr,+905433549653,İzmir,True,True,2025-09-24T17:00:23,2026-01-05T17:00:23
C004273,Burak Aslan,individual,M,1964-02-13,burak.aslan98@icloud.com,+905326963915,Samsun,False,True,2025-02-15T22:54:11,2025-05-04T22:54:11
C004274,Cem Yıldız,individual,M,1976-02-17,cem.yildiz@gmail.com,+905554303779,İstanbul,True,True,2025-04-04T14:34:44,2025-07-30T14:34:44
C004275,Merve Uzun,individual,F,1980-01-22,merve.uzun@gmail.com,+905454459739,İstanbul,False,False,2025-06-15T16:47:09,2025-11-20T16:47:09
C004276,Fatma Karaca,individual,F,1970-12-21,fatma.karaca@hotmail.com,+905309787941,IZMIR,True,True,2024-03-07T18:08:58,2024-04-25T18:08:58
C004277,İbrahim Acar,individual,M,1963-06-03,ibrahim.acar79@gmail.com,+905575289246,Ankara,True,True,2025-02-23T01:23:17,2025-03-08T01:23:17
C004278,Mustafa Sarı,individual,M,1998-08-30,mustafa.sari@icloud.com,+905326636240,İstanbul,True,False,2025-08-02T00:12:51,2026-01-12T00:12:51
C004279,Kerem Şimşek,individual,M,1993-08-23,kerem.simsek24@yahoo.com,+905353723591,İzmir,True,False,2024-03-22T12:59:30,2024-06-09T12:59:30
C004280,Deniz Kılıç,individual,M,1986-10-15,deniz.kilic29@icloud.com,+905376283601,İstanbul,True,False,2024-01-05T17:56:14,2024-05-05T17:56:14
C004281,Berk Özdemir,individual,M,1975-01-18,berk.ozdemir38@gmail.com,+905519706825,İstanbul,True,False,2024-10-07T13:53:10,2024-12-26T13:53:10
C004282,Hüseyin Kılıç,individual,M,1974-01-06,huseyin.kilic17@yahoo.com,+905597517592,Adana,True,True,2023-12-11T21:54:48,2024-02-21T21:54:48
C004283,Barış Koç,individual,M,1987-08-06,baris.koc@icloud.com,+905341291328,İstanbul,True,True,2026-04-10T10:38:22,2026-07-07T10:38:22
C004284,Can Erdoğan,individual,M,1982-02-14,can.erdogan4@yahoo.com,+905387220617,istanbul,True,True,2025-05-09T04:26:04,2025-11-17T04:26:04
C004285,Gamze Öztürk,individual,F,1981-10-03,gamze.ozturk@yahoo.com,+905536980119,İstanbul,True,False,2026-03-10T19:17:36,2026-08-17T19:17:36
C004286,Zeynep Ünal,individual,F,1989-12-06,zeynep.unal82@yahoo.com,+905344003423,İstanbul,True,True,2026-05-19T15:27:02,2026-07-20T15:27:02
C004287,Ceren Keskin,individual,F,1993-09-18,ceren.keskin@gmail.com,+905499524799,Samsun,True,True,2026-08-11T15:10:55,2026-12-07T15:10:55
C004288,Hasan Uzun,individual,M,1977-12-02,hasan.uzun@outlook.com,5468705670,İzmir,True,False,2024-02-24T11:02:13,2024-06-14T11:02:13
C004289,Kaan Aydın,individual,M,1995-12-09,kaan.aydin20@outlook.com,+905595792124,Ankara,True,True,2023-09-29T01:45:59,2024-01-23T01:45:59
C004290,Mehmet Tekin,individual,M,1968-12-20,mehmet.tekin28@gmail.com,+905503822969,Mersin,True,False,2025-05-16T18:34:36,2025-08-30T18:34:36
C004291,Tuğba Kılıç,individual,F,1983-11-21,tugba.kilic72@yahoo.com,+905592301627,İstanbul,True,False,2026-05-04T21:48:58,2026-07-30T21:48:58
C004292,Tolga Sarı,individual,M,1983-08-29,tolga.sari@icloud.com,+905349963955,İstanbul,True,False,2025-11-15T23:40:57,2026-02-08T23:40:57
C004293,Mustafa Arslan,individual,M,1989-01-01,mustafa.arslan16@yahoo.com,+905598852895,İzmir,True,True,2024-10-08T11:15:25,2025-03-23T11:15:25
C004294,Deniz Keskin,individual,M,1971-11-08,deniz.keskin@yahoo.com,+905484792441,İstanbul,True,False,2023-12-24T06:14:48,2024-06-30T06:14:48
C004295,Delta Turizm A.Ş.,corporate,,,deltaturizm@delta.com.tr,+905506707751,Bursa,True,True,2025-12-11T04:48:13,2026-04-15T04:48:13
C004296,Cem Uzun,individual,M,1981-03-31,cem.uzun12@outlook.com,+905465393999,İstanbul,True,True,2025-09-07T18:21:27,2026-02-17T18:21:27
C004297,Ece Doğan,individual,F,1970-02-19,,05572693736,İstanbul,False,False,2024-08-02T06:49:54,2024-12-25T06:49:54
C004298,Hasan Tekin,individual,M,1972-05-10,hasan.tekin28@hotmail.com,+905372363645,IZMIR,True,False,2025-08-06T13:02:09,2025-10-30T13:02:09
C004299,Yasemin Yılmaz,individual,F,1963-05-17,yasemin.yilmaz96@icloud.com,+905404141901,Denizli,True,False,2023-09-30T06:34:32,2023-11-26T06:34:32
C004300,Serkan Keskin,individual,M,1994-12-21,serkan.keskin16@icloud.com,+905448031565,İstanbul,True,False,2026-05-13T03:23:26,2026-10-23T03:23:26
C004301,Burak Şimşek,individual,M,1983-10-24,burak.simsek2@hotmail.com,+905584954783,İstanbul,True,False,2024-12-19T17:38:37,2025-01-25T17:38:37
C004302,Murat Kurt,individual,M,1988-09-15,murat.kurt35@icloud.com,+90 553 407 0957,İstanbul,True,True,2025-05-07T20:54:53,2025-07-23T20:54:53
C004303,Ali Arslan,individual,M,1994-02-16,ali.arslan@hotmail.com,0538 618 45 53,Bursa,True,True,2026-06-19T05:54:13,2026-07-06T05:54:13
C004304,Mehmet Sarı,individual,M,1980-10-09,mehmet.sari56@hotmail.com,+905557337786,İstanbul,True,True,2024-10-17T20:39:08,2024-11-16T20:39:08
C004305,Murat Demir,individual,M,1980-04-17,murat.demir@hotmail.com,+905359284038,Bursa,True,False,2026-08-26T23:51:27,2026-11-28T23:51:27
C004306,Halil Kurt,individual,M,1996-04-06,halil.kurt52@hotmail.com,+905414950658,İstanbul,True,False,2025-02-26T13:56:25,2025-07-25T13:56:25
C004307,Esra Şahin,individual,F,1982-07-09,esra.sahin@hotmail.com,+905395225574,Ankara,True,True,2024-04-03T20:12:05,2024-05-10T20:12:05
C004308,Seda Aslan,individual,F,1971-12-06,seda.aslan43@icloud.com,+905322182005,İstanbul,True,True,2025-01-31T13:54:17,2025-06-19T13:54:17
C004309,Ali Yılmaz,individual,M,1983-05-28,ali.yilmaz45@outlook.com,+905556205793,Bursa,True,True,2026-08-07T14:21:11,2026-08-31T14:21:11
C004310,Yusuf Uzun,individual,M,2002-09-23,yusuf.uzun18@outlook.com,+905324799097,Bursa,True,False,2026-07-03T08:50:47,2026-12-16T08:50:47
C004311,Kerem Yıldız,individual,M,1987-07-01,kerem.yildiz19@icloud.com,+905532213738,İstanbul,True,True,2026-08-28T18:14:33,2026-09-04T18:14:33
C004312,Burak Aydın,individual,M,1974-10-09,burak.aydin@yahoo.com,+905415883481,Ankara,False,False,2024-05-09T13:33:44,2024-06-29T13:33:44
C004313,Cansu Avcı,individual,F,1980-12-06,cansu.avci78@outlook.com,+905475955411,Konya,True,False,2024-04-17T18:18:14,2024-07-04T18:18:14
C004314,Sude Şahin,individual,F,1995-01-28,sude.sahin@gmail.com,+905391235350,Adana,True,True,2025-05-03T15:16:02,2025-06-13T15:16:02
C004315,Seda Çakır,individual,F,2001-01-29,seda.cakir@hotmail.com,+905524336297,Ankara,True,False,2025-03-20T20:44:32,2025-05-12T20:44:32
C004316,Naz Kurt,individual,F,1990-03-14,naz.kurt58@hotmail.com,+905355648361,Ankara,True,True,2023-10-08T16:39:27,2024-03-18T16:39:27
C004317,Burak Kaya,individual,M,1986-10-05,burak.kaya78@icloud.com,+905587136280,İstanbul,True,True,2025-04-02T16:35:02,2025-10-06T16:35:02
C004318,Dilara Karaca,individual,F,1967-09-24,dilara.karaca84@gmail.com,5342474185,İstanbul,True,True,2026-05-25T11:27:56,2026-09-17T11:27:56
C004319,Naz Bozkurt,individual,F,2002-05-15,naz.bozkurt@outlook.com,+905432851847,Bursa,False,False,2025-01-11T01:10:45,2025-07-01T01:10:45
C004320,Furkan Uzun,individual,M,1973-08-02,furkan.uzun20@icloud.com,+905418355179,Bursa,True,False,2026-04-05T23:41:11,2026-09-12T23:41:11
C004321,Ece Acar,individual,F,1963-09-03,ece.acar14@hotmail.com,+905344270301,İzmir,True,True,2024-01-05T05:16:44,2024-02-08T05:16:44
C004322,Kerem Kurt,individual,M,1982-09-21,kerem.kurt49@hotmail.com,+905532178755,Mersin,True,False,2025-12-23T17:24:02,2026-05-17T17:24:02
C004323,Efe Taş,individual,M,1967-05-04,efe.tas@hotmail.com,+905327222353,Kocaeli,False,False,2025-01-28T07:04:15,2025-08-02T07:04:15
C004324,Serkan Çetin,individual,M,1991-06-03,serkan.cetin29@yahoo.com,+905526163740,İstanbul,True,False,2025-04-01T05:08:27,2025-09-25T05:08:27
C004325,Can Özdemir,individual,M,1987-09-12,can.ozdemir8@yahoo.com,+905586438651,Mersin,True,False,2025-05-12T22:18:54,2025-09-15T22:18:54
C004326,Zeynep Bulut,individual,F,1980-11-14,zeynep.bulut@hotmail.com,+905338599928,Bursa,True,False,2026-07-31T13:10:18,2026-08-07T13:10:18
C004327,Serkan Doğan,individual,M,1964-04-04,serkan.dogan@hotmail.com,+905557668972,Adana,True,False,2024-06-26T02:28:34,2024-08-29T02:28:34
C004328,İbrahim Tekin,individual,M,1983-12-02,ibrahim.tekin34@yahoo.com,0552 794 63 55,Denizli,False,False,2025-04-08T21:18:53,2025-08-09T21:18:53
C004329,Berk Doğan,individual,M,1996-05-25,berk.dogan@outlook.com,+905402504842,Antalya,True,False,2023-11-20T00:22:24,2024-01-07T00:22:24
C004330,Ahmet Şimşek,individual,M,1979-10-29,ahmet.simsek@hotmail.com,+905387610325,İstanbul,True,False,2025-07-12T15:03:09,2026-01-25T15:03:09
C004331,Cansu Doğan,individual,F,1976-06-05,cansu.dogan@yahoo.com,+905541102774,Kocaeli,True,True,2025-07-19T19:47:46,2025-11-18T19:47:46
C004332,Dilara Uzun,individual,F,1954-06-13,dilara.uzun33@hotmail.com,+905574597715,ISTANBUL,True,True,2024-01-20T04:53:19,2024-06-13T04:53:19
C004333,Zeynep Özdemir,individual,F,1984-05-28,zeynep.ozdemir46@gmail.com,+90 543 349 8124,Antalya,True,True,2024-10-30T17:27:26,2025-03-01T17:27:26
C004334,Melis Kara,individual,F,1995-04-10,melis.kara69@yahoo.com,+905562325578,İstanbul,True,False,2023-11-30T21:53:07,2024-02-01T21:53:07
C004335,Atlas Turizm Ltd. Şti.,corporate,,,atlasturizm@atlas.com.tr,+905363075875,Antalya,True,True,2025-02-06T11:58:52,2025-06-09T11:58:52
C004336,Ali Yalçın,individual,M,1957-08-10,ali.yalcin@hotmail.com,+905593006195,Ankara,True,True,2026-04-06T08:55:05,2026-09-18T08:55:05
C004337,Naz Yılmaz,individual,F,1999-12-20,naz.yilmaz62@icloud.com,+905501752659,İstanbul,True,True,2024-03-14T13:02:14,2024-08-12T13:02:14
C004338,Ali Bozkurt,individual,M,1987-12-24,ali.bozkurt78@yahoo.com,+905573073290,Kocaeli,True,False,2025-12-12T18:16:42,2026-01-13T18:16:42
C004339,Ahmet Öztürk,individual,M,2002-08-26,ahmet.ozturk@gmail.com,+905382123354,Konya,True,False,2024-03-27T11:51:25,2024-04-25T11:51:25
C004340,Deniz Demir,individual,M,1993-06-24,deniz.demir52@hotmail.com,+905557874065,İstanbul,True,False,2025-07-27T16:15:46,2025-12-10T16:15:46
C004341,Boğaziçi İnşaat Ltd. Şti.,corporate,,,bogaziciinsaat@bogazici.com.tr,+905351597213,İstanbul,True,True,2026-02-21T23:41:28,2026-06-04T23:41:28
C004342,Burak Özdemir,individual,M,1972-08-05,burak.ozdemir96@icloud.com,+905558445726,İstanbul,True,True,2025-01-16T09:33:45,2025-02-02T09:33:45
C004343,Ayşe Yılmaz,individual,F,1993-05-01,ayse.yilmaz74@gmail.com,05375785244,İstanbul,False,True,2025-06-15T21:54:08,2025-07-29T21:54:08
C004344,İrem Korkmaz,individual,F,1980-07-13,irem.korkmaz76@gmail.com,+905368489031,İstanbul,True,True,2026-07-16T09:27:38,2026-10-19T09:27:38
C004345,İbrahim Aydın,individual,M,1979-02-26,ibrahim.aydin68@yahoo.com,+905519031575,İzmir,True,False,2026-06-07T00:52:52,2026-07-20T00:52:52
C004346,Deniz Tekin,individual,M,1963-06-17,deniz.tekin@yahoo.com,+905385480645,İstanbul,True,True,2026-04-24T09:44:38,2026-05-25T09:44:38
C004347,Seda Arslan,individual,F,1969-10-12,seda.arslan26@outlook.com,+905361560163,Ankara,True,False,2026-05-16T15:47:12,2026-08-05T15:47:12
C004348,Kerem Ünal,individual,M,1978-07-21,kerem.unal@hotmail.com,+905369609030,İstanbul,True,False,2025-02-08T09:47:09,2025-06-01T09:47:09
C004349,Emre Şahin,individual,M,1979-02-12,emre.sahin@icloud.com,0 (540) 470-6968,Antalya,True,True,2025-10-04T01:02:28,2026-01-07T01:02:28
C004350,Meridyen Tekstil Ltd. Şti.,corporate,,,meridyentekstil@meridyen.com.tr,+905533119078,İstanbul,True,False,2024-02-09T18:32:52,2024-03-18T18:32:52
C004351,Yusuf Sarı,individual,M,1979-04-21,yusuf.sari@gmail.com,+905562438447,İzmir,True,True,2025-09-08T06:34:04,2026-03-05T06:34:04
C004352,Ahmet Demir,individual,M,1960-12-02,ahmet.demir@gmail.com,+905368790685,İstanbul,True,True,2025-05-30T02:31:07,2025-09-11T02:31:07
C004353,Barış Özkan,individual,M,1982-05-02,baris.ozkan5@gmail.com,+905459375693,Bursa,True,True,2025-07-01T22:47:07,2025-09-22T22:47:07
C004354,Umut Aksoy,individual,M,1990-04-13,umut.aksoy23@hotmail.com,+905547558961,Ankara,True,False,2026-05-27T05:20:48,2026-07-05T05:20:48
C004355,Ahmet Çetin,individual,M,1964-07-12,ahmet.cetin@gmail.com,0 (549) 461-1410,istanbul,True,True,2024-03-26T16:48:04,2024-05-04T16:48:04
C004356,Emre Güneş,individual,M,1971-04-25,emre.gunes@yahoo.com,+905548796736,İstanbul,True,False,2024-06-08T01:13:19,2024-07-19T01:13:19
C004357,Ege Enerji A.Ş.,corporate,,,egeenerji@ege.com.tr,+905554352020,Adana,True,True,2025-10-27T15:41:44,2026-03-03T15:41:44
C004358,Atlas Tekstil Ltd. Şti.,corporate,,,atlastekstil@atlas.com.tr,+905522630031,İstanbul,True,True,2025-07-19T22:43:26,2025-07-29T22:43:26
C004359,Emre Bozkurt,individual,M,1998-02-24,emre.bozkurt@gmail.com,+90 530 253 6539,İstanbul,True,False,2024-09-15T22:35:57,2024-12-07T22:35:57
C004360,Tolga Arslan,individual,M,1996-04-27,tolga.arslan@gmail.com,+905335161888,İstanbul,True,False,2024-08-13T17:21:25,2024-12-14T17:21:25
C004361,Emre Yıldırım,individual,M,1986-12-02,emre.yildirim43@outlook.com,+905326762676,İstanbul,True,True,2024-09-25T19:02:42,2024-10-23T19:02:42
C004362,Kuzey İnşaat A.Ş.,corporate,,,kuzeyinsaat@kuzey.com.tr,+905306299075,Antalya,True,False,2025-09-20T09:16:59,2026-01-28T09:16:59
C004363,Nova Enerji Ltd. Şti.,corporate,,,novaenerji@nova.com.tr,+905517616496,Adana,True,False,2024-08-22T02:53:20,2024-09-28T02:53:20
C004364,Ali Erdoğan,individual,M,1982-10-27,ali.erdogan20@gmail.com,+905432723048,Ankara,True,True,2026-03-01T00:24:42,2026-07-16T00:24:42
C004365,Halil Demir,individual,M,1980-08-14,halil.demir@icloud.com,+905357543250,İstanbul,True,True,2023-12-16T06:10:02,2024-06-06T06:10:02
C004366,Merve Doğan,individual,F,1988-08-02,merve.dogan@yahoo.com,05323408743,İstanbul,True,True,2024-01-04T10:53:24,2024-05-26T10:53:24
C004367,Umut Korkmaz,individual,M,2001-11-21,umut.korkmaz@icloud.com,+905569659872,İstanbul,True,False,2026-01-20T23:31:34,2026-04-01T23:31:34
C004368,Hasan Güneş,individual,M,1995-10-07,hasan.gunes@hotmail.com,+905417683631,Ankara,True,True,2026-06-03T10:04:04,2026-09-14T10:04:04
C004369,Halil Şimşek,individual,M,1966-11-03,halil.simsek@icloud.com,+905393962125,Gaziantep,True,True,2025-08-23T23:37:14,2025-09-10T23:37:14
C004370,Ufuk Tekstil A.Ş.,corporate,,,ufuktekstil at ufuk.com.tr,+90 535 458 8847,İstanbul,True,False,2026-03-18T16:12:40,2026-04-07T16:12:40
C004371,Can Yıldırım,individual,M,1971-08-11,can.yildirim@outlook.com,+905367815502,İzmir,True,True,2024-02-22T08:10:42,2024-02-27T08:10:42
C004372,Ömer Bulut,individual,M,1973-07-19,omer.bulut79@outlook.com,+905429560968,Adana,True,False,2024-10-29T04:20:48,2025-05-12T04:20:48
C004373,Damla Koç,individual,F,1973-02-12,damla.koc61@gmail.com,+905355821793,İstanbul,True,True,2025-01-04T13:07:15,2025-04-18T13:07:15
C004374,Selim Yılmaz,individual,M,1976-05-18,selim.yilmaz@hotmail.com,+905517125152,Ankara,True,True,2026-03-09T17:01:50,2026-04-14T17:01:50
C004375,Ebru Özdemir,individual,F,2002-11-02,ebru.ozdemir@outlook.com,+905467535850,İstanbul,True,True,2025-11-03T14:12:25,2026-02-01T14:12:25
C004376,Merve Bozkurt,individual,F,1985-03-01,merve.bozkurt@yahoo.com,+905584641295,Ankara,True,True,2025-01-20T16:26:49,2025-05-04T16:26:49
C004377,Berk Ünal,individual,M,1994-07-21,berk.unal38@gmail.com,+905367564085,İstanbul,False,False,2025-02-24T01:38:57,2025-06-25T01:38:57
C004378,Ali Tekin,individual,M,1984-08-26,ali.tekin@yahoo.com,+905417849220,Muğla,True,True,2024-11-18T00:49:14,2024-11-18T00:49:14
C004379,Meridyen Tekstil A.Ş.,corporate,,,meridyentekstil@meridyen.com.tr,+905595850913,İstanbul,True,True,2024-08-26T08:51:22,2025-02-09T08:51:22
C004380,Merve Yıldız,individual,F,1972-10-07,merve.yildiz@outlook.com,05515775539,Ankara,True,True,2023-10-29T17:32:16,2024-03-22T17:32:16
C004381,Merve Doğan,individual,F,1986-10-15,merve.dogan54@yahoo.com,+905583480238,İzmir,True,True,2024-01-19T21:47:56,2024-02-15T21:47:56
C004382,Can Polat,individual,M,1981-07-27,can.polat@yahoo.com,+905599199762,İstanbul,True,False,2024-04-13T23:45:11,2024-05-08T23:45:11
C004383,Yıldız Otomotiv Yan Sanayi Ltd. Şti.,corporate,,,yildizotomotivyansanayi@yildiz.com.tr,+905358958920,İstanbul ,True,True,2024-10-10T07:40:20,2025-04-06T07:40:20
C004384,Kaan Aksoy,individual,M,1984-08-12,kaan.aksoy@icloud.com,+905553925344,Ankara,True,True,2024-03-06T05:33:31,2024-04-16T05:33:31
C004385,Selim Korkmaz,individual,M,1983-10-09,selim.korkmaz@hotmail.com,+905478837882,Kocaeli,True,True,2025-12-07T20:29:20,2026-06-14T20:29:20
C004386,Selim Kara,individual,M,1970-12-16,selim.kara@yahoo.com,+905364239437,Mersin,True,True,2025-03-12T11:34:39,2025-05-11T11:34:39
C004387,Onur Ateş,individual,M,1980-04-26,onur.ates51@yahoo.com,+905587257205,Ankara,True,True,2025-05-07T10:51:41,2025-06-06T10:51:41
C004388,İrem Sarı,individual,F,1977-09-25,irem.sari30@yahoo.com,+905401387784,İstanbul,True,True,2025-08-06T04:33:26,2025-12-01T04:33:26
C004389,Barış Sarı,individual,M,1997-10-31,baris.sari47@hotmail.com,+905453439381,Antalya,True,False,2025-07-09T23:02:01,2026-01-24T23:02:01
C004390,Hande Yıldız,individual,F,1965-10-03,hande.yildiz@icloud.com,+905358301702,Gaziantep,True,False,2025-08-17T08:56:30,2026-02-28T08:56:30
C004391,Kaan Aksoy,individual,M,1992-02-09,kaan.aksoy58@icloud.com,+90 544 521 4746,İstanbul,True,False,2024-12-15T11:50:28,2025-04-05T11:50:28
C004392,Efe Çetin,individual,M,1983-04-15,efe.cetin81@gmail.com,+905337996621,Samsun,True,True,2025-06-30T07:37:00,2025-11-18T07:37:00
C004393,Büşra Erdoğan,individual,F,1979-05-01,busra.erdogan36@gmail.com,+905302000232,İstanbul,True,False,2025-10-24T22:49:20,2026-01-05T22:49:20
C004394,İbrahim Kaya,individual,M,1978-04-05,ibrahim.kaya@outlook.com,+905592623696,İzmir,True,True,2024-08-31T14:24:43,2024-10-10T14:24:43
C004395,İrem Ünal,individual,F,2002-08-11,irem.unal@hotmail.com,5313142272,Eskişehir,True,True,2024-11-11T10:05:14,2025-05-06T10:05:14
C004396,Damla Öztürk,individual,F,1980-07-29,damla.ozturk@gmail.com,+905355692203,IZMIR,True,False,2025-08-22T23:07:07,2025-11-13T23:07:07
C004397,Ömer Çakır,individual,M,1981-05-20,omer.cakir@outlook.com,+905492729632,Bursa,True,True,2025-09-06T03:52:35,2026-02-12T03:52:35
C004398,Nazlı Aydın,individual,F,1998-04-11,nazli.aydin23@outlook.com,+905504558515,Eskişehir,True,False,2024-09-28T03:37:57,2024-11-04T03:37:57
C004399,Serkan Özdemir,individual,M,2002-03-31,serkan.ozdemir@icloud.com,+905512642048,Ankara,True,True,2026-03-30T04:27:17,2026-05-13T04:27:17
C004400,Yıldız Gıda A.Ş.,corporate,,,yildizgida@yildiz.com.tr,+905391269297,Bursa,True,False,2025-11-07T00:12:32,2026-04-19T00:12:32
C004401,İbrahim Çetin,individual,M,2002-09-23,ibrahim.cetin6@gmail.com,+905462681543,Ankara,True,True,2023-09-20T12:01:00,2023-11-13T12:01:00
C004402,Naz Aydın,individual,F,1973-03-17,naz.aydin@gmail.com,0 (540) 379-3176,Ankara,True,True,2024-10-14T09:50:47,2025-03-03T09:50:47
C004403,Kaan Özdemir,individual,M,1994-01-28,,+905354868463,İstanbul,True,True,2025-03-23T08:51:21,2025-08-31T08:51:21
C004404,Berk Kaya,individual,M,1978-04-29,berk.kaya87@yahoo.com,+905502194067,İstanbul,True,True,2026-03-06T22:31:40,2026-06-12T22:31:40
C004405,Kuzey Lojistik Ltd. Şti.,corporate,,,kuzeylojistik@kuzey.com.tr,+905382709403,Bursa,True,True,2025-01-16T14:40:19,2025-04-13T14:40:19
C004406,Kaan Yıldırım,individual,M,1973-04-07,kaan.yildirim@icloud.com,+905538714052,Adana,True,False,2024-08-14T17:21:58,2024-09-22T17:21:58
C004407,Zeynep Ünal,individual,F,1989-05-13,zeynep.unal28@icloud.com,+905363928131,İzmir,True,False,2025-06-10T08:58:22,2025-07-26T08:58:22
C004408,Ufuk Teknoloji A.Ş.,corporate,,,ufukteknoloji@ufuk.com.tr,+905502546007,İstanbul,True,False,2026-06-20T10:26:31,2026-12-05T10:26:31
C004409,Anadolu Teknoloji A.Ş.,corporate,,,anadoluteknoloji@anadolu.com.tr,+905365780038,İstanbul,True,True,2026-01-16T15:32:55,2026-03-23T15:32:55
C004410,Can Özdemir,individual,M,1979-12-23,can.ozdemir@gmail.com,+905414583182,İstanbul,True,True,2026-01-30T09:51:04,2026-06-15T09:51:04
C004411,Boğaziçi İnşaat Ltd. Şti.,corporate,,,bogaziciinsaat@bogazici.com.tr,0558 468 34 32,Antalya,True,False,2024-02-09T20:18:14,2024-03-24T20:18:14
C004412,Ayşe Tekin,individual,F,1979-01-10,ayse.tekin33@yahoo.com,+905386586048,Bursa,True,True,2024-10-16T10:49:31,2025-02-10T10:49:31
C004413,Hüseyin Doğan,individual,M,1989-01-01,huseyin.dogan@yahoo.com,+905401301275,İstanbul,True,True,2026-07-26T18:36:39,2027-01-13T18:36:39
C004414,Berk Aydın,individual,M,1983-09-14,berk.aydin18@icloud.com,0545 849 70 41,Antalya,True,False,2025-01-23T07:41:46,2025-03-11T07:41:46
C004415,Meridyen Tekstil A.Ş.,corporate,,,meridyentekstil@meridyen.com.tr,+905536264443,İzmir,True,False,2025-10-04T00:34:16,2026-01-06T00:34:16
C004416,Tolga Aksoy,individual,M,1993-12-28,tolga.aksoy13@outlook.com,+905518093402,Mersin,True,True,2024-09-07T01:46:52,2024-12-11T01:46:52
C004417,Global Medya A.Ş.,corporate,,,globalmedya@global.com.tr,+905489197851,İstanbul,False,False,2026-07-08T07:05:24,2026-09-29T07:05:24
C004418,Beyza Yılmaz,individual,F,1997-12-18,beyza.yilmaz@outlook.com,+905588262156,İstanbul,True,False,2023-11-29T20:36:45,2023-12-19T20:36:45
C004419,Elif Özdemir,individual,F,1964-04-07,elif.ozdemir52@gmail.com,+905378596751,İstanbul,True,False,2023-10-26T07:36:53,2024-01-18T07:36:53
C004420,Halil Demir,individual,M,1993-11-18,halil.demir47@icloud.com,+905395103266,İstanbul,True,True,2025-03-02T08:52:39,2025-04-09T08:52:39
C004421,Deniz Doğan,individual,M,1996-10-01,deniz.dogan36@icloud.com,+905515197253,Mersin,True,False,2025-08-21T06:31:02,2025-12-08T06:31:02
C004422,Selin Yılmaz,individual,F,1991-03-29,selin.yilmaz@yahoo.com,+905433397310,İstanbul,True,True,2024-08-24T04:11:33,2024-11-16T04:11:33
C004423,Seda Güneş,individual,F,1986-03-31,seda.gunes@yahoo.com,+905552628744,Kocaeli,True,False,2024-12-25T17:38:21,2025-01-19T17:38:21
C004424,Barış Koç,individual,M,1970-04-21,baris.koc@icloud.com,+905486846719,İstanbul,True,True,2026-05-13T05:50:59,2026-07-19T05:50:59
C004425,Umut Şimşek,individual,M,1984-02-14,umut.simsek@hotmail.com,+905519999942,istanbul,True,False,2024-10-04T21:12:49,2025-04-01T21:12:49
C004426,Onur Arslan,individual,M,1986-12-04,onur.arslan@outlook.com,+905553254510,İzmir,True,True,2025-06-04T12:01:03,2025-12-16T12:01:03
C004427,Mustafa Yalçın,individual,M,1980-07-12,mustafa.yalcin80@yahoo.com,+905429585904,Kocaeli,True,True,2025-12-02T02:26:10,2026-04-04T02:26:10
C004428,Merve Aslan,individual,F,1997-04-09,merve.aslan@yahoo.com,+905528517209,İstanbul,True,False,2026-01-03T15:04:15,2026-04-24T15:04:15
C004429,Aslı Şahin,individual,F,1968-07-27,asli.sahin@hotmail.com,+905534491269,Eskişehir,True,True,2025-05-19T08:20:47,2025-05-31T08:20:47
C004430,Hande Doğan,individual,F,1981-05-19,hande.dogan@icloud.com,+905414422853,Denizli,True,True,2024-01-12T14:28:06,2024-01-26T14:28:06
C004431,Aslı Çelik,individual,F,1982-04-16,asli.celik@yahoo.com,+905579647740,İstanbul,True,False,2024-04-24T22:14:13,2024-08-06T22:14:13
C004432,Derya Polat,individual,F,1985-06-06,derya.polat@yahoo.com,+905321775218,İstanbul,True,False,2025-11-22T04:03:14,2026-05-24T04:03:14
C004433,Oğuz Bozkurt,individual,M,1981-01-26,oguz.bozkurt28@hotmail.com,+905495725680,Istanbul,True,False,2026-02-23T14:35:36,2026-03-07T14:35:36
C004434,Mehmet Erdoğan,individual,M,1982-02-06,mehmet.erdogan66@yahoo.com,5561445502,ISTANBUL,True,False,2026-01-29T03:49:31,2026-05-28T03:49:31
C004435,Ece Kurt,individual,F,1976-08-27,ece.kurt@gmail.com,+90 531 651 3557,İstanbul,True,True,2026-08-27T02:22:11,2026-11-11T02:22:11
C004436,Ali Çelik,individual,M,1976-07-17,ali.celik@outlook.com,+905538168383,İstanbul,True,True,2023-12-15T11:06:17,2024-05-24T11:06:17
C004437,Aslı Korkmaz,individual,F,1980-09-12,asli.korkmaz@gmail.com,+905453435968,Ankara,True,False,2026-05-03T03:00:47,2026-08-12T03:00:47
C004438,Emre Özkan,individual,M,1979-07-19,emre.ozkan@hotmail.com,+905518451427,İzmir,True,True,2026-01-02T17:34:10,2026-02-01T17:34:10
C004439,Delta İnşaat A.Ş.,corporate,,,deltainsaat@delta.com.tr,+905463162718,İstanbul,True,True,2025-05-12T21:44:43,2025-08-02T21:44:43
C004440,Zeynep Aslan,individual,F,1984-04-06,zeynep.aslan@icloud.com,+905482130525,Antalya,True,False,2024-11-09T12:53:01,2024-11-20T12:53:01
C004441,Ayşe Şimşek,individual,F,1987-11-07,ayse.simsek45@hotmail.com,+905323455947,İzmir,True,False,2024-06-12T11:11:21,2024-12-13T11:11:21
C004442,Barış Kılıç,individual,M,2002-05-18,baris.kilic20@gmail.com,+905431209948,İstanbul,True,True,2024-02-13T20:39:02,2024-06-16T20:39:02
C004443,Büşra Kurt,individual,F,1988-01-09,busra.kurt93@gmail.com,0530 581 39 16,Ankara,True,True,2026-07-12T16:23:24,2026-12-01T16:23:24
C004444,Nova Sağlık Ltd. Şti.,corporate,,,novasaglik at nova.com.tr,+905413872446,Ankara,True,True,2025-04-17T09:57:37,2025-10-22T09:57:37
C004445,Mehmet Tekin,individual,M,1978-06-08,mehmet.tekin@yahoo.com,+905305799650,Ankara,True,False,2025-02-16T11:56:52,2025-08-04T11:56:52
C004446,Anadolu Lojistik Ltd. Şti.,corporate,,,anadolulojistik@anadolu.com.tr,+905398158596,Antalya,True,False,2024-02-19T04:22:36,2024-04-03T04:22:36
C004447,Kuzey İnşaat Ltd. Şti.,corporate,,,kuzeyinsaat@kuzey.com.tr,+905409901337,İzmir,True,True,2025-09-27T03:02:15,2025-09-30T03:02:15
C004448,Gizem Yılmaz,individual,F,1993-02-23,gizem.yilmaz@outlook.com,+905549135737,İstanbul,True,False,2023-11-05T20:03:18,2023-11-17T20:03:18
C004449,Deniz Özkan,individual,M,1983-07-26,deniz.ozkan@yahoo.com,+905408502277,Samsun,True,True,2026-08-16T23:29:01,2027-01-28T23:29:01
C004450,Umut Kılıç,individual,M,1965-05-16,umut.kilic73@outlook.com,+905508875497,Istanbul,False,False,2025-03-03T19:43:28,2025-05-14T19:43:28
C004451,Deniz Taş,individual,M,1995-12-19,deniz.tas36@outlook.com,+905458471563,Adana,True,True,2025-11-12T23:13:04,2026-01-09T23:13:04
C004452,Ege Yazılım A.Ş.,corporate,,,egeyazilim@ege.com.tr,+905313347362,Antalya,True,True,2024-05-03T06:21:54,2024-07-28T06:21:54
C004453,Eren Yıldırım,individual,M,1983-12-07,eren.yildirim85@outlook.com,+905431361680,İstanbul,True,False,2024-01-19T01:47:09,2024-01-26T01:47:09
C004454,Melis Keskin,individual,F,2002-05-08,melis.keskin@gmail.com,+905512869122,Kocaeli,True,False,2025-10-06T02:12:03,2026-02-14T02:12:03
C004455,Delta Teknoloji A.Ş.,corporate,,,deltateknoloji@delta.com.tr,+905424739775,Ankara,True,True,2025-02-23T04:32:02,2025-05-02T04:32:02
C004456,Anadolu Sağlık A.Ş.,corporate,,,anadolusaglik@anadolu.com.tr,+905385311550,İzmir,True,False,2026-05-30T23:17:52,2026-07-16T23:17:52
C004457,Tuğba Bozkurt,individual,F,1969-01-31,tugba.bozkurt69@yahoo.com,+905588734624,İstanbul,True,False,2024-10-04T04:32:55,2024-12-12T04:32:55
C004458,Yasemin Demir,individual,F,1987-09-20,yasemin.demir87@outlook.com,+905345973210,İzmir,True,True,2025-04-21T16:47:08,2025-06-06T16:47:08
C004459,Hasan Özdemir,individual,M,1968-07-28,hasan.ozdemir@yahoo.com,+905379672870,Antalya,True,False,2025-08-26T05:57:00,2025-10-16T05:57:00
C004460,Mustafa Yıldız,individual,M,1957-02-23,mustafa.yildiz56@hotmail.com,+905595668779,Adana,True,True,2025-06-08T05:38:05,2025-08-21T05:38:05
C004461,Halil Aslan,individual,M,1989-10-25,halil.aslan19@hotmail.com,+905479377777,İstanbul,True,False,2025-06-06T00:41:55,2025-11-20T00:41:55
C004462,Deniz Arslan,individual,M,1990-08-25,deniz.arslan@icloud.com,+905432112921,İstanbul,True,True,2024-08-22T18:51:39,2024-10-15T18:51:39
C004463,Ceren Uzun,individual,F,1994-05-21,ceren.uzun44@icloud.com,+905333549731,Mersin,True,False,2024-11-15T15:55:43,2025-03-23T15:55:43
C004464,Ömer Korkmaz,individual,M,1982-04-22,omer.korkmaz27@yahoo.com,+905375796110,İzmir,True,False,2025-01-15T12:02:37,2025-04-28T12:02:37
C004465,Selim Aydın,individual,M,1993-08-13,selim.aydin@outlook.com,+905556065286,İstanbul,True,False,2026-05-29T04:46:23,2026-12-08T04:46:23
C004466,Murat Erdoğan,individual,M,1961-02-26,murat.erdogan78@icloud.com,+905436826889,Kocaeli,True,True,2025-05-10T03:28:41,2025-08-03T03:28:41
C004467,Furkan Güneş,individual,M,1980-08-14,furkan.gunes@gmail.com,+905514455050,Ankara,True,True,2024-11-10T04:57:23,2025-02-08T04:57:23
C004468,Halil Bozkurt,individual,M,1983-08-04,halil.bozkurt27@hotmail.com,+905405049975,Eskişehir,True,True,2024-10-25T07:22:33,2024-12-14T07:22:33
C004469,İbrahim Avcı,individual,M,1979-01-23,ibrahim.avci@icloud.com,+905301037233,İstanbul,True,True,2024-10-01T21:22:38,2025-04-07T21:22:38
C004470,Mustafa Özdemir,individual,M,1996-04-07,mustafa.ozdemir98@icloud.com,+905472870946,Konya,True,True,2025-01-27T23:30:09,2025-03-31T23:30:09
C004471,Gamze Bulut,individual,F,1975-06-29,gamze.bulut@gmail.com,+905397017266,Ankara,True,False,2026-02-07T15:58:53,2026-03-14T15:58:53
C004472,Zirve Lojistik Ltd. Şti.,corporate,,,zirvelojistik@zirve.com.tr,+905372863179,Konya,False,True,2025-11-26T10:37:01,2026-01-28T10:37:01
C004473,Hüseyin Şimşek,individual,M,1964-01-01,huseyin.simsek@icloud.com,+905471839393,Adana,True,False,2024-09-06T05:18:40,2025-03-09T05:18:40
C004474,Furkan Yıldız,individual,M,1986-09-19,furkan.yildiz68@yahoo.com,+905426385561,İstanbul,True,False,2024-03-15T16:24:35,2024-05-21T16:24:35
C004475,Elif Turan,individual,F,1972-05-30,elif.turan@outlook.com,+905498032799,İstanbul,True,False,2024-06-06T19:35:26,2024-12-20T19:35:26
C004476,Selin Özkan,individual,F,1959-10-02,selin.ozkan@hotmail.com,+90 558 576 6181,İstanbul,True,True,2024-05-16T17:32:01,2024-08-11T17:32:01
C004477,Mustafa Kurt,individual,M,1982-06-13,mustafa.kurt67@icloud.com,+905404881222,İstanbul,True,True,2023-11-01T17:05:24,2023-12-27T17:05:24
C004478,Can Çakır,individual,M,1983-12-30,can.cakir@gmail.com,+905596152798,İzmir,True,False,2024-12-02T18:51:52,2025-01-08T18:51:52
C004479,Mustafa Doğan,individual,M,2002-05-06,mustafa.dogan52@yahoo.com,+905339513420,İstanbul,True,True,2026-05-19T16:24:36,2026-10-21T16:24:36
C004480,Burak Ünal,individual,M,1996-11-06,burak.unal@outlook.com,+905522128944,Samsun,True,False,2025-10-26T09:37:42,2026-04-29T09:37:42
C004481,Deniz Acar,individual,M,1968-05-22,deniz.acar92@hotmail.com,+905549264753,Adana,True,True,2026-03-21T02:33:45,2026-04-24T02:33:45
C004482,Ali Tekin,individual,M,1999-08-20,ali.tekin@yahoo.com,+905386046879,Antalya,True,False,2025-06-14T15:41:16,2025-06-21T15:41:16
C004483,Fatma Erdoğan,individual,F,1976-11-26,fatma.erdogan@outlook.com,+905414771098,İstanbul,True,False,2024-11-14T09:56:06,2025-01-15T09:56:06
C004484,Hande Aksoy,individual,F,1994-09-01,hande.aksoy73@icloud.com,+905382702425,Ankara,True,False,2024-06-09T21:24:06,2024-10-15T21:24:06
C004485,Damla Aydın,individual,F,1985-07-30,damla.aydin@yahoo.com,+905338609232,İstanbul,True,True,2025-04-06T20:33:43,2025-05-28T20:33:43
C004486,Nur Keskin,individual,F,1986-12-23,nur.keskin@icloud.com,+905314934522,Antalya,True,True,2023-10-29T07:19:16,2023-12-14T07:19:16
C004487,Kerem Erdoğan,individual,M,1981-09-15,kerem.erdogan@gmail.com,+905385910479,Eskisehir,True,False,2026-06-07T23:48:27,2026-10-31T23:48:27
C004488,Eren Aksoy,individual,M,1973-08-10,eren.aksoy@icloud.com,+905375003537,Samsun,True,False,2024-07-04T13:29:17,2024-07-31T13:29:17
C004489,Global Tekstil Ltd. Şti.,corporate,,,globaltekstil@global.com.tr,+905564756813,İstanbul,True,False,2025-08-16T05:08:15,2025-12-30T05:08:15
C004490,Cansu Demir,individual,F,1999-02-28,cansu.demir@icloud.com,+905537349566,Antalya,True,False,2023-12-22T22:11:45,2024-01-23T22:11:45
C004491,Atlas Lojistik Ltd. Şti.,corporate,,,atlaslojistik@atlas.com.tr,+905408882352,Mersin,True,True,2025-07-24T22:50:08,2025-07-25T22:50:08
C004492,Berk Kara,individual,M,1983-11-07,berk.kara@icloud.com,5599046940,İstanbul,True,True,2023-09-10T23:51:00,2023-09-24T23:51:00
C004493,Anadolu Teknoloji Ltd. Şti.,corporate,,,anadoluteknoloji@anadolu.com.tr,+905459246884,Gaziantep,True,True,2024-11-09T08:47:05,2025-01-04T08:47:05
C004494,Furkan Yıldırım,individual,M,1975-01-25,furkan.yildirim@outlook.com,+905584991562,Kocaeli,True,False,2024-12-19T05:47:44,2025-05-27T05:47:44
C004495,Cem Arslan,individual,M,1992-12-17,cem.arslan57@icloud.com,+90 551 643 6520,İstanbul,True,False,2026-08-26T19:50:23,2027-02-19T19:50:23
C004496,Cem Çelik,individual,M,1985-07-01,cem.celik@hotmail.com,+905362554978,Gaziantep,True,False,2024-08-04T10:31:40,2025-02-10T10:31:40
C004497,Cem Turan,individual,M,1978-01-08,cem.turan11@gmail.com,+905346498655,Gaziantep,True,False,2024-09-17T05:02:38,2024-10-20T05:02:38
C004498,Nur Turan,individual,F,1981-11-07,nur.turan@yahoo.com,5383426072,Eskişehir,True,False,2025-11-27T18:53:05,2026-02-11T18:53:05
C004499,Yusuf Sarı,individual,M,1976-07-14,yusuf.sari@yahoo.com,+905403556193,İstanbul,True,False,2024-05-04T09:44:44,2024-05-06T09:44:44
C004500,Ali Yıldız,individual,M,1972-05-26,ali.yildiz@hotmail.com,+905538758583,Ankara,True,True,2025-03-24T23:39:22,2025-08-22T23:39:22
C004501,Naz Yıldırım,individual,F,1999-10-28,naz.yildirim10@yahoo.com,+905502179646,Ankara,True,True,2026-06-03T14:19:52,2026-10-03T14:19:52
C004502,Deniz Güneş,individual,M,1987-06-29,deniz.gunes@hotmail.com,+905331889811,Antalya,True,True,2024-05-12T04:51:24,2024-10-01T04:51:24
C004503,Hande Korkmaz,individual,F,2002-08-10,hande.korkmaz@gmail.com,+905466915587,İzmir,True,True,2026-04-25T08:40:18,2026-05-12T08:40:18
C004504,Kuzey Enerji Ltd. Şti.,corporate,,,kuzeyenerji@kuzey.com.tr,+905379423245,İzmir,False,True,2023-11-23T09:55:05,2024-03-08T09:55:05
C004505,Aslı Bulut,individual,F,1989-10-29,asli.bulut17@hotmail.com,+905358795175,İstanbul,True,True,2024-06-10T05:24:08,2024-09-02T05:24:08
C004506,Kaan Ünal,individual,M,1974-12-26,kaan.unal94@gmail.com,+905498051222,Bursa,True,False,2025-12-03T02:13:42,2025-12-09T02:13:42
C004507,Esra Turan,individual,F,1989-11-01,esra.turan14@gmail.com,+905347729879,Bursa,True,True,2026-06-30T11:45:44,2026-07-03T11:45:44
C004508,Barış Özdemir,individual,M,1992-01-28,baris.ozdemir56@yahoo.com,5538642760,İstanbul,True,False,2025-03-18T13:50:51,2025-09-28T13:50:51
C004509,Hüseyin Aslan,individual,M,1988-02-09,huseyin.aslan@outlook.com,+905464264029,Mersin,False,False,2026-02-02T19:11:58,2026-05-11T19:11:58
C004510,Efe Demir,individual,M,2002-07-12,efe.demir62@icloud.com,+905312161265,İstanbul,True,True,2024-07-25T19:06:05,2024-12-20T19:06:05
C004511,Zirve Turizm A.Ş.,corporate,,,zirveturizm@zirve.com.tr,+905429407862,İstanbul,True,False,2023-12-14T10:56:27,2023-12-31T10:56:27
C004512,Mehmet Erdoğan,individual,M,1988-09-11,mehmet.erdogan@yahoo.com,+905571072884,Gaziantep,True,False,2024-07-24T14:33:18,2024-11-15T14:33:18
C004513,Tolga Aslan,individual,M,1989-04-10,tolga.aslan79@gmail.com,+905429026033,Bursa,True,True,2025-12-25T14:37:53,2026-02-23T14:37:53
C004514,Ece Kaya,individual,F,1988-09-18,ece.kaya8@yahoo.com,5369229990,İstanbul,True,False,2024-11-05T17:14:54,2025-04-20T17:14:54
C004515,Burak Koç,individual,M,1976-01-14,burak.koc@hotmail.com,+905389355832,Ankara,True,True,2023-09-21T07:13:51,2024-01-31T07:13:51
C004516,Mustafa Özdemir,individual,M,1993-02-04,mustafa.ozdemir48@gmail.com,+905305205616,İstanbul,True,True,2024-05-22T04:17:22,2024-07-07T04:17:22
C004517,Akdeniz Turizm A.Ş.,corporate,,,akdenizturizm@akdeniz.com.tr,+905307679535,Samsun,True,True,2025-07-29T05:54:10,2026-01-31T05:54:10
C004518,Zeynep Şimşek,individual,F,1968-12-05,zeynep.simsek@yahoo.com,+905413915288,Adana,True,False,2025-09-27T17:58:04,2026-02-03T17:58:04
C004519,Furkan Aksoy,individual,M,1979-10-09,furkan.aksoy@icloud.com,+905391191007,Ankara,True,False,2025-09-15T20:45:10,2025-11-24T20:45:10
C004520,İbrahim Koç,individual,M,1980-01-01,ibrahim.koc45@hotmail.com,+905407833531,İstanbul,True,True,2026-06-04T15:12:43,2026-06-30T15:12:43
C004521,Seda Şahin,individual,F,1990-11-14,seda.sahin@gmail.com,+905584445630,İzmir,True,True,2024-07-07T07:23:35,2024-12-14T07:23:35
C004522,Halil Güneş,individual,M,1994-08-24,halil.gunes@outlook.com,+905362296432,İstanbul,True,False,2024-07-05T00:18:36,2024-11-13T00:18:36
C004523,Deniz Şimşek,individual,M,1990-02-07,deniz.simsek68@hotmail.com,+905543510795,Adana,True,False,2026-05-09T12:14:08,2026-10-18T12:14:08
C004524,İbrahim Çakır,individual,M,1994-08-20,ibrahim.cakir@yahoo.com,+905437601110,İstanbul,True,True,2024-09-17T15:57:50,2024-11-20T15:57:50
C004525,Derya Ünal,individual,F,2001-06-15,derya.unal@icloud.com,+905401102564,Eskişehir,True,True,2024-09-17T14:00:20,2025-01-29T14:00:20
C004526,Beyza Arslan,individual,F,1988-02-23,beyza.arslan@yahoo.com,+905415240447,Bursa,True,False,2024-11-26T13:47:19,2025-01-22T13:47:19
C004527,Can Tekin,individual,M,1984-10-16,can.tekin16@yahoo.com,+905318990434,İstanbul,True,False,2024-09-07T15:49:36,2025-02-18T15:49:36
C004528,Oğuz Yılmaz,individual,M,1982-02-20,oguz.yilmaz91@icloud.com,+905598800771,Konya,True,True,2025-08-28T22:24:46,2025-10-22T22:24:46
C004529,Tuğba Uzun,individual,F,1986-10-30,tugba.uzun48@hotmail.com,+905586656953,Bursa,True,True,2026-01-08T00:58:21,2026-01-08T00:58:21
C004530,Zeynep Karaca,individual,F,1989-11-04,zeynep.karaca@icloud.com,+905369165210,İstanbul,True,True,2024-06-16T20:35:38,2024-10-25T20:35:38
C004531,Hüseyin Polat,individual,M,1994-12-04,huseyin.polat@outlook.com,+905504668846,İstanbul,True,False,2026-03-07T20:00:16,2026-04-19T20:00:16
C004532,Anadolu Teknoloji Ltd. Şti.,corporate,,,anadoluteknoloji@anadolu.com.tr,+905486846291,İzmir,True,False,2023-12-18T03:01:56,2024-03-28T03:01:56
C004533,Cansu Turan,individual,F,2002-08-30,cansu.turan82@hotmail.com,+905562229155,Ankara,True,False,2024-06-16T09:39:11,2024-10-05T09:39:11
C004534,Global Enerji A.Ş.,corporate,,,,+905317596866,İstanbul,True,True,2025-02-01T18:06:01,2025-04-02T18:06:01
C004535,Elif Aksoy,individual,F,1975-06-16,elif.aksoy@outlook.com,+905582498148,Denizli,True,True,2026-05-27T08:40:46,2026-10-01T08:40:46
C004536,Ceren Yılmaz,individual,F,1983-07-18,ceren.yilmaz@yahoo.com,+905403371409,Ankara,True,True,2026-06-19T20:13:32,2026-06-27T20:13:32
C004537,Oğuz Aydın,individual,M,1970-11-13,oguz.aydin19@yahoo.com,+905572991184,Gaziantep,True,False,2023-11-15T16:58:08,2024-05-29T16:58:08
C004538,Gamze Karaca,individual,F,1979-07-12,gamze.karaca@gmail.com,+905515760626,İstanbul,True,False,2024-05-01T01:46:25,2024-05-10T01:46:25
C004539,Mehmet Aslan,individual,M,1983-09-01,mehmet.aslan@hotmail.com,+905357904678,Denizli,True,False,2025-10-17T02:07:24,2025-10-18T02:07:24
C004540,Onur Sarı,individual,M,1986-05-10,onur.sari72@hotmail.com,+905328140040,Kocaeli,True,True,2023-10-30T17:29:47,2024-03-21T17:29:47
C004541,Aslı Bozkurt,individual,F,1986-02-18,asli.bozkurt@hotmail.com,+905524695106,Ankara,True,False,2024-06-04T00:17:42,2024-09-30T00:17:42
C004542,Can Aslan,individual,M,1980-10-28,can.aslan9@hotmail.com,+905335086636,İstanbul,True,True,2024-10-09T12:50:38,2025-01-12T12:50:38
C004543,Eren Tekin,individual,M,2002-09-20,eren.tekin@gmail.com,+905385688825,Antalya,True,False,2026-02-17T23:01:07,2026-03-04T23:01:07
C004544,Can Erdoğan,individual,M,1981-03-12,can.erdogan@gmail.com,+905551315478,Kocaeli,True,True,2025-02-27T19:46:11,2025-05-04T19:46:11
C004545,Murat Şimşek,individual,M,1972-02-04,murat.simsek96@icloud.com,+905362348984,Istanbul,True,True,2024-11-11T13:43:30,2024-12-14T13:43:30
C004546,Seda Öztürk,individual,F,1994-02-05,seda.ozturk@yahoo.com,+905351465317,Konya,True,False,2026-08-11T16:07:24,2026-09-15T16:07:24
C004547,Atlas Otomotiv Yan Sanayi Ltd. Şti.,corporate,,,atlasotomotivyansanayi@atlas.com.tr,+905392231711,Kocaeli,True,True,2023-11-26T21:53:53,2024-03-21T21:53:53
C004548,Onur Aksoy,individual,M,1980-06-09,onur.aksoy71@outlook.com,+905396580813,Antalya,True,True,2024-01-23T15:12:51,2024-05-10T15:12:51
C004549,Can Sarı,individual,M,1985-09-10,can.sari@yahoo.com,+905539090410,Muğla,True,False,2025-07-02T23:00:21,2025-12-21T23:00:21
C004550,Ceren Korkmaz,individual,F,1990-09-13,ceren.korkmaz34@gmail.com,+905551449659,İstanbul,True,False,2026-02-14T05:47:19,2026-04-10T05:47:19
C004551,Damla Doğan,individual,F,1983-06-02,damla.dogan45@yahoo.com,+905594283626,İstanbul,True,False,2025-05-09T20:46:48,2025-06-05T20:46:48
C004552,Melis Erdoğan,individual,F,1990-01-13,melis.erdogan24@hotmail.com,+905563411495,Konya,True,True,2025-06-07T12:25:01,2025-08-08T12:25:01
C004553,Barış Uzun,individual,M,1988-06-15,baris.uzun@hotmail.com,+905307659543,İstanbul,True,True,2025-03-24T21:30:49,2025-08-07T21:30:49
C004554,Delta Turizm Ltd. Şti.,corporate,,,deltaturizm@delta.com.tr,+905507612397,İstanbul,True,True,2025-02-03T06:35:26,2025-05-23T06:35:26
C004555,Cem Özkan,individual,M,1982-04-16,cem.ozkan@yahoo.com,0546 594 74 73,Kocaeli,False,False,2026-01-26T11:03:44,2026-04-12T11:03:44
C004556,Atlas Tekstil Ltd. Şti.,corporate,,,atlastekstil@atlas.com.tr,+905495296848,ISTANBUL,True,False,2024-06-06T00:06:30,2024-12-15T00:06:30
C004557,Kaan Avcı,individual,M,1991-01-30,kaan.avci@gmail.com,+905479934590,İstanbul,False,False,2026-07-15T07:55:11,2026-07-24T07:55:11
C004558,Mustafa Yıldırım,individual,M,1982-11-07,mustafa.yildirim76@gmail.com,5502038869,İstanbul,True,False,2025-10-06T02:05:24,2025-10-22T02:05:24
C004559,Gamze Kaya,individual,F,1994-09-21,gamze.kaya83@icloud.com,0 (544) 316-1722,Muğla,True,True,2024-03-25T12:48:59,2024-03-27T12:48:59
C004560,Ömer Aksoy,individual,M,1970-09-26,omer.aksoy29@gmail.com,+905473690925,Antalya,True,True,2025-10-31T19:22:50,2025-12-13T19:22:50
C004561,Derya Avcı,individual,F,1983-07-12,derya.avci85@icloud.com,+905554409361,İstanbul,True,True,2026-03-23T07:06:37,2026-06-24T07:06:37
C004562,Ali Acar,individual,M,1984-12-15,ali.acar@icloud.com,+905352465904,İstanbul,False,True,2024-06-30T10:53:06,2024-12-12T10:53:06
C004563,Efe Demir,individual,M,1965-07-25,efe.demir36@outlook.com,+905308689554,İstanbul,True,True,2026-05-07T08:32:04,2026-06-02T08:32:04
C004564,Furkan Aksoy,individual,M,2002-06-21,furkan.aksoy23 at hotmail.com,+905476333279,İstanbul,True,True,2025-05-29T03:23:11,2025-09-12T03:23:11
C004565,Emre Turan,individual,M,1967-12-25,emre.turan17@icloud.com,+905391201304,ISTANBUL,False,True,2024-06-06T03:51:05,2024-09-16T03:51:05
C004566,Cem Öztürk,individual,M,2000-05-10,cem.ozturk34@hotmail.com,+905454737105,Eskişehir,True,False,2024-03-05T12:05:14,2024-08-07T12:05:14
C004567,Ufuk Otomotiv Yan Sanayi A.Ş.,corporate,,,ufukotomotivyansanayi@ufuk.com.tr,+905545272794,ISTANBUL,True,False,2025-03-20T18:19:13,2025-05-12T18:19:13
C004568,Ali Çakır,individual,M,1992-09-21,ali.cakir10@yahoo.com,+905592341766,Samsun,True,True,2026-03-14T07:00:08,2026-08-26T07:00:08
C004569,Yıldız Medya Ltd. Şti.,corporate,,,yildizmedya@yildiz.com.tr,+905596718913,Antalya,True,True,2024-09-05T14:25:00,2025-02-23T14:25:00
C004570,Kaan Taş,individual,M,2000-11-29,kaan.tas54@gmail.com,+905464364607,İstanbul,True,True,2023-11-08T09:14:21,2023-11-24T09:14:21
C004571,Nur Çetin,individual,F,2002-10-23,nur.cetin@icloud.com,+905568110993,İstanbul,True,True,2023-09-28T04:58:32,2024-01-06T04:58:32
C004572,Murat Kurt,individual,M,1988-05-14,murat.kurt@outlook.com,+905303695692,Eskisehir,True,False,2025-10-11T08:55:31,2025-11-12T08:55:31
C004573,Murat Aksoy,individual,M,1994-07-05,murat.aksoy38@hotmail.com,+905389783899,İstanbul,True,True,2023-11-06T20:33:23,2023-12-08T20:33:23
C004574,Ahmet Aksoy,individual,M,1997-11-04,ahmet.aksoy@gmail.com,+905556067055,Kocaeli,True,False,2024-03-26T08:09:19,2024-06-10T08:09:19
C004575,Ayşe Kaya,individual,F,1987-05-13,ayse.kaya27@hotmail.com,+905418394549,Denizli,True,True,2024-05-29T12:33:19,2024-07-17T12:33:19
C004576,Selim Erdoğan,individual,M,1961-06-18,selim.erdogan73@icloud.com,+905524754236,İstanbul,True,True,2026-05-05T16:38:34,2026-05-19T16:38:34
C004577,Seda Uzun,individual,F,1997-10-15,seda.uzun62@outlook.com,+905509537744,Mersin,True,False,2026-01-14T07:00:15,2026-02-06T07:00:15
C004578,Kuzey Teknoloji Ltd. Şti.,corporate,,,kuzeyteknoloji@kuzey.com.tr,+905346984102,İstanbul ,True,True,2024-01-02T08:21:35,2024-01-14T08:21:35
C004579,Nova Turizm A.Ş.,corporate,,,novaturizm@nova.com.tr,+905491357318,Bursa,True,True,2026-01-12T11:29:11,2026-01-16T11:29:11
C004580,Emre Ateş,individual,M,2000-05-05,emre.ates10@yahoo.com,+905582498799,İstanbul,True,False,2025-04-02T22:45:10,2025-10-10T22:45:10
C004581,İbrahim Avcı,individual,M,1997-11-22,ibrahim.avci17@yahoo.com,+905522193578,Muğla,True,False,2026-07-28T02:21:29,2027-01-13T02:21:29
C004582,Seda Şahin,individual,F,1972-01-27,seda.sahin@icloud.com,+905574251358,Bursa,True,False,2025-11-22T22:14:18,2025-12-14T22:14:18
C004583,Onur Aydın,individual,M,1991-05-10,onur.aydin76@yahoo.com,+905561967498,İstanbul,True,True,2024-01-31T17:38:43,2024-04-30T17:38:43
C004584,Meridyen Teknoloji Ltd. Şti.,corporate,,,meridyenteknoloji@meridyen.com.tr,+905324016022,İstanbul,True,False,2025-05-10T19:09:25,2025-07-17T19:09:25
C004585,Hande Polat,individual,F,1997-09-16,hande.polat@icloud.com,+905373966212,Muğla,True,False,2023-11-10T23:06:54,2023-11-29T23:06:54
C004586,Selin Güneş,individual,F,1996-01-22,selin.gunes@hotmail.com,5395739055,İstanbul,True,True,2025-07-28T04:51:01,2025-10-08T04:51:01
C004587,Ali Aydın,individual,M,1990-08-25,ali.aydin3@icloud.com,+905573227957,İstanbul,True,True,2024-05-05T05:37:04,2024-10-23T05:37:04
C004588,Marmara Medya A.Ş.,corporate,,,marmaramedya@marmara.com.tr,+905467360288,IZMIR,True,False,2025-04-25T02:57:35,2025-11-07T02:57:35
C004589,Efe Taş,individual,M,1987-04-09,efe.tas@outlook.com,+905496088433,İstanbul,True,False,2025-05-28T13:22:44,2025-07-10T13:22:44
C004590,Oğuz Ateş,individual,M,1973-06-09,oguz.ates@hotmail.com,+905541995741,İstanbul,True,True,2023-09-16T19:17:19,2024-03-15T19:17:19
C004591,Sude Aslan,individual,F,1978-05-08,sude.aslan@gmail.com,+905345897691,İzmir,True,False,2024-10-30T16:53:36,2025-01-14T16:53:36
C004592,Marmara Lojistik A.Ş.,corporate,,,marmaralojistik@marmara.com.tr,5496208810,İstanbul,True,False,2025-02-05T01:46:31,2025-04-22T01:46:31
C004593,Melis Yılmaz,individual,F,1988-10-02,melis.yilmaz91@icloud.com,+905431218128,İstanbul,True,False,2024-11-09T14:10:22,2025-03-20T14:10:22
C004594,Hüseyin Kaya,individual,M,1973-11-05,huseyin.kaya@icloud.com,+905349843494,İstanbul,True,False,2023-12-08T14:41:37,2024-06-12T14:41:37
C004595,Beyza Sarı,individual,F,1988-01-19,beyza.sari@gmail.com,+90 547 204 2575,İzmir,True,False,2025-10-11T16:03:17,2026-02-21T16:03:17
C004596,Nova Turizm A.Ş.,corporate,,,novaturizm@nova.com.tr,+905448714136,Ankara,True,True,2026-05-21T19:59:40,2026-07-29T19:59:40
C004597,Anadolu Yazılım Ltd. Şti.,corporate,,,anadoluyazilim@anadolu.com.tr,+905561454323,Samsun,True,True,2024-04-11T20:17:08,2024-07-12T20:17:08
C004598,Berk Aydın,individual,M,1972-10-25,berk.aydin@yahoo.com,+905307618623,İstanbul,True,True,2023-12-03T00:03:08,2024-01-09T00:03:08
C004599,Gamze Çakır,individual,F,1992-12-16,gamze.cakir41@hotmail.com,+905508139896,Denizli,True,True,2026-03-06T17:51:07,2026-06-26T17:51:07
C004600,Emre Çetin,individual,M,1984-09-15,emre.cetin63@outlook.com,+905541788797,İstanbul,True,True,2023-11-14T13:36:30,2024-03-08T13:36:30
C004601,İbrahim Sarı,individual,M,1974-12-10,ibrahim.sari@hotmail.com,+905402574982,İzmir,True,False,2025-11-24T04:36:13,2026-05-19T04:36:13
C004602,Naz Bozkurt,individual,F,1991-07-06,,+905336666041,IZMIR,True,False,2025-07-19T13:25:18,2025-11-08T13:25:18
C004603,Eren Şahin,individual,M,1980-04-11,eren.sahin@outlook.com,+905572386094,İstanbul,True,True,2025-04-16T21:09:10,2025-08-10T21:09:10
C004604,Zeynep Özdemir,individual,F,1970-08-09,zeynep.ozdemir61@gmail.com,+905537234330,İstanbul,True,True,2024-12-21T07:38:08,2025-06-18T07:38:08
C004605,Yusuf Karaca,individual,M,1983-03-26,yusuf.karaca@gmail.com,+905598943930,İzmir,True,True,2023-12-12T06:45:56,2024-03-30T06:45:56
C004606,Ali Turan,individual,M,1971-02-10,ali.turan3@icloud.com,+905589337155,İstanbul,True,True,2024-09-08T20:45:49,2024-10-06T20:45:49
C004607,Elif Yıldırım,individual,F,1980-10-30,elif.yildirim59@hotmail.com,+905445896848,İstanbul,True,True,2026-01-04T15:33:14,2026-04-01T15:33:14
C004608,Akdeniz Tekstil Ltd. Şti.,corporate,,,akdeniztekstil@akdeniz.com.tr,+905342394137,İzmir,False,True,2024-07-12T11:35:34,2024-10-06T11:35:34
C004609,Cansu Doğan,individual,F,1988-05-29,cansu.dogan@gmail.com,+905319390752,Bursa,True,False,2026-08-01T19:52:01,2026-11-17T19:52:01
C004610,Mustafa Bulut,individual,M,1993-01-17,mustafa.bulut67@outlook.com,+905404464472,Ankara,True,True,2025-09-10T08:12:04,2025-12-11T08:12:04
C004611,Ufuk Gıda A.Ş.,corporate,,,ufukgida@ufuk.com.tr,+905375055205,Mersin,False,True,2023-12-18T04:46:14,2024-01-09T04:46:14
C004612,Cem Yıldırım,individual,M,1976-09-05,,+905465708941,Samsun,True,True,2024-07-30T09:11:51,2024-10-26T09:11:51
C004613,Tuğba Kaya,individual,F,1992-04-08,tugba.kaya97@yahoo.com,+90 548 249 5095,İzmir,True,True,2024-01-09T04:24:45,2024-04-09T04:24:45
C004614,Zeynep Bulut,individual,F,1976-09-09,zeynep.bulut@gmail.com,+905517926097,İstanbul,True,True,2025-11-05T05:21:22,2026-01-15T05:21:22
C004615,Ece Aksoy,individual,F,1982-10-05,ece.aksoy54@yahoo.com,+905464255119,Konya,True,True,2025-10-04T03:35:45,2026-03-12T03:35:45
C004616,Halil Polat,individual,M,1992-11-21,halil.polat24@yahoo.com,0530 232 98 34,Bursa,True,False,2025-04-10T00:52:00,2025-09-15T00:52:00
C004617,Selim Arslan,individual,M,1981-06-19,selim.arslan83@hotmail.com,+905353423826,İstanbul,True,True,2023-12-01T09:57:59,2024-03-22T09:57:59
C004618,Murat Yılmaz,individual,M,1984-03-13,murat.yilmaz@hotmail.com,+905343648481,Bursa,True,False,2024-05-11T14:56:11,2024-07-08T14:56:11
C004619,Atlas Sağlık Ltd. Şti.,corporate,,,atlassaglik@atlas.com.tr,+905366193833,İstanbul,True,True,2025-05-04T20:16:29,2025-08-24T20:16:29
C004620,Yusuf Uzun,individual,M,2002-10-07,yusuf.uzun@gmail.com,+905553020276,İzmir,True,True,2024-07-08T20:33:00,2024-09-23T20:33:00
C004621,Ali Korkmaz,individual,M,1961-01-24,ali.korkmaz@outlook.com,+905348433548,Samsun,True,False,2024-10-06T22:58:04,2025-01-03T22:58:04
C004622,Derya Avcı,individual,F,1979-06-28,derya.avci22@icloud.com,+905435184484,Bursa,True,True,2026-05-05T08:15:10,2026-07-01T08:15:10
C004623,İrem Yılmaz,individual,F,1971-11-16,irem.yilmaz42@hotmail.com,+905387917424,İstanbul,True,True,2025-08-15T19:47:53,2025-12-25T19:47:53
C004624,Ceren Koç,individual,F,2002-09-12,ceren.koc@gmail.com,+905381409917,İstanbul,True,False,2025-11-13T10:02:11,2026-02-07T10:02:11
C004625,İbrahim Uzun,individual,M,1975-09-05,ibrahim.uzun38@gmail.com,+905347194076,İzmir,True,True,2024-07-17T10:16:58,2024-09-18T10:16:58
C004626,Barış Kaya,individual,M,1991-06-04,baris.kaya@icloud.com,+905587428265,Gaziantep,True,False,2024-11-20T23:27:41,2024-12-15T23:27:41
C004627,Umut Özdemir,individual,M,1986-11-01,umut.ozdemir@hotmail.com,+905301721487,İstanbul,True,True,2025-11-25T13:03:18,2026-05-14T13:03:18
C004628,Ufuk Enerji A.Ş.,corporate,,,ufukenerji at ufuk.com.tr,+905533111627,Muğla,True,False,2025-06-26T03:30:25,2025-10-19T03:30:25
C004629,Elif Aslan,individual,F,1983-12-29,elif.aslan51@gmail.com,+905396042908,İzmir,True,False,2025-01-10T15:06:09,2025-07-25T15:06:09
C004630,Sude Aydın,individual,F,1985-04-23,sude.aydin@hotmail.com,+905364132941,İstanbul,True,False,2024-11-15T03:51:05,2025-02-25T03:51:05
C004631,Mustafa Aydın,individual,M,1979-02-01,mustafa.aydin10@outlook.com,+905581677917,İstanbul,True,True,2024-09-20T21:55:10,2024-10-12T21:55:10
C004632,Burak Ünal,individual,M,2002-03-13,burak.unal62@hotmail.com,+905314884336,Ankara,True,True,2024-09-10T13:52:07,2025-01-07T13:52:07
C004633,Zeynep Çakır,individual,F,1973-06-03,zeynep.cakir@icloud.com,+905544053115,Bursa,True,True,2025-08-10T17:45:35,2025-12-04T17:45:35
C004634,Yusuf Özkan,individual,M,1984-04-06,yusuf.ozkan59@yahoo.com,+905355673202,İzmir,True,True,2024-01-05T23:33:51,2024-03-13T23:33:51
C004635,Meridyen Otomotiv Yan Sanayi A.Ş.,corporate,,,meridyenotomotivyansanayi@meridyen.com.tr,+905506370246,İstanbul,True,True,2024-09-12T17:13:01,2024-11-04T17:13:01
C004636,Onur Keskin,individual,M,1990-03-29,onur.keskin@yahoo.com,+905556860327,İstanbul,True,True,2025-07-03T14:43:53,2025-08-18T14:43:53
C004637,Ömer Kılıç,individual,M,1990-03-29,omer.kilic35@outlook.com,+905329707878,Antalya,True,True,2025-03-03T16:37:36,2025-09-08T16:37:36
C004638,Hasan Kılıç,individual,M,1963-07-13,hasan.kilic58@outlook.com,+905383846156,Ankara,False,True,2024-09-10T08:23:47,2025-01-24T08:23:47
C004639,Cem Yıldırım,individual,M,1961-03-29,cem.yildirim@icloud.com,+905337722558,İstanbul,True,False,2026-07-14T00:18:16,2026-10-30T00:18:16
C004640,Selim Karaca,individual,M,1997-12-16,selim.karaca95@outlook.com,+905388768117,İstanbul,True,False,2024-01-10T01:37:20,2024-07-14T01:37:20
C004641,Hasan Aslan,individual,M,1995-06-02,hasan.aslan@yahoo.com,+905557951929,ISTANBUL,True,False,2025-02-15T16:05:49,2025-04-07T16:05:49
C004642,Onur Acar,individual,M,1965-11-04,onur.acar@yahoo.com,+905412521525,İstanbul,True,True,2025-05-06T13:34:28,2025-07-07T13:34:28
C004643,Arda Kurt,individual,M,1975-06-09,arda.kurt78@outlook.com,+905354359946,Ankara,True,False,2024-05-14T15:39:51,2024-07-07T15:39:51
C004644,Aslı Yıldırım,individual,F,1977-04-04,asli.yildirim11@icloud.com,+905336486028,İstanbul,True,False,2025-06-07T12:39:14,2025-11-09T12:39:14
C004645,Cem Güneş,individual,M,1966-05-18,cem.gunes16@hotmail.com,+905424582142,Eskişehir,True,False,2025-09-23T11:09:48,2025-10-02T11:09:48
C004646,Efe Çakır,individual,M,1996-02-07,efe.cakir54@outlook.com,+905552865156,İstanbul,True,True,2024-07-19T20:13:09,2024-12-01T20:13:09
C004647,Halil Çelik,individual,M,1972-04-24,halil.celik@yahoo.com,+905493155595,İzmir,False,True,2025-06-10T14:27:57,2025-07-18T14:27:57
C004648,Hasan Demir,individual,M,1977-06-25,hasan.demir@icloud.com,+905425498425,Ankara,True,False,2025-12-23T08:36:11,2025-12-31T08:36:11
C004649,Esra Karaca,individual,F,1983-04-25,esra.karaca@yahoo.com,+905475533291,İzmir,False,False,2025-05-26T10:17:17,2025-09-12T10:17:17
C004650,Murat Uzun,individual,M,1994-05-04,murat.uzun@icloud.com,+905441628638,Mersin,True,False,2025-04-13T02:23:04,2025-08-11T02:23:04
C004651,Can Taş,individual,M,1957-10-06,can.tas@gmail.com,+905425572827,İstanbul,True,True,2023-12-15T02:09:19,2024-05-23T02:09:19
C004652,Ali Doğan,individual,M,1962-03-25,ali.dogan25@outlook.com,+905398584210,İstanbul,True,False,2024-09-03T22:01:24,2024-12-06T22:01:24
C004653,Onur Doğan,individual,M,1976-06-12,onur.dogan15@outlook.com,+905391371718,İstanbul,True,True,2024-05-03T12:51:24,2024-05-20T12:51:24
C004654,Emre Çelik,individual,M,1996-04-26,emre.celik@hotmail.com,+905534698713,İstanbul,True,True,2025-08-04T23:54:14,2025-09-22T23:54:14
C004655,Eren Erdoğan,individual,M,2002-05-27,eren.erdogan50@outlook.com,+905592882479,İstanbul,True,True,2023-10-14T00:30:24,2023-10-31T00:30:24
C004656,Hüseyin Polat,individual,M,1988-01-26,huseyin.polat@gmail.com,+905349339827,İstanbul,True,False,2024-06-01T09:44:02,2024-08-19T09:44:02
C004657,Ahmet Polat,individual,M,1978-03-25,ahmet.polat42@gmail.com,05419290069,İstanbul,True,False,2025-09-06T18:19:34,2026-02-15T18:19:34
C004658,Kaan Korkmaz,individual,M,1973-03-29,,+905596058926,İstanbul,True,True,2025-06-17T18:29:11,2025-09-14T18:29:11
C004659,Serkan Tekin,individual,M,1974-06-26,,+905468004299,Ankara,True,False,2025-10-31T23:38:30,2025-11-27T23:38:30
C004660,Cansu Çetin,individual,F,1960-04-06,cansu.cetin@icloud.com,+905546659219,Bursa,True,False,2025-10-05T00:04:13,2026-01-13T00:04:13
C004661,Mustafa Bozkurt,individual,M,1980-06-19,mustafa.bozkurt33@outlook.com,+905451444779,Antalya,True,True,2024-02-12T17:28:11,2024-06-17T17:28:11
C004662,Nova Gıda A.Ş.,corporate,,,novagida@nova.com.tr,+905366042451,Muğla,False,True,2023-09-21T01:39:23,2023-09-29T01:39:23
C004663,Ceren Aslan,individual,F,1992-03-23,ceren.aslan@gmail.com,0 (547) 328-6814,ankara,True,False,2024-10-30T22:31:18,2025-02-11T22:31:18
C004664,Delta Tekstil A.Ş.,corporate,,,deltatekstil@delta.com.tr,+905503959844,İstanbul,True,False,2024-04-11T22:34:17,2024-07-24T22:34:17
C004665,Meridyen Sağlık Ltd. Şti.,corporate,,,meridyensaglik@meridyen.com.tr,+905446607251,Ankara,True,False,2025-11-29T22:38:49,2026-03-23T22:38:49
C004666,Cansu Çelik,individual,F,2002-01-24,cansu.celik@icloud.com,+905491299973,Ankara,True,True,2026-07-24T22:20:18,2026-12-14T22:20:18
C004667,Cansu Aksoy,individual,F,1984-01-14,cansu.aksoy@yahoo.com,+905547758693,İstanbul,True,False,2024-05-11T10:55:56,2024-10-09T10:55:56
C004668,Sude Polat,individual,F,1975-01-23,sude.polat@hotmail.com,+905365039679,İzmir,True,False,2025-05-02T10:40:33,2025-11-08T10:40:33
C004669,Ece Şahin,individual,F,1987-01-20,ece.sahin53@yahoo.com,+905575433954,İstanbul,False,True,2024-12-10T21:27:44,2025-03-28T21:27:44
C004670,Tolga Demir,individual,M,1987-05-07,tolga.demir@outlook.com,+905408323397,İstanbul,True,True,2024-11-17T02:43:44,2024-11-18T02:43:44
C004671,Onur Öztürk,individual,M,1978-05-15,onur.ozturk22@gmail.com,5561918532,İzmir,True,False,2024-03-18T14:20:00,2024-08-27T14:20:00
C004672,Serkan Arslan,individual,M,1982-06-21,serkan.arslan@icloud.com,+905411451687,Ankara,True,True,2024-10-24T18:44:12,2025-04-06T18:44:12
C004673,Kerem Karaca,individual,M,1990-05-14,kerem.karaca@yahoo.com,+905522414859,Adana,True,False,2026-03-08T01:30:24,2026-07-30T01:30:24
C004674,Emre Tekin,individual,M,1991-08-25,emre.tekin@gmail.com,+905319592455,İzmir,False,True,2024-04-11T03:43:17,2024-07-16T03:43:17
C004675,Murat Kaya,individual,M,1975-11-11,murat.kaya@icloud.com,+90 549 511 8241,İstanbul,True,True,2024-03-08T15:00:35,2024-08-30T15:00:35
C004676,Ayşe Turan,individual,F,1982-05-02,ayse.turan@outlook.com,+905475467336,İstanbul,True,True,2024-01-25T21:09:25,2024-03-02T21:09:25
C004677,Hüseyin Taş,individual,M,1989-04-26,huseyin.tas@gmail.com,0552 623 24 92,Antalya,True,False,2024-09-11T03:18:28,2025-03-03T03:18:28
C004678,Cansu Sarı,individual,F,1989-01-21,cansu.sari17@icloud.com,0553 645 67 02,İstanbul,True,True,2025-11-08T00:24:56,2026-02-02T00:24:56
C004679,Mehmet Korkmaz,individual,M,1975-06-27,mehmet.korkmaz85@gmail.com,+905345291058,İstanbul,True,True,2026-03-13T03:58:37,2026-06-29T03:58:37
C004680,Mustafa Ünal,individual,M,1989-03-16,mustafa.unal36@gmail.com,+905453840109,İstanbul,True,True,2025-06-28T01:55:02,2025-10-29T01:55:02
C004681,Oğuz Aksoy,individual,M,2002-07-11,oguz.aksoy76@outlook.com,+905568797046,istanbul,True,False,2023-09-19T11:37:41,2023-11-27T11:37:41
C004682,Burak Polat,individual,M,1990-04-14,burak.polat@outlook.com,05511178908,Bursa,True,False,2026-02-08T04:00:40,2026-07-11T04:00:40
C004683,Cem Yıldız,individual,M,2000-10-10,cem.yildiz18@icloud.com,+905587355197,İstanbul,True,True,2024-01-15T21:56:21,2024-04-20T21:56:21
C004684,Ebru Polat,individual,F,1966-08-15,ebru.polat@yahoo.com,+905585881260,Antalya,True,False,2026-01-09T06:18:44,2026-06-20T06:18:44
C004685,Aslı Şahin,individual,F,1965-08-10,asli.sahin85@yahoo.com,+905376481733,Bursa,True,True,2024-06-23T11:17:30,2024-07-10T11:17:30
C004686,Gizem Turan,individual,F,1985-06-18,gizem.turan@yahoo.com,+905497529995,İstanbul,True,False,2024-05-06T18:22:14,2024-07-19T18:22:14
C004687,Furkan Öztürk,individual,M,1991-05-11,furkan.ozturk@outlook.com,+905505782890,Adana,True,True,2025-10-23T11:32:37,2026-02-28T11:32:37
C004688,Arda Yıldırım,individual,M,2002-09-06,arda.yildirim40@gmail.com,0 (553) 177-1330,Adana,True,True,2026-07-25T00:42:48,2027-01-03T00:42:48
C004689,Büşra Şahin,individual,F,1972-05-22,busra.sahin66@gmail.com,+905429839133,İstanbul,True,False,2026-07-30T18:45:50,2026-11-13T18:45:50
C004690,Hüseyin Yıldırım,individual,M,1971-03-02,huseyin.yildirim86@outlook.com,+90 530 307 1173,Adana,True,True,2025-01-04T20:59:25,2025-07-05T20:59:25
C004691,Furkan Güneş,individual,M,1991-02-22,furkan.gunes@hotmail.com,+905358323038,İstanbul,True,True,2025-06-29T06:05:14,2025-12-11T06:05:14
C004692,Selin Yıldız,individual,F,1985-02-02,selin.yildiz52@hotmail.com,+905583078634,Mersin,True,False,2025-05-17T15:58:03,2025-11-06T15:58:03
C004693,Berk Erdoğan,individual,M,2003-01-03,berk.erdogan92@icloud.com,+905416695476,Antalya,True,False,2026-06-03T02:32:58,2026-08-12T02:32:58
C004694,Ahmet Şahin,individual,M,1990-10-10,ahmet.sahin60@outlook.com,+905494071987,İstanbul,True,True,2024-05-09T23:56:29,2024-09-02T23:56:29
C004695,Halil Demir,individual,M,1979-11-21,halil.demir17@gmail.com,+905532312121,İstanbul,True,True,2024-02-18T01:09:35,2024-04-15T01:09:35
C004696,Mehmet Şimşek,individual,M,1992-08-10,mehmet.simsek86@gmail.com,+905365996170,Bursa,True,False,2025-01-05T09:56:38,2025-02-11T09:56:38
C004697,Burak Korkmaz,individual,M,1980-11-02,burak.korkmaz@icloud.com,+90 543 383 2024,İstanbul,True,False,2025-06-16T00:15:21,2025-07-18T00:15:21
C004698,Selim Bozkurt,individual,M,1979-07-09,selim.bozkurt@outlook.com,+90 534 847 8217,İstanbul,True,True,2024-07-23T01:19:15,2024-12-15T01:19:15
C004699,Kaan Arslan,individual,M,1985-11-04,kaan.arslan3@hotmail.com,+905363275705,Bursa,True,False,2024-04-12T15:41:06,2024-09-20T15:41:06
C004700,Efe Turan,individual,M,1987-02-02,efe.turan@gmail.com,+905343888287,İstanbul,True,True,2025-09-04T05:57:44,2025-12-22T05:57:44
C004701,Merve Polat,individual,F,1988-12-29,merve.polat@hotmail.com,+905323167402,İstanbul,True,False,2023-09-02T04:41:24,2024-02-07T04:41:24
C004702,Deniz Karaca,individual,M,1974-12-25,deniz.karaca89@yahoo.com,+905465584893,İstanbul,True,True,2025-07-10T23:13:33,2025-08-11T23:13:33
C004703,Atlas Otomotiv Yan Sanayi A.Ş.,corporate,,,atlasotomotivyansanayi@atlas.com.tr,+905559744294,İzmir,True,False,2026-01-17T21:27:18,2026-01-18T21:27:18
C004704,Eren Öztürk,individual,M,1977-02-09,eren.ozturk60@icloud.com,+905381342982,Antalya,True,False,2025-03-19T03:14:12,2025-09-01T03:14:12
C004705,Delta Gıda Ltd. Şti.,corporate,,,deltagida@delta.com.tr,+905571335262,ISTANBUL,True,False,2025-03-27T19:25:44,2025-09-17T19:25:44
C004706,Efe Ünal,individual,M,1996-04-29,efe.unal79@yahoo.com,+905539057439,Samsun,True,False,2026-08-10T16:16:58,2026-12-27T16:16:58
C004707,Burak Polat,individual,M,2002-11-17,burak.polat50@yahoo.com,+905462021099,Ankara,True,True,2025-12-02T14:25:46,2025-12-23T14:25:46
C004708,Emre Yıldız,individual,M,1999-05-15,emre.yildiz@outlook.com,+905386514679,Bursa,True,False,2025-01-29T15:02:01,2025-07-03T15:02:01
C004709,Deniz Özkan,individual,M,1981-03-09,deniz.ozkan@gmail.com,+905503269008,Ankara,True,False,2024-06-08T21:13:33,2024-08-22T21:13:33
C004710,Can Ateş,individual,M,1981-07-03,can.ates@hotmail.com,+905445847517,İstanbul,True,False,2024-11-06T00:27:06,2025-03-18T00:27:06
C004711,Dilara Aslan,individual,F,1980-04-22,dilara.aslan@gmail.com,+905564880299,İzmir,True,False,2024-05-01T20:48:27,2024-09-26T20:48:27
C004712,Mustafa Bulut,individual,M,1985-08-27,mustafa.bulut43 at gmail.com,+905367056503,Ankara,True,True,2025-02-26T18:47:12,2025-06-16T18:47:12
C004713,Ece Yılmaz,individual,F,1982-07-21,ece.yilmaz29@hotmail.com,+905338583684,İzmir,True,False,2024-08-06T10:49:32,2024-08-14T10:49:32
C004714,Global Turizm Ltd. Şti.,corporate,,,globalturizm@global.com.tr,+905343801684,istanbul,True,False,2023-09-02T18:36:40,2023-09-14T18:36:40
C004715,İbrahim Bulut,individual,M,1978-12-17,ibrahim.bulut@gmail.com,+905559209040,Kocaeli,True,False,2025-08-26T14:37:35,2025-11-13T14:37:35
C004716,Kuzey Gıda Ltd. Şti.,corporate,,,kuzeygida@kuzey.com.tr,+905575360557,Mersin,True,False,2023-12-11T07:17:08,2024-01-10T07:17:08
C004717,Oğuz Karaca,individual,M,1994-10-01,oguz.karaca19@icloud.com,+905455678500,ANKARA,True,True,2024-12-29T17:15:50,2025-06-30T17:15:50
C004718,Delta Enerji A.Ş.,corporate,,,deltaenerji@delta.com.tr,+90 545 506 0984,Ankara,True,False,2024-10-07T16:00:32,2024-12-09T16:00:32
C004719,Deniz Şimşek,individual,M,1991-01-08,deniz.simsek18@yahoo.com,+905329547514,İstanbul,True,True,2024-03-05T21:38:35,2024-05-05T21:38:35
C004720,Yusuf Özdemir,individual,M,1979-11-27,yusuf.ozdemir@icloud.com,+905513351114,Mersin,True,False,2024-05-30T08:29:12,2024-11-07T08:29:12
C004721,Ali Aydın,individual,M,1998-06-25,ali.aydin@hotmail.com,0530 996 93 26,İstanbul,True,False,2024-02-15T03:50:58,2024-04-29T03:50:58
C004722,Ömer Erdoğan,individual,M,1989-11-28,omer.erdogan@yahoo.com,+905545838492,Samsun,True,False,2026-05-13T08:06:29,2026-11-03T08:06:29
C004723,Global Sağlık A.Ş.,corporate,,,globalsaglik@global.com.tr,+905466741375,Ankara,True,True,2023-09-04T20:24:00,2024-01-21T20:24:00
C004724,Delta Gıda A.Ş.,corporate,,,deltagida@delta.com.tr,+905468230511,Muğla,True,True,2024-06-18T15:44:52,2024-12-19T15:44:52
C004725,Deniz Taş,individual,M,1976-02-10,deniz.tas79@hotmail.com,+90 533 917 6881,İzmir,True,False,2024-06-21T11:20:03,2024-09-16T11:20:03
C004726,Mustafa Kurt,individual,M,1992-05-13,mustafa.kurt at yahoo.com,+905319588595,Ankara,True,False,2025-10-12T21:38:08,2026-01-22T21:38:08
C004727,Ege Medya A.Ş.,corporate,,,egemedya@ege.com.tr,+905447044678,Kocaeli,True,True,2025-06-21T00:18:14,2025-08-21T00:18:14
C004728,Murat Tekin,individual,M,1986-12-16,murat.tekin@gmail.com,+905494034696,İstanbul,True,False,2023-09-03T20:06:55,2023-10-29T20:06:55
C004729,Merve Turan,individual,F,1991-04-04,merve.turan93@gmail.com,+905375366051,İstanbul,True,True,2026-02-08T07:30:55,2026-04-24T07:30:55
C004730,Berk Öztürk,individual,M,1992-06-18,berk.ozturk@hotmail.com,+905594652497,Ankara,True,True,2026-06-08T16:02:48,2026-08-24T16:02:48
C004731,Anadolu Otomotiv Yan Sanayi A.Ş.,corporate,,,anadoluotomotivyansanayi@anadolu.com.tr,+905359027785,İstanbul,True,True,2024-02-19T06:05:13,2024-05-16T06:05:13
C004732,Ege Tekstil A.Ş.,corporate,,,egetekstil@ege.com.tr,+905491345344,İstanbul,True,True,2025-08-16T13:57:49,2025-12-15T13:57:49
C004733,Ahmet Ünal,individual,M,1979-03-06,ahmet.unal89@icloud.com,0549 393 07 67,İzmir,True,True,2024-01-09T17:12:47,2024-04-07T17:12:47
C004734,Global Enerji A.Ş.,corporate,,,globalenerji@global.com.tr,+905335485056,İstanbul,True,True,2025-08-09T00:07:15,2025-09-13T00:07:15
C004735,Esra Öztürk,individual,F,1985-07-21,esra.ozturk50@icloud.com,+905439369217,İstanbul,True,False,2025-06-11T07:00:17,2025-07-15T07:00:17
C004736,Mustafa Çakır,individual,M,1994-11-10,mustafa.cakir@yahoo.com,+905555990721,Eskişehir,True,False,2025-08-30T09:40:53,2025-11-21T09:40:53
C004737,Ece Özdemir,individual,F,1994-11-18,ece.ozdemir@yahoo.com,+905506895139,İzmir,True,False,2025-05-16T23:41:09,2025-10-23T23:41:09
C004738,Umut Güneş,individual,M,1988-08-28,umut.gunes80@icloud.com,+905493990417,İzmir,True,True,2024-05-29T00:59:00,2024-11-30T00:59:00
C004739,Sude Şahin,individual,F,1980-08-09,sude.sahin53@yahoo.com,+905423245226,Ankara,True,True,2026-06-11T13:44:07,2026-08-13T13:44:07
C004740,Akdeniz Enerji Ltd. Şti.,corporate,,,akdenizenerji@akdeniz.com.tr,+905529413147,İstanbul,True,False,2025-03-12T07:52:33,2025-09-02T07:52:33
C004741,Elif Şahin,individual,F,1988-11-08,elif.sahin@yahoo.com,+905518227343,Adana,True,False,2023-09-04T01:20:06,2023-11-05T01:20:06
C004742,Berk Güneş,individual,M,1978-02-17,berk.gunes@hotmail.com,+905588371052,ANKARA,True,False,2025-01-09T19:41:15,2025-06-13T19:41:15
C004743,Murat Kılıç,individual,M,1982-09-07,murat.kilic27@yahoo.com,+905519752023,Ankara,True,True,2025-05-29T10:12:03,2025-08-27T10:12:03
C004744,Selin Uzun,individual,F,1995-01-07,selin.uzun@outlook.com,+905368064857,Antalya,True,False,2024-04-29T17:33:25,2024-09-13T17:33:25
C004745,Ceren Uzun,individual,F,1999-07-16,ceren.uzun44@yahoo.com,+905528516881,İstanbul,True,True,2023-09-15T21:18:46,2023-10-11T21:18:46
C004746,Ceren Güneş,individual,F,1968-10-21,ceren.gunes@gmail.com,+905476385675,Antalya,True,False,2024-02-10T08:37:50,2024-04-10T08:37:50
C004747,Dilara Şahin,individual,F,1986-05-25,dilara.sahin@hotmail.com,+905343860951,İstanbul,True,True,2024-11-04T21:25:46,2024-12-25T21:25:46
C004748,Elif Çetin,individual,F,1979-12-02,elif.cetin@gmail.com,+905508963560,Bursa,True,False,2026-07-27T17:56:20,2026-12-10T17:56:20
C004749,Mehmet Demir,individual,M,1975-06-30,mehmet.demir24@icloud.com,+905557902562,Gaziantep,True,True,2025-07-06T05:30:42,2025-07-18T05:30:42
C004750,Esra Kara,individual,F,2001-11-08,esra.kara96@gmail.com,+905503857588,İstanbul,True,True,2025-02-27T15:14:34,2025-04-29T15:14:34
C004751,İrem Yıldırım,individual,F,1987-11-30,irem.yildirim49@outlook.com,+905566848576,İstanbul,True,True,2024-02-10T22:37:08,2024-03-06T22:37:08
C004752,Emre Avcı,individual,M,1987-06-27,emre.avci18@yahoo.com,+905581384748,İstanbul,True,False,2025-07-17T08:26:35,2025-11-14T08:26:35
C004753,Hande Taş,individual,F,1967-05-21,hande.tas23@gmail.com,+905579456588,Denizli,True,True,2025-11-30T11:22:35,2026-03-08T11:22:35
C004754,Büşra Kurt,individual,F,1989-07-15,busra.kurt@yahoo.com,0 (540) 501-6886,İstanbul,True,False,2025-11-24T22:12:53,2026-04-05T22:12:53
C004755,İbrahim Arslan,individual,M,1982-11-19,ibrahim.arslan35@hotmail.com,+905305013551,Samsun,True,False,2026-06-05T15:08:05,2026-11-01T15:08:05
C004756,Can Özkan,individual,M,1995-10-27,can.ozkan91@icloud.com,+905426597827,İzmir,True,True,2024-07-20T19:36:55,2024-09-21T19:36:55
C004757,Murat Yılmaz,individual,M,1980-10-04,murat.yilmaz41@gmail.com,+905565368796,Antalya,False,True,2026-04-11T14:01:15,2026-08-05T14:01:15
C004758,Selin Keskin,individual,F,1964-03-11,selin.keskin10@icloud.com,+905493745886,İstanbul,True,False,2024-06-07T02:01:54,2024-06-16T02:01:54
C004759,Derya Şimşek,individual,F,1981-05-25,derya.simsek@hotmail.com,+905483327746,Ankara,True,True,2026-05-12T04:30:13,2026-05-23T04:30:13
C004760,Hasan Polat,individual,M,1984-03-23,hasan.polat@gmail.com,+905333225757,Kocaeli,True,False,2025-08-05T23:39:19,2025-10-15T23:39:19
C004761,Selin Doğan,individual,F,1985-06-08,selin.dogan@outlook.com,+905498989293,Gaziantep,False,True,2024-12-19T22:43:00,2025-02-09T22:43:00
C004762,Halil Turan,individual,M,1997-03-01,halil.turan@hotmail.com,+905483917652,Kocaeli,True,False,2025-10-02T16:58:51,2025-10-12T16:58:51
C004763,Ahmet Ünal,individual,M,1984-01-30,ahmet.unal4@yahoo.com,+905404881731,İstanbul,True,True,2026-02-10T19:24:29,2026-08-12T19:24:29
C004764,Kerem Kaya,individual,M,1995-03-25,kerem.kaya68@hotmail.com,+905469744911,İstanbul,True,False,2025-03-02T21:11:56,2025-08-09T21:11:56
C004765,Burak Çelik,individual,M,1976-12-23,burak.celik@hotmail.com,+905311575741,İstanbul,True,True,2024-07-17T07:16:46,2024-07-26T07:16:46
C004766,Dilara Yılmaz,individual,F,1985-10-06,dilara.yilmaz@icloud.com,+905374044772,istanbul,False,True,2024-01-12T03:00:57,2024-07-07T03:00:57
C004767,Kuzey Otomotiv Yan Sanayi A.Ş.,corporate,,,kuzeyotomotivyansanayi@kuzey.com.tr,+905459919080,Ankara,False,False,2024-09-05T21:11:45,2024-12-20T21:11:45
C004768,Efe Yılmaz,individual,M,1986-09-10,efe.yilmaz@yahoo.com,+905369116570,Eskisehir,True,True,2024-09-20T10:44:10,2025-01-29T10:44:10
C004769,Nazlı Kara,individual,F,1989-10-04,nazli.kara93@yahoo.com,+905507214548,Gaziantep,True,False,2026-03-27T00:22:23,2026-09-17T00:22:23
C004770,Ali Demir,individual,M,1988-05-18,ali.demir21@gmail.com,+90 547 464 1377,Eskişehir,True,False,2025-10-08T07:10:16,2026-01-27T07:10:16
C004771,Yasemin Özkan,individual,F,2002-12-12,yasemin.ozkan28@hotmail.com,+905511341830,İzmir,True,False,2024-08-04T03:34:42,2024-10-25T03:34:42
C004772,Umut Keskin,individual,M,1977-08-17,umut.keskin29@hotmail.com,+905442149221,İstanbul,True,False,2024-05-26T10:55:15,2024-07-10T10:55:15
C004773,Deniz Özdemir,individual,M,2002-07-04,deniz.ozdemir@gmail.com,+905355375104,İstanbul,True,True,2024-06-26T07:11:29,2024-12-18T07:11:29
C004774,Elif Şimşek,individual,F,1985-01-20,elif.simsek40@outlook.com,+905469255032,İstanbul,True,True,2025-03-25T10:33:39,2025-08-07T10:33:39
C004775,Global Otomotiv Yan Sanayi A.Ş.,corporate,,,globalotomotivyansanayi@global.com.tr,+905574740216,İstanbul,True,False,2025-06-04T17:06:38,2025-09-07T17:06:38
C004776,Berk Çakır,individual,M,1987-06-20,berk.cakir@icloud.com,+905591427329,İzmir,True,False,2026-04-29T14:20:57,2026-05-04T14:20:57
C004777,Esra Bulut,individual,F,1986-10-03,esra.bulut32@outlook.com,+905423786109,İzmir,True,True,2024-07-18T01:48:02,2024-08-20T01:48:02
C004778,Can Turan,individual,M,1990-09-25,can.turan@gmail.com,+905309286074,Ankara,True,False,2026-08-17T02:29:23,2026-08-22T02:29:23
C004779,Oğuz Çakır,individual,M,1970-12-02,oguz.cakir@outlook.com,+905455465377,Samsun,True,True,2024-11-14T21:58:33,2025-02-08T21:58:33
C004780,Kaan Korkmaz,individual,M,1985-02-09,kaan.korkmaz44@icloud.com,+905543090519,İstanbul,True,True,2026-02-22T23:26:56,2026-08-13T23:26:56
C004781,Deniz Uzun,individual,M,1997-06-29,deniz.uzun@yahoo.com,+905416560954,İstanbul,True,False,2025-09-22T05:09:46,2026-02-15T05:09:46
C004782,Ali Kurt,individual,M,1987-02-02,ali.kurt75@icloud.com,+905419048677,İstanbul,True,False,2024-09-22T07:36:00,2024-11-16T07:36:00
C004783,Meridyen Medya A.Ş.,corporate,,,meridyenmedya@meridyen.com.tr,+905374293255,Denizli,True,False,2025-12-03T23:46:06,2026-04-01T23:46:06
C004784,Ayşe Özdemir,individual,F,1998-05-03,ayse.ozdemir@yahoo.com,+905535485179,Muğla,True,False,2026-02-14T18:30:49,2026-06-24T18:30:49
C004785,Furkan Çetin,individual,M,1969-07-18,furkan.cetin56@hotmail.com,+905549727863,Ankara,True,False,2025-02-12T17:38:25,2025-07-07T17:38:25
C004786,Can Bulut,individual,M,1982-12-20,can.bulut@gmail.com,+905309723679,Antalya,True,True,2025-10-02T22:43:32,2026-02-28T22:43:32
C004787,Emre Tekin,individual,M,1960-05-09,emre.tekin87@yahoo.com,+905474923745,Eskişehir,True,False,2025-02-03T09:48:31,2025-03-09T09:48:31
C004788,Kuzey Gıda Ltd. Şti.,corporate,,,kuzeygida@kuzey.com.tr,+905442512524,Ankara,True,False,2024-01-06T14:45:49,2024-05-06T14:45:49
C004789,Berk Yıldız,individual,M,1990-10-28,berk.yildiz@hotmail.com,+905556861636,Ankara,True,False,2025-07-12T01:12:11,2025-12-22T01:12:11
C004790,Damla Bozkurt,individual,F,2000-04-22,damla.bozkurt86@gmail.com,+905483686128,İstanbul,True,True,2023-09-08T12:11:24,2024-03-22T12:11:24
C004791,Burak Sarı,individual,M,1975-09-11,burak.sari@yahoo.com,+905467778517,Kocaeli,False,True,2023-11-07T08:57:43,2023-12-09T08:57:43
C004792,Cansu Yalçın,individual,F,2001-05-27,cansu.yalcin14@hotmail.com,+905371934055,Adana,True,False,2026-07-17T10:26:26,2027-01-30T10:26:26
C004793,Burak Çakır,individual,M,1981-06-29,burak.cakir@outlook.com,+905532702123,Muğla,True,False,2024-04-09T15:28:44,2024-08-24T15:28:44
C004794,Hande Karaca,individual,F,1958-12-29,hande.karaca@yahoo.com,+905432650445,Ankara,True,True,2025-08-13T18:52:53,2025-12-02T18:52:53
C004795,Akdeniz Tekstil Ltd. Şti.,corporate,,,akdeniztekstil@akdeniz.com.tr,+905519548397,Ankara,True,True,2025-04-10T22:24:33,2025-04-30T22:24:33
C004796,İbrahim Demir,individual,M,1982-05-31,ibrahim.demir@icloud.com,+905386867588,İstanbul,True,False,2025-04-25T08:10:02,2025-10-02T08:10:02
C004797,Ceren Korkmaz,individual,F,1982-04-17,ceren.korkmaz28@icloud.com,+905544126153,İstanbul ,True,False,2024-11-03T02:01:00,2025-04-29T02:01:00
C004798,Marmara Turizm A.Ş.,corporate,,,marmaraturizm@marmara.com.tr,+905322201378,İzmir,True,False,2025-03-13T12:15:23,2025-09-07T12:15:23
C004799,Zirve Otomotiv Yan Sanayi Ltd. Şti.,corporate,,,zirveotomotivyansanayi@zirve.com.tr,+905455255696,İstanbul,True,False,2026-04-24T22:27:33,2026-07-04T22:27:33
C004800,Nova Enerji Ltd. Şti.,corporate,,,novaenerji@nova.com.tr,0 (536) 625-2007,İstanbul,True,False,2024-12-01T18:52:59,2024-12-05T18:52:59
C004801,Murat Öztürk,individual,M,1984-02-15,murat.ozturk@gmail.com,+905546411573,İstanbul,True,True,2025-12-19T05:49:20,2026-06-30T05:49:20
C004802,Derya Özdemir,individual,F,1983-02-27,derya.ozdemir@yahoo.com,+905328582199,İstanbul,True,True,2026-07-29T12:51:29,2026-10-14T12:51:29
C004803,Eren Özdemir,individual,M,1976-06-04,eren.ozdemir17@icloud.com,+905401064544,İstanbul,True,False,2026-03-15T19:03:17,2026-04-04T19:03:17
C004804,Murat Avcı,individual,M,1981-10-19,murat.avci57@icloud.com,+905346854597,Ankara,True,True,2026-06-25T20:34:54,2026-11-14T20:34:54
C004805,Eren Arslan,individual,M,1988-02-09,eren.arslan@outlook.com,+905507498378,İstanbul,True,True,2025-05-30T04:29:22,2025-07-13T04:29:22
C004806,Tolga Özkan,individual,M,1995-08-05,tolga.ozkan85@gmail.com,+905506814589,Bursa,True,True,2023-10-07T20:05:07,2024-04-09T20:05:07
C004807,Tuğba Özkan,individual,F,1977-02-05,tugba.ozkan46@gmail.com,+905467652787,Muğla,False,True,2025-01-14T04:21:47,2025-06-06T04:21:47
C004808,Serkan Demir,individual,M,1980-12-12,serkan.demir@hotmail.com,+905576298108,İstanbul,True,True,2026-02-15T05:13:54,2026-07-04T05:13:54
C004809,Gizem Karaca,individual,F,1987-03-25,gizem.karaca@gmail.com,+905572889651,Bursa,True,True,2024-09-27T20:34:18,2025-02-03T20:34:18
C004810,Mehmet Bulut,individual,M,1991-02-04,mehmet.bulut@outlook.com,+905593582740,İstanbul,True,True,2025-10-26T02:37:09,2026-02-28T02:37:09
C004811,Anadolu Turizm Ltd. Şti.,corporate,,,anadoluturizm@anadolu.com.tr,+905368924776,Mersin,True,False,2026-07-10T06:01:27,2027-01-24T06:01:27
C004812,Can Yılmaz,individual,M,1988-09-16,can.yilmaz67@gmail.com,05546490113,İstanbul,True,True,2025-01-22T03:29:14,2025-02-12T03:29:14
C004813,Burak Aydın,individual,M,1974-04-25,burak.aydin8@outlook.com,+905331477276,İstanbul,True,True,2024-05-08T13:44:12,2024-07-31T13:44:12
C004814,Halil Özkan,individual,M,1998-08-14,,+905554328591,Antalya,True,False,2025-02-07T19:04:31,2025-06-19T19:04:31
C004815,Dilara Ateş,individual,F,1975-08-18,dilara.ates63@hotmail.com,+905318087167,İstanbul,True,True,2026-03-09T12:28:44,2026-09-20T12:28:44
C004816,Zeynep Kurt,individual,F,1978-12-03,zeynep.kurt@hotmail.com,+905391003579,Samsun,True,True,2025-02-05T16:53:06,2025-02-18T16:53:06
C004817,Berk Kılıç,individual,M,1968-08-22,berk.kilic62@yahoo.com,+905371850377,Antalya,False,True,2025-11-25T03:52:48,2025-12-10T03:52:48
C004818,Nova İnşaat Ltd. Şti.,corporate,,,novainsaat@nova.com.tr,+905405764757,Istanbul,True,True,2026-04-26T07:07:08,2026-09-23T07:07:08
C004819,Gizem Çetin,individual,F,1986-04-17,gizem.cetin57@gmail.com,+905354688434,Bursa,True,False,2024-10-08T12:17:37,2025-02-07T12:17:37
C004820,Tolga Çakır,individual,M,1983-07-28,tolga.cakir1@hotmail.com,+905375743176,İstanbul,True,True,2025-07-03T06:10:50,2025-10-11T06:10:50
C004821,Zirve Medya Ltd. Şti.,corporate,,,zirvemedya@zirve.com.tr,+905441957031,Konya,True,False,2024-03-21T14:18:02,2024-05-09T14:18:02
C004822,Yusuf Bozkurt,individual,M,1956-01-24,yusuf.bozkurt64@yahoo.com,+905392729512,Antalya,True,True,2025-03-08T20:19:40,2025-05-24T20:19:40
C004823,Cem Yıldırım,individual,M,2002-10-04,cem.yildirim73@outlook.com,+905329598616,Ankara,True,True,2023-12-27T17:12:49,2024-02-04T17:12:49
C004824,Ömer Şimşek,individual,M,1992-04-15,omer.simsek40@icloud.com,+905435169774,Ankara,True,False,2024-04-08T08:51:11,2024-09-13T08:51:11
C004825,Gizem Doğan,individual,F,1971-06-20,gizem.dogan@icloud.com,+905413511538,İzmir,True,False,2025-04-01T16:07:06,2025-08-01T16:07:06
C004826,Yıldız Medya A.Ş.,corporate,,,yildizmedya@yildiz.com.tr,+905309959537,İstanbul,True,False,2025-01-29T11:21:01,2025-05-08T11:21:01
C004827,Kuzey Sağlık A.Ş.,corporate,,,kuzeysaglik@kuzey.com.tr,0 (546) 777-9073,İstanbul,True,True,2026-01-14T07:46:29,2026-05-11T07:46:29
C004828,Hüseyin Kılıç,individual,M,1985-03-22,huseyin.kilic@outlook.com,+905482480180,İzmir,True,True,2023-11-06T01:22:31,2024-03-12T01:22:31
C004829,Hüseyin Aksoy,individual,M,1989-08-26,huseyin.aksoy@icloud.com,+905581871722,İstanbul,True,True,2024-03-31T04:35:55,2024-07-19T04:35:55
C004830,Ece Şimşek,individual,F,1996-12-08,ece.simsek@outlook.com,+905477088546,İstanbul,True,True,2025-01-24T10:31:27,2025-04-18T10:31:27
C004831,Mustafa Şimşek,individual,M,1999-02-16,mustafa.simsek6@icloud.com,0 (545) 330-1449,Konya,True,True,2025-12-16T06:34:10,2026-06-01T06:34:10
C004832,Ömer Turan,individual,M,1986-09-03,omer.turan74@icloud.com,+905497315314,İstanbul,True,False,2026-06-27T04:00:21,2026-07-07T04:00:21
C004833,Ege Turizm Ltd. Şti.,corporate,,,egeturizm@ege.com.tr,+905407144643,İstanbul,True,True,2026-07-05T02:23:59,2026-12-27T02:23:59
C004834,Selim Güneş,individual,M,2002-03-22,selim.gunes@gmail.com,+905552864585,Ankara,True,False,2026-07-09T03:32:16,2026-12-13T03:32:16
C004835,Hüseyin Yalçın,individual,M,1972-01-03,huseyin.yalcin@yahoo.com,+905416246357,Bursa,True,True,2025-03-01T14:44:22,2025-04-03T14:44:22
C004836,Beyza Polat,individual,F,1991-02-06,beyza.polat86@icloud.com,+905361245508,İstanbul,True,True,2025-04-07T04:09:37,2025-04-27T04:09:37
C004837,Ömer Çakır,individual,M,1977-07-01,omer.cakir@yahoo.com,+905444238039,İstanbul,True,False,2025-09-05T00:23:50,2025-10-01T00:23:50
C004838,Kuzey Turizm A.Ş.,corporate,,,kuzeyturizm@kuzey.com.tr,+905342991428,İstanbul,True,True,2026-07-27T09:50:47,2026-08-27T09:50:47
C004839,Serkan Aksoy,individual,M,1981-08-24,serkan.aksoy35@yahoo.com,+905391851273,Eskişehir,True,True,2026-03-13T20:53:23,2026-04-06T20:53:23
C004840,Serkan Kaya,individual,M,1994-09-06,serkan.kaya34@icloud.com,+905427082765,İstanbul,True,True,2026-03-31T21:33:34,2026-08-21T21:33:34
C004841,Ahmet Aksoy,individual,M,1976-01-20,ahmet.aksoy@gmail.com,+905528012242,Ankara,True,False,2025-09-08T01:44:01,2025-10-12T01:44:01
C004842,Deniz Aydın,individual,M,1992-02-25,deniz.aydin69@icloud.com,+905306994699,İstanbul,True,True,2024-01-21T00:26:38,2024-07-13T00:26:38
C004843,Ömer Şimşek,individual,M,1987-07-17,omer.simsek40@hotmail.com,+905334203595,Ankara,True,True,2026-03-23T06:27:08,2026-10-02T06:27:08
C004844,Efe Keskin,individual,M,2002-02-10,efe.keskin60@outlook.com,+905543769543,İstanbul,False,False,2026-04-12T10:21:46,2026-10-21T10:21:46
C004845,Hüseyin Avcı,individual,M,1976-09-30,huseyin.avci@icloud.com,+90 554 920 6530,Adana,False,True,2024-11-17T21:09:57,2025-01-14T21:09:57
C004846,Halil Tekin,individual,M,1963-06-13,halil.tekin87@outlook.com,+905393176592,Kocaeli,True,False,2025-09-11T22:54:38,2025-12-09T22:54:38
C004847,Anadolu Turizm A.Ş.,corporate,,,anadoluturizm@anadolu.com.tr,0 (532) 496-9801,İstanbul,True,True,2024-07-31T13:13:26,2025-02-05T13:13:26
C004848,Merve Taş,individual,F,1988-08-23,merve.tas16@gmail.com,+905519991819,İstanbul,True,False,2025-08-24T14:28:35,2025-10-01T14:28:35
C004849,Serkan Yalçın,individual,M,1985-10-06,serkan.yalcin82@yahoo.com,+905323111019,İstanbul,True,True,2025-10-21T08:03:03,2026-01-25T08:03:03
C004850,Oğuz Şahin,individual,M,1988-06-01,oguz.sahin@gmail.com,+905532055774,Muğla,True,True,2025-05-16T13:50:27,2025-09-30T13:50:27
C004851,Mehmet Kurt,individual,M,1998-06-16,mehmet.kurt93@gmail.com,+905417772130,İzmir,True,True,2025-04-09T05:59:12,2025-09-03T05:59:12
C004852,Sude Uzun,individual,F,1994-05-08,sude.uzun68@gmail.com,+905351745871,İstanbul,True,False,2026-01-09T05:58:11,2026-06-12T05:58:11
C004853,Seda Özkan,individual,F,1986-07-20,seda.ozkan82@icloud.com,+905476531556,İstanbul,True,True,2025-10-04T21:49:37,2026-03-15T21:49:37
C004854,Global Yazılım A.Ş.,corporate,,,globalyazilim@global.com.tr,+905513318110,Bursa,True,False,2024-12-16T15:35:09,2025-05-17T15:35:09
C004855,Kuzey Lojistik Ltd. Şti.,corporate,,,kuzeylojistik@kuzey.com.tr,+905571426491,Antalya,True,True,2025-02-02T11:38:40,2025-08-01T11:38:40
C004856,Ali Karaca,individual,M,1985-11-19,ali.karaca31@icloud.com,+905433315968,İstanbul,True,False,2025-02-09T10:56:44,2025-08-01T10:56:44
C004857,Berk Şahin,individual,M,2002-10-02,berk.sahin46@hotmail.com,+905308870379,Kocaeli,True,False,2024-02-27T10:09:09,2024-07-26T10:09:09
C004858,Umut Özdemir,individual,M,1973-09-05,umut.ozdemir@icloud.com,+905359928509,Muğla,True,True,2024-09-04T13:38:09,2024-11-18T13:38:09
C004859,Naz Bulut,individual,F,2002-04-15,naz.bulut@hotmail.com,0 (542) 886-7421,Bursa,True,False,2024-12-10T19:48:35,2024-12-19T19:48:35
C004860,Emre Özdemir,individual,M,1991-05-11,emre.ozdemir16@outlook.com,05348297294,Ankara,True,True,2024-08-02T02:57:53,2025-02-14T02:57:53
C004861,Atlas Tekstil Ltd. Şti.,corporate,,,atlastekstil@atlas.com.tr,+905403863030,Adana,True,True,2025-09-04T21:02:08,2025-10-11T21:02:08
C004862,Meridyen Lojistik Ltd. Şti.,corporate,,,meridyenlojistik@meridyen.com.tr,+905413553403,Antalya,True,True,2023-11-01T19:47:03,2024-03-30T19:47:03
C004863,Selim Bulut,individual,M,1974-02-02,selim.bulut@icloud.com,+905426798512,İstanbul,True,True,2025-09-07T08:34:47,2025-11-27T08:34:47
C004864,Beyza Kılıç,individual,F,1986-05-08,beyza.kilic@gmail.com,+905529171116,İstanbul ,True,True,2025-09-26T02:37:16,2025-12-12T02:37:16
C004865,Mustafa Yılmaz,individual,M,1981-10-26,mustafa.yilmaz29@hotmail.com,+905487445178,İstanbul,True,True,2024-06-13T11:33:51,2024-09-29T11:33:51
C004866,Aslı Öztürk,individual,F,1989-02-26,asli.ozturk@icloud.com,+905533445066,İzmir,True,False,2025-02-04T20:26:06,2025-02-22T20:26:06
C004867,Ali Kara,individual,M,1994-04-05,ali.kara@hotmail.com,+905584277912,İstanbul,True,True,2025-04-07T22:04:22,2025-08-30T22:04:22
C004868,Ali Ünal,individual,M,1989-03-15,ali.unal@gmail.com,+905389563485,İstanbul,True,True,2023-12-05T07:22:53,2024-04-23T07:22:53
C004869,Seda Keskin,individual,F,1974-08-15,seda.keskin@yahoo.com,+905401861371,Bursa,True,False,2026-01-17T09:40:54,2026-02-26T09:40:54
C004870,Cem Şahin,individual,M,1989-07-28,cem.sahin16@gmail.com,+905343976460,İstanbul,True,True,2024-12-26T23:55:33,2025-01-14T23:55:33
C004871,Gizem Taş,individual,F,1995-01-09,gizem.tas77@yahoo.com,+905334734536,Adana,True,True,2023-11-25T06:33:31,2024-05-31T06:33:31
C004872,Selin Kara,individual,F,1986-11-10,selin.kara@icloud.com,+905421034667,İstanbul,True,False,2024-01-21T13:57:49,2024-07-18T13:57:49
C004873,Burak Avcı,individual,M,1989-11-01,burak.avci@yahoo.com,+905415444907,İstanbul,True,False,2025-05-20T12:27:44,2025-07-10T12:27:44
C004874,Ufuk Medya A.Ş.,corporate,,,ufukmedya@ufuk.com.tr,+905537592419,İstanbul,True,True,2025-07-18T22:58:21,2025-09-06T22:58:21
C004875,Arda Öztürk,individual,M,1982-08-03,arda.ozturk69@yahoo.com,+905501000559,İstanbul,True,True,2025-11-21T03:30:30,2025-12-16T03:30:30
C004876,Merve Kaya,individual,F,1976-12-09,merve.kaya21@hotmail.com,+905377975361,Ankara,True,True,2024-09-02T16:26:38,2025-03-08T16:26:38
C004877,Hüseyin Kara,individual,M,1982-04-10,huseyin.kara@hotmail.com,+905513641218,İstanbul,True,True,2026-03-16T01:36:30,2026-07-02T01:36:30
C004878,Delta Yazılım A.Ş.,corporate,,,deltayazilim@delta.com.tr,+905341147206,Bursa,True,True,2023-12-17T14:09:20,2024-01-17T14:09:20
C004879,Meridyen Danışmanlık Ltd. Şti.,corporate,,,meridyendanismanlik@meridyen.com.tr,+905343544513,Bursa,True,True,2024-10-29T16:34:15,2025-01-04T16:34:15
C004880,İbrahim Ünal,individual,M,1992-03-09,ibrahim.unal71@yahoo.com,+905358327970,İstanbul,True,True,2026-04-24T04:17:20,2026-07-01T04:17:20
C004881,Murat Özkan,individual,M,1989-10-01,murat.ozkan@gmail.com,+905463132499,İstanbul,True,True,2023-10-12T17:40:40,2023-11-09T17:40:40
C004882,Yasemin Bulut,individual,F,1992-10-28,yasemin.bulut88@outlook.com,+905333211988,İstanbul,True,True,2023-10-16T00:53:31,2023-12-31T00:53:31
C004883,Eren Kurt,individual,M,1969-09-27,eren.kurt85@yahoo.com,+905583125574,İzmir,True,False,2025-05-12T18:41:34,2025-11-05T18:41:34
C004884,Yıldız Yazılım A.Ş.,corporate,,,yildizyazilim@yildiz.com.tr,+905436259885,İstanbul,True,True,2024-08-29T20:46:29,2024-11-11T20:46:29
C004885,Tuğba Yıldırım,individual,F,1978-11-11,tugba.yildirim@yahoo.com,+905599603790,Gaziantep,True,False,2026-01-05T02:43:38,2026-02-09T02:43:38
C004886,Onur Güneş,individual,M,2002-03-21,onur.gunes@hotmail.com,05391980103,İstanbul,True,False,2025-12-24T16:23:50,2026-04-06T16:23:50
C004887,Ahmet Özkan,individual,M,1979-06-26,ahmet.ozkan42@yahoo.com,+905389122730,İstanbul,False,True,2024-12-17T09:07:00,2025-03-25T09:07:00
C004888,Ali Tekin,individual,M,2002-10-03,ali.tekin@yahoo.com,+905323152864,Denizli,True,True,2025-10-24T02:16:48,2026-01-24T02:16:48
C004889,Ahmet Karaca,individual,M,1990-12-14,ahmet.karaca@outlook.com,+905365166749,Bursa,False,False,2024-06-01T19:01:25,2024-09-08T19:01:25
C004890,Mehmet Avcı,individual,M,1974-06-15,mehmet.avci@yahoo.com,+905531965350,İstanbul,True,False,2023-10-25T07:20:49,2024-04-04T07:20:49
C004891,Fatma Çakır,individual,F,1994-02-16,fatma.cakir3@hotmail.com,+905479598200,IZMIR,True,False,2025-08-06T07:53:23,2025-11-15T07:53:23
C004892,Serkan Turan,individual,M,1989-10-09,serkan.turan@outlook.com,+905546571507,Konya,True,True,2026-06-26T20:29:30,2026-09-02T20:29:30
C004893,Ahmet Arslan,individual,M,1997-09-11,ahmet.arslan22@outlook.com,+905351079257,İstanbul,True,True,2025-08-01T11:22:39,2025-12-11T11:22:39
C004894,Ceren Keskin,individual,F,1985-10-17,ceren.keskin@hotmail.com,+905447072284,İstanbul,True,True,2024-04-01T21:01:31,2024-07-15T21:01:31
C004895,Nur Yalçın,individual,F,1966-03-17,nur.yalcin@yahoo.com,+905356116806,İzmir,True,True,2024-06-15T10:14:06,2024-09-30T10:14:06
C004896,Umut Çelik,individual,M,1983-10-19,umut.celik12@hotmail.com,+905366222936,İstanbul,False,True,2026-02-12T18:49:52,2026-06-02T18:49:52
C004897,Gamze Özdemir,individual,F,1972-10-26,gamze.ozdemir@outlook.com,+905428943976,Antalya,True,True,2026-06-14T14:26:57,2026-11-29T14:26:57
C004898,Yusuf Tekin,individual,M,1976-07-06,yusuf.tekin60@outlook.com,+905306854116,İstanbul,False,True,2025-09-10T02:11:44,2025-12-25T02:11:44
C004899,Serkan Aydın,individual,M,1978-01-13,serkan.aydin@outlook.com,+905461035750,İzmir,True,False,2026-07-09T02:38:24,2026-11-28T02:38:24
C004900,Selim Şimşek,individual,M,1975-07-14,selim.simsek@yahoo.com,+905462843555,İstanbul,True,True,2026-08-27T11:53:49,2026-12-28T11:53:49
C004901,Mustafa Ünal,individual,M,1980-08-21,mustafa.unal48@yahoo.com,+905443817031,İstanbul,True,False,2025-07-14T07:09:19,2025-08-26T07:09:19
C004902,Tolga Uzun,individual,M,1986-03-03,tolga.uzun26@hotmail.com,+905401554779,Eskişehir,True,True,2024-02-21T10:50:52,2024-07-26T10:50:52
C004903,Efe Keskin,individual,M,1985-12-20,efe.keskin@icloud.com,+905465586089,Kocaeli,True,True,2025-09-03T22:24:01,2025-10-13T22:24:01
C004904,Akdeniz Teknoloji A.Ş.,corporate,,,akdenizteknoloji@akdeniz.com.tr,+905385530847,İstanbul,True,False,2026-08-24T08:54:39,2027-01-05T08:54:39
C004905,Kaan Polat,individual,M,1990-01-14,kaan.polat75@icloud.com,+90 545 619 5067,Konya,True,False,2024-08-20T09:53:28,2024-10-11T09:53:28
C004906,Efe Çakır,individual,M,1983-08-01,efe.cakir69@icloud.com,+905509848506,Antalya,True,True,2024-12-10T01:09:46,2025-01-27T01:09:46
C004907,Arda Taş,individual,M,1987-07-02,arda.tas41@gmail.com,+905449238273,İzmir,False,True,2024-12-03T07:52:49,2025-04-16T07:52:49
C004908,Fatma Kaya,individual,F,1997-12-08,fatma.kaya59@hotmail.com,+905595306084,İstanbul,True,False,2024-05-31T09:41:43,2024-09-03T09:41:43
C004909,Emre Yıldırım,individual,M,1979-08-26,emre.yildirim@gmail.com,+905589032471,Ankara,True,False,2024-08-19T04:00:54,2024-12-13T04:00:54
C004910,Tolga Ünal,individual,M,1991-11-17,tolga.unal95@outlook.com,+905438676589,İstanbul,True,False,2025-01-09T14:50:14,2025-01-17T14:50:14
C004911,Deniz Çetin,individual,M,2001-02-13,deniz.cetin36@hotmail.com,+905558286334,İstanbul,True,True,2025-05-04T19:14:17,2025-07-31T19:14:17
C004912,Ali Doğan,individual,M,1971-07-23,ali.dogan57@yahoo.com,+905448400532,Ankara,True,True,2023-09-27T08:56:31,2023-11-24T08:56:31
C004913,Deniz Aksoy,individual,M,1980-05-07,deniz.aksoy31@gmail.com,+905342507998,Denizli,True,True,2024-12-30T23:47:53,2025-03-17T23:47:53
C004914,Mehmet Avcı,individual,M,1975-01-13,mehmet.avci@outlook.com,+905434816689,Muğla,True,True,2024-09-25T18:58:15,2025-04-11T18:58:15
C004915,Marmara Lojistik A.Ş.,corporate,,,marmaralojistik@marmara.com.tr,+905593575844,Kocaeli,True,True,2025-06-25T11:22:30,2025-12-23T11:22:30
C004916,Furkan Çelik,individual,M,1987-12-28,furkan.celik93@yahoo.com,+905494937661,İstanbul,True,False,2024-07-03T21:33:26,2024-11-01T21:33:26
C004917,Zirve Enerji A.Ş.,corporate,,,zirveenerji@zirve.com.tr,+905495015962,İzmir,True,True,2026-01-12T23:11:48,2026-07-12T23:11:48
C004918,Arda Kaya,individual,M,1982-02-03,arda.kaya1@hotmail.com,+905379814457,İstanbul,True,True,2024-09-01T00:00:11,2024-11-24T00:00:11
C004919,Sude Yıldırım,individual,F,1991-03-06,sude.yildirim48@yahoo.com,+905361412937,Ankara,True,False,2026-02-09T00:03:41,2026-05-16T00:03:41
C004920,Hande Aydın,individual,F,1991-05-05,hande.aydin8@icloud.com,05327044861,Ankara,True,False,2024-12-31T14:56:40,2025-01-22T14:56:40
C004921,Barış Kılıç,individual,M,1960-07-21,baris.kilic91@hotmail.com,+905458711694,Bursa,True,True,2024-12-21T21:39:40,2025-02-01T21:39:40
C004922,Akdeniz Otomotiv Yan Sanayi Ltd. Şti.,corporate,,,akdenizotomotivyansanayi@akdeniz.com.tr,+905503605226,Ankara,True,False,2025-08-07T19:13:11,2025-10-17T19:13:11
C004923,Pınar Özkan,individual,F,1963-12-25,pinar.ozkan@hotmail.com,+905382345523,Ankara,True,False,2025-04-20T12:52:49,2025-05-20T12:52:49
C004924,İbrahim Arslan,individual,M,1992-02-18,ibrahim.arslan@yahoo.com,+905504100062,Eskişehir,True,True,2026-02-04T14:08:34,2026-05-24T14:08:34
C004925,Seda Yalçın,individual,F,1965-01-04,seda.yalcin@hotmail.com,+905534956076,İstanbul,True,True,2025-02-06T13:06:06,2025-08-12T13:06:06
C004926,Mustafa Karaca,individual,M,1988-11-19,mustafa.karaca@gmail.com,+905483619765,Ankara,True,False,2025-10-27T11:58:50,2026-03-19T11:58:50
C004927,Gamze Yıldırım,individual,F,1982-12-04,gamze.yildirim30@hotmail.com,+905404910456,İstanbul,True,False,2025-03-19T20:19:15,2025-06-30T20:19:15
C004928,Fatma Aydın,individual,F,1985-11-06,fatma.aydin@gmail.com,+905385604952,İstanbul,True,True,2024-10-10T11:49:22,2025-04-19T11:49:22
C004929,Can Aksoy,individual,M,1953-01-01,can.aksoy@icloud.com,+905306415653,Muğla,True,False,2025-04-14T14:32:38,2025-04-27T14:32:38
C004930,Barış Çelik,individual,M,1982-07-30,baris.celik@outlook.com,+905355538053,Ankara,True,True,2025-08-13T12:52:53,2026-01-14T12:52:53
C004931,Hasan Yalçın,individual,M,1975-04-30,hasan.yalcin@yahoo.com,+905475015217,İstanbul,True,True,2025-11-21T15:52:52,2025-12-12T15:52:52
C004932,İbrahim Aslan,individual,M,1982-07-01,ibrahim.aslan@icloud.com,05558724203,Antalya,True,False,2025-07-18T08:48:33,2026-01-12T08:48:33
C004933,Oğuz Ünal,individual,M,1967-01-01,oguz.unal31@icloud.com,+905341563165,İstanbul,True,False,2024-12-15T07:32:39,2025-03-13T07:32:39
C004934,Can Çakır,individual,M,1972-02-28,can.cakir@icloud.com,+905323474075,Bursa,True,False,2026-06-04T12:03:24,2026-09-09T12:03:24
C004935,Halil Ateş,individual,M,1973-12-16,halil.ates3@hotmail.com,+905368395542,istanbul,True,True,2024-12-05T18:44:23,2025-01-09T18:44:23
C004936,Selim Çelik,individual,M,1996-06-18,selim.celik69@yahoo.com,+905426924049,İstanbul,True,True,2025-08-22T10:51:59,2025-12-18T10:51:59
C004937,Onur Bozkurt,individual,M,1987-10-09,onur.bozkurt17@gmail.com,05494792730,Adana,True,False,2024-11-11T16:27:23,2025-03-29T16:27:23
C004938,Nova İnşaat A.Ş.,corporate,,,novainsaat@nova.com.tr,+905529452536,İzmir,True,True,2025-06-11T14:01:46,2025-07-11T14:01:46
C004939,Merve Yalçın,individual,F,1986-10-10,merve.yalcin4@outlook.com,+905355930015,İzmir,True,False,2025-12-03T11:11:36,2026-04-16T11:11:36
C004940,Elif Öztürk,individual,F,1977-04-04,elif.ozturk at yahoo.com,+905544784103,İzmir,True,False,2026-07-19T21:23:28,2027-02-02T21:23:28
C004941,Boğaziçi Lojistik A.Ş.,corporate,,,bogazicilojistik@bogazici.com.tr,+905566937188,İstanbul,True,True,2025-09-04T13:39:56,2026-03-18T13:39:56
C004942,Nova Danışmanlık Ltd. Şti.,corporate,,,novadanismanlik@nova.com.tr,+905473819934,Konya,False,False,2024-01-24T01:45:56,2024-02-21T01:45:56
C004943,Sude Kaya,individual,F,1984-11-10,sude.kaya@hotmail.com,+905306836737,İstanbul,True,True,2025-02-26T20:00:13,2025-03-03T20:00:13
C004944,Oğuz Özkan,individual,M,1986-07-04,oguz.ozkan48@outlook.com,5591917089,Eskişehir,True,True,2025-10-23T02:49:45,2025-11-12T02:49:45
C004945,Cem Çakır,individual,M,1979-04-21,cem.cakir@gmail.com,+905438535816,Adana,True,True,2024-12-25T11:12:25,2025-06-17T11:12:25
C004946,Furkan Arslan,individual,M,1990-08-10,furkan.arslan@outlook.com,+905467574540,İstanbul,True,True,2025-04-22T02:15:11,2025-09-15T02:15:11
C004947,Marmara Danışmanlık A.Ş.,corporate,,,marmaradanismanlik@marmara.com.tr,+905489046918,Mersin,False,True,2025-04-01T23:23:37,2025-09-20T23:23:37
C004948,Efe Kara,individual,M,1980-11-18,efe.kara@icloud.com,+905483583295,İstanbul,True,False,2024-02-15T21:47:45,2024-08-13T21:47:45
C004949,Damla Avcı,individual,F,1978-09-30,damla.avci64@icloud.com,+905331740038,Ankara,True,False,2025-01-23T03:55:23,2025-02-01T03:55:23
C004950,Gizem Taş,individual,F,1990-02-02,gizem.tas80@icloud.com,+905499015790,Eskişehir,False,True,2024-01-31T07:18:45,2024-02-12T07:18:45
C004951,Fatma Sarı,individual,F,1960-05-17,fatma.sari@gmail.com,0 (553) 260-7436,İstanbul,False,False,2023-10-09T08:50:07,2023-12-28T08:50:07
C004952,Yasemin Ünal,individual,F,1986-03-29,yasemin.unal74@outlook.com,+905558297639,İstanbul,True,True,2024-12-10T01:56:37,2025-02-18T01:56:37
C004953,Gamze Kaya,individual,F,1982-05-18,gamze.kaya@gmail.com,+905439832802,Ankara,True,True,2025-09-15T17:59:00,2025-10-11T17:59:00
C004954,Kerem Aksoy,individual,M,1975-08-10,kerem.aksoy@outlook.com,+905322382737,İstanbul,False,True,2023-11-02T11:48:42,2023-12-25T11:48:42
C004955,İbrahim Korkmaz,individual,M,1990-05-06,ibrahim.korkmaz64@gmail.com,+905363461995,Mersin,True,True,2024-07-21T19:52:09,2024-09-07T19:52:09
C004956,Hüseyin Aslan,individual,M,2002-05-17,huseyin.aslan@icloud.com,+905378963379,Samsun,True,True,2024-10-11T18:55:28,2024-11-07T18:55:28
C004957,Ufuk Yazılım A.Ş.,corporate,,,ufukyazilim@ufuk.com.tr,+905301184969,İstanbul,True,False,2024-07-03T00:12:10,2024-11-29T00:12:10
C004958,Kerem Şahin,individual,M,1969-05-14,kerem.sahin88@hotmail.com,+905418615247,Ankara,True,True,2024-01-24T02:30:14,2024-04-20T02:30:14
C004959,Tolga Çelik,individual,M,2002-01-31,tolga.celik@icloud.com,5519243665,Ankara,True,False,2025-08-16T15:39:22,2025-11-15T15:39:22
C004960,Halil Avcı,individual,M,2002-07-20,halil.avci64@gmail.com,+90 544 740 7916,Denizli,True,True,2026-07-26T03:28:44,2026-12-17T03:28:44
C004961,Nur Çelik,individual,F,1971-03-07,nur.celik89@yahoo.com,+905539861921,Kocaeli,True,True,2026-05-31T01:08:40,2026-09-27T01:08:40
C004962,Aslı Avcı,individual,F,1984-05-16,asli.avci@gmail.com,+905438749405,İstanbul,True,True,2024-03-24T11:01:27,2024-06-07T11:01:27
C004963,Cansu Ateş,individual,F,1974-01-13,cansu.ates@yahoo.com,+905336100621,İzmir,True,True,2023-10-14T05:27:21,2024-04-25T05:27:21
C004964,Ege Tekstil Ltd. Şti.,corporate,,,egetekstil@ege.com.tr,+905375461646,İstanbul,True,True,2025-08-29T22:15:37,2025-10-07T22:15:37
C004965,Naz Demir,individual,F,1969-03-01,naz.demir@gmail.com,+905381352646,Ankara,True,False,2023-10-16T03:48:12,2024-04-22T03:48:12
C004966,Fatma Bulut,individual,F,1972-02-06,fatma.bulut16@icloud.com,+905558518008,Eskişehir,True,True,2026-07-08T04:26:06,2026-10-25T04:26:06
C004967,Emre Çakır,individual,M,1977-11-28,emre.cakir@yahoo.com,+905353372606,İstanbul,True,False,2025-06-24T01:39:44,2025-12-06T01:39:44
C004968,Tolga Şimşek,individual,M,2000-07-26,tolga.simsek65@hotmail.com,+90 547 922 6859,Bursa,True,False,2024-12-26T05:46:27,2025-07-01T05:46:27
C004969,Ayşe Şahin,individual,F,1982-01-10,ayse.sahin@gmail.com,+905385515877,İstanbul,False,True,2026-07-11T01:55:50,2026-08-13T01:55:50
C004970,Zirve Gıda A.Ş.,corporate,,,zirvegida@zirve.com.tr,+905377640969,Ankara,True,True,2023-11-11T02:25:13,2024-02-18T02:25:13
C004971,Barış Uzun,individual,M,1990-04-03,baris.uzun@yahoo.com,+90 548 300 0831,Izmir,True,True,2026-03-23T19:11:32,2026-08-14T19:11:32
C004972,Dilara Kaya,individual,F,1994-10-24,dilara.kaya86@icloud.com,+90 554 188 6301,İstanbul,True,True,2024-05-10T16:08:13,2024-06-19T16:08:13
C004973,Global Lojistik A.Ş.,corporate,,,globallojistik@global.com.tr,0 (559) 140-6917,İstanbul,True,True,2025-06-03T08:42:41,2025-06-09T08:42:41
C004974,Yıldız Turizm A.Ş.,corporate,,,yildizturizm@yildiz.com.tr,05436850725,İstanbul,True,True,2026-01-05T10:06:02,2026-01-30T10:06:02
C004975,Kaan Aydın,individual,M,1984-06-11,kaan.aydin8@yahoo.com,+905542750037,İzmir,True,True,2025-06-29T18:43:52,2025-10-30T18:43:52
C004976,Kaan Güneş,individual,M,1979-02-20,kaan.gunes@icloud.com,+905335816905,İstanbul ,True,False,2024-01-04T04:59:42,2024-03-25T04:59:42
C004977,Ege İnşaat A.Ş.,corporate,,,egeinsaat@ege.com.tr,+905508203304,İstanbul,True,True,2025-10-09T07:25:53,2026-02-03T07:25:53
C004978,Global İnşaat Ltd. Şti.,corporate,,,globalinsaat@global.com.tr,+905452947422,Antalya,True,False,2025-12-27T04:50:13,2026-03-26T04:50:13
C004979,Cansu Avcı,individual,F,1983-04-11,cansu.avci@outlook.com,+905384035576,İstanbul,True,True,2025-02-10T17:42:39,2025-06-14T17:42:39
C004980,Nur Kılıç,individual,F,1992-12-26,nur.kilic@outlook.com,+905534622447,Ankara,True,True,2023-12-12T17:54:36,2024-03-30T17:54:36
C004981,Onur Şahin,individual,M,1994-05-01,onur.sahin@hotmail.com,+905317727080,Denizli,True,False,2025-04-05T16:58:07,2025-06-02T16:58:07
C004982,Emre Yıldız,individual,M,1984-06-18,emre.yildiz@icloud.com,05319171197,Antalya,True,True,2024-04-22T10:21:43,2024-06-27T10:21:43
C004983,Ahmet Çetin,individual,M,2002-12-19,ahmet.cetin@yahoo.com,+905501332600,Eskişehir,True,False,2026-04-07T07:59:01,2026-10-08T07:59:01
C004984,Berk Sarı,individual,M,2002-10-17,berk.sari@icloud.com,0 (549) 806-0015,Ankara,True,False,2025-08-04T08:28:15,2025-08-29T08:28:15
C004985,Fatma Yılmaz,individual,F,1991-04-19,fatma.yilmaz@hotmail.com,+905384829982,İzmir,True,True,2023-11-09T21:49:43,2024-01-15T21:49:43
C004986,Seda Şahin,individual,F,1981-10-10,seda.sahin@gmail.com,+905485544974,Muğla,True,True,2026-03-27T09:34:41,2026-05-16T09:34:41
C004987,Mehmet Aydın,individual,M,1985-11-02,,+905373603348,Ankara,False,True,2025-11-17T19:15:29,2026-01-05T19:15:29
C004988,Hasan Özkan,individual,M,1983-10-29,hasan.ozkan42@gmail.com,+905419721196,IZMIR,True,False,2026-05-18T10:33:18,2026-11-22T10:33:18
C004989,Sude Çakır,individual,F,2000-07-23,sude.cakir@icloud.com,+905487183487,İstanbul,True,True,2025-10-28T13:33:16,2026-01-07T13:33:16
C004990,Gamze Kara,individual,F,1979-01-30,gamze.kara@outlook.com,05598473435,İstanbul,True,True,2024-11-22T17:50:11,2025-03-28T17:50:11
C004991,Ege Sağlık A.Ş.,corporate,,,egesaglik@ege.com.tr,+905374118591,İstanbul,False,True,2025-08-12T00:14:38,2026-02-20T00:14:38
C004992,Cem Ünal,individual,M,2002-02-17,cem.unal29@gmail.com,+905547612990,Antalya,True,True,2025-03-04T23:50:07,2025-06-23T23:50:07
C004993,Eren Çelik,individual,M,1954-12-07,eren.celik1@gmail.com,+905446620556,İzmir,False,True,2026-04-23T08:57:59,2026-04-27T08:57:59
C004994,Burak Sarı,individual,M,1985-05-06,burak.sari44@hotmail.com,5576949239,İstanbul,True,False,2026-02-28T07:22:10,2026-09-02T07:22:10
C004995,Tolga Çakır,individual,M,1986-04-30,tolga.cakir@hotmail.com,+905426154938,Mersin,True,True,2024-09-27T11:21:38,2024-11-12T11:21:38
C004996,Serkan Şimşek,individual,M,1981-06-11,serkan.simsek91@outlook.com,+905525473429,İstanbul,True,True,2023-10-04T19:59:48,2024-02-24T19:59:48
C004997,Zirve Danışmanlık A.Ş.,corporate,,,zirvedanismanlik@zirve.com.tr,05456333237,Kocaeli,True,True,2026-02-20T00:19:30,2026-03-26T00:19:30
C004998,Murat Kara,individual,M,1976-03-24,murat.kara39@icloud.com,+905488674437,Ankara,True,False,2024-09-24T06:18:57,2024-11-28T06:18:57
C004999,Halil Kurt,individual,M,1984-11-23,halil.kurt@outlook.com,5592917235,İstanbul,True,True,2024-03-10T18:23:26,2024-08-30T18:23:26
C005000,Beyza Sarı,individual,F,1991-06-08,beyza.sari93@icloud.com,+905303302210,Ankara,True,False,2026-01-14T02:03:02,2026-06-03T02:03:02
C005001,Elif Şahin,individual,F,2002-01-31,elif.sahin@outlook.com,+905491692639,İzmir,True,True,2024-10-05T12:31:04,2025-02-13T12:31:04
C005002,Halil Aksoy,individual,M,1969-02-08,halil.aksoy@icloud.com,+905355427926,İstanbul,True,True,2025-03-02T11:27:19,2025-06-29T11:27:19
C005003,Derya Kurt,individual,F,1987-12-11,derya.kurt76@gmail.com,+905566757741,Mersin,True,True,2025-06-08T11:38:46,2025-07-12T11:38:46
C005004,Boğaziçi Teknoloji A.Ş.,corporate,,,bogaziciteknoloji@bogazici.com.tr,+905319516292,Ankara,True,False,2024-07-13T17:26:32,2024-07-19T17:26:32
C005005,Ufuk Danışmanlık A.Ş.,corporate,,,ufukdanismanlik@ufuk.com.tr,+905534016884,İstanbul,True,False,2025-06-03T08:11:23,2025-09-07T08:11:23
C005006,Boğaziçi Tekstil Ltd. Şti.,corporate,,,bogazicitekstil@bogazici.com.tr,+905518424936,Bursa,True,True,2024-12-30T15:54:07,2025-05-24T15:54:07
C005007,Berk Ateş,individual,M,1986-04-13,berk.ates@hotmail.com,+905562157276,Denizli,True,False,2024-04-14T13:12:34,2024-08-19T13:12:34
C005008,Elif Erdoğan,individual,F,1968-06-02,elif.erdogan44@hotmail.com,+905499345705,Ankara,True,True,2025-04-07T10:45:26,2025-05-13T10:45:26
C005009,Fatma Kara,individual,F,1988-05-15,fatma.kara@yahoo.com,+905427876216,Ankara,True,True,2024-03-17T12:13:02,2024-07-08T12:13:02
C005010,Atlas Otomotiv Yan Sanayi A.Ş.,corporate,,,atlasotomotivyansanayi@atlas.com.tr,+905435135290,ISTANBUL,True,True,2026-05-25T12:46:42,2026-11-14T12:46:42
C005011,Ali Kaya,individual,M,1987-09-04,ali.kaya66@yahoo.com,+905306074751,Ankara,True,True,2025-02-27T16:02:21,2025-09-03T16:02:21
C005012,Oğuz Demir,individual,M,1988-05-20,oguz.demir@outlook.com,+905449435452,Adana,False,True,2025-06-03T19:09:55,2025-12-08T19:09:55
C005013,Burak Karaca,individual,M,1988-02-06,burak.karaca44@yahoo.com,+905416083859,Bursa,True,True,2024-09-25T00:12:45,2025-02-04T00:12:45
C005014,Murat Yıldız,individual,M,1996-01-07,murat.yildiz@gmail.com,+905523287880,Ankara,True,False,2026-02-16T02:15:07,2026-07-13T02:15:07
C005015,Esra Avcı,individual,F,1983-10-18,esra.avci@yahoo.com,+905529562590,İstanbul,True,False,2025-02-13T15:12:09,2025-08-12T15:12:09
C005016,Tolga Kaya,individual,M,1977-12-10,tolga.kaya67@yahoo.com,+905409887466,İstanbul,True,False,2026-01-25T17:41:26,2026-05-19T17:41:26
C005017,Cem Acar,individual,M,1973-05-25,cem.acar@gmail.com,+905578304472,İstanbul,False,True,2026-08-21T15:44:40,2026-12-21T15:44:40
C005018,Emre Aslan,individual,M,1988-06-07,emre.aslan85@yahoo.com,+905562203643,İstanbul,True,False,2023-12-09T08:06:04,2023-12-28T08:06:04
C005019,Hasan Güneş,individual,M,1980-02-19,hasan.gunes49@icloud.com,0 (543) 899-9739,İstanbul,True,True,2025-03-18T15:13:59,2025-05-10T15:13:59
C005020,Fatma Şimşek,individual,F,1996-10-30,fatma.simsek@gmail.com,+905394346372,Antalya,True,False,2025-05-23T23:43:18,2025-11-03T23:43:18
C005021,Barış Çakır,individual,M,1994-09-01,baris.cakir@gmail.com,+905411540386,İstanbul,True,False,2026-01-15T08:52:37,2026-03-20T08:52:37
C005022,Ömer Uzun,individual,M,1978-08-11,omer.uzun81@outlook.com,+905455117656,Eskişehir,True,True,2025-06-02T04:00:57,2025-09-11T04:00:57
C005023,Ömer Koç,individual,M,1991-06-09,omer.koc@icloud.com,+905345366062,Adana,True,True,2024-04-21T03:21:32,2024-04-25T03:21:32
C005024,İbrahim Kaya,individual,M,1979-02-11,ibrahim.kaya86@outlook.com,+905502595461,Adana,True,False,2024-09-15T10:48:07,2024-12-19T10:48:07
C005025,Naz Avcı,individual,F,1985-04-02,naz.avci66@yahoo.com,+905468294311,İstanbul,True,True,2025-10-11T04:23:44,2025-12-27T04:23:44
C005026,Nazlı Güneş,individual,F,1995-09-22,,+905361875944,İstanbul,True,False,2023-09-03T09:07:40,2023-12-20T09:07:40
C005027,Tuğba Yıldırım,individual,F,1985-02-19,tugba.yildirim92@icloud.com,0 (535) 117-2248,İstanbul,True,True,2023-09-29T08:43:43,2023-11-13T08:43:43
C005028,Hande Özkan,individual,F,1979-07-05,hande.ozkan@icloud.com,+905577652246,Antalya,True,False,2026-07-06T12:00:56,2026-09-15T12:00:56
C005029,Serkan Güneş,individual,M,1985-09-26,serkan.gunes43@icloud.com,+905561354493,Istanbul,True,True,2023-12-21T11:38:09,2024-06-26T11:38:09
C005030,Berk Tekin,individual,M,1979-02-23,berk.tekin65@icloud.com,+905313213960,İstanbul,True,False,2025-02-07T04:14:51,2025-02-17T04:14:51
C005031,Akdeniz Teknoloji Ltd. Şti.,corporate,,,akdenizteknoloji@akdeniz.com.tr,+905415029532,İstanbul,True,False,2024-01-05T14:22:20,2024-05-13T14:22:20
C005032,Hande Turan,individual,F,1984-02-27,hande.turan71@hotmail.com,+905517118802,Kocaeli,True,True,2023-10-18T03:44:40,2023-12-27T03:44:40
C005033,Hüseyin Yılmaz,individual,M,1979-09-15,huseyin.yilmaz28@outlook.com,05597116593,Ankara,True,False,2026-06-17T03:10:59,2026-10-28T03:10:59
C005034,Selim Kurt,individual,M,1961-09-16,selim.kurt@gmail.com,0542 718 13 33,İstanbul,True,True,2026-06-10T22:59:19,2026-07-12T22:59:19
C005035,Büşra Sarı,individual,F,2001-02-10,busra.sari69@outlook.com,+905422339874,İzmir,True,True,2025-06-07T14:38:31,2025-08-22T14:38:31
C005036,Kuzey Sağlık A.Ş.,corporate,,,kuzeysaglik@kuzey.com.tr,+905463690849,Konya,True,True,2026-05-24T23:40:41,2026-08-25T23:40:41
C005037,Cem Demir,individual,M,1996-08-20,cem.demir@icloud.com,+905519060374,Ankara,True,True,2023-10-25T05:15:13,2024-03-23T05:15:13
C005038,Burak Erdoğan,individual,M,1968-07-26,burak.erdogan@outlook.com,+905351231117,İstanbul,True,True,2025-07-26T08:34:28,2025-10-03T08:34:28
C005039,Dilara Koç,individual,F,1980-02-27,dilara.koc61@icloud.com,+905312988581,Eskişehir,True,False,2025-09-10T08:44:30,2025-12-26T08:44:30
C005040,Anadolu İnşaat Ltd. Şti.,corporate,,,anadoluinsaat@anadolu.com.tr,0551 668 76 68,Adana,True,True,2024-09-22T08:23:43,2025-01-24T08:23:43
C005041,Murat Tekin,individual,M,1983-10-09,murat.tekin33@outlook.com,+905506439118,İzmir,True,True,2024-06-29T22:05:52,2025-01-07T22:05:52
C005042,Seda Koç,individual,F,1988-12-11,seda.koc@hotmail.com,+905352442172,Ankara,True,True,2024-01-16T12:04:34,2024-07-19T12:04:34
C005043,Serkan Turan,individual,M,1987-06-25,serkan.turan4@gmail.com,+905417915480,İstanbul,True,False,2024-09-17T13:10:56,2024-11-02T13:10:56
C005044,Global Lojistik A.Ş.,corporate,,,globallojistik@global.com.tr,+905319447778,İstanbul,True,True,2026-04-21T09:48:58,2026-06-25T09:48:58
C005045,Pınar Demir,individual,F,1988-07-19,pinar.demir@outlook.com,+905504672819,Bursa,True,False,2026-05-05T12:06:34,2026-06-13T12:06:34
C005046,Derya Ateş,individual,F,1993-09-02,derya.ates78@hotmail.com,0 (539) 607-6131,Kocaeli,True,True,2025-03-04T20:47:42,2025-03-17T20:47:42
C005047,Onur Şahin,individual,M,1988-05-03,onur.sahin@icloud.com,+905499600071,Bursa,True,True,2025-10-11T02:12:19,2026-04-14T02:12:19
C005048,Zeynep Kurt,individual,F,1990-05-05,zeynep.kurt97@icloud.com,+905429708376,İstanbul ,False,True,2025-12-10T01:44:18,2026-04-11T01:44:18
C005049,Barış Polat,individual,M,1973-11-08,baris.polat57@gmail.com,+905407301616,ISTANBUL,True,False,2026-05-05T18:29:04,2026-06-19T18:29:04
C005050,Pınar Doğan,individual,F,1983-12-30,pinar.dogan17@outlook.com,+905427687782,Adana,True,False,2024-07-11T14:03:34,2024-08-01T14:03:34
C005051,Deniz Kurt,individual,M,1984-12-06,deniz.kurt@outlook.com,+905492143443,Adana,True,True,2025-01-13T01:21:54,2025-06-12T01:21:54
C005052,Furkan Bulut,individual,M,1979-02-20,furkan.bulut@hotmail.com,+905301164102,Ankara,True,False,2025-10-02T11:10:33,2026-02-25T11:10:33
C005053,Emre Doğan,individual,M,1972-01-23,emre.dogan@hotmail.com,+905426484763,İstanbul,True,True,2026-05-06T23:51:21,2026-07-26T23:51:21
C005054,Furkan Avcı,individual,M,1972-12-13,furkan.avci14@gmail.com,+905591088662,Istanbul,True,True,2025-11-15T23:42:29,2026-03-19T23:42:29
C005055,Emre Öztürk,individual,M,1978-03-23,emre.ozturk11@gmail.com,+905374965996,Ankara,True,False,2025-07-18T21:27:36,2025-10-10T21:27:36
C005056,Selin Keskin,individual,F,1961-09-12,selin.keskin74@yahoo.com,+905423683346,Bursa,True,True,2024-03-03T22:02:11,2024-03-10T22:02:11
C005057,Efe Polat,individual,M,1977-04-03,efe.polat43@gmail.com,+90 541 487 7153,Adana,True,True,2025-12-19T01:00:57,2025-12-31T01:00:57
C005058,İrem Çetin,individual,F,1968-11-30,irem.cetin@gmail.com,+905579987930,Antalya,False,True,2025-03-17T07:29:02,2025-07-31T07:29:02
C005059,Kaan Koç,individual,M,1995-09-05,kaan.koc67@outlook.com,+905361626404,İzmir,True,False,2024-04-04T02:50:53,2024-07-02T02:50:53
C005060,Ahmet Çakır,individual,M,1992-09-04,ahmet.cakir12@icloud.com,0 (538) 154-1968,Ankara,True,True,2025-05-13T23:08:19,2025-08-14T23:08:19
C005061,Beyza Demir,individual,F,1990-04-03,beyza.demir@icloud.com,+90 547 836 7119,İstanbul,True,True,2024-08-07T06:27:02,2024-11-24T06:27:02
C005062,Büşra Çakır,individual,F,2001-07-11,busra.cakir58@gmail.com,+905344665752,Adana,True,False,2025-03-04T12:02:57,2025-08-05T12:02:57
C005063,Mustafa Keskin,individual,M,1975-11-26,mustafa.keskin@yahoo.com,+905362524655,İzmir,True,True,2025-02-24T00:30:18,2025-07-02T00:30:18
C005064,Marmara Danışmanlık A.Ş.,corporate,,,marmaradanismanlik@marmara.com.tr,+905541361705,Antalya,True,False,2023-12-17T02:10:14,2024-03-24T02:10:14
C005065,Marmara Gıda Ltd. Şti.,corporate,,,marmaragida@marmara.com.tr,+905422125759,İstanbul,False,False,2025-02-06T18:05:07,2025-04-29T18:05:07
C005066,Ece Polat,individual,F,1998-10-29,ece.polat@icloud.com,+905499134792,İstanbul,True,True,2024-03-20T11:12:36,2024-04-14T11:12:36
C005067,Can Aksoy,individual,M,1979-07-21,can.aksoy@gmail.com,+905378407521,Bursa,True,False,2025-07-23T08:37:51,2025-09-16T08:37:51
C005068,Gamze Güneş,individual,F,1996-10-01,gamze.gunes47@outlook.com,+90 558 386 3528,İzmir,True,False,2025-11-16T03:21:40,2026-05-15T03:21:40
C005069,Ege Lojistik A.Ş.,corporate,,,egelojistik@ege.com.tr,+905349441927,İzmir,True,True,2026-01-25T18:06:09,2026-04-25T18:06:09
C005070,Kerem Uzun,individual,M,1978-10-03,kerem.uzun18@outlook.com,+905372927795,Ankara,True,False,2023-11-22T06:09:40,2024-01-08T06:09:40
C005071,Sude Aksoy,individual,F,1985-04-20,sude.aksoy33@outlook.com,5389334633,Eskişehir,False,True,2024-08-10T05:20:50,2024-10-11T05:20:50
C005072,Tolga Özkan,individual,M,1972-07-10,tolga.ozkan74@icloud.com,+905453178073,İstanbul,True,False,2023-12-25T17:27:40,2024-03-09T17:27:40
C005073,Ahmet Arslan,individual,M,2002-12-28,ahmet.arslan@outlook.com,+905497296510,ISTANBUL,True,True,2026-03-11T22:32:09,2026-09-03T22:32:09
C005074,Mehmet Özkan,individual,M,1985-04-19,mehmet.ozkan@hotmail.com,+905333184990,İstanbul,True,True,2024-07-08T18:46:42,2024-09-06T18:46:42
C005075,Nova Lojistik A.Ş.,corporate,,,novalojistik@nova.com.tr,+905325904563,IZMIR,True,False,2024-12-25T12:57:48,2025-04-16T12:57:48
C005076,Elif Uzun,individual,F,1973-10-29,elif.uzun@hotmail.com,+905525739822,Kocaeli,True,False,2026-03-08T11:49:04,2026-09-16T11:49:04
C005077,Tuğba Polat,individual,F,1994-02-06,tugba.polat83@icloud.com,+905403160703,İzmir,True,False,2026-05-15T02:42:35,2026-09-03T02:42:35
C005078,Kaan Keskin,individual,M,1966-01-01,kaan.keskin72@icloud.com,+905353850136,Ankara,True,True,2026-05-14T20:07:30,2026-11-18T20:07:30
C005079,Kaan Çakır,individual,M,1983-07-08,kaan.cakir26@hotmail.com,+905581375891,İzmir,True,True,2023-10-23T21:33:50,2024-04-17T21:33:50
C005080,Cem Karaca,individual,M,1980-12-19,cem.karaca8@gmail.com,+905586915869,Ankara,True,False,2026-04-16T19:50:16,2026-05-14T19:50:16
C005081,Dilara Özdemir,individual,F,1988-05-13,dilara.ozdemir@yahoo.com,+905539671053,Antalya,True,False,2025-10-09T20:02:36,2026-03-06T20:02:36
C005082,Zirve Medya A.Ş.,corporate,,,zirvemedya@zirve.com.tr,05469011119,İstanbul,True,False,2024-12-07T07:54:44,2025-01-12T07:54:44
C005083,Mustafa Çelik,individual,M,1980-01-19,mustafa.celik90@hotmail.com,+905366707555,İstanbul,True,True,2025-05-17T21:31:48,2025-05-23T21:31:48
C005084,Efe Keskin,individual,M,1998-06-16,efe.keskin16@icloud.com,+905454826078,İstanbul,True,False,2023-09-30T11:27:25,2024-02-26T11:27:25
C005085,Yusuf Ateş,individual,M,1967-10-18,yusuf.ates@yahoo.com,+905567740163,İstanbul,True,False,2023-12-14T20:23:05,2024-04-03T20:23:05
C005086,Delta Yazılım A.Ş.,corporate,,,deltayazilim@delta.com.tr,+905456105849,Antalya,True,True,2024-03-23T23:06:02,2024-10-05T23:06:02
C005087,Ali Yalçın,individual,M,1966-07-18,ali.yalcin@gmail.com,+905366146549,Denizli,True,False,2024-04-26T19:00:17,2024-07-04T19:00:17
C005088,Arda Ünal,individual,M,1981-12-05,arda.unal96@icloud.com,+905469233190,İstanbul,True,True,2026-03-06T07:54:28,2026-08-07T07:54:28
C005089,Delta Otomotiv Yan Sanayi Ltd. Şti.,corporate,,,deltaotomotivyansanayi@delta.com.tr,+905598832432,Bursa,True,True,2023-09-25T10:22:52,2024-02-17T10:22:52
C005090,Kerem Kurt,individual,M,1996-09-09,kerem.kurt@hotmail.com,+905457819932,Bursa,True,True,2025-11-09T13:50:23,2026-04-10T13:50:23
C005091,Oğuz Tekin,individual,M,1981-11-15,oguz.tekin@outlook.com,+905353803613,Samsun,False,True,2024-05-23T07:35:25,2024-09-11T07:35:25
C005092,Damla Kara,individual,F,1987-09-29,damla.kara@outlook.com,+905564669592,İstanbul,False,True,2023-12-24T20:36:45,2024-02-06T20:36:45
C005093,Emre Erdoğan,individual,M,1983-08-30,emre.erdogan79@hotmail.com,+905487433597,Adana,True,False,2026-01-12T14:44:23,2026-07-12T14:44:23
C005094,Global Enerji A.Ş.,corporate,,,globalenerji@global.com.tr,+905398304851,İstanbul,True,True,2025-10-09T06:51:06,2026-01-07T06:51:06
C005095,Berk Öztürk,individual,M,1964-07-17,berk.ozturk@hotmail.com,+905543019238,Ankara,True,True,2025-03-18T21:57:08,2025-03-27T21:57:08
C005096,Serkan Aksoy,individual,M,2002-06-03,serkan.aksoy82@outlook.com,+905357751803,İstanbul,True,True,2026-06-20T17:24:47,2026-11-23T17:24:47
C005097,Mustafa Çakır,individual,M,1975-03-27,mustafa.cakir76@icloud.com,+905481459407,İstanbul,True,False,2025-07-10T11:01:38,2025-08-13T11:01:38
C005098,Umut Çelik,individual,M,1982-02-03,umut.celik@outlook.com,+905528045097,ankara,True,False,2024-09-27T19:49:06,2024-11-06T19:49:06
C005099,Atlas Otomotiv Yan Sanayi Ltd. Şti.,corporate,,,atlasotomotivyansanayi@atlas.com.tr,+905416518153,İzmir,True,True,2025-04-15T17:10:27,2025-10-01T17:10:27
C005100,Arda Çetin,individual,M,1981-10-20,arda.cetin@yahoo.com,+905425586526,Bursa,True,True,2025-02-03T14:53:22,2025-05-26T14:53:22
C005101,Selim Aksoy,individual,M,1974-10-21,selim.aksoy@hotmail.com,+905592445299,İstanbul,True,False,2024-10-02T16:37:52,2024-12-03T16:37:52
C005102,Efe Aydın,individual,M,1978-09-27,efe.aydin13@icloud.com,+905433323319,Antalya,True,True,2026-01-22T11:02:31,2026-02-28T11:02:31
C005103,Boğaziçi Turizm A.Ş.,corporate,,,bogaziciturizm@bogazici.com.tr,+905566419088,Adana,True,True,2026-02-17T08:14:18,2026-05-09T08:14:18
C005104,Eren Karaca,individual,M,1979-02-01,eren.karaca@hotmail.com,+905524351300,İstanbul,True,True,2025-05-01T15:08:59,2025-07-02T15:08:59
C005105,Arda Koç,individual,M,2002-10-07,arda.koc@outlook.com,5373493038,Ankara,True,False,2023-11-18T05:26:39,2024-03-11T05:26:39
C005106,Kerem Polat,individual,M,1983-12-08,kerem.polat@gmail.com,+905357430217,İstanbul,True,False,2025-11-16T02:14:19,2026-03-19T02:14:19
C005107,Mustafa Aksoy,individual,M,1985-09-18,mustafa.aksoy3@yahoo.com,+905464082374,İstanbul,True,True,2024-01-24T11:48:48,2024-02-01T11:48:48
C005108,Ceren Özdemir,individual,F,1998-04-28,ceren.ozdemir@icloud.com,+905426993068,İstanbul,True,False,2023-09-02T17:01:59,2023-10-22T17:01:59
C005109,Derya Kılıç,individual,F,2002-06-07,derya.kilic98@hotmail.com,+905599172390,İstanbul,True,True,2025-01-19T23:48:40,2025-05-27T23:48:40
C005110,Halil Turan,individual,M,1982-05-10,halil.turan@gmail.com,+905334081789,İzmir,True,True,2024-11-19T07:54:01,2025-04-15T07:54:01
C005111,Hasan Öztürk,individual,M,2002-10-26,hasan.ozturk@yahoo.com,+905366785636,ISTANBUL,True,False,2025-09-10T06:08:34,2026-01-25T06:08:34
C005112,Esra Ateş,individual,F,1987-07-21,esra.ates@yahoo.com,+905545094209,İstanbul,True,False,2023-09-19T22:03:10,2023-11-18T22:03:10
C005113,Berk Yıldırım,individual,M,1977-06-10,berk.yildirim@hotmail.com,+905486394183,Muğla,True,True,2024-06-17T06:42:24,2024-12-27T06:42:24
C005114,Furkan Demir,individual,M,1979-07-03,furkan.demir@yahoo.com,+905363012935,Bursa,True,False,2025-02-07T08:14:57,2025-05-02T08:14:57
C005115,Anadolu Yazılım Ltd. Şti.,corporate,,,anadoluyazilim@anadolu.com.tr,+905421059341,İstanbul,True,True,2025-11-19T00:22:28,2025-11-24T00:22:28
C005116,Hasan Çelik,individual,M,1985-08-07,hasan.celik24@hotmail.com,+905571861222,İstanbul,False,False,2025-12-19T17:45:25,2026-01-01T17:45:25
C005117,Umut Yalçın,individual,M,1974-07-05,umut.yalcin@yahoo.com,+905436804220,Kocaeli,False,True,2025-08-22T13:56:01,2026-02-11T13:56:01
C005118,Yıldız Enerji A.Ş.,corporate,,,yildizenerji@yildiz.com.tr,+905462235766,İstanbul,True,True,2025-04-27T18:55:28,2025-05-29T18:55:28
C005119,Merve Taş,individual,F,1986-05-03,merve.tas@icloud.com,0 (540) 668-6479,Adana,True,False,2024-03-15T14:53:01,2024-03-29T14:53:01
C005120,Büşra Özkan,individual,F,1984-09-14,busra.ozkan58@gmail.com,+905587602574,İstanbul,True,False,2025-08-14T16:34:49,2025-08-22T16:34:49
C005121,Sude Korkmaz,individual,F,2002-02-15,sude.korkmaz@icloud.com,+905477242785,İstanbul,True,True,2026-07-23T17:18:27,2026-08-01T17:18:27
C005122,Aslı Avcı,individual,F,1992-07-16,asli.avci39@gmail.com,+905308371883,Ankara,True,False,2025-08-05T11:47:20,2025-09-22T11:47:20
C005123,Berk Demir,individual,M,1981-06-26,berk.demir@gmail.com,+905352666030,Antalya,False,True,2026-07-11T11:52:53,2027-01-22T11:52:53
C005124,Berk Çakır,individual,M,1978-08-16,berk.cakir@yahoo.com,+905524011627,İstanbul,True,True,2025-09-23T06:33:43,2026-04-01T06:33:43
C005125,Ömer Aksoy,individual,M,1966-06-22,omer.aksoy5@yahoo.com,+905405202601,İstanbul,True,False,2025-06-14T07:27:32,2025-11-03T07:27:32
C005126,Berk Güneş,individual,M,1976-12-20,berk.gunes@outlook.com,+905537927479,Antalya,True,False,2025-10-06T01:14:28,2026-03-13T01:14:28
C005127,Deniz Ünal,individual,M,1974-05-01,deniz.unal16@hotmail.com,+905513594695,Ankara,True,False,2026-07-30T07:52:11,2026-11-19T07:52:11
C005128,Berk Doğan,individual,M,1987-04-12,berk.dogan@icloud.com,+905326239175,Gaziantep,False,True,2025-02-07T15:05:04,2025-05-02T15:05:04
C005129,Damla Keskin,individual,F,1989-10-13,damla.keskin@gmail.com,+905433373246,İstanbul,True,True,2026-01-05T20:18:04,2026-05-04T20:18:04
C005130,Merve Yılmaz,individual,F,1999-01-30,merve.yilmaz21@icloud.com,+905358041912,Ankara,True,True,2026-02-18T13:50:43,2026-02-25T13:50:43
C005131,Efe Erdoğan,individual,M,1983-01-22,efe.erdogan@yahoo.com,+90 536 538 1699,İstanbul,True,True,2025-09-10T23:44:26,2025-10-13T23:44:26
C005132,Hande Polat,individual,F,1992-06-24,hande.polat15@yahoo.com,+905446228518,Ankara,True,False,2023-12-18T17:58:15,2024-06-24T17:58:15
C005133,Selin Keskin,individual,F,1990-09-02,selin.keskin39@icloud.com,+905466263003,Kocaeli,True,False,2026-07-01T09:25:22,2027-01-07T09:25:22
C005134,Burak Yıldırım,individual,M,1981-04-04,burak.yildirim19@hotmail.com,+90 552 681 5218,İzmir,True,True,2025-12-12T03:29:56,2026-03-05T03:29:56
C005135,Akdeniz Otomotiv Yan Sanayi A.Ş.,corporate,,,akdenizotomotivyansanayi@akdeniz.com.tr,+905484011915,İstanbul,False,True,2024-12-16T09:01:08,2025-06-27T09:01:08
C005136,Kerem Şahin,individual,M,2002-12-13,kerem.sahin16@icloud.com,+905378447352,Adana,True,False,2024-03-11T23:20:42,2024-05-04T23:20:42
C005137,Umut Yalçın,individual,M,1992-01-12,umut.yalcin@icloud.com,+905521640117,İstanbul,True,False,2025-03-24T03:17:22,2025-07-27T03:17:22
C005138,Delta Turizm A.Ş.,corporate,,,deltaturizm@delta.com.tr,+905417154715,İstanbul,True,True,2025-04-02T05:56:52,2025-05-12T05:56:52
C005139,Murat Polat,individual,M,1987-04-27,murat.polat@yahoo.com,+905361888969,İstanbul,True,True,2025-12-12T12:32:24,2026-03-12T12:32:24
C005140,Kerem Doğan,individual,M,1978-06-09,kerem.dogan@hotmail.com,5473688207,İstanbul,True,True,2023-12-31T20:52:13,2024-06-13T20:52:13
C005141,Fatma Aslan,individual,F,1988-01-11,fatma.aslan25@yahoo.com,+905566716365,Kocaeli,True,True,2023-11-29T15:15:31,2024-05-24T15:15:31
C005142,Umut Kurt,individual,M,1973-06-02,umut.kurt@icloud.com,0 (542) 830-0060,İstanbul,True,True,2023-12-11T20:42:54,2024-05-05T20:42:54
C005143,Halil Avcı,individual,M,1973-07-29,halil.avci@outlook.com,+905497687678,İstanbul,True,False,2025-12-15T16:03:57,2026-03-12T16:03:57
C005144,Elif Çakır,individual,F,1999-04-30,elif.cakir28@outlook.com,+905545452549,İstanbul,True,True,2025-04-21T10:17:09,2025-07-17T10:17:09
C005145,Hasan Öztürk,individual,M,1989-11-16,hasan.ozturk@outlook.com,+905451053009,İstanbul,True,True,2026-07-28T07:11:32,2027-02-02T07:11:32
C005146,Esra Bulut,individual,F,1974-11-19,esra.bulut@yahoo.com,+905383756546,istanbul,True,True,2024-02-25T18:18:22,2024-07-02T18:18:22
C005147,Emre Arslan,individual,M,1993-09-19,emre.arslan11@outlook.com,+905511004218,İstanbul,True,True,2023-11-22T04:40:36,2024-05-01T04:40:36
C005148,Akdeniz Sağlık Ltd. Şti.,corporate,,,akdenizsaglik@akdeniz.com.tr,+905461256817,Kocaeli,True,True,2025-10-22T22:04:31,2026-01-18T22:04:31
C005149,Deniz Yıldırım,individual,M,1991-12-26,deniz.yildirim8@hotmail.com,+905303712249,İstanbul,True,True,2026-05-10T12:43:12,2026-11-10T12:43:12
C005150,Eren Kurt,individual,M,1987-03-21,eren.kurt@hotmail.com,+905321068147,Samsun,True,False,2025-12-06T22:49:01,2025-12-07T22:49:01
C005151,Ali Aslan,individual,M,1975-04-03,ali.aslan@icloud.com,+905337442008,İstanbul,True,False,2026-01-12T03:18:39,2026-02-18T03:18:39
C005152,Seda Keskin,individual,F,1973-04-24,seda.keskin@hotmail.com,+905574192136,İzmir,True,True,2025-12-09T02:05:44,2025-12-19T02:05:44
C005153,Ahmet Uzun,individual,M,2002-10-14,ahmet.uzun@gmail.com,+905464955526,İstanbul,True,True,2025-11-06T03:24:29,2026-02-22T03:24:29
C005154,Cansu Sarı,individual,F,2002-03-24,cansu.sari38@icloud.com,+905383414039,İstanbul,True,True,2026-03-31T05:07:27,2026-07-06T05:07:27
C005155,Selim Kılıç,individual,M,1979-09-23,selim.kilic75@gmail.com,05401021174,Ankara,True,False,2025-05-01T09:57:55,2025-08-11T09:57:55
C005156,Derya Kaya,individual,F,1990-09-29,derya.kaya@outlook.com,+90 538 528 0405,İstanbul,True,True,2025-10-22T14:34:26,2025-11-13T14:34:26
C005157,Ece Özkan,individual,F,1993-04-03,ece.ozkan@icloud.com,+905321841735,Muğla,True,False,2025-07-14T07:57:42,2025-10-02T07:57:42
C005158,Melis Acar,individual,F,1985-03-06,melis.acar@icloud.com,+905427189880,Antalya,True,False,2026-04-12T00:11:09,2026-08-01T00:11:09
C005159,Hüseyin Turan,individual,M,1980-10-29,huseyin.turan26@outlook.com,+905579312828,Bursa,True,True,2026-01-02T11:13:20,2026-05-21T11:13:20
C005160,Ömer Öztürk,individual,M,1980-11-11,omer.ozturk@gmail.com,+905525913744,İstanbul,True,False,2023-11-20T00:19:34,2024-03-12T00:19:34
C005161,Pınar Güneş,individual,F,1980-11-29,pinar.gunes82@yahoo.com,+905418070953,Bursa,True,True,2023-11-28T05:30:49,2024-04-23T05:30:49
C005162,Esra Yıldız,individual,F,1988-11-14,esra.yildiz1@hotmail.com,+905328468496,İzmir,True,True,2025-03-20T15:56:29,2025-06-19T15:56:29
C005163,Burak Öztürk,individual,M,1965-01-23,burak.ozturk@outlook.com,+905559423936,Adana,True,False,2024-04-16T05:50:00,2024-09-16T05:50:00
C005164,Tuğba Yıldız,individual,F,1989-03-11,tugba.yildiz@hotmail.com,+905581971115,İstanbul,True,True,2023-10-09T07:41:00,2024-04-11T07:41:00
C005165,Naz Çelik,individual,F,1986-02-11,naz.celik@outlook.com,5318844489,Izmir,True,False,2024-04-12T08:58:05,2024-09-22T08:58:05
C005166,Hasan Keskin,individual,M,1983-11-04,,+905575225338,Ankara,True,False,2025-09-04T16:16:43,2025-11-07T16:16:43
C005167,Burak Turan,individual,M,1979-05-23,burak.turan92@icloud.com,0 (535) 907-4994,Ankara,True,False,2024-04-21T01:21:44,2024-08-22T01:21:44
C005168,Dilara Çelik,individual,F,1985-03-20,dilara.celik55@outlook.com,+905548260680,İstanbul ,True,False,2024-06-11T00:24:23,2024-12-15T00:24:23
C005169,Halil Demir,individual,M,1982-07-01,halil.demir@yahoo.com,+905403778024,İstanbul,True,True,2025-10-13T04:59:07,2025-12-18T04:59:07
C005170,Marmara Yazılım A.Ş.,corporate,,,marmarayazilim@marmara.com.tr,+905548275863,İzmir,True,False,2024-12-04T16:12:51,2025-01-23T16:12:51
C005171,Selim Yalçın,individual,M,1971-05-24,selim.yalcin@outlook.com,+905431051553,İzmir,True,False,2024-09-18T10:58:12,2025-02-13T10:58:12
C005172,Ece Ateş,individual,F,1982-06-26,ece.ates80@gmail.com,+905313786341,Denizli,True,False,2025-06-25T12:12:42,2025-11-05T12:12:42
C005173,Yusuf Yılmaz,individual,M,1972-04-27,yusuf.yilmaz@hotmail.com,+905365944044,İstanbul,True,True,2025-01-21T04:23:10,2025-04-01T04:23:10
C005174,Hüseyin Karaca,individual,M,1998-10-24,huseyin.karaca@yahoo.com,+905314118316,Kocaeli,True,True,2025-05-29T12:38:29,2025-11-15T12:38:29
C005175,Furkan Çetin,individual,M,1985-09-23,furkan.cetin@hotmail.com,5403109441,Antalya,True,False,2024-09-11T05:57:08,2024-11-02T05:57:08
C005176,Burak Ünal,individual,M,1981-06-05,burak.unal@hotmail.com,+905495329042,Samsun,False,True,2025-08-22T11:25:31,2025-10-14T11:25:31
C005177,Tolga Doğan,individual,M,1989-01-07,tolga.dogan35@yahoo.com,+905391235261,İstanbul,True,False,2023-10-10T21:37:20,2023-11-29T21:37:20
C005178,Gizem Aydın,individual,F,1984-08-05,gizem.aydin@hotmail.com,+905481012403,İstanbul,True,False,2025-07-19T05:22:27,2025-10-11T05:22:27
C005179,Yusuf Yıldız,individual,M,1979-09-11,yusuf.yildiz96@icloud.com,+90 556 351 7090,İstanbul,True,False,2024-09-27T21:36:55,2024-11-02T21:36:55
C005180,Furkan Aslan,individual,M,2002-10-28,furkan.aslan@gmail.com,+905393247872,İstanbul,True,True,2026-02-23T18:51:01,2026-05-09T18:51:01
C005181,Onur Çelik,individual,M,1984-02-17,onur.celik88@yahoo.com,+905445799427,Antalya,True,False,2025-05-11T16:23:51,2025-09-06T16:23:51
C005182,Delta Sağlık Ltd. Şti.,corporate,,,deltasaglik@delta.com.tr,+905336619444,İstanbul,True,True,2026-04-27T18:04:36,2026-05-05T18:04:36
C005183,İbrahim Doğan,individual,M,1987-08-15,ibrahim.dogan@gmail.com,+905434438096,İstanbul,True,False,2024-11-24T05:23:27,2025-03-25T05:23:27
C005184,Onur Koç,individual,M,2002-02-13,onur.koc59@icloud.com,+905357769406,İstanbul,True,True,2023-12-03T09:53:41,2024-03-10T09:53:41
C005185,Cem Karaca,individual,M,1980-08-31,cem.karaca@hotmail.com,+905354990223,İstanbul,True,True,2024-09-23T03:42:24,2024-10-29T03:42:24
C005186,Yusuf Çakır,individual,M,1983-03-16,yusuf.cakir94@yahoo.com,+905528986475,İstanbul,True,False,2025-08-16T08:17:44,2026-02-06T08:17:44
C005187,Umut Doğan,individual,M,1997-03-10,umut.dogan31@outlook.com,+905458838979,İstanbul,True,True,2024-04-25T12:20:51,2024-04-27T12:20:51
C005188,Oğuz Çetin,individual,M,2001-05-10,oguz.cetin97@outlook.com,+905465243288,İstanbul,True,False,2025-06-30T23:30:48,2025-07-08T23:30:48
C005189,Eren Bulut,individual,M,1995-09-02,eren.bulut@yahoo.com,+905456841443,İstanbul,True,False,2026-04-05T04:59:04,2026-08-22T04:59:04
C005190,Selim Taş,individual,M,1978-10-08,selim.tas2@icloud.com,+905457015554,İzmir,True,False,2025-02-17T15:25:24,2025-08-18T15:25:24
C005191,Can Sarı,individual,M,1979-09-04,can.sari@yahoo.com,+905458824794,Gaziantep,True,False,2026-03-02T02:53:30,2026-09-13T02:53:30
C005192,Gizem Yıldırım,individual,F,1972-10-21,gizem.yildirim@hotmail.com,0539 475 25 08,İstanbul,True,False,2025-03-10T11:09:38,2025-06-18T11:09:38
C005193,Marmara Tekstil Ltd. Şti.,corporate,,,marmaratekstil@marmara.com.tr,+905466420558,ISTANBUL,False,False,2025-11-24T09:20:53,2026-05-14T09:20:53
C005194,Melis Acar,individual,F,1986-12-08,melis.acar@outlook.com,+905412412802,İstanbul,True,True,2025-02-09T07:36:33,2025-03-22T07:36:33
C005195,Emre Güneş,individual,M,1986-07-22,emre.gunes@gmail.com,+905334650685,İstanbul,True,False,2026-04-13T09:33:25,2026-06-22T09:33:25
C005196,Hasan Turan,individual,M,1980-07-28,hasan.turan@outlook.com,+90 533 583 7898,Bursa,True,True,2026-04-27T02:40:59,2026-11-08T02:40:59
C005197,Atlas İnşaat Ltd. Şti.,corporate,,,atlasinsaat@atlas.com.tr,+905386555104,Adana,True,False,2025-05-29T22:35:19,2025-11-17T22:35:19
C005198,Can Taş,individual,M,1989-07-06,can.tas@hotmail.com,+905531134689,İstanbul,True,True,2025-03-15T14:25:27,2025-04-28T14:25:27
C005199,Ebru Ünal,individual,F,1965-07-25,ebru.unal31@yahoo.com,+905419749629,İstanbul,True,True,2025-10-24T07:06:31,2025-11-22T07:06:31
C005200,Aslı Aksoy,individual,F,1973-03-28,asli.aksoy29@hotmail.com,+905454384355,İzmir,True,False,2023-11-18T15:21:40,2024-04-13T15:21:40
C005201,Ayşe Özkan,individual,F,1979-03-30,ayse.ozkan17@outlook.com,+90 558 798 4030,Ankara,True,True,2025-02-23T22:19:10,2025-05-25T22:19:10
C005202,Ceren Aslan,individual,F,1982-11-23,ceren.aslan@yahoo.com,+905542773591,İstanbul,False,True,2024-11-25T14:45:25,2025-06-03T14:45:25
C005203,Mehmet Ateş,individual,M,1991-06-12,mehmet.ates@outlook.com,+905371340680,İstanbul,True,True,2025-01-03T02:23:55,2025-04-25T02:23:55
C005204,Burak Polat,individual,M,1980-10-16,burak.polat@yahoo.com,+905563733662,Bursa,True,True,2025-10-06T10:50:37,2025-10-08T10:50:37
C005205,Yıldız Otomotiv Yan Sanayi A.Ş.,corporate,,,yildizotomotivyansanayi@yildiz.com.tr,+905522574970,Bursa,True,False,2023-10-15T21:24:29,2024-02-18T21:24:29
C005206,Onur Taş,individual,M,1978-04-16,onur.tas60@outlook.com,+905439949397,istanbul,True,True,2024-11-15T03:15:25,2025-01-21T03:15:25
C005207,Anadolu Tekstil A.Ş.,corporate,,,anadolutekstil@anadolu.com.tr,+905316562754,İstanbul,True,True,2025-10-14T21:59:26,2025-11-02T21:59:26
C005208,Tolga Çetin,individual,M,1980-12-04,tolga.cetin@outlook.com,+905419076709,Ankara,True,True,2025-05-31T05:40:45,2025-08-23T05:40:45
C005209,Atlas Lojistik A.Ş.,corporate,,,atlaslojistik@atlas.com.tr,+905467427945,Istanbul,True,False,2025-10-08T22:46:46,2026-02-08T22:46:46
C005210,Murat Acar,individual,M,1979-08-19,murat.acar58@yahoo.com,+905569205000,İstanbul,True,True,2024-06-21T01:28:13,2024-11-30T01:28:13
C005211,Büşra Tekin,individual,F,1979-11-28,busra.tekin63@hotmail.com,+905326090302,Kocaeli,True,False,2024-02-24T12:56:08,2024-08-03T12:56:08
C005212,Barış Aslan,individual,M,1979-03-19,,+905441059698,Kocaeli,True,True,2024-03-17T22:31:13,2024-04-28T22:31:13
C005213,Aslı Avcı,individual,F,1996-10-13,asli.avci@outlook.com,+905305496373,İstanbul,True,False,2024-02-25T23:04:05,2024-04-28T23:04:05
C005214,Merve Uzun,individual,F,1975-09-10,merve.uzun70@icloud.com,0537 758 54 08,İzmir,True,True,2024-11-21T20:07:29,2025-04-15T20:07:29
C005215,Ahmet Kaya,individual,M,1973-12-05,ahmet.kaya@yahoo.com,+905416438444,Istanbul,True,True,2024-08-20T15:10:26,2024-12-24T15:10:26
C005216,Zeynep Korkmaz,individual,F,1989-03-19,zeynep.korkmaz28@outlook.com,+905522995425,Ankara,True,False,2024-10-21T02:09:42,2025-04-03T02:09:42
C005217,Ebru Ateş,individual,F,1972-11-12,ebru.ates@gmail.com,0 (544) 980-2270,İstanbul,False,True,2025-08-19T07:18:59,2025-08-21T07:18:59
C005218,Yusuf Şahin,individual,M,1987-10-09,yusuf.sahin@icloud.com,+905435908282,Antalya,True,True,2023-09-20T17:27:27,2023-11-20T17:27:27
C005219,Ece Erdoğan,individual,F,1993-11-10,ece.erdogan49@icloud.com,+905398532213,Ankara,True,True,2025-07-15T05:56:57,2025-10-11T05:56:57
C005220,Ece Arslan,individual,F,2001-01-04,ece.arslan64@icloud.com,+905348007974,İstanbul,True,False,2024-11-20T20:06:16,2025-02-09T20:06:16
C005221,Hande Çetin,individual,F,1967-10-10,hande.cetin48@outlook.com,+905312437804,Gaziantep,True,True,2025-02-25T00:28:57,2025-08-06T00:28:57
C005222,Tuğba Arslan,individual,F,1968-10-12,tugba.arslan@outlook.com,+905586518406,Kocaeli,True,True,2025-07-01T01:06:50,2025-12-13T01:06:50
C005223,Sude Aksoy,individual,F,2002-05-14,sude.aksoy46@hotmail.com,+905379919070,Ankara,False,True,2023-09-24T22:26:22,2023-10-11T22:26:22
C005224,Delta Yazılım A.Ş.,corporate,,,deltayazilim@delta.com.tr,+905314998657,İstanbul,True,True,2024-06-16T11:30:25,2024-10-24T11:30:25
C005225,Büşra Yılmaz,individual,F,2000-10-31,busra.yilmaz16@gmail.com,+905418292739,İstanbul,True,False,2023-11-08T11:23:35,2023-12-22T11:23:35
C005226,Furkan Kaya,individual,M,1985-01-18,furkan.kaya@icloud.com,+905467446917,Muğla,True,False,2024-08-31T04:45:35,2024-12-18T04:45:35
C005227,Elif Keskin,individual,F,2002-02-16,,+905596064335,İstanbul,True,True,2026-01-16T18:41:08,2026-05-30T18:41:08
C005228,Tuğba Bulut,individual,F,1998-09-11,tugba.bulut@gmail.com,+905456662840,İstanbul,True,False,2025-07-27T13:44:02,2025-10-06T13:44:02
C005229,Ege Tekstil A.Ş.,corporate,,,egetekstil@ege.com.tr,+905453062596,İzmir,True,False,2024-08-29T16:05:56,2024-09-13T16:05:56
C005230,Murat Kaya,individual,M,1980-05-04,murat.kaya25@hotmail.com,+905494864444,İstanbul,True,True,2023-09-10T03:29:08,2023-10-14T03:29:08
C005231,Yusuf Kara,individual,M,1979-11-10,yusuf.kara26@gmail.com,+905309156480,İstanbul,True,False,2023-12-19T23:43:34,2024-03-11T23:43:34
C005232,Burak Öztürk,individual,M,1984-10-20,burak.ozturk81@yahoo.com,+905304913523,istanbul,True,True,2025-04-24T13:58:49,2025-07-26T13:58:49
C005233,Yusuf Taş,individual,M,1994-08-29,yusuf.tas70@hotmail.com,+905383869331,İstanbul,True,True,2025-05-06T08:18:41,2025-08-01T08:18:41
C005234,Oğuz Kurt,individual,M,1993-08-28,oguz.kurt@gmail.com,+905483140181,İzmir,True,True,2024-03-31T09:12:30,2024-09-02T09:12:30
C005235,Zeynep Çelik,individual,F,2002-08-02,zeynep.celik@icloud.com,+905445986353,ANKARA,True,False,2024-04-06T02:16:35,2024-09-07T02:16:35
C005236,Naz Aksoy,individual,F,1995-02-01,naz.aksoy@gmail.com,+905501306332,IZMIR,True,True,2024-04-10T11:54:03,2024-04-13T11:54:03
C005237,Ahmet Sarı,individual,M,2002-11-03,,+905411395213,Denizli,True,False,2025-07-31T08:38:48,2025-08-24T08:38:48
C005238,Ömer Özdemir,individual,M,1986-06-18,omer.ozdemir50@gmail.com,+905406978589,İzmir,True,True,2026-01-29T13:56:31,2026-03-23T13:56:31
C005239,Berk Karaca,individual,M,1973-06-26,berk.karaca33@yahoo.com,+905515022198,İstanbul,True,False,2026-06-13T04:18:09,2026-10-16T04:18:09
C005240,Boğaziçi Sağlık Ltd. Şti.,corporate,,,bogazicisaglik@bogazici.com.tr,+905396294870,İstanbul,True,True,2025-09-01T02:43:07,2025-11-19T02:43:07
C005241,Ufuk Tekstil A.Ş.,corporate,,,ufuktekstil@ufuk.com.tr,+905323454373,İstanbul,True,False,2025-07-26T01:56:07,2025-11-15T01:56:07
C005242,Tuğba Polat,individual,F,1993-12-13,tugba.polat@yahoo.com,+905509529771,İstanbul,True,True,2024-11-24T20:29:54,2024-12-08T20:29:54
C005243,Delta Yazılım A.Ş.,corporate,,,deltayazilim@delta.com.tr,5324614213,Ankara,True,True,2024-12-20T19:13:23,2025-02-05T19:13:23
C005244,Ayşe Şimşek,individual,F,1964-11-19,ayse.simsek@outlook.com,+905391847716,Muğla,True,True,2024-10-29T09:19:55,2024-12-04T09:19:55
C005245,Serkan Kılıç,individual,M,1982-05-11,serkan.kilic38@gmail.com,+905529833053,İstanbul,True,False,2024-08-28T00:09:35,2024-12-19T00:09:35
C005246,Esra Tekin,individual,F,1983-10-31,esra.tekin63@yahoo.com,+905353872939,İstanbul,True,False,2025-02-27T16:04:36,2025-03-29T16:04:36
C005247,Cem Özkan,individual,M,1961-11-13,cem.ozkan@yahoo.com,+905459735925,Konya,True,False,2024-05-20T12:06:43,2024-09-18T12:06:43
C005248,Zeynep Çetin,individual,F,1978-09-01,zeynep.cetin95@yahoo.com,+905568483251,İstanbul,False,True,2026-05-10T12:03:21,2026-07-28T12:03:21
C005249,İrem Kurt,individual,F,1985-08-23,irem.kurt17@yahoo.com,+905579769628,İstanbul,True,True,2024-05-31T09:00:04,2024-06-06T09:00:04
C005250,Murat Sarı,individual,M,1977-03-26,murat.sari@icloud.com,+905378804532,Gaziantep,True,False,2026-03-08T09:23:59,2026-06-08T09:23:59
C005251,Emre Bozkurt,individual,M,1984-08-29,emre.bozkurt@gmail.com,+905575918038,Kocaeli,True,False,2025-03-02T16:10:54,2025-07-03T16:10:54
C005252,Derya Taş,individual,F,1989-04-30,derya.tas@outlook.com,+905317384182,Ankara,True,False,2026-08-29T08:14:00,2026-12-31T08:14:00
C005253,Zirve Danışmanlık Ltd. Şti.,corporate,,,zirvedanismanlik@zirve.com.tr,+905304356222,İstanbul,True,False,2024-02-14T11:41:47,2024-05-03T11:41:47
C005254,Beyza Yıldırım,individual,F,1981-01-06,beyza.yildirim34@yahoo.com,+905378311861,Eskişehir,True,False,2025-01-31T18:26:39,2025-03-22T18:26:39
C005255,Emre Tekin,individual,M,1988-05-27,emre.tekin@gmail.com,0530 639 99 34,Denizli,True,False,2026-07-12T22:01:13,2026-12-07T22:01:13
C005256,Cem Çetin,individual,M,1991-09-21,cem.cetin83@yahoo.com,+905563615463,Antalya,True,False,2023-12-27T04:55:53,2024-05-17T04:55:53
C005257,Kuzey Otomotiv Yan Sanayi Ltd. Şti.,corporate,,,kuzeyotomotivyansanayi@kuzey.com.tr,+905303379236,Ankara,True,True,2024-11-03T18:03:37,2025-03-30T18:03:37
C005258,Efe Yıldırım,individual,M,1989-03-17,efe.yildirim88@outlook.com,+905327465204,Ankara,True,False,2025-11-27T18:43:56,2026-02-02T18:43:56
C005259,Kerem Özdemir,individual,M,1977-07-16,kerem.ozdemir67@gmail.com,+905447746647,istanbul,True,False,2025-02-28T22:29:47,2025-06-15T22:29:47
C005260,Marmara Danışmanlık A.Ş.,corporate,,,marmaradanismanlik@marmara.com.tr,+905307224443,Ankara,True,False,2024-01-13T04:49:56,2024-06-21T04:49:56
C005261,Selin Aslan,individual,F,1972-11-12,selin.aslan@yahoo.com,+905345546263,İstanbul,False,True,2024-08-21T12:44:25,2025-01-20T12:44:25
C005262,Nova Gıda A.Ş.,corporate,,,novagida@nova.com.tr,+905494919365,İstanbul,True,True,2025-06-13T05:26:03,2025-10-08T05:26:03
C005263,Mustafa Özdemir,individual,M,1990-03-08,mustafa.ozdemir67@yahoo.com,+905531665097,Adana,True,True,2024-10-06T14:55:34,2024-12-12T14:55:34
C005264,Arda Ünal,individual,M,1978-03-24,arda.unal@icloud.com,+905538728100,İstanbul,True,False,2024-03-11T16:57:06,2024-08-30T16:57:06
C005265,Naz Tekin,individual,F,1978-10-27,naz.tekin@hotmail.com,+905458445987,İstanbul,True,False,2024-12-28T23:27:16,2025-02-04T23:27:16
C005266,Fatma Bulut,individual,F,1992-09-22,fatma.bulut87@outlook.com,+905479813822,İstanbul,False,True,2024-05-03T06:35:30,2024-10-11T06:35:30
C005267,Melis Şimşek,individual,F,2002-11-23,melis.simsek92@outlook.com,05478785060,Istanbul,True,False,2025-05-24T11:23:31,2025-08-16T11:23:31
C005268,Oğuz Özdemir,individual,M,1973-05-15,oguz.ozdemir@gmail.com,+905533413637,Samsun,True,True,2025-08-10T21:58:03,2025-08-29T21:58:03
C005269,Sude Tekin,individual,F,1988-05-01,sude.tekin@icloud.com,+905421700942,İstanbul,True,False,2025-11-25T06:49:23,2026-01-26T06:49:23
C005270,Onur Yılmaz,individual,M,1980-08-09,onur.yilmaz@outlook.com,+905592696294,İstanbul,True,False,2025-08-25T16:51:14,2026-01-14T16:51:14
C005271,Beyza Aslan,individual,F,2002-05-09,beyza.aslan@icloud.com,+905378685450,İstanbul,True,False,2025-08-11T05:58:38,2025-10-31T05:58:38
C005272,Selim Bulut,individual,M,1985-10-20,selim.bulut@icloud.com,+905351257003,Ankara,True,False,2024-03-31T05:07:30,2024-08-31T05:07:30
C005273,Tolga Polat,individual,M,1981-08-08,tolga.polat8@hotmail.com,+905508935323,Denizli,True,True,2024-04-29T00:02:32,2024-10-11T00:02:32
C005274,Kerem Turan,individual,M,1969-02-10,kerem.turan88@yahoo.com,+905599257024,Konya,True,True,2026-07-15T19:28:54,2026-10-10T19:28:54
C005275,Umut Ateş,individual,M,1995-10-27,umut.ates@gmail.com,+905422242376,İstanbul,True,True,2026-03-16T04:22:28,2026-06-26T04:22:28
C005276,Ömer Yıldırım,individual,M,1984-08-07,omer.yildirim@yahoo.com,+905575580690,Samsun,False,True,2026-07-22T22:54:01,2026-09-23T22:54:01
C005277,Beyza Çelik,individual,F,1982-08-23,beyza.celik@yahoo.com,+905326860990,İstanbul,True,True,2023-09-08T09:07:01,2024-03-14T09:07:01
C005278,Merve Yılmaz,individual,F,1978-09-11,merve.yilmaz@hotmail.com,+905563768689,İstanbul,True,True,2024-06-01T09:36:49,2024-10-10T09:36:49
C005279,Ceren Öztürk,individual,F,1979-06-12,ceren.ozturk@hotmail.com,+905455938709,İstanbul,True,True,2026-07-25T23:09:47,2026-12-13T23:09:47
C005280,Ece Acar,individual,F,1996-04-06,ece.acar60@gmail.com,+905432549499,İstanbul,True,False,2025-02-26T23:17:19,2025-05-25T23:17:19
C005281,Mehmet Güneş,individual,M,1994-02-28,mehmet.gunes7@yahoo.com,+905592152527,Adana,False,False,2024-07-04T05:13:53,2024-10-30T05:13:53
C005282,Hasan Yalçın,individual,M,1979-08-29,hasan.yalcin@yahoo.com,+905495280419,İstanbul,True,True,2025-10-28T13:50:58,2025-11-28T13:50:58
C005283,Merve Ateş,individual,F,1971-09-09,merve.ates@yahoo.com,+905346954026,Bursa,True,False,2024-03-19T03:17:15,2024-07-29T03:17:15
C005284,Hande Yılmaz,individual,F,1980-11-26,hande.yilmaz@outlook.com,0 (539) 410-4286,Konya,True,False,2024-02-23T09:35:00,2024-04-19T09:35:00
C005285,Ali Güneş,individual,M,1988-02-11,ali.gunes57@outlook.com,+905493530129,İstanbul,True,True,2023-11-24T19:49:29,2023-12-31T19:49:29
C005286,Naz Kurt,individual,F,1986-08-06,naz.kurt73@icloud.com,+905536704746,İzmir,True,False,2023-11-11T05:48:42,2024-02-20T05:48:42
C005287,Kerem Avcı,individual,M,1999-03-27,kerem.avci@outlook.com,+905424210752,İzmir,True,True,2025-06-03T07:29:15,2025-06-29T07:29:15
C005288,Efe Arslan,individual,M,1983-04-24,efe.arslan57@hotmail.com,+905358808398,İstanbul,True,True,2026-01-22T16:01:28,2026-05-17T16:01:28
C005289,Gizem Yalçın,individual,F,1983-08-16,gizem.yalcin45@hotmail.com,5516963178,İstanbul,True,True,2026-08-13T22:44:35,2026-09-27T22:44:35
C005290,Selim Avcı,individual,M,1999-10-12,selim.avci15@outlook.com,+905316128876,Ankara,True,False,2025-11-06T09:20:02,2026-05-08T09:20:02
C005291,Umut Uzun,individual,M,1989-04-29,umut.uzun41@outlook.com,+905508486373,İstanbul,True,True,2024-03-25T20:48:39,2024-04-27T20:48:39
C005292,Derya Turan,individual,F,1994-11-25,derya.turan17@hotmail.com,+905382858487,Kocaeli,True,False,2025-10-27T16:43:39,2026-03-22T16:43:39
C005293,Damla Korkmaz,individual,F,1971-02-08,damla.korkmaz@hotmail.com,+905474624844,Ankara,True,True,2025-09-18T01:52:28,2026-02-16T01:52:28
C005294,Hasan Yalçın,individual,M,1987-10-16,hasan.yalcin@yahoo.com,+905328773698,İstanbul,False,False,2026-08-16T15:24:41,2026-11-07T15:24:41
C005295,Ahmet Polat,individual,M,1989-09-24,ahmet.polat83@yahoo.com,+905362232730,İstanbul,True,True,2023-11-22T17:10:34,2024-04-07T17:10:34
C005296,Selin Özdemir,individual,F,1987-05-22,selin.ozdemir@yahoo.com,+90 545 432 9204,Bursa,True,False,2026-07-07T10:51:02,2026-10-08T10:51:02
C005297,Mustafa Yılmaz,individual,M,1996-04-04,mustafa.yilmaz72@outlook.com,+905439065235,İstanbul,True,False,2025-02-01T03:28:44,2025-08-14T03:28:44
C005298,Beyza Kılıç,individual,F,1982-07-31,beyza.kilic@hotmail.com,+905467213807,İzmir,True,False,2025-07-28T16:30:59,2025-10-22T16:30:59
C005299,Kaan Yıldırım,individual,M,1987-10-26,kaan.yildirim@icloud.com,05406025334,Bursa,True,True,2024-04-17T15:41:25,2024-05-09T15:41:25
C005300,Pınar Korkmaz,individual,F,2002-06-18,pinar.korkmaz36@gmail.com,0 (559) 589-9941,İstanbul,True,True,2024-12-23T18:20:05,2025-04-02T18:20:05
C005301,Anadolu Sağlık A.Ş.,corporate,,,anadolusaglik@anadolu.com.tr,0 (553) 382-2118,Ankara,True,False,2026-04-29T14:59:50,2026-05-16T14:59:50
C005302,Serkan Uzun,individual,M,1975-05-27,serkan.uzun72@hotmail.com,+905567786721,Bursa,True,False,2025-07-04T09:50:20,2025-10-17T09:50:20
C005303,Mustafa Çakır,individual,M,1979-01-24,mustafa.cakir66@icloud.com,+905592597182,Bursa,True,True,2024-11-14T15:46:28,2025-04-26T15:46:28
C005304,Cansu Çetin,individual,F,1971-06-24,cansu.cetin@outlook.com,+905348827826,Bursa,False,True,2024-02-01T19:50:51,2024-08-10T19:50:51
C005305,Gamze Yılmaz,individual,F,1971-11-10,gamze.yilmaz@hotmail.com,+905577899703,İstanbul,True,True,2025-03-31T05:11:14,2025-07-30T05:11:14
C005306,Burak Özkan,individual,M,2000-05-07,burak.ozkan@yahoo.com,+905325162734,İzmir,True,False,2025-11-30T18:08:46,2026-04-12T18:08:46
C005307,Nova Yazılım Ltd. Şti.,corporate,,,novayazilim@nova.com.tr,+905308651152,Kocaeli,True,False,2026-03-13T15:51:18,2026-08-02T15:51:18
C005308,Gizem Erdoğan,individual,F,1990-07-17,gizem.erdogan8@icloud.com,+905412560995,İstanbul,True,True,2026-06-13T00:06:59,2026-10-22T00:06:59
C005309,Deniz Taş,individual,M,1989-07-14,deniz.tas96@outlook.com,+905443153378,İstanbul,True,False,2023-11-04T20:25:17,2024-03-18T20:25:17
C005310,İrem Sarı,individual,F,2000-04-27,irem.sari36@hotmail.com,+905391492867,İstanbul,True,False,2023-12-10T22:29:01,2024-02-23T22:29:01
C005311,Zeynep Karaca,individual,F,1986-07-08,zeynep.karaca95@hotmail.com,+905338168485,Kocaeli,False,False,2025-04-11T17:27:03,2025-05-05T17:27:03
C005312,Ali Aslan,individual,M,1970-04-16,ali.aslan9@outlook.com,+905329140272,Gaziantep,True,True,2024-08-05T11:10:44,2024-10-15T11:10:44
C005313,Selin Koç,individual,F,1992-07-08,selin.koc@icloud.com,+905551629256,Bursa,True,False,2025-03-17T20:26:56,2025-09-04T20:26:56
C005314,Elif Aydın,individual,F,1983-06-09,elif.aydin97@icloud.com,+905352076085,Bursa,False,False,2024-01-18T07:16:17,2024-05-03T07:16:17
C005315,Yasemin Bozkurt,individual,F,1985-01-29,yasemin.bozkurt80@outlook.com,+905386439911,İstanbul,True,False,2026-04-16T13:27:52,2026-05-27T13:27:52
C005316,Efe Karaca,individual,M,1983-04-03,efe.karaca@icloud.com,+905347947116,Kocaeli,True,False,2024-07-10T19:10:31,2024-07-27T19:10:31
C005317,Akdeniz Yazılım A.Ş.,corporate,,,akdenizyazilim@akdeniz.com.tr,5351219959,İstanbul,True,False,2026-03-08T05:18:35,2026-05-25T05:18:35
C005318,Nazlı Avcı,individual,F,1977-06-24,nazli.avci@yahoo.com,+905527576322,İstanbul,True,True,2025-12-24T22:52:52,2026-03-15T22:52:52
C005319,İbrahim Arslan,individual,M,1985-04-12,ibrahim.arslan@gmail.com,+905593549606,İstanbul,True,True,2024-09-27T16:41:02,2024-11-28T16:41:02
C005320,Tuğba Çetin,individual,F,1978-04-04,tugba.cetin23@hotmail.com,+905517907462,İstanbul,True,False,2025-03-21T09:36:23,2025-04-25T09:36:23
C005321,Marmara Sağlık A.Ş.,corporate,,,marmarasaglik@marmara.com.tr,+905303195735,İstanbul,True,False,2024-06-02T22:04:30,2024-06-28T22:04:30
C005322,Hüseyin Özdemir,individual,M,2002-10-09,huseyin.ozdemir66@hotmail.com,+905381049934,İstanbul,True,True,2024-03-08T00:30:42,2024-07-26T00:30:42
C005323,Tolga Yılmaz,individual,M,1974-10-26,tolga.yilmaz21@outlook.com,+90 549 303 0230,Muğla,True,True,2025-10-02T05:09:04,2025-12-11T05:09:04
C005324,Zeynep Şahin,individual,F,1990-03-15,zeynep.sahin@hotmail.com,+905323893167,İstanbul,True,False,2023-11-18T13:49:20,2024-02-01T13:49:20
C005325,Delta Otomotiv Yan Sanayi Ltd. Şti.,corporate,,,deltaotomotivyansanayi@delta.com.tr,+905381217966,İstanbul,True,True,2026-08-02T02:30:17,2027-02-17T02:30:17
C005326,Melis Ünal,individual,F,1982-06-26,melis.unal@outlook.com,+905553220761,Ankara,True,False,2026-05-03T16:08:44,2026-11-18T16:08:44
C005327,Murat Keskin,individual,M,1964-04-01,murat.keskin@gmail.com,0 (550) 581-3881,Mersin,True,False,2025-06-10T09:22:59,2025-10-04T09:22:59
C005328,Büşra Ateş,individual,F,1975-08-15,busra.ates@yahoo.com,+905326057449,Ankara,True,False,2023-12-12T02:49:14,2024-05-27T02:49:14
C005329,Cem Bozkurt,individual,M,1993-04-27,cem.bozkurt51@yahoo.com,+905357737021,Mersin,True,True,2024-01-16T16:44:18,2024-05-01T16:44:18
C005330,Kuzey Tekstil A.Ş.,corporate,,,kuzeytekstil@kuzey.com.tr,+905421069072,Ankara,True,True,2026-07-25T17:31:58,2027-01-23T17:31:58
C005331,Seda Yalçın,individual,F,1997-12-23,seda.yalcin@outlook.com,+905301250407,İstanbul,True,False,2026-08-17T09:16:36,2027-02-12T09:16:36
C005332,Ceren Yıldız,individual,F,1970-09-24,ceren.yildiz@icloud.com,+905588194953,Ankara,True,True,2024-10-16T05:11:53,2024-12-01T05:11:53
C005333,Oğuz Aslan,individual,M,2002-11-22,oguz.aslan37@hotmail.com,+905533592889,Muğla,True,False,2025-07-25T05:53:43,2025-10-06T05:53:43
C005334,Yusuf Kurt,individual,M,1987-03-01,yusuf.kurt10@hotmail.com,+905519824354,Ankara,True,True,2024-07-29T08:08:15,2025-01-01T08:08:15
C005335,Ufuk Turizm Ltd. Şti.,corporate,,,ufukturizm@ufuk.com.tr,+905519155340,İstanbul,True,False,2026-02-21T19:17:54,2026-05-09T19:17:54
C005336,İrem Acar,individual,F,1993-06-13,irem.acar@yahoo.com,+905384145570,İstanbul,True,False,2024-10-01T11:13:38,2025-04-02T11:13:38
C005337,Beyza Koç,individual,F,1984-10-03,beyza.koc@gmail.com,+905542621577,İstanbul,True,True,2025-10-23T21:15:39,2026-05-05T21:15:39
C005338,İrem Güneş,individual,F,1979-12-14,irem.gunes@outlook.com,+905301326623,İzmir,True,False,2025-01-27T23:10:55,2025-02-23T23:10:55
C005339,Ege Lojistik Ltd. Şti.,corporate,,,egelojistik@ege.com.tr,+905567407599,Denizli,True,True,2025-01-29T12:31:20,2025-03-29T12:31:20
C005340,Furkan Erdoğan,individual,M,1978-01-31,furkan.erdogan@yahoo.com,+905351717914,İstanbul,True,False,2024-11-17T21:07:55,2024-12-01T21:07:55
C005341,Ebru Çakır,individual,F,1981-06-30,ebru.cakir@yahoo.com,+905332732004,İzmir,True,True,2026-03-08T20:23:57,2026-08-28T20:23:57
C005342,Boğaziçi Sağlık A.Ş.,corporate,,,bogazicisaglik@bogazici.com.tr,+905316121326,Muğla,True,False,2026-01-26T18:03:29,2026-07-24T18:03:29
C005343,Barış Kılıç,individual,M,1969-07-31,baris.kilic@yahoo.com,+905427385814,İzmir,True,True,2025-05-22T08:08:33,2025-10-22T08:08:33
C005344,Can Doğan,individual,M,1976-04-04,can.dogan94@gmail.com,+905385746465,İstanbul,True,True,2026-07-14T11:42:28,2027-01-17T11:42:28
C005345,Ece Acar,individual,F,1972-10-28,ece.acar@outlook.com,+905496686801,İstanbul,True,False,2023-11-06T19:03:00,2023-11-14T19:03:00
C005346,Umut Kılıç,individual,M,1972-06-23,umut.kilic77@gmail.com,+905308723493,Ankara,True,True,2025-01-25T20:37:45,2025-06-30T20:37:45
C005347,Yasemin Şimşek,individual,F,1995-04-11,yasemin.simsek@outlook.com,+905464146055,Bursa,False,False,2023-12-01T11:41:33,2024-01-16T11:41:33
C005348,Ali Erdoğan,individual,M,1980-05-07,ali.erdogan2@outlook.com,+905467076525,Eskişehir,True,True,2026-04-15T14:16:31,2026-08-22T14:16:31
C005349,Umut Yılmaz,individual,M,1994-12-31,umut.yilmaz16@icloud.com,+905382970572,İstanbul,True,True,2024-06-21T15:06:17,2024-11-01T15:06:17
C005350,Esra Demir,individual,F,1984-11-22,esra.demir at outlook.com,0537 645 91 88,İzmir,True,False,2026-04-09T23:10:39,2026-06-14T23:10:39
C005351,Yusuf Ünal,individual,M,1991-02-28,yusuf.unal@yahoo.com,+905438768576,İstanbul,True,True,2026-02-07T11:05:39,2026-07-02T11:05:39
C005352,Mehmet Koç,individual,M,1989-11-22,mehmet.koc97@outlook.com,+905415768619,Kocaeli,True,True,2024-06-25T06:18:55,2024-09-02T06:18:55
C005353,Gamze Şahin,individual,F,1987-03-14,gamze.sahin@icloud.com,+905446091600,Antalya,True,False,2025-02-27T13:23:27,2025-04-01T13:23:27
C005354,Seda Kaya,individual,F,1986-09-10,seda.kaya@yahoo.com,+905368763383,İstanbul,True,False,2024-11-20T16:28:41,2025-05-04T16:28:41
C005355,Arda Turan,individual,M,1982-03-03,arda.turan@yahoo.com,+905301282999,Adana,True,False,2026-02-20T08:25:24,2026-02-23T08:25:24
C005356,Hasan Ünal,individual,M,1991-04-30,hasan.unal68@icloud.com,+905589544304,İstanbul,True,False,2025-07-14T18:52:23,2025-09-15T18:52:23
C005357,Selim Yıldırım,individual,M,1993-05-23,selim.yildirim@gmail.com,+905536355111,İstanbul,False,False,2024-05-07T01:18:39,2024-07-30T01:18:39
C005358,Can Kaya,individual,M,1984-01-17,can.kaya@icloud.com,+905555495302,İstanbul,True,True,2025-06-11T04:14:51,2025-12-25T04:14:51
C005359,Halil Özdemir,individual,M,1986-02-24,halil.ozdemir17@hotmail.com,+905352352145,Muğla,True,True,2024-04-29T10:52:55,2024-06-07T10:52:55
C005360,Furkan Aydın,individual,M,1985-06-04,furkan.aydin@gmail.com,05503278861,İzmir,True,False,2025-12-03T21:56:52,2026-05-27T21:56:52
C005361,Onur Öztürk,individual,M,1971-02-18,onur.ozturk44@gmail.com,+905341314222,Muğla,True,True,2024-04-26T15:51:55,2024-08-05T15:51:55
C005362,Pınar Şahin,individual,F,1979-01-01,pinar.sahin@outlook.com,+905359918906,İzmir,True,True,2025-07-03T19:48:27,2025-11-22T19:48:27
C005363,Elif Sarı,individual,F,1983-08-13,elif.sari44@outlook.com,+905387305344,Kocaeli,True,True,2024-12-22T12:13:19,2025-05-18T12:13:19
C005364,Ufuk Gıda A.Ş.,corporate,,,ufukgida@ufuk.com.tr,+905554685321,Adana,True,False,2023-09-27T00:07:25,2023-12-07T00:07:25
C005365,Yusuf Avcı,individual,M,1987-02-15,yusuf.avci11@gmail.com,0 (542) 504-4664,Kocaeli,True,True,2026-07-15T04:54:48,2026-11-14T04:54:48
C005366,Kerem Polat,individual,M,1982-10-04,kerem.polat42@hotmail.com,+905324442119,İstanbul,True,True,2024-06-13T06:32:06,2024-07-03T06:32:06
C005367,Halil Karaca,individual,M,1987-12-12,halil.karaca13@outlook.com,+905364087742,Ankara,True,True,2025-05-02T08:31:10,2025-07-06T08:31:10
C005368,Umut Yılmaz,individual,M,1977-08-11,umut.yilmaz43@yahoo.com,+905417157562,İstanbul,True,True,2026-07-20T02:26:22,2026-09-25T02:26:22
C005369,Onur Şahin,individual,M,1998-11-11,onur.sahin@gmail.com,+905514325263,Bursa,True,True,2025-11-29T04:20:26,2025-12-12T04:20:26
C005370,Boğaziçi Danışmanlık A.Ş.,corporate,,,bogazicidanismanlik@bogazici.com.tr,+905343714845,Ankara,True,True,2026-06-03T17:19:54,2026-06-24T17:19:54
C005371,Merve Kurt,individual,F,1975-05-02,merve.kurt@gmail.com,+905585841252,İzmir,True,True,2026-01-08T03:45:35,2026-02-10T03:45:35
C005372,Hasan Acar,individual,M,1976-09-15,hasan.acar@gmail.com,0 (549) 947-6990,İstanbul,True,False,2026-05-07T19:44:46,2026-10-27T19:44:46
C005373,Esra Uzun,individual,F,1984-06-01,esra.uzun58@hotmail.com,+905573847968,Eskişehir,True,False,2024-12-17T13:42:06,2025-02-23T13:42:06
C005374,Beyza Keskin,individual,F,1994-11-16,beyza.keskin65@yahoo.com,+905571062352,İstanbul,True,True,2025-02-03T23:16:12,2025-04-03T23:16:12
C005375,Selin Yılmaz,individual,F,1993-04-09,selin.yilmaz44@outlook.com,+905466530417,Kocaeli,True,True,2024-12-01T16:26:01,2025-02-19T16:26:01
C005376,Akdeniz Danışmanlık A.Ş.,corporate,,,akdenizdanismanlik@akdeniz.com.tr,+905377143597,Ankara,True,False,2024-08-31T03:53:59,2024-09-23T03:53:59
C005377,Can Öztürk,individual,M,1970-04-10,can.ozturk79@outlook.com,+905488459389,İstanbul,True,True,2026-04-19T03:58:44,2026-10-25T03:58:44
C005378,Global Sağlık A.Ş.,corporate,,,globalsaglik@global.com.tr,+905426364570,Adana,True,False,2024-03-14T01:03:24,2024-07-28T01:03:24
C005379,Seda Yıldız,individual,F,1990-04-17,seda.yildiz27@icloud.com,+905341741446,İstanbul,True,False,2024-05-20T18:17:47,2024-11-18T18:17:47
C005380,Damla Turan,individual,F,1990-06-18,damla.turan12@gmail.com,+905477459452,Ankara,True,False,2024-07-31T10:06:03,2025-01-04T10:06:03
C005381,Elif Yıldız,individual,F,1983-06-23,elif.yildiz@hotmail.com,+905366021807,İzmir,True,False,2025-03-29T17:48:54,2025-08-19T17:48:54
C005382,Naz Yıldız,individual,F,1983-09-08,naz.yildiz4@hotmail.com,+905338069024,istanbul,True,True,2024-12-26T23:58:35,2025-03-13T23:58:35
C005383,Kuzey Sağlık A.Ş.,corporate,,,kuzeysaglik@kuzey.com.tr,+905391300949,Samsun,True,False,2025-08-08T04:47:52,2025-09-16T04:47:52
C005384,Gamze Kaya,individual,F,1990-08-22,gamze.kaya10@hotmail.com,0 (546) 877-1045,İzmir,True,True,2025-11-26T11:40:56,2026-01-01T11:40:56
C005385,Tuğba Yılmaz,individual,F,1996-04-24,tugba.yilmaz17@hotmail.com,+905569020470,Bursa,True,False,2026-01-21T15:28:10,2026-05-09T15:28:10
C005386,Yusuf Erdoğan,individual,M,1984-06-28,yusuf.erdogan@yahoo.com,+905527017000,Ankara,True,True,2023-09-27T02:46:28,2023-12-26T02:46:28
C005387,Mustafa Kara,individual,M,1991-09-01,mustafa.kara52@outlook.com,+905359864203,Ankara,True,True,2025-11-06T22:11:55,2026-04-03T22:11:55
C005388,Oğuz Kılıç,individual,M,1976-10-27,oguz.kilic@hotmail.com,+905437475194,Mersin,True,True,2026-04-04T06:29:38,2026-05-21T06:29:38
C005389,Murat Şahin,individual,M,1993-07-22,murat.sahin80@yahoo.com,+905352969413,İstanbul,True,True,2024-12-17T14:29:54,2025-02-26T14:29:54
C005390,Kaan Özkan,individual,M,1990-05-13,kaan.ozkan49@hotmail.com,+905417465330,İstanbul,True,True,2026-06-15T12:21:03,2026-09-21T12:21:03
C005391,Esra Aydın,individual,F,1979-07-25,esra.aydin46@icloud.com,+905327873427,ISTANBUL,True,False,2023-09-29T19:50:15,2023-12-04T19:50:15
C005392,Kerem Aksoy,individual,M,1989-10-29,kerem.aksoy@hotmail.com,+905552804394,Gaziantep,True,False,2026-02-05T21:05:57,2026-03-04T21:05:57
C005393,Oğuz Kılıç,individual,M,1991-03-27,,+905398104687,İstanbul,True,False,2025-11-24T04:27:46,2026-05-17T04:27:46
C005394,Halil Kılıç,individual,M,1983-09-07,halil.kilic@hotmail.com,+905422439128,İstanbul,True,False,2025-04-26T23:01:52,2025-10-17T23:01:52
C005395,Gizem Koç,individual,F,1994-09-21,gizem.koc56@yahoo.com,+905391841472,İstanbul,True,False,2024-06-03T18:54:20,2024-11-23T18:54:20
C005396,Burak Yıldız,individual,M,1986-10-30,burak.yildiz66@yahoo.com,+905438436537,İstanbul,True,True,2025-09-23T08:22:11,2025-10-06T08:22:11
C005397,Can Karaca,individual,M,1986-04-29,can.karaca33@outlook.com,+905445681400,Antalya,True,True,2025-01-06T05:01:28,2025-01-14T05:01:28
C005398,Nur Yalçın,individual,F,1974-03-10,nur.yalcin65@yahoo.com,0 (554) 337-2549,ankara,True,True,2026-02-13T10:22:22,2026-05-24T10:22:22
C005399,Oğuz Arslan,individual,M,1976-10-24,oguz.arslan90@gmail.com,5348306287,İstanbul,True,True,2025-10-02T02:52:04,2025-12-02T02:52:04
C005400,Oğuz Karaca,individual,M,1975-11-28,oguz.karaca29@yahoo.com,+905416733778,İstanbul,True,False,2024-06-13T00:28:53,2024-09-24T00:28:53
C005401,Hüseyin Sarı,individual,M,1984-04-21,huseyin.sari@icloud.com,+905367431394,Kocaeli,True,False,2026-06-29T07:48:20,2026-08-30T07:48:20
C005402,İbrahim Güneş,individual,M,1959-12-28,ibrahim.gunes@outlook.com,+905333296199,Konya,True,False,2025-08-24T13:44:24,2025-12-04T13:44:24
C005403,Yusuf Özkan,individual,M,1999-11-16,yusuf.ozkan@hotmail.com,+905339097248,İstanbul,True,True,2026-08-21T08:41:53,2026-11-12T08:41:53
C005404,Kerem Keskin,individual,M,1964-03-06,kerem.keskin@icloud.com,0 (554) 253-8281,Gaziantep,True,False,2025-04-19T07:19:35,2025-04-26T07:19:35
C005405,Ufuk Yazılım A.Ş.,corporate,,,ufukyazilim@ufuk.com.tr,+905578611738,istanbul,True,True,2023-09-12T22:05:05,2023-10-01T22:05:05
C005406,Selim Kurt,individual,M,1994-07-08,selim.kurt@gmail.com,+905332411324,istanbul,True,True,2026-08-22T04:03:45,2026-12-17T04:03:45
C005407,Umut Aslan,individual,M,1981-03-24,umut.aslan59@outlook.com,+905543687796,İstanbul,True,True,2024-07-11T17:40:19,2024-10-11T17:40:19
C005408,Boğaziçi Otomotiv Yan Sanayi A.Ş.,corporate,,,bogaziciotomotivyansanayi@bogazici.com.tr,+905309133883,Bursa,True,True,2023-11-28T20:08:53,2024-05-09T20:08:53
C005409,Esra Demir,individual,F,1987-07-05,esra.demir@gmail.com,+905424437969,Adana,True,True,2026-07-21T16:53:51,2027-01-31T16:53:51
C005410,Umut Doğan,individual,M,1981-05-23,umut.dogan@yahoo.com,+90 537 809 5513,Ankara,True,True,2023-11-25T18:49:21,2024-04-26T18:49:21
C005411,Hüseyin Turan,individual,M,1967-11-25,huseyin.turan28@icloud.com,+905309170002,İstanbul,True,True,2024-08-27T18:22:12,2025-02-10T18:22:12
C005412,Sude Erdoğan,individual,F,1987-06-20,sude.erdogan@icloud.com,+905471590269,Antalya,True,True,2023-10-06T05:27:12,2024-01-18T05:27:12
C005413,Hande Karaca,individual,F,1975-02-26,hande.karaca@gmail.com,+905424242708,İstanbul,True,False,2025-11-20T18:12:54,2026-01-07T18:12:54
C005414,Sude Yıldırım,individual,F,1980-05-01,sude.yildirim@outlook.com,+905443101670,İstanbul,True,True,2024-04-03T08:57:54,2024-05-20T08:57:54
C005415,Furkan Yılmaz,individual,M,2000-05-14,furkan.yilmaz72@hotmail.com,+905385413870,Ankara,True,True,2024-11-17T22:58:08,2025-04-28T22:58:08
C005416,Yıldız Otomotiv Yan Sanayi Ltd. Şti.,corporate,,,yildizotomotivyansanayi@yildiz.com.tr,+905491430483,ankara,True,False,2025-03-21T13:15:14,2025-07-27T13:15:14
C005417,Sude Korkmaz,individual,F,2002-05-02,sude.korkmaz@gmail.com,+905501625403,İstanbul,True,False,2023-11-26T06:20:31,2023-11-29T06:20:31
C005418,Hasan Çakır,individual,M,1985-06-28,hasan.cakir@outlook.com,+905481737243,Antalya,False,False,2024-07-21T06:21:55,2024-08-03T06:21:55
C005419,Hasan Turan,individual,M,1992-11-02,hasan.turan70@icloud.com,+905389469813,İstanbul,True,True,2026-05-07T18:53:09,2026-08-18T18:53:09
C005420,Hasan Kaya,individual,M,1983-04-01,hasan.kaya@yahoo.com,+905574364541,Kocaeli,True,True,2025-05-16T18:45:09,2025-10-22T18:45:09
C005421,Tuğba Avcı,individual,F,1981-02-12,tugba.avci18@yahoo.com,+905563230317,Ankara,False,True,2023-10-25T16:58:08,2023-12-15T16:58:08
C005422,Efe Tekin,individual,M,1988-08-29,,+905402000212,ANKARA,True,False,2024-04-05T21:50:15,2024-05-07T21:50:15
C005423,Berk Taş,individual,M,1971-03-05,berk.tas79@yahoo.com,0 (540) 718-7729,ankara,True,True,2025-08-26T14:19:53,2025-11-30T14:19:53
C005424,Seda Kara,individual,F,2002-08-07,seda.kara@outlook.com,+905407355261,İstanbul,True,True,2024-10-08T06:58:57,2025-01-29T06:58:57
C005425,Naz Erdoğan,individual,F,1990-10-21,naz.erdogan@icloud.com,+90 536 257 4019,İstanbul,True,True,2026-05-21T15:59:21,2026-10-12T15:59:21
C005426,Kerem Ünal,individual,M,1985-09-25,kerem.unal@yahoo.com,+905387489075,Bursa,True,True,2024-09-30T22:34:23,2024-10-01T22:34:23
C005427,Gizem Demir,individual,F,1961-05-05,gizem.demir33@hotmail.com,+905515536385,Samsun,True,False,2023-10-06T09:22:22,2024-01-07T09:22:22
C005428,Deniz Keskin,individual,M,1979-08-29,deniz.keskin95@gmail.com,+905572018218,İstanbul,True,False,2026-01-21T07:40:46,2026-07-25T07:40:46
C005429,Melis Güneş,individual,F,1989-08-15,melis.gunes30@outlook.com,+905474773287,Antalya,True,False,2025-01-02T10:32:52,2025-06-02T10:32:52
C005430,Nova Turizm A.Ş.,corporate,,,novaturizm@nova.com.tr,+905522688107,İstanbul,True,False,2025-02-16T16:24:20,2025-03-18T16:24:20
C005431,Yasemin Kaya,individual,F,1977-08-01,yasemin.kaya78@hotmail.com,+905301765080,İstanbul,True,True,2025-08-29T00:18:52,2025-10-14T00:18:52
C005432,Umut Arslan,individual,M,1988-08-30,umut.arslan9@outlook.com,+905525252833,İstanbul,True,False,2026-03-04T09:14:20,2026-03-24T09:14:20
C005433,Halil Uzun,individual,M,1992-08-16,halil.uzun@icloud.com,+905336671076,Adana,True,True,2024-09-02T16:10:19,2024-12-20T16:10:19
C005434,İbrahim Tekin,individual,M,1959-11-20,ibrahim.tekin@hotmail.com,+905455870049,Ankara,True,False,2026-07-06T18:18:36,2026-07-11T18:18:36
C005435,Merve Korkmaz,individual,F,1980-12-01,merve.korkmaz@gmail.com,+905368407053,İstanbul,True,False,2025-08-05T13:47:31,2026-01-22T13:47:31
C005436,Zeynep Şimşek,individual,F,1994-03-04,zeynep.simsek at hotmail.com,+905541222700,İstanbul,True,True,2026-04-24T00:23:00,2026-10-17T00:23:00
C005437,Selim Çakır,individual,M,1981-10-24,selim.cakir36@yahoo.com,+905572645077,İstanbul,False,True,2024-06-04T07:56:37,2024-07-01T07:56:37
C005438,Cem Arslan,individual,M,1970-04-25,cem.arslan25@yahoo.com,+905314176702,Antalya,True,True,2024-03-07T04:40:23,2024-07-23T04:40:23
C005439,Ayşe Özdemir,individual,F,1983-03-23,ayse.ozdemir72@hotmail.com,+905324195096,İstanbul,True,True,2024-05-23T01:17:31,2024-12-02T01:17:31
C005440,Halil Doğan,individual,M,1980-03-09,halil.dogan@outlook.com,+905437259573,İstanbul,True,True,2026-07-29T02:55:41,2026-08-10T02:55:41
C005441,Akdeniz İnşaat Ltd. Şti.,corporate,,,akdenizinsaat@akdeniz.com.tr,+905496817640,Samsun,False,False,2026-03-14T16:59:29,2026-05-18T16:59:29
C005442,Selin Kara,individual,F,1982-05-05,selin.kara@hotmail.com,0 (559) 119-2930,İstanbul,False,False,2025-03-01T21:45:55,2025-08-31T21:45:55
C005443,Melis Yıldız,individual,F,1974-05-10,melis.yildiz58@hotmail.com,05444451922,İstanbul,True,False,2024-10-26T15:49:02,2025-04-04T15:49:02
C005444,Hüseyin Ateş,individual,M,1984-03-09,huseyin.ates@outlook.com,+905428269906,İstanbul,True,True,2024-06-09T17:22:50,2024-07-27T17:22:50
C005445,Ahmet Ünal,individual,M,1986-03-23,ahmet.unal6@hotmail.com,+905349905057,İstanbul,True,True,2024-12-17T00:18:37,2025-01-13T00:18:37
C005446,Nur Yıldırım,individual,F,2002-12-14,nur.yildirim93@yahoo.com,0551 209 06 09,ISTANBUL,True,False,2024-07-25T01:32:32,2024-11-28T01:32:32
C005447,İrem Taş,individual,F,1971-03-25,irem.tas@hotmail.com,+905533307382,İstanbul,True,False,2026-06-25T19:41:45,2026-07-21T19:41:45
C005448,Ömer Ünal,individual,M,1986-03-01,omer.unal36@yahoo.com,0 (552) 258-1402,İstanbul,True,True,2023-10-11T03:39:52,2023-11-25T03:39:52
C005449,Seda Turan,individual,F,2002-07-27,seda.turan@hotmail.com,0536 720 35 19,İstanbul,True,True,2025-04-28T16:07:55,2025-09-03T16:07:55
C005450,Ebru Yıldırım,individual,F,1975-12-30,ebru.yildirim58@yahoo.com,+905586916882,İzmir,True,True,2025-02-26T05:19:30,2025-04-03T05:19:30
C005451,Merve Polat,individual,F,1981-09-07,merve.polat38@hotmail.com,+905542547582,İstanbul,True,False,2024-10-31T10:49:47,2025-04-13T10:49:47
C005452,Yıldız Enerji A.Ş.,corporate,,,yildizenerji@yildiz.com.tr,+905524929355,İstanbul,True,False,2025-10-07T16:52:49,2026-01-04T16:52:49
C005453,Halil Özkan,individual,M,1989-08-25,halil.ozkan6@yahoo.com,+905572254363,Ankara,True,True,2024-04-30T08:35:28,2024-07-30T08:35:28
C005454,Arda Taş,individual,M,1991-05-08,arda.tas@icloud.com,+905529611914,Mersin,False,False,2024-02-18T03:46:38,2024-07-02T03:46:38
C005455,Mustafa Çakır,individual,M,1972-05-15,mustafa.cakir@yahoo.com,+905473432718,Ankara,True,True,2025-05-06T00:33:03,2025-07-19T00:33:03
C005456,Atlas Yazılım Ltd. Şti.,corporate,,,atlasyazilim@atlas.com.tr,+905591954861,Antalya,True,True,2025-04-01T22:07:05,2025-04-25T22:07:05
C005457,Efe Kaya,individual,M,1980-08-21,efe.kaya27@hotmail.com,+905321323168,ISTANBUL,True,False,2024-12-10T10:46:35,2025-05-12T10:46:35
C005458,Nova Teknoloji A.Ş.,corporate,,,novateknoloji@nova.com.tr,+905484735601,İstanbul,True,True,2023-10-18T01:55:47,2024-02-28T01:55:47
C005459,Deniz Kara,individual,M,1978-10-25,deniz.kara93@outlook.com,+905497531152,Bursa,True,True,2025-10-05T11:09:08,2025-11-22T11:09:08
C005460,Can Korkmaz,individual,M,1978-10-04,can.korkmaz74@icloud.com,+905508011159,istanbul,True,False,2024-04-02T22:07:44,2024-06-15T22:07:44
C005461,Oğuz Yılmaz,individual,M,1989-06-04,oguz.yilmaz69@icloud.com,+905476966941,Ankara,True,False,2024-06-01T16:53:45,2024-12-03T16:53:45
C005462,Arda Taş,individual,M,1974-06-29,arda.tas@gmail.com,+905399341525,İstanbul,False,True,2023-10-01T04:58:05,2024-01-11T04:58:05
C005463,Gamze Çetin,individual,F,1977-03-21,gamze.cetin at hotmail.com,+905532886116,Konya,True,True,2025-03-03T11:24:14,2025-06-04T11:24:14
C005464,Global Gıda A.Ş.,corporate,,,globalgida@global.com.tr,+905303357094,Gaziantep,True,False,2024-02-19T04:32:34,2024-08-10T04:32:34
C005465,Anadolu Gıda Ltd. Şti.,corporate,,,anadolugida@anadolu.com.tr,+905558698830,İstanbul,True,False,2024-01-27T11:10:39,2024-08-10T11:10:39
C005466,Murat Güneş,individual,M,1994-01-11,murat.gunes97@gmail.com,+905559009225,Ankara,True,True,2024-12-03T21:55:28,2025-04-16T21:55:28
C005467,Kuzey Turizm A.Ş.,corporate,,,kuzeyturizm@kuzey.com.tr,05379884489,İstanbul,True,False,2023-09-28T10:36:12,2024-03-25T10:36:12
C005468,Yusuf Doğan,individual,M,1974-10-19,yusuf.dogan@yahoo.com,+905332212840,Bursa,False,True,2023-10-10T11:51:33,2024-02-16T11:51:33
C005469,Hüseyin Özkan,individual,M,1976-01-04,huseyin.ozkan93@outlook.com,+905508930856,İstanbul,True,False,2024-01-26T12:59:11,2024-05-02T12:59:11
C005470,Yıldız Medya A.Ş.,corporate,,,yildizmedya@yildiz.com.tr,+905503309327,İstanbul,True,True,2024-07-13T15:56:36,2025-01-21T15:56:36
C005471,Seda Ünal,individual,F,1966-02-26,seda.unal@gmail.com,+905344903740,Eskişehir,True,False,2026-07-23T03:44:24,2026-09-14T03:44:24
C005472,Burak Aksoy,individual,M,1978-09-15,burak.aksoy48@hotmail.com,+905436600052,İstanbul ,True,False,2025-09-08T09:23:05,2025-10-13T09:23:05
C005473,Hasan Taş,individual,M,1984-08-04,hasan.tas94@icloud.com,+905464512628,Bursa,True,True,2023-12-11T18:22:10,2024-06-23T18:22:10
C005474,Ufuk İnşaat Ltd. Şti.,corporate,,,ufukinsaat@ufuk.com.tr,+905336965388,İstanbul,True,False,2024-05-06T11:15:28,2024-07-11T11:15:28
C005475,Serkan Yıldız,individual,M,1975-10-04,serkan.yildiz@outlook.com,+905309749311,Mersin,True,True,2024-11-19T05:23:33,2025-04-17T05:23:33
C005476,Eren Yıldırım,individual,M,1979-06-12,eren.yildirim19@yahoo.com,+90 553 914 0859,Ankara,True,True,2026-01-02T09:32:43,2026-05-24T09:32:43
C005477,Selim Yılmaz,individual,M,1967-02-07,selim.yilmaz@hotmail.com,+905344355985,Mersin,True,True,2026-02-08T16:52:27,2026-07-28T16:52:27
C005478,Sude Aydın,individual,F,1978-07-19,sude.aydin97@icloud.com,+905348658550,İstanbul,True,False,2025-11-17T01:31:19,2026-03-10T01:31:19
C005479,Umut Bozkurt,individual,M,1979-06-26,umut.bozkurt@yahoo.com,+905361472957,İstanbul,True,True,2025-03-01T23:47:22,2025-03-12T23:47:22
C005480,Ayşe Bulut,individual,F,1979-06-27,ayse.bulut1@yahoo.com,+905351523829,İstanbul,True,False,2024-01-21T11:32:29,2024-06-19T11:32:29
C005481,Onur Şahin,individual,M,1991-03-29,onur.sahin90@outlook.com,+905339362918,Konya,True,False,2025-06-27T01:44:43,2025-11-03T01:44:43
C005482,Onur Koç,individual,M,1987-06-01,onur.koc@gmail.com,+905567476577,Konya,True,True,2024-12-11T05:21:44,2024-12-15T05:21:44
C005483,Aslı Acar,individual,F,1975-02-12,asli.acar28@icloud.com,+905561896480,İstanbul,False,True,2023-12-28T17:37:19,2024-01-22T17:37:19
C005484,Nur Ünal,individual,F,1966-02-15,nur.unal76@outlook.com,+905534639553,İstanbul,True,True,2025-12-02T08:55:49,2026-02-06T08:55:49
C005485,Nazlı Sarı,individual,F,1994-12-15,nazli.sari89@outlook.com,+905484379474,İstanbul,True,True,2024-07-05T00:36:29,2024-11-07T00:36:29
C005486,Marmara Teknoloji Ltd. Şti.,corporate,,,marmarateknoloji@marmara.com.tr,+905383609322,ANKARA,True,False,2026-02-03T16:32:39,2026-08-04T16:32:39
C005487,Onur Sarı,individual,M,1974-04-25,onur.sari@yahoo.com,+905347195811,Ankara,True,False,2025-11-05T16:36:35,2026-03-20T16:36:35
C005488,Furkan Yıldız,individual,M,1983-10-14,furkan.yildiz44@hotmail.com,+905328326499,İstanbul,True,False,2026-05-05T15:22:52,2026-08-07T15:22:52
C005489,Anadolu Enerji Ltd. Şti.,corporate,,,,+905526574209,Ankara,True,False,2024-12-17T10:12:48,2024-12-28T10:12:48
C005490,Ömer Karaca,individual,M,1980-08-10,omer.karaca89@outlook.com,+905515775043,İstanbul,True,False,2026-04-22T12:32:25,2026-06-25T12:32:25
C005491,İbrahim Keskin,individual,M,1970-08-24,ibrahim.keskin94@icloud.com,+905495224338,Konya,True,True,2026-03-11T15:50:41,2026-04-11T15:50:41
C005492,Meridyen Otomotiv Yan Sanayi A.Ş.,corporate,,,meridyenotomotivyansanayi@meridyen.com.tr,+905343583965,Gaziantep,True,True,2024-06-08T09:39:30,2024-09-20T09:39:30
C005493,Melis Şahin,individual,F,1981-04-06,melis.sahin@yahoo.com,+905507655502,Kocaeli,True,False,2026-01-09T20:07:08,2026-07-10T20:07:08
C005494,Murat Demir,individual,M,1978-01-31,murat.demir91@gmail.com,+90 539 238 4952,İstanbul,True,True,2024-11-03T05:38:08,2024-11-26T05:38:08
C005495,Ufuk Otomotiv Yan Sanayi A.Ş.,corporate,,,ufukotomotivyansanayi@ufuk.com.tr,+905482319401,İstanbul,True,True,2024-06-10T20:14:47,2024-07-22T20:14:47
C005496,Pınar Erdoğan,individual,F,1963-03-23,pinar.erdogan71@gmail.com,5499768419,Mersin,True,True,2024-09-17T22:23:50,2025-02-17T22:23:50
C005497,Halil Uzun,individual,M,1982-11-07,halil.uzun@outlook.com,+905425916050,Ankara,True,True,2024-01-27T21:04:26,2024-06-15T21:04:26
C005498,Burak Güneş,individual,M,2002-12-07,burak.gunes@outlook.com,+905465757511,Denizli,True,True,2024-12-21T02:46:05,2025-05-29T02:46:05
C005499,Atlas Tekstil Ltd. Şti.,corporate,,,atlastekstil@atlas.com.tr,+905374914188,İstanbul,True,False,2025-12-25T01:45:54,2026-03-07T01:45:54
C005500,Deniz Kaya,individual,M,1991-11-01,deniz.kaya93@icloud.com,+905543247422,Ankara,True,True,2026-03-11T03:25:56,2026-08-28T03:25:56
C005501,Akdeniz Teknoloji Ltd. Şti.,corporate,,,akdenizteknoloji@akdeniz.com.tr,+905442849106,İzmir,True,True,2024-08-06T17:16:39,2024-08-15T17:16:39
C005502,Gizem Çakır,individual,F,1994-08-11,gizem.cakir70@yahoo.com,+905324970094,İstanbul,True,False,2026-08-16T15:49:21,2027-02-06T15:49:21
C005503,Ahmet Acar,individual,M,1989-08-25,ahmet.acar@outlook.com,+905491625532,Mersin,True,False,2026-01-26T02:15:20,2026-04-03T02:15:20
C005504,Murat Demir,individual,M,1960-02-14,murat.demir@icloud.com,+905584349355,İstanbul,True,True,2025-05-11T23:51:39,2025-09-23T23:51:39
C005505,Ali Çakır,individual,M,1968-08-17,ali.cakir6@gmail.com,+905304151259,İstanbul,True,False,2025-02-07T05:33:52,2025-07-12T05:33:52
C005506,İrem Taş,individual,F,1976-04-06,irem.tas62@hotmail.com,+905579723247,Eskişehir,True,True,2024-10-05T07:54:36,2025-03-13T07:54:36
C005507,Hasan Yıldız,individual,M,1980-02-04,hasan.yildiz4@icloud.com,+905375743337,İstanbul,True,True,2024-10-27T13:41:41,2025-01-31T13:41:41
C005508,Marmara Teknoloji A.Ş.,corporate,,,marmarateknoloji@marmara.com.tr,+905396730439,istanbul,False,True,2025-02-21T17:44:45,2025-08-06T17:44:45
C005509,Berk Özdemir,individual,M,1984-03-30,berk.ozdemir89@yahoo.com,05567074512,Denizli,True,True,2023-12-22T13:26:52,2024-06-28T13:26:52
C005510,Melis Kurt,individual,F,1976-09-09,melis.kurt34@outlook.com,+905596760122,Kocaeli,True,False,2025-01-24T04:15:27,2025-03-25T04:15:27
C005511,Pınar Avcı,individual,F,1970-12-02,pinar.avci@hotmail.com,+905499272630,Denizli,True,True,2024-01-28T22:20:26,2024-06-13T22:20:26
C005512,Damla Yalçın,individual,F,1983-02-11,damla.yalcin@icloud.com,+905381511504,Ankara,True,True,2026-07-04T03:01:37,2026-09-19T03:01:37
C005513,Global Lojistik Ltd. Şti.,corporate,,,globallojistik@global.com.tr,+905438233857,İstanbul,True,True,2024-11-07T14:53:03,2025-05-03T14:53:03
C005514,Mustafa Polat,individual,M,2000-11-28,,+905484912926,Ankara,True,False,2025-02-21T15:26:06,2025-04-27T15:26:06
C005515,Mehmet Özdemir,individual,M,1971-05-02,mehmet.ozdemir69@icloud.com,+905356195229,Ankara,True,False,2024-09-04T16:18:06,2024-10-30T16:18:06
C005516,Berk Yıldırım,individual,M,1995-08-07,berk.yildirim90@yahoo.com,+905493208964,istanbul,True,True,2025-09-10T11:31:09,2026-02-26T11:31:09
C005517,Umut Yıldız,individual,M,1996-11-06,umut.yildiz88@outlook.com,+905401862641,İstanbul,True,False,2024-07-22T08:48:30,2025-01-03T08:48:30
C005518,Atlas Yazılım Ltd. Şti.,corporate,,,atlasyazilim@atlas.com.tr,+905502703826,İstanbul,True,False,2024-11-10T01:45:41,2025-05-01T01:45:41
C005519,Murat Güneş,individual,M,1992-05-25,murat.gunes4@yahoo.com,+905442118468,İstanbul,True,True,2024-07-19T09:38:08,2024-11-08T09:38:08
C005520,Ahmet Doğan,individual,M,1997-01-04,ahmet.dogan75@outlook.com,+905475203436,İstanbul,True,True,2023-10-17T03:10:13,2024-03-24T03:10:13
C005521,Naz Yıldız,individual,F,1979-09-14,naz.yildiz@yahoo.com,+905347342491,İstanbul,True,False,2026-07-21T11:59:34,2026-10-15T11:59:34
C005522,Ali Kılıç,individual,M,1981-08-21,ali.kilic44@icloud.com,+905325369599,Mersin,True,False,2025-03-15T09:29:18,2025-06-24T09:29:18
C005523,Akdeniz Tekstil Ltd. Şti.,corporate,,,akdeniztekstil@akdeniz.com.tr,05486090608,Ankara,True,True,2026-02-07T01:15:27,2026-02-25T01:15:27
C005524,Arda Keskin,individual,M,1987-06-16,arda.keskin25@icloud.com,+905529977948,Ankara,True,False,2024-04-10T22:22:42,2024-08-20T22:22:42
C005525,Furkan Kara,individual,M,2002-08-03,furkan.kara@gmail.com,+905377015197,İstanbul,True,False,2023-10-19T22:20:05,2024-04-04T22:20:05
C005526,Kuzey Sağlık A.Ş.,corporate,,,,+905465987449,Kocaeli,True,True,2024-09-21T06:06:28,2025-02-10T06:06:28
C005527,Tolga Aslan,individual,M,1996-09-11,tolga.aslan@yahoo.com,0 (535) 665-6641,Bursa,True,False,2026-03-16T03:06:26,2026-05-14T03:06:26
C005528,Akdeniz Yazılım Ltd. Şti.,corporate,,,akdenizyazilim@akdeniz.com.tr,5589938223,ankara,True,False,2025-03-25T20:48:04,2025-07-04T20:48:04
C005529,Kaan Doğan,individual,M,1978-04-11,kaan.dogan@outlook.com,5303662406,Gaziantep,True,True,2023-12-03T01:45:07,2024-01-05T01:45:07
C005530,Umut Demir,individual,M,1980-01-22,umut.demir@icloud.com,+905543463495,Ankara,True,False,2024-04-14T11:52:26,2024-04-21T11:52:26
C005531,Yıldız Teknoloji A.Ş.,corporate,,,yildizteknoloji@yildiz.com.tr,5442958583,Ankara,True,True,2024-07-27T06:15:41,2025-01-28T06:15:41
C005532,Dilara Özkan,individual,F,1996-11-04,dilara.ozkan@outlook.com,+905417659901,İstanbul,True,True,2026-04-28T03:14:57,2026-11-10T03:14:57
C005533,Ayşe Aksoy,individual,F,1982-05-14,ayse.aksoy32@hotmail.com,+905571652751,İstanbul,True,False,2026-07-03T18:27:42,2026-10-29T18:27:42
C005534,Ahmet Aksoy,individual,M,1993-05-23,ahmet.aksoy@hotmail.com,+905405443857,Antalya,True,True,2025-08-23T14:53:22,2025-08-30T14:53:22
C005535,Burak Kurt,individual,M,1981-02-15,burak.kurt48@yahoo.com,+905324628868,Ankara,True,False,2025-10-08T16:02:09,2026-04-12T16:02:09
C005536,Aslı Polat,individual,F,1980-04-10,asli.polat@gmail.com,+905534828102,Gaziantep,True,False,2026-05-30T18:14:37,2026-08-09T18:14:37
C005537,Büşra Çetin,individual,F,1970-02-25,busra.cetin12@gmail.com,+905403723335,İstanbul,True,True,2026-02-26T17:39:11,2026-06-30T17:39:11
C005538,Beyza Polat,individual,F,1993-03-21,beyza.polat25@hotmail.com,+905323035085,Antalya,True,False,2025-07-27T13:50:31,2025-09-21T13:50:31
C005539,Mustafa Avcı,individual,M,1970-11-14,mustafa.avci@outlook.com,5512383329,Konya,True,True,2026-07-14T09:46:04,2026-07-17T09:46:04
C005540,Berk Uzun,individual,M,1991-12-17,berk.uzun79@yahoo.com,+905507843411,İstanbul,True,False,2025-07-27T07:52:50,2025-08-28T07:52:50
C005541,Efe Aksoy,individual,M,1976-07-01,efe.aksoy@icloud.com,+905401850076,İstanbul,True,True,2025-12-17T00:04:55,2026-03-01T00:04:55
C005542,Kerem Sarı,individual,M,1989-03-17,,+905521580836,Ankara,True,True,2024-07-10T20:49:37,2024-10-28T20:49:37
C005543,Tolga Ateş,individual,M,2002-02-12,tolga.ates41@gmail.com,+905476749273,İstanbul,True,False,2024-08-01T07:38:36,2024-11-27T07:38:36
C005544,Kerem Korkmaz,individual,M,1963-10-06,kerem.korkmaz21@outlook.com,+905525299764,Adana,False,False,2025-02-18T22:57:22,2025-08-02T22:57:22
C005545,Nur Acar,individual,F,1973-04-20,nur.acar11@hotmail.com,+905511416973,Adana,True,False,2024-05-25T10:51:40,2024-08-22T10:51:40
C005546,Pınar Bulut,individual,F,1980-12-30,pinar.bulut@hotmail.com,+905354784228,Denizli,True,True,2025-03-04T07:50:27,2025-06-27T07:50:27
C005547,Delta Yazılım Ltd. Şti.,corporate,,,deltayazilim@delta.com.tr,+905473523939,İstanbul,True,False,2023-09-13T17:43:46,2024-03-17T17:43:46
C005548,Selin Bozkurt,individual,F,1976-06-20,selin.bozkurt@outlook.com,+905532154483,Ankara,True,True,2024-05-18T18:07:17,2024-09-18T18:07:17
C005549,Cem Demir,individual,M,1990-06-11,cem.demir@icloud.com,+905329071870,Muğla,True,True,2023-09-06T18:15:44,2023-11-17T18:15:44
C005550,Mustafa Bulut,individual,M,1979-11-08,mustafa.bulut@icloud.com,+905318413128,Ankara,True,False,2025-07-27T09:17:27,2025-11-26T09:17:27
C005551,Can Yıldız,individual,M,1971-03-03,can.yildiz@hotmail.com,+905569700313,İstanbul,True,True,2026-03-15T09:33:54,2026-07-04T09:33:54
C005552,Berk Yalçın,individual,M,1993-05-28,berk.yalcin42@outlook.com,+905493266944,İstanbul,True,False,2025-10-12T08:05:05,2026-02-14T08:05:05
C005553,Gizem Özkan,individual,F,1991-11-27,gizem.ozkan3@outlook.com,+905449384031,İstanbul,True,True,2024-05-26T11:03:08,2024-11-10T11:03:08
C005554,Serkan Turan,individual,M,1979-03-19,serkan.turan@gmail.com,+905532634969,İstanbul ,False,True,2024-04-13T05:30:04,2024-10-29T05:30:04
C005555,Hüseyin Avcı,individual,M,1991-12-29,huseyin.avci@icloud.com,+905377608317,İstanbul,True,True,2025-07-25T06:38:15,2026-01-19T06:38:15
C005556,Hasan Avcı,individual,M,1986-08-07,hasan.avci@outlook.com,+905534269817,İstanbul,True,True,2024-05-13T01:22:49,2024-11-04T01:22:49
C005557,Yasemin Güneş,individual,F,1981-12-16,yasemin.gunes@yahoo.com,5404726656,Ankara,True,False,2025-11-29T07:27:16,2025-11-30T07:27:16
C005558,Deniz Kaya,individual,M,1979-03-27,deniz.kaya@outlook.com,+905357244853,İstanbul,True,False,2026-02-05T17:04:06,2026-03-12T17:04:06
C005559,İrem Bulut,individual,F,1984-08-14,irem.bulut@hotmail.com,+905491444090,İstanbul,True,True,2024-08-31T11:44:22,2024-11-18T11:44:22
C005560,Cem Sarı,individual,M,1992-01-25,cem.sari@hotmail.com,+905318030859,İstanbul,True,False,2025-07-21T13:59:45,2025-11-08T13:59:45
C005561,Cem Uzun,individual,M,1987-12-07,cem.uzun@gmail.com,+905475010212,Muğla,True,True,2025-09-11T23:17:02,2025-10-24T23:17:02
C005562,Ali Taş,individual,M,1990-01-17,ali.tas@hotmail.com,+905466693739,Gaziantep,True,False,2024-07-05T20:30:43,2024-07-21T20:30:43
C005563,Ece Öztürk,individual,F,1992-08-27,ece.ozturk67@icloud.com,+905444324058,İstanbul,True,True,2023-10-02T08:14:09,2024-02-11T08:14:09
C005564,Akdeniz Teknoloji Ltd. Şti.,corporate,,,akdenizteknoloji@akdeniz.com.tr,+905487511350,Adana,True,False,2024-02-26T20:26:43,2024-08-01T20:26:43
C005565,Ufuk Teknoloji A.Ş.,corporate,,,ufukteknoloji@ufuk.com.tr,+905539952462,İstanbul,True,True,2023-11-07T18:56:06,2024-01-16T18:56:06
C005566,Deniz Taş,individual,M,1966-12-11,deniz.tas@icloud.com,+905595682934,İstanbul,True,False,2024-12-13T01:43:25,2025-03-10T01:43:25
C005567,Onur Çakır,individual,M,1991-05-02,onur.cakir@hotmail.com,+905495973991,İstanbul,True,True,2024-02-04T11:34:02,2024-08-11T11:34:02
C005568,Onur Uzun,individual,M,1986-07-03,onur.uzun58@outlook.com,+905485135399,İstanbul,True,True,2025-04-11T10:13:04,2025-06-22T10:13:04
C005569,Sude Erdoğan,individual,F,1978-12-29,sude.erdogan5@gmail.com,+905333704962,Kocaeli,True,False,2025-06-29T13:11:08,2025-08-25T13:11:08
C005570,Dilara Polat,individual,F,1990-05-22,dilara.polat96@icloud.com,+905573878233,İstanbul,True,False,2023-11-06T15:38:46,2023-12-05T15:38:46
C005571,Barış Sarı,individual,M,1976-08-26,,+905519631967,İstanbul,True,True,2024-01-06T23:19:30,2024-05-05T23:19:30
C005572,Büşra Taş,individual,F,1992-07-22,busra.tas51@yahoo.com,5335863482,Ankara,True,True,2024-06-28T13:03:16,2024-12-16T13:03:16
C005573,Ebru Turan,individual,F,1998-05-25,ebru.turan@outlook.com,5368624033,Denizli,True,True,2023-10-27T01:00:26,2023-11-15T01:00:26
C005574,Seda Acar,individual,F,1991-12-09,seda.acar21@hotmail.com,+905325509245,Kocaeli,True,True,2024-08-26T02:02:01,2024-11-17T02:02:01
C005575,Ufuk Teknoloji A.Ş.,corporate,,,ufukteknoloji@ufuk.com.tr,+905514146766,Konya,True,False,2026-04-19T00:29:57,2026-09-08T00:29:57
C005576,Cem Özkan,individual,M,1984-07-31,cem.ozkan@gmail.com,+905467963975,ISTANBUL,True,True,2023-09-25T03:51:16,2023-10-31T03:51:16
C005577,Delta Enerji Ltd. Şti.,corporate,,,deltaenerji@delta.com.tr,5505584221,İstanbul,True,False,2024-10-26T22:05:42,2025-03-29T22:05:42
C005578,Ebru Turan,individual,F,1952-08-15,ebru.turan@hotmail.com,+905454916987,Bursa,True,True,2024-05-20T02:34:12,2024-06-17T02:34:12
C005579,Eren Yıldırım,individual,M,1986-05-12,eren.yildirim47@yahoo.com,+905352961048,Konya,True,True,2026-02-06T19:42:02,2026-02-15T19:42:02
C005580,Efe Aksoy,individual,M,1971-06-16,efe.aksoy82@yahoo.com,+905364283962,Samsun,True,False,2024-04-19T21:59:22,2024-07-08T21:59:22
C005581,Melis Kılıç,individual,F,1998-11-18,melis.kilic@gmail.com,+905397324150,Kocaeli,True,True,2025-03-06T10:53:39,2025-05-12T10:53:39
C005582,Arda Çetin,individual,M,1975-01-24,arda.cetin@hotmail.com,+905454489947,İstanbul,True,True,2025-11-04T02:58:54,2026-03-08T02:58:54
C005583,Aslı Avcı,individual,F,1974-07-16,asli.avci20@icloud.com,+905499800923,Konya,True,True,2026-03-01T11:16:28,2026-09-06T11:16:28
C005584,Marmara Sağlık A.Ş.,corporate,,,marmarasaglik@marmara.com.tr,+905403363956,Mersin,True,True,2023-10-28T13:04:13,2024-03-22T13:04:13
C005585,Yasemin Aksoy,individual,F,1963-08-27,yasemin.aksoy67@gmail.com,+905514876331,İstanbul,True,True,2026-02-23T02:11:57,2026-05-17T02:11:57
C005586,Kerem Avcı,individual,M,1985-12-13,kerem.avci@hotmail.com,+905555008913,İstanbul,True,True,2025-06-18T17:13:53,2025-07-14T17:13:53
C005587,Ege Sağlık A.Ş.,corporate,,,egesaglik@ege.com.tr,+905399128147,İstanbul,True,False,2026-07-11T23:17:55,2026-11-02T23:17:55
C005588,Yusuf Ünal,individual,M,1999-07-30,yusuf.unal23@gmail.com,+905412799057,İstanbul,True,True,2025-05-24T17:55:26,2025-10-03T17:55:26
C005589,Can Kaya,individual,M,1982-07-16,can.kaya87@icloud.com,05318881262,İstanbul,True,True,2024-12-19T14:00:09,2025-05-15T14:00:09
C005590,Zirve Medya A.Ş.,corporate,,,zirvemedya@zirve.com.tr,+905453631364,İstanbul,True,False,2025-10-29T15:40:27,2026-03-07T15:40:27
C005591,Yıldız Danışmanlık Ltd. Şti.,corporate,,,yildizdanismanlik@yildiz.com.tr,+905426629491,İzmir,True,True,2026-02-01T22:40:45,2026-05-20T22:40:45
C005592,Umut Kılıç,individual,M,1976-10-09,umut.kilic25@hotmail.com,+905443606297,Gaziantep,True,False,2026-05-29T21:19:04,2026-11-11T21:19:04
C005593,Pınar Erdoğan,individual,F,1986-10-30,pinar.erdogan@hotmail.com,+905488270251,Konya,True,True,2025-02-12T14:35:21,2025-03-04T14:35:21
C005594,Selin Ünal,individual,F,1965-12-01,selin.unal76@hotmail.com,+905364315394,Ankara,True,True,2023-10-26T21:16:28,2024-02-16T21:16:28
C005595,Kerem Aydın,individual,M,1975-02-02,kerem.aydin@outlook.com,05434889984,Bursa,True,True,2024-06-02T15:50:59,2024-09-11T15:50:59
C005596,Mustafa Kaya,individual,M,1988-07-15,mustafa.kaya@hotmail.com,+905563139012,İstanbul,True,False,2026-01-12T12:28:34,2026-02-25T12:28:34
C005597,Efe Turan,individual,M,1987-11-20,efe.turan17@yahoo.com,+905485015074,Ankara,True,False,2024-11-19T06:39:56,2025-03-21T06:39:56
C005598,Emre Uzun,individual,M,1993-05-08,emre.uzun@yahoo.com,+905533083765,İstanbul,True,True,2026-06-28T01:44:31,2026-08-18T01:44:31
C005599,Emre Doğan,individual,M,1975-01-31,emre.dogan@yahoo.com,+905534805588,Bursa,True,False,2025-02-22T23:34:47,2025-05-31T23:34:47
C005600,Umut Öztürk,individual,M,1979-03-15,umut.ozturk@icloud.com,0 (557) 936-9556,İzmir,True,False,2024-12-06T13:38:10,2025-02-16T13:38:10
C005601,Oğuz Korkmaz,individual,M,1977-10-26,oguz.korkmaz40 at hotmail.com,+905547389502,İstanbul,True,False,2025-10-23T00:04:53,2025-12-19T00:04:53
C005602,Büşra Turan,individual,F,1983-07-05,busra.turan@gmail.com,+905374342984,İstanbul,True,True,2025-11-23T07:50:01,2026-05-23T07:50:01
C005603,Ahmet Demir,individual,M,1980-02-09,ahmet.demir37@yahoo.com,+90 532 812 8718,ANKARA,True,False,2025-07-09T04:17:09,2025-10-03T04:17:09
C005604,Furkan Yalçın,individual,M,1983-08-09,furkan.yalcin@yahoo.com,+905582009282,Konya,True,False,2024-12-17T10:33:46,2025-02-08T10:33:46
C005605,Furkan Bozkurt,individual,M,1983-07-26,furkan.bozkurt77@gmail.com,+905597737345,İstanbul,True,False,2025-12-14T04:24:16,2026-02-27T04:24:16
C005606,Zirve Turizm A.Ş.,corporate,,,zirveturizm@zirve.com.tr,+905411071152,İstanbul,True,False,2023-11-07T05:14:16,2024-02-04T05:14:16
C005607,Burak Sarı,individual,M,1984-06-19,burak.sari82@gmail.com,+905323304402,Muğla,True,False,2025-08-29T02:10:29,2025-12-20T02:10:29
C005608,Meridyen Sağlık A.Ş.,corporate,,,meridyensaglik@meridyen.com.tr,+905589676886,Bursa,True,False,2024-07-03T00:59:36,2024-12-31T00:59:36
C005609,Gamze Sarı,individual,F,2002-10-25,gamze.sari@gmail.com,+905578477384,İstanbul,True,True,2025-09-27T23:27:55,2026-01-12T23:27:55
C005610,Serkan Ünal,individual,M,1987-04-28,serkan.unal@gmail.com,+905389329852,İstanbul,True,False,2025-09-01T14:51:15,2025-09-04T14:51:15
C005611,Gizem Taş,individual,F,1974-04-08,gizem.tas@gmail.com,+905391803989,Eskişehir,True,False,2024-04-23T12:03:31,2024-10-06T12:03:31
C005612,Can Taş,individual,M,1968-02-08,can.tas@icloud.com,+905378862630,Ankara,True,False,2025-09-27T03:23:31,2026-02-03T03:23:31
C005613,Yusuf Acar,individual,M,1979-06-06,yusuf.acar@yahoo.com,+90 557 965 4983,Kocaeli,True,False,2024-06-03T20:35:54,2024-07-01T20:35:54
C005614,Selim Öztürk,individual,M,1985-10-12,selim.ozturk@gmail.com,+905591099270,İstanbul,True,False,2025-11-05T16:58:34,2026-05-01T16:58:34
C005615,Hüseyin Koç,individual,M,1983-11-30,huseyin.koc@icloud.com,+905499451169,İzmir,True,False,2024-09-25T15:47:23,2025-01-07T15:47:23
C005616,Ebru Öztürk,individual,F,1989-07-11,ebru.ozturk74@hotmail.com,+905495711340,Antalya,True,False,2024-10-25T11:32:18,2025-05-02T11:32:18
C005617,Can Aksoy,individual,M,1991-01-05,can.aksoy@outlook.com,+905331118116,İzmir,True,True,2025-12-02T07:44:21,2026-01-12T07:44:21
C005618,Hüseyin Kara,individual,M,1962-09-26,huseyin.kara@yahoo.com,+905522458899,İstanbul,True,True,2024-05-01T23:01:44,2024-11-03T23:01:44
C005619,İbrahim Koç,individual,M,1990-01-06,,5362714385,Kocaeli,False,False,2025-11-21T14:22:04,2025-12-16T14:22:04
C005620,Sude Çelik,individual,F,1985-10-10,sude.celik12@yahoo.com,+905445574199,İstanbul,True,True,2025-02-16T17:35:37,2025-06-30T17:35:37
C005621,Halil Bulut,individual,M,1971-03-09,halil.bulut@hotmail.com,0535 664 67 87,İstanbul,True,True,2023-11-03T02:57:56,2023-12-12T02:57:56
C005622,Zirve Tekstil Ltd. Şti.,corporate,,,,+905324085449,Konya,True,True,2025-09-16T04:43:35,2026-03-16T04:43:35
C005623,Kerem Özkan,individual,M,1993-05-23,kerem.ozkan@yahoo.com,+905312935655,İstanbul,True,False,2026-07-22T10:29:19,2026-10-28T10:29:19
C005624,Kerem Acar,individual,M,1992-06-12,kerem.acar29@outlook.com,+905522300100,Eskişehir,True,False,2025-06-23T04:11:19,2025-12-28T04:11:19
C005625,Efe Kurt,individual,M,1981-06-16,efe.kurt77@icloud.com,+905405853364,İstanbul,True,True,2023-09-04T23:58:24,2024-02-12T23:58:24
C005626,Fatma Aydın,individual,F,1974-02-28,fatma.aydin76@hotmail.com,+905366731017,İstanbul,True,False,2025-06-02T18:14:51,2025-11-13T18:14:51
C005627,Ceren Özkan,individual,F,1969-12-12,ceren.ozkan@gmail.com,+905541003768,İstanbul,True,False,2024-08-30T02:55:05,2024-11-17T02:55:05
C005628,Emre Erdoğan,individual,M,1974-03-18,emre.erdogan94@icloud.com,+905479662747,istanbul,True,True,2024-01-03T12:12:09,2024-02-02T12:12:09
C005629,Nur Özkan,individual,F,1999-03-30,nur.ozkan56@outlook.com,+905423393394,Ankara,True,True,2024-06-25T01:43:07,2024-07-18T01:43:07
C005630,Beyza Arslan,individual,F,1983-03-25,beyza.arslan85@icloud.com,+905535521564,İstanbul,True,False,2024-09-16T14:26:27,2024-10-01T14:26:27
C005631,Yusuf Şimşek,individual,M,1989-07-07,yusuf.simsek16@yahoo.com,+905302786243,Bursa,True,True,2024-03-21T21:57:03,2024-06-15T21:57:03
C005632,Beyza Acar,individual,F,1972-08-30,beyza.acar@outlook.com,+905346547410,Muğla,True,True,2025-06-06T22:11:57,2025-10-19T22:11:57
C005633,Hüseyin Aydın,individual,M,1985-02-10,huseyin.aydin@hotmail.com,+905525765232,İstanbul,True,True,2024-02-18T12:01:37,2024-07-24T12:01:37
C005634,Arda Özkan,individual,M,1969-11-28,arda.ozkan27@yahoo.com,+905568493219,İzmir,True,False,2024-11-30T01:14:39,2024-12-11T01:14:39
C005635,Burak Çetin,individual,M,1989-01-02,burak.cetin53@gmail.com,+905556032663,Denizli,True,True,2024-10-08T17:40:24,2024-10-27T17:40:24
C005636,Furkan Aslan,individual,M,1963-12-26,furkan.aslan22@icloud.com,+905405081489,Antalya,True,False,2025-03-13T04:13:53,2025-07-19T04:13:53
C005637,Murat Özdemir,individual,M,1979-12-01,murat.ozdemir@icloud.com,+905396974165,İstanbul,True,False,2025-11-18T00:17:31,2025-11-27T00:17:31
C005638,Ayşe Koç,individual,F,1972-02-10,ayse.koc71@outlook.com,+905465070389,Bursa,False,False,2026-08-10T17:00:39,2026-11-19T17:00:39
C005639,Berk Keskin,individual,M,1987-03-17,berk.keskin@icloud.com,+905579616604,İstanbul,True,False,2024-10-09T02:35:37,2024-12-10T02:35:37
C005640,Cem Ünal,individual,M,1968-12-16,cem.unal27@icloud.com,+905592653262,İstanbul,True,True,2024-09-18T12:13:32,2025-01-10T12:13:32
C005641,Cansu Arslan,individual,F,1972-12-09,cansu.arslan18@outlook.com,5378650006,Bursa,True,True,2023-11-06T01:10:53,2023-12-20T01:10:53
C005642,Yusuf Özdemir,individual,M,1993-08-20,yusuf.ozdemir@icloud.com,+905351254307,Bursa,True,True,2025-09-18T20:25:39,2026-03-29T20:25:39
C005643,Nazlı Keskin,individual,F,1981-08-20,nazli.keskin76@outlook.com,0 (538) 742-8304,Ankara,True,False,2023-12-21T04:29:41,2024-03-09T04:29:41
C005644,Umut Erdoğan,individual,M,1987-12-24,umut.erdogan65@yahoo.com,+905511007162,Ankara,True,False,2024-07-08T04:28:13,2025-01-08T04:28:13
C005645,Furkan Bulut,individual,M,1989-03-11,furkan.bulut42@hotmail.com,+905527039140,Ankara,True,True,2023-10-20T19:19:57,2024-03-06T19:19:57
C005646,Furkan Yalçın,individual,M,1961-12-18,furkan.yalcin93@yahoo.com,+905479023471,İzmir,True,True,2024-06-19T06:01:42,2024-07-21T06:01:42
C005647,Hasan Ünal,individual,M,1993-04-19,hasan.unal@yahoo.com,0557 188 62 50,Kocaeli,True,True,2026-03-28T22:13:48,2026-04-25T22:13:48
C005648,Ayşe Çelik,individual,F,1976-08-14,ayse.celik40@outlook.com,+905385221264,İstanbul,True,True,2025-09-17T16:51:52,2026-01-17T16:51:52
C005649,Emre Şimşek,individual,M,1987-04-17,emre.simsek@hotmail.com,+905428265545,İstanbul,True,True,2024-12-28T15:24:08,2025-06-13T15:24:08
C005650,Büşra Özdemir,individual,F,1984-06-09,busra.ozdemir49@outlook.com,+905592737336,Ankara,True,True,2024-05-13T12:37:16,2024-10-15T12:37:16
C005651,Nova Yazılım A.Ş.,corporate,,,novayazilim@nova.com.tr,+905463027090,Bursa,True,True,2025-07-24T06:55:04,2025-12-10T06:55:04
C005652,Tuğba Öztürk,individual,F,1993-10-28,tugba.ozturk@hotmail.com,+905323222178,Muğla,True,True,2026-02-14T17:43:29,2026-02-21T17:43:29
C005653,Can Bulut,individual,M,1991-06-22,can.bulut@yahoo.com,+905393559044,İstanbul,True,True,2023-12-02T09:35:10,2023-12-19T09:35:10
C005654,Efe Yılmaz,individual,M,1972-02-03,efe.yilmaz@icloud.com,+905436851924,Mersin,False,True,2025-08-01T22:01:49,2026-01-23T22:01:49
C005655,Halil Çetin,individual,M,1980-12-29,halil.cetin59@hotmail.com,+905531016739,Bursa,True,False,2024-09-18T14:57:38,2024-11-28T14:57:38
C005656,Kuzey Medya A.Ş.,corporate,,,kuzeymedya@kuzey.com.tr,+905305526521,İstanbul,True,True,2025-02-12T14:53:04,2025-08-04T14:53:04
C005657,Mehmet Taş,individual,M,1972-03-17,mehmet.tas@gmail.com,+905419096491,İstanbul,True,False,2026-08-03T12:14:56,2026-11-15T12:14:56
C005658,Kerem Keskin,individual,M,1982-11-07,kerem.keskin45@gmail.com,+905533884954,Kocaeli,True,False,2025-05-01T23:23:40,2025-10-26T23:23:40
C005659,Burak Ateş,individual,M,1974-12-16,burak.ates69@icloud.com,+905344536323,İstanbul,True,True,2023-09-05T08:39:12,2023-10-26T08:39:12
C005660,Nazlı Sarı,individual,F,1979-03-25,nazli.sari@gmail.com,+905393445349,İstanbul,True,True,2023-12-14T08:00:57,2024-04-29T08:00:57
C005661,Zirve Lojistik Ltd. Şti.,corporate,,,zirvelojistik@zirve.com.tr,+905419711139,Denizli,True,False,2024-08-18T17:27:15,2025-01-23T17:27:15
C005662,Serkan Tekin,individual,M,1969-10-21,serkan.tekin98@icloud.com,+905546506938,İzmir,True,True,2024-07-10T23:17:55,2025-01-22T23:17:55
C005663,Boğaziçi Gıda Ltd. Şti.,corporate,,,bogazicigida@bogazici.com.tr,+905585062918,İstanbul,True,True,2026-03-28T12:14:48,2026-07-06T12:14:48
C005664,Esra Doğan,individual,F,1976-09-11,esra.dogan77@hotmail.com,0 (557) 867-0443,Bursa,True,True,2026-07-30T08:48:05,2027-01-06T08:48:05
C005665,Emre Turan,individual,M,1974-12-17,emre.turan27@hotmail.com,+905324901767,İstanbul,True,False,2024-12-09T18:57:50,2025-02-11T18:57:50
C005666,Fatma Uzun,individual,F,1985-05-25,fatma.uzun15@outlook.com,+905573412074,Konya,True,False,2024-04-26T13:16:23,2024-10-19T13:16:23
C005667,Barış Kurt,individual,M,1980-06-17,baris.kurt39@gmail.com,+905432908411,Istanbul,True,False,2025-04-30T04:55:58,2025-05-22T04:55:58
C005668,Naz Kılıç,individual,F,2002-03-03,naz.kilic71@gmail.com,+905332790346,İstanbul,True,True,2024-02-21T13:19:02,2024-03-24T13:19:02
C005669,Cansu Aydın,individual,F,1964-07-13,cansu.aydin@icloud.com,+905404497172,Eskisehir,True,False,2026-04-22T02:05:17,2026-08-17T02:05:17
C005670,Murat Şahin,individual,M,1972-02-26,murat.sahin53@hotmail.com,+905433734830,Adana,True,True,2026-07-13T22:31:37,2026-10-31T22:31:37
C005671,Büşra Kara,individual,F,1979-09-13,busra.kara@icloud.com,+905428941007,Mersin,True,True,2023-11-29T11:27:15,2024-03-27T11:27:15
C005672,Deniz Karaca,individual,M,1971-06-05,deniz.karaca@yahoo.com,+905336175995,Denizli,True,False,2024-06-30T23:21:59,2025-01-12T23:21:59
C005673,Serkan Yıldırım,individual,M,1984-01-18,serkan.yildirim@icloud.com,+905494663893,İstanbul,True,True,2025-02-27T09:40:34,2025-09-02T09:40:34
C005674,Halil Şahin,individual,M,1991-05-19,halil.sahin@outlook.com,+905432525698,Ankara,True,True,2026-02-05T16:33:57,2026-07-10T16:33:57
C005675,Selim Çelik,individual,M,1989-04-11,selim.celik40@hotmail.com,+905394888179,Ankara,True,False,2024-08-09T12:09:33,2024-12-12T12:09:33
C005676,Tolga Öztürk,individual,M,1986-09-13,tolga.ozturk@yahoo.com,05374624047,Samsun,True,True,2026-04-12T11:06:17,2026-08-10T11:06:17
C005677,Mustafa Ünal,individual,M,1963-12-12,mustafa.unal@hotmail.com,+905486334686,Bursa,True,True,2026-06-11T11:22:01,2026-06-14T11:22:01
C005678,Ali Sarı,individual,M,1985-02-25,ali.sari@icloud.com,+905373771583,Bursa,True,False,2024-01-16T02:38:58,2024-05-07T02:38:58
C005679,Ece Uzun,individual,F,1988-11-28,ece.uzun@yahoo.com,+905401726656,İstanbul,True,True,2025-10-15T07:11:27,2025-11-22T07:11:27
C005680,Akdeniz Sağlık A.Ş.,corporate,,,akdenizsaglik@akdeniz.com.tr,+905362695187,İstanbul,True,False,2026-02-10T00:43:21,2026-04-20T00:43:21
C005681,Ahmet Karaca,individual,M,1989-02-19,ahmet.karaca@yahoo.com,+905378268180,İzmir,True,True,2026-07-15T00:48:07,2026-12-14T00:48:07
C005682,Furkan Öztürk,individual,M,1981-09-07,furkan.ozturk40@yahoo.com,+905543866628,İstanbul,True,True,2026-02-11T08:34:33,2026-04-14T08:34:33
C005683,Ebru Kılıç,individual,F,1995-01-20,ebru.kilic@icloud.com,+905338043320,Denizli,False,True,2024-05-20T05:46:55,2024-07-26T05:46:55
C005684,Selim Avcı,individual,M,1988-05-07,selim.avci53@yahoo.com,+905542774768,Samsun,True,True,2025-09-11T12:54:11,2026-01-15T12:54:11
C005685,Ahmet Koç,individual,M,1980-03-04,ahmet.koc@yahoo.com,+905457302322,Kocaeli,True,True,2026-08-25T07:30:23,2026-10-16T07:30:23
C005686,Aslı Kurt,individual,F,1994-10-11,asli.kurt61@yahoo.com,+905389918463,İstanbul,True,True,2025-11-07T20:15:05,2025-12-28T20:15:05
C005687,Gamze Doğan,individual,F,1993-01-29,gamze.dogan@outlook.com,+905441789064,İzmir,True,False,2024-12-19T00:59:52,2025-05-29T00:59:52
C005688,Umut Ünal,individual,M,1980-12-29,umut.unal@icloud.com,+905439977399,İstanbul,True,False,2024-04-19T16:13:52,2024-09-29T16:13:52
C005689,Murat Şimşek,individual,M,1995-05-16,murat.simsek@outlook.com,+905397707913,Muğla,True,False,2025-02-18T04:34:24,2025-06-22T04:34:24
C005690,Furkan Sarı,individual,M,1970-11-21,furkan.sari29@hotmail.com,+905526555886,Bursa,True,False,2024-03-25T13:53:29,2024-09-16T13:53:29
C005691,Sude Kurt,individual,F,1991-12-05,sude.kurt@icloud.com,+905552919702,Konya,True,True,2024-02-08T01:33:30,2024-04-03T01:33:30
C005692,Umut Şimşek,individual,M,1981-02-16,umut.simsek@yahoo.com,+905369227556,İstanbul,True,False,2025-12-24T20:05:13,2026-07-10T20:05:13
C005693,Ali Doğan,individual,M,1990-12-30,ali.dogan64@yahoo.com,5324778874,Denizli,True,False,2023-11-12T18:34:07,2024-02-26T18:34:07
C005694,Ahmet Polat,individual,M,1964-03-02,ahmet.polat6@icloud.com,+905478717965,İstanbul,False,True,2024-09-17T08:05:45,2025-03-03T08:05:45
C005695,Derya Bulut,individual,F,2002-05-29,derya.bulut@hotmail.com,+905574227387,İstanbul,True,True,2024-03-18T04:10:12,2024-06-21T04:10:12
C005696,Hasan Çelik,individual,M,1973-04-11,hasan.celik@yahoo.com,+905566888084,İstanbul,False,False,2024-05-26T01:38:50,2024-10-13T01:38:50
C005697,Eren Şimşek,individual,M,1980-04-16,eren.simsek@gmail.com,+905462416765,Denizli,True,False,2025-07-01T12:53:41,2025-12-15T12:53:41
C005698,Ömer Acar,individual,M,1977-12-26,omer.acar37@outlook.com,+905514864508,İzmir,True,True,2025-07-12T00:33:57,2026-01-11T00:33:57
C005699,Gamze Sarı,individual,F,1987-11-16,gamze.sari88@hotmail.com,+905597014496,İstanbul,True,False,2024-06-22T01:21:57,2024-11-29T01:21:57
C005700,İbrahim Yıldırım,individual,M,1977-02-18,ibrahim.yildirim38@hotmail.com,+905427021907,İzmir,True,True,2025-07-10T10:28:14,2025-10-01T10:28:14
C005701,İbrahim Şimşek,individual,M,1983-10-11,ibrahim.simsek@icloud.com,+905411764995,Bursa,False,True,2026-08-28T05:49:34,2026-10-27T05:49:34
C005702,Murat Polat,individual,M,1989-03-25,murat.polat@icloud.com,+905362961959,İstanbul,True,True,2024-04-15T01:03:43,2024-10-10T01:03:43
C005703,Tolga Yıldırım,individual,M,1987-04-18,tolga.yildirim@outlook.com,+905538272380,İzmir,True,True,2024-01-18T14:17:44,2024-06-23T14:17:44
C005704,Damla Avcı,individual,F,1986-01-14,damla.avci61@hotmail.com,+905598955820,Ankara,True,True,2026-05-05T22:35:52,2026-09-06T22:35:52
C005705,Efe Özdemir,individual,M,1979-12-23,efe.ozdemir@outlook.com,+905517646351,Ankara,True,False,2025-12-10T09:40:53,2026-06-11T09:40:53
C005706,Hasan Kılıç,individual,M,1993-04-10,hasan.kilic@yahoo.com,+905496848225,Muğla,True,False,2025-08-08T00:19:22,2025-08-20T00:19:22
C005707,Tuğba Arslan,individual,F,1994-09-17,tugba.arslan@hotmail.com,+905581131650,Gaziantep,True,True,2024-01-06T13:19:53,2024-07-22T13:19:53
C005708,Aslı Arslan,individual,F,1988-04-10,asli.arslan@outlook.com,+905421590993,İstanbul,True,True,2026-07-15T18:27:03,2027-01-21T18:27:03
C005709,Umut Ünal,individual,M,1999-07-08,umut.unal31@icloud.com,5539457443,ISTANBUL,True,True,2024-11-05T15:41:00,2025-04-09T15:41:00
C005710,Selim Aksoy,individual,M,1960-04-04,selim.aksoy71@outlook.com,0531 702 37 98,Ankara,True,True,2026-02-07T00:02:52,2026-06-13T00:02:52
C005711,Büşra Koç,individual,F,1976-06-25,busra.koc96@yahoo.com,+905458195975,İstanbul,True,True,2025-11-16T06:41:52,2026-03-07T06:41:52
C005712,Ufuk Tekstil Ltd. Şti.,corporate,,,ufuktekstil@ufuk.com.tr,+905598994531,İstanbul,True,False,2023-10-21T18:59:18,2023-12-17T18:59:18
C005713,Can Özdemir,individual,M,1994-10-06,can.ozdemir22@outlook.com,+905411899409,İstanbul,True,False,2023-12-24T09:07:10,2024-05-21T09:07:10
C005714,Kerem Çakır,individual,M,1996-07-17,kerem.cakir34@outlook.com,0 (557) 808-0147,İstanbul,True,True,2023-11-10T01:00:44,2024-04-23T01:00:44
C005715,Pınar Şimşek,individual,F,1991-06-02,pinar.simsek74@yahoo.com,+905569350160,Antalya,True,True,2025-12-16T02:40:50,2026-04-24T02:40:50
C005716,Efe Taş,individual,M,1979-05-08,efe.tas@yahoo.com,+905318347201,Kocaeli,True,False,2025-05-09T21:32:37,2025-09-16T21:32:37
C005717,Ayşe Taş,individual,F,2002-06-26,ayse.tas96@gmail.com,+905547979139,Muğla,True,True,2025-03-09T03:34:37,2025-05-19T03:34:37
C005718,Melis Çakır,individual,F,1980-01-05,melis.cakir72@hotmail.com,+905512090601,Konya,True,True,2025-10-21T19:55:17,2026-01-25T19:55:17
C005719,Pınar Kurt,individual,F,1974-05-27,pinar.kurt48@gmail.com,+905469717213,Kocaeli,True,False,2025-07-20T05:32:13,2025-12-09T05:32:13
C005720,Ufuk Yazılım A.Ş.,corporate,,,ufukyazilim@ufuk.com.tr,5599527664,Gaziantep,True,False,2025-03-09T13:20:38,2025-07-17T13:20:38
C005721,Boğaziçi Gıda A.Ş.,corporate,,,bogazicigida at bogazici.com.tr,0 (537) 429-9486,Antalya,True,False,2024-04-22T00:31:20,2024-11-06T00:31:20
C005722,Eren Koç,individual,M,1984-09-25,eren.koc@outlook.com,+905473440750,İstanbul,True,True,2024-12-28T15:26:00,2025-01-18T15:26:00
C005723,Oğuz Erdoğan,individual,M,1966-08-24,oguz.erdogan62@gmail.com,+905387265249,ISTANBUL,True,False,2023-12-11T18:39:40,2024-03-10T18:39:40
C005724,Kuzey Turizm A.Ş.,corporate,,,kuzeyturizm@kuzey.com.tr,+905393031106,Muğla,True,True,2024-03-27T07:45:30,2024-10-07T07:45:30
C005725,Selim Bozkurt,individual,M,1979-12-03,selim.bozkurt44@outlook.com,+905483582103,İstanbul,True,True,2025-07-18T15:44:26,2025-08-17T15:44:26
C005726,Barış Ateş,individual,M,1980-12-04,baris.ates@hotmail.com,05491951737,İstanbul,True,True,2025-11-03T14:53:18,2026-05-01T14:53:18
C005727,Tuğba Aslan,individual,F,1969-12-19,tugba.aslan26@icloud.com,+905583979452,Gaziantep,True,False,2026-05-27T23:18:36,2026-08-02T23:18:36
C005728,Umut Acar,individual,M,1993-04-15,umut.acar@outlook.com,+905565910651,İzmir,True,True,2026-03-20T06:31:11,2026-06-05T06:31:11
C005729,Ali Çelik,individual,M,1998-10-15,ali.celik88@hotmail.com,+90 546 866 0778,Samsun,True,True,2026-08-07T15:46:54,2026-11-11T15:46:54
C005730,Hasan Polat,individual,M,2002-06-10,hasan.polat51@yahoo.com,+905498702774,Konya,True,True,2025-05-27T11:24:55,2025-09-12T11:24:55
C005731,Naz Karaca,individual,F,2002-01-18,naz.karaca@yahoo.com,+905381631753,İstanbul,True,True,2026-04-25T15:09:18,2026-10-23T15:09:18
C005732,Anadolu Medya A.Ş.,corporate,,,anadolumedya@anadolu.com.tr,+905483332807,Ankara,True,False,2025-06-30T03:33:49,2025-07-12T03:33:49
C005733,Cem Bulut,individual,M,1977-04-22,cem.bulut@hotmail.com,+905323092056,İstanbul,True,False,2023-09-13T21:53:15,2023-12-19T21:53:15
C005734,Burak Uzun,individual,M,1988-05-11,burak.uzun69@icloud.com,+905464442732,İstanbul,True,True,2023-12-02T05:39:22,2024-06-15T05:39:22
C005735,Cem Şahin,individual,M,1971-08-29,cem.sahin@gmail.com,+905428530621,Bursa,True,False,2025-07-13T01:21:09,2025-10-16T01:21:09
C005736,Mehmet Korkmaz,individual,M,1987-02-05,mehmet.korkmaz34@outlook.com,05494284345,İstanbul,False,True,2024-04-15T20:56:43,2024-05-01T20:56:43
C005737,Delta Enerji A.Ş.,corporate,,,deltaenerji@delta.com.tr,+905589926956,Ankara,True,True,2026-06-03T23:48:33,2026-08-31T23:48:33
C005738,Serkan Özkan,individual,M,2002-03-03,serkan.ozkan4@gmail.com,+905591511906,Kocaeli,True,False,2025-08-26T13:57:15,2025-09-20T13:57:15
C005739,Tolga Aydın,individual,M,1998-12-10,tolga.aydin@gmail.com,+905339071068,İstanbul,True,True,2024-03-02T23:07:34,2024-03-04T23:07:34
C005740,Sude Aksoy,individual,F,1967-03-22,sude.aksoy86@hotmail.com,+905474031969,İstanbul,True,False,2024-05-22T03:56:11,2024-10-12T03:56:11
C005741,Ufuk Teknoloji A.Ş.,corporate,,,ufukteknoloji@ufuk.com.tr,+905444305604,Bursa,True,False,2025-10-29T13:20:27,2026-01-27T13:20:27
C005742,Efe Şimşek,individual,M,2002-04-28,efe.simsek@icloud.com,+905573402792,İstanbul,True,False,2024-04-21T07:46:40,2024-09-17T07:46:40
C005743,Boğaziçi Danışmanlık Ltd. Şti.,corporate,,,bogazicidanismanlik@bogazici.com.tr,+905337241646,Ankara,False,False,2024-12-02T08:46:12,2025-05-19T08:46:12
C005744,Mustafa Acar,individual,M,1968-03-19,mustafa.acar23@hotmail.com,5403229972,Bursa,True,True,2025-02-05T19:34:29,2025-06-07T19:34:29
C005745,Kerem Tekin,individual,M,1998-05-19,kerem.tekin@icloud.com,+90 552 947 7886,İstanbul,True,True,2026-08-30T19:55:38,2027-02-22T19:55:38
C005746,Ebru Koç,individual,F,1978-02-08,ebru.koc@icloud.com,+905466278677,İstanbul,True,True,2024-06-24T23:32:42,2024-09-05T23:32:42
C005747,Ceren Özkan,individual,F,1999-08-02,ceren.ozkan46@gmail.com,+905495580471,istanbul,True,True,2026-08-12T01:51:35,2026-09-07T01:51:35
C005748,Merve Çelik,individual,F,1979-01-24,merve.celik14@outlook.com,+905365317640,İstanbul,True,False,2025-09-14T13:58:40,2026-02-23T13:58:40
C005749,Nazlı Erdoğan,individual,F,1983-09-27,nazli.erdogan70@yahoo.com,+905381736999,İstanbul,False,True,2025-10-18T19:23:42,2025-12-10T19:23:42
C005750,Berk Aslan,individual,M,1986-10-07,berk.aslan@hotmail.com,+905536828534,Adana,True,True,2024-01-14T07:56:54,2024-06-22T07:56:54
C005751,Kerem Turan,individual,M,1978-08-09,kerem.turan71@hotmail.com,+905303746116,İzmir,True,False,2025-12-19T11:45:28,2026-03-19T11:45:28
C005752,Serkan Erdoğan,individual,M,1990-05-12,serkan.erdogan@outlook.com,+905484267527,İstanbul,True,False,2024-01-31T20:45:52,2024-06-28T20:45:52
C005753,Ece Koç,individual,F,1962-09-30,ece.koc69@outlook.com,+905574359534,İstanbul,True,True,2026-08-25T11:05:55,2027-02-15T11:05:55
C005754,Arda Kaya,individual,M,1981-01-12,arda.kaya24@hotmail.com,+905384513884,İstanbul,True,False,2024-12-23T11:04:19,2025-05-05T11:04:19
C005755,Ali Aksoy,individual,M,2001-03-22,ali.aksoy22@yahoo.com,+905311710875,Bursa,True,True,2025-05-07T09:33:59,2025-10-18T09:33:59
C005756,Yıldız Otomotiv Yan Sanayi Ltd. Şti.,corporate,,,yildizotomotivyansanayi@yildiz.com.tr,+905301534377,İzmir,True,False,2024-08-04T15:44:45,2025-02-11T15:44:45
C005757,Selim Şahin,individual,M,1985-11-01,selim.sahin72@icloud.com,+90 538 343 2206,IZMIR,True,True,2025-12-26T16:36:26,2026-04-18T16:36:26
C005758,Fatma Keskin,individual,F,1982-01-07,fatma.keskin83@outlook.com,05478545044,Konya,True,False,2023-12-05T00:22:03,2024-02-29T00:22:03
C005759,Ayşe Tekin,individual,F,1970-05-18,ayse.tekin54@yahoo.com,5385257550,İstanbul,True,True,2025-10-11T22:25:42,2025-12-30T22:25:42
C005760,Fatma Keskin,individual,F,1979-06-24,fatma.keskin86@outlook.com,+905497968148,İzmir,False,True,2026-02-02T16:08:17,2026-03-07T16:08:17
C005761,Selim Sarı,individual,M,1975-07-05,selim.sari39@yahoo.com,+905548042816,İzmir,True,True,2026-04-01T17:10:49,2026-06-25T17:10:49
C005762,Murat Tekin,individual,M,1984-02-06,murat.tekin8@outlook.com,+905313399339,Konya,True,False,2024-05-05T21:12:48,2024-09-12T21:12:48
C005763,Gamze Çelik,individual,F,1983-05-23,gamze.celik@gmail.com,+905477667727,Muğla,True,True,2025-11-19T08:12:22,2026-04-21T08:12:22
C005764,Nova İnşaat Ltd. Şti.,corporate,,,novainsaat@nova.com.tr,+905471202941,İstanbul,True,True,2026-02-12T03:52:43,2026-05-19T03:52:43
C005765,Barış Öztürk,individual,M,1983-04-05,baris.ozturk27@icloud.com,+905576045331,İstanbul,True,True,2024-11-06T12:14:36,2024-11-19T12:14:36
C005766,Hasan Keskin,individual,M,1989-10-10,hasan.keskin@gmail.com,+905448818536,İzmir,True,True,2025-11-25T17:17:48,2025-12-16T17:17:48
C005767,Efe Turan,individual,M,1965-08-03,efe.turan@icloud.com,+905548475822,İstanbul,True,False,2024-06-08T01:50:03,2024-08-22T01:50:03
C005768,Yusuf Kılıç,individual,M,1980-12-29,,+905396949606,İzmir,True,False,2023-10-22T23:27:32,2024-03-09T23:27:32
C005769,Deniz Güneş,individual,M,1974-08-24,deniz.gunes@outlook.com,+905519819316,Mersin,True,True,2025-02-09T23:44:03,2025-04-17T23:44:03
C005770,Pınar Acar,individual,F,1973-09-29,pinar.acar@hotmail.com,+905469804636,İstanbul,True,True,2024-03-20T23:33:14,2024-08-04T23:33:14
C005771,Atlas Enerji Ltd. Şti.,corporate,,,atlasenerji@atlas.com.tr,+905429173185,Gaziantep,True,True,2026-01-23T13:06:01,2026-03-15T13:06:01
C005772,Mustafa Doğan,individual,M,1970-05-17,mustafa.dogan14@icloud.com,+905549830954,Samsun,True,True,2023-09-02T20:48:03,2023-11-11T20:48:03
C005773,Kerem Turan,individual,M,1982-11-04,kerem.turan49@icloud.com,+905303200768,Muğla,True,False,2023-12-28T03:24:52,2024-05-23T03:24:52
C005774,Deniz Güneş,individual,M,1993-02-07,deniz.gunes95@gmail.com,+905346543092,İstanbul,True,True,2025-08-27T05:46:30,2025-11-01T05:46:30
C005775,Cem Tekin,individual,M,1989-01-20,cem.tekin98@outlook.com,+905309315235,İstanbul,False,True,2024-10-03T20:23:16,2025-01-30T20:23:16
C005776,Ayşe Avcı,individual,F,1977-06-12,ayse.avci14@yahoo.com,+905383627475,Kocaeli,True,True,2026-02-12T09:07:02,2026-08-17T09:07:02
C005777,Ahmet Yılmaz,individual,M,1978-07-07,ahmet.yilmaz@hotmail.com,+905536697691,İstanbul,True,False,2024-10-17T13:50:10,2025-03-16T13:50:10
C005778,Kuzey Turizm Ltd. Şti.,corporate,,,,+905494234900,İstanbul,True,True,2024-03-21T15:10:41,2024-06-02T15:10:41
C005779,Merve Koç,individual,F,1979-02-11,merve.koc@hotmail.com,+905544722089,İstanbul,True,True,2025-09-28T19:50:39,2025-12-31T19:50:39
C005780,Yasemin Polat,individual,F,1973-05-07,yasemin.polat32@icloud.com,+905336851052,İstanbul,True,False,2025-06-15T19:54:00,2025-07-18T19:54:00
C005781,Serkan Kılıç,individual,M,2002-07-15,serkan.kilic73@icloud.com,+905356062755,Antalya,True,True,2024-05-22T00:10:10,2024-09-22T00:10:10
C005782,Kuzey Yazılım A.Ş.,corporate,,,kuzeyyazilim@kuzey.com.tr,+905412586536,İstanbul,True,False,2024-09-29T12:09:23,2024-10-16T12:09:23
C005783,Furkan Tekin,individual,M,1969-10-29,furkan.tekin@hotmail.com,+905487626832,Ankara,True,False,2025-02-19T04:58:42,2025-02-23T04:58:42
C005784,İbrahim Özdemir,individual,M,1978-06-17,ibrahim.ozdemir@hotmail.com,+905488570121,İstanbul,True,False,2025-01-07T03:38:07,2025-07-07T03:38:07
C005785,Gizem Doğan,individual,F,1989-07-02,gizem.dogan@gmail.com,+905543385460,İstanbul,False,True,2023-10-12T15:46:45,2024-04-26T15:46:45
C005786,Ahmet Sarı,individual,M,1993-10-24,ahmet.sari@icloud.com,+905531914968,İstanbul ,True,False,2026-05-05T18:32:37,2026-07-10T18:32:37
C005787,Furkan Demir,individual,M,1990-04-17,furkan.demir@hotmail.com,+905389312092,Antalya,True,True,2024-05-28T03:12:04,2024-11-08T03:12:04
C005788,Barış Çakır,individual,M,1999-01-30,,+905596776375,Adana,True,False,2024-01-15T10:25:29,2024-07-16T10:25:29
C005789,Kerem Polat,individual,M,1977-02-14,kerem.polat57@hotmail.com,+905505815214,Muğla,True,False,2024-02-22T02:16:40,2024-06-30T02:16:40
C005790,Eren Aslan,individual,M,1977-08-05,eren.aslan@hotmail.com,+905398220066,Ankara,True,False,2025-02-17T12:17:12,2025-07-12T12:17:12
C005791,Gizem Arslan,individual,F,1991-04-23,gizem.arslan@yahoo.com,+905486250663,Ankara,True,True,2026-06-17T02:00:12,2026-08-10T02:00:12
C005792,Esra Çetin,individual,F,2002-02-06,esra.cetin89@hotmail.com,+905499835786,Ankara,True,False,2023-12-04T02:05:59,2024-03-30T02:05:59
C005793,Ebru Çakır,individual,F,2002-12-23,ebru.cakir46@gmail.com,+905411041238,Samsun,True,False,2023-11-17T14:10:33,2024-01-13T14:10:33
C005794,Hüseyin Acar,individual,M,1978-09-26,huseyin.acar@gmail.com,+905368365913,İstanbul,True,True,2026-07-10T11:25:04,2026-12-22T11:25:04
C005795,Seda Bozkurt,individual,F,1975-04-09,seda.bozkurt@gmail.com,+905453762622,İstanbul,True,True,2026-05-08T01:33:17,2026-09-03T01:33:17
C005796,Serkan Aslan,individual,M,1975-09-28,serkan.aslan@yahoo.com,+905534460797,Antalya,True,True,2024-06-13T08:21:05,2024-10-26T08:21:05
C005797,Fatma Acar,individual,F,1990-11-26,fatma.acar87@yahoo.com,+905593258360,İstanbul,True,False,2026-05-09T20:59:57,2026-07-13T20:59:57
C005798,Hande Kılıç,individual,F,1991-10-25,hande.kilic@hotmail.com,+905398317214,Muğla,True,False,2025-04-10T06:47:02,2025-04-27T06:47:02
C005799,Deniz Bozkurt,individual,M,1984-05-27,deniz.bozkurt@icloud.com,+905487769028,İstanbul,True,True,2023-10-10T20:19:34,2023-11-09T20:19:34
C005800,Oğuz Öztürk,individual,M,1993-05-26,oguz.ozturk23@gmail.com,+905541632387,İstanbul,True,False,2023-09-24T01:50:53,2024-01-01T01:50:53
C005801,Selin Keskin,individual,F,1995-07-27,selin.keskin@icloud.com,+905517404531,İstanbul,True,True,2026-02-28T11:49:46,2026-04-12T11:49:46
C005802,Berk Yalçın,individual,M,1982-08-17,berk.yalcin@gmail.com,+905315651367,Adana,True,False,2023-11-29T12:43:37,2023-12-12T12:43:37
C005803,Selin Aslan,individual,F,1992-11-22,selin.aslan79@gmail.com,+905558738318,Adana,True,False,2026-07-12T18:22:02,2026-08-10T18:22:02
C005804,Derya Uzun,individual,F,1986-09-03,derya.uzun@outlook.com,+905336460902,Bursa,True,True,2024-09-06T01:37:31,2024-09-26T01:37:31
C005805,Berk Polat,individual,M,1982-08-24,berk.polat45@yahoo.com,+905552380168,Ankara,True,True,2026-03-25T23:02:03,2026-04-22T23:02:03
C005806,İbrahim Aslan,individual,M,1970-04-14,ibrahim.aslan@gmail.com,+905582363971,İstanbul,True,False,2025-09-18T10:03:27,2025-11-13T10:03:27
C005807,Selim Keskin,individual,M,1988-05-11,selim.keskin51@outlook.com,+905532718739,İstanbul ,True,True,2024-09-22T09:40:25,2025-04-01T09:40:25
C005808,Tolga Koç,individual,M,1981-03-17,tolga.koc35@icloud.com,+905544036632,Ankara,True,False,2025-02-06T05:29:05,2025-05-29T05:29:05
C005809,Elif Turan,individual,F,1988-06-17,elif.turan@gmail.com,+905482335045,Mersin,True,False,2023-10-28T06:56:46,2024-01-30T06:56:46
C005810,Ayşe Bozkurt,individual,F,1984-03-08,ayse.bozkurt@yahoo.com,+905339447249,Ankara,True,True,2025-05-17T07:15:52,2025-07-15T07:15:52
C005811,Hande Yıldırım,individual,F,1991-02-24,hande.yildirim32@outlook.com,+905577832855,İstanbul,True,True,2025-10-14T14:02:45,2026-05-01T14:02:45
C005812,Nur Şimşek,individual,F,1997-02-03,nur.simsek20@gmail.com,+905414269431,Ankara,True,True,2026-03-18T09:08:59,2026-06-21T09:08:59
C005813,Onur Şimşek,individual,M,1969-02-26,onur.simsek@hotmail.com,+905469493317,Samsun,True,False,2025-07-17T07:39:08,2025-11-24T07:39:08
C005814,Beyza Yıldız,individual,F,1997-02-24,beyza.yildiz@yahoo.com,0554 451 16 79,İstanbul,True,True,2026-06-14T08:04:49,2026-12-01T08:04:49
C005815,Halil Ünal,individual,M,1982-01-17,halil.unal73@gmail.com,+905397587586,Ankara,True,True,2025-12-18T01:23:28,2026-07-04T01:23:28
C005816,Burak Polat,individual,M,1978-06-23,burak.polat@gmail.com,+905452173359,Bursa,True,True,2025-02-08T16:34:37,2025-05-05T16:34:37
C005817,Hüseyin Kara,individual,M,1982-08-29,huseyin.kara at hotmail.com,+905385416401,İstanbul,True,True,2026-01-02T03:38:19,2026-02-01T03:38:19
C005818,Efe Yılmaz,individual,M,1980-06-28,efe.yilmaz@hotmail.com,+905584659259,Ankara,True,True,2023-09-06T00:09:39,2023-10-11T00:09:39
C005819,Umut Özdemir,individual,M,1986-05-21,umut.ozdemir@hotmail.com,+905338764306,Izmir,True,False,2025-08-29T00:05:19,2026-01-26T00:05:19
C005820,Kaan Ünal,individual,M,1994-01-01,kaan.unal@gmail.com,+905414460428,İstanbul,True,False,2026-08-16T12:29:55,2026-09-30T12:29:55
C005821,Mehmet Uzun,individual,M,2001-07-15,mehmet.uzun@hotmail.com,+905428927315,İstanbul,True,True,2024-12-04T04:09:53,2025-06-07T04:09:53
C005822,Furkan Özkan,individual,M,1990-09-07,furkan.ozkan25@outlook.com,+905561179718,Ankara,True,False,2023-09-24T22:54:47,2023-11-30T22:54:47
C005823,Arda Aksoy,individual,M,1982-09-02,arda.aksoy@hotmail.com,+905526038416,İstanbul,True,True,2026-08-14T06:55:00,2026-11-29T06:55:00
C005824,Onur Doğan,individual,M,1967-02-24,onur.dogan47@hotmail.com,+905464441555,Konya,True,True,2024-02-15T21:08:57,2024-06-22T21:08:57
C005825,Damla Yalçın,individual,F,2002-06-12,damla.yalcin@hotmail.com,+905585744836,İstanbul,True,True,2024-11-23T08:32:54,2025-05-11T08:32:54
C005826,Berk Doğan,individual,M,1995-10-19,berk.dogan39@outlook.com,+905435089604,ISTANBUL,True,True,2026-02-14T23:55:43,2026-02-19T23:55:43
C005827,Halil Öztürk,individual,M,1983-05-08,halil.ozturk84@hotmail.com,+905551588869,İstanbul,True,True,2025-01-01T12:21:18,2025-05-12T12:21:18
C005828,Ayşe Bulut,individual,F,1996-11-23,ayse.bulut37@hotmail.com,+905317232238,İstanbul,True,False,2024-09-24T15:57:30,2025-03-16T15:57:30
C005829,Gizem Taş,individual,F,1970-10-18,gizem.tas81@outlook.com,+905426357334,İstanbul,True,True,2024-04-15T13:41:34,2024-08-14T13:41:34
C005830,Ufuk Tekstil Ltd. Şti.,corporate,,,ufuktekstil@ufuk.com.tr,+905382424348,Bursa,True,False,2024-08-06T09:30:49,2024-12-03T09:30:49
C005831,Arda Polat,individual,M,1997-12-11,arda.polat68@gmail.com,+905559417326,Konya,True,False,2023-12-14T14:48:17,2023-12-14T14:48:17
C005832,Selim Kaya,individual,M,1987-04-17,selim.kaya89@outlook.com,+905517886639,İstanbul,True,False,2024-08-24T17:31:54,2024-11-09T17:31:54
C005833,Ahmet Ünal,individual,M,1988-11-26,ahmet.unal6@gmail.com,+905476715620,Ankara,True,True,2024-02-17T01:28:32,2024-05-24T01:28:32
C005834,Berk Özdemir,individual,M,1980-05-28,berk.ozdemir11@yahoo.com,+905383364025,IZMIR,True,False,2025-10-29T04:25:29,2026-01-03T04:25:29
C005835,Mehmet Sarı,individual,M,1986-01-03,mehmet.sari69@yahoo.com,+905485172156,İstanbul,True,False,2024-05-29T15:37:08,2024-10-03T15:37:08
C005836,Ebru Uzun,individual,F,1994-06-24,ebru.uzun@icloud.com,5391928366,Ankara,True,False,2026-08-08T06:41:04,2026-12-30T06:41:04
C005837,Selin Arslan,individual,F,1985-03-02,selin.arslan32@gmail.com,+905377241711,Bursa,True,False,2025-07-27T10:33:22,2025-10-08T10:33:22
C005838,Ayşe Çakır,individual,F,1986-06-19,ayse.cakir@hotmail.com,+905571681585,İstanbul,True,True,2024-12-24T22:05:37,2025-01-25T22:05:37
C005839,Zeynep Aksoy,individual,F,1970-10-12,zeynep.aksoy@gmail.com,0557 939 12 48,Ankara,True,True,2026-08-13T01:28:04,2027-01-19T01:28:04
C005840,Ali Ünal,individual,M,1974-09-15,ali.unal1@yahoo.com,+905348833054,İzmir,True,False,2024-11-29T22:34:08,2025-02-18T22:34:08
C005841,Melis Sarı,individual,F,1986-07-19,melis.sari83@yahoo.com,+905406421760,Samsun,True,False,2023-11-18T18:16:41,2024-03-23T18:16:41
C005842,Hüseyin Uzun,individual,M,1971-12-01,huseyin.uzun1@gmail.com,+905524749198,İzmir,True,False,2023-09-19T19:20:39,2023-10-04T19:20:39
C005843,Murat Ünal,individual,M,1989-09-06,murat.unal@yahoo.com,+905434929187,İzmir,True,True,2024-01-30T02:10:31,2024-03-18T02:10:31
C005844,Akdeniz Teknoloji Ltd. Şti.,corporate,,,akdenizteknoloji@akdeniz.com.tr,+905511060383,İzmir,True,True,2024-09-26T21:47:45,2024-10-22T21:47:45
C005845,Kerem Sarı,individual,M,1986-04-05,kerem.sari@outlook.com,+905344453049,Ankara,True,False,2026-06-23T08:14:36,2026-08-31T08:14:36
C005846,Arda Yıldırım,individual,M,1987-11-21,arda.yildirim40@yahoo.com,+905457892412,Adana,True,True,2024-10-22T14:25:56,2025-02-20T14:25:56
C005847,Global Yazılım A.Ş.,corporate,,,globalyazilim@global.com.tr,+905473394387,Izmir,True,False,2024-01-13T17:28:58,2024-05-21T17:28:58
C005848,Ufuk Sağlık A.Ş.,corporate,,,ufuksaglik@ufuk.com.tr,+905573127161,Antalya,True,False,2023-11-23T03:05:44,2024-05-23T03:05:44
C005849,Ece Aydın,individual,F,1989-01-24,ece.aydin77@hotmail.com,+905531818242,Antalya,False,False,2026-05-13T21:25:59,2026-11-04T21:25:59
C005850,Ceren Aydın,individual,F,1967-06-18,ceren.aydin90@hotmail.com,+90 540 301 7112,İstanbul,True,False,2025-07-05T00:28:25,2025-07-24T00:28:25
C005851,Emre Yıldız,individual,M,1977-04-04,emre.yildiz@gmail.com,05474511585,İstanbul,True,True,2024-04-30T03:00:34,2024-08-17T03:00:34
C005852,Meridyen Turizm Ltd. Şti.,corporate,,,meridyenturizm@meridyen.com.tr,+905588767148,Konya,True,True,2024-02-05T17:31:00,2024-07-10T17:31:00
C005853,Murat Avcı,individual,M,1981-08-07,murat.avci77@gmail.com,+905576706779,Adana,True,False,2025-06-19T07:08:39,2025-10-29T07:08:39
C005854,Emre Çetin,individual,M,1982-07-03,emre.cetin88@outlook.com,+905389877731,Muğla,True,False,2025-12-22T03:09:16,2026-03-02T03:09:16
C005855,Hasan Şimşek,individual,M,1988-08-27,hasan.simsek@outlook.com,+905395666229,Bursa,True,True,2024-03-18T05:27:43,2024-09-17T05:27:43
C005856,Kaan Turan,individual,M,1977-03-17,kaan.turan86@icloud.com,+905525996986,İstanbul,True,True,2025-02-05T13:16:16,2025-03-26T13:16:16
C005857,Ceren Yalçın,individual,F,1978-01-28,ceren.yalcin@icloud.com,+905484957019,İzmir,False,True,2025-12-16T22:40:48,2026-05-21T22:40:48
C005858,Halil Kurt,individual,M,1985-04-11,halil.kurt@hotmail.com,+905547339877,ISTANBUL,True,False,2024-07-21T10:32:04,2024-11-11T10:32:04
C005859,Kerem Güneş,individual,M,1983-10-28,kerem.gunes14@outlook.com,+905342600224,Gaziantep,True,False,2024-02-01T10:05:12,2024-07-11T10:05:12
C005860,Dilara Özdemir,individual,F,1975-08-10,dilara.ozdemir46@icloud.com,+905344267677,İstanbul,True,False,2024-01-01T02:55:59,2024-01-09T02:55:59
C005861,Meridyen Lojistik A.Ş.,corporate,,,meridyenlojistik@meridyen.com.tr,0 (549) 764-8593,İstanbul,True,True,2026-02-15T06:02:00,2026-02-20T06:02:00
C005862,Berk Bozkurt,individual,M,1986-12-02,berk.bozkurt@gmail.com,+905574578135,İstanbul,True,True,2025-03-11T02:56:35,2025-07-20T02:56:35
C005863,Selim Kılıç,individual,M,1982-07-22,selim.kilic28@hotmail.com,+905443963304,Ankara,True,True,2025-12-15T22:48:25,2026-03-10T22:48:25
C005864,Ahmet Özdemir,individual,M,1999-08-01,ahmet.ozdemir1@gmail.com,+905469349844,Konya,True,True,2025-03-06T16:33:08,2025-08-22T16:33:08
C005865,Oğuz Kara,individual,M,1977-07-11,oguz.kara@hotmail.com,+905329671425,İstanbul,True,False,2026-01-25T03:45:46,2026-07-13T03:45:46
C005866,Cem Polat,individual,M,1996-10-03,cem.polat@gmail.com,+905498731576,İstanbul,True,True,2024-03-13T09:50:28,2024-04-26T09:50:28
C005867,Nova Otomotiv Yan Sanayi A.Ş.,corporate,,,novaotomotivyansanayi@nova.com.tr,0530 419 13 72,İstanbul,True,False,2025-09-23T06:42:36,2026-03-20T06:42:36
C005868,Tolga Çakır,individual,M,1988-04-16,tolga.cakir@hotmail.com,+905527609581,İstanbul,True,True,2026-02-27T00:29:03,2026-06-29T00:29:03
C005869,Gamze Tekin,individual,F,1977-01-09,gamze.tekin@yahoo.com,+905463110566,İstanbul,True,False,2026-04-12T21:09:54,2026-08-09T21:09:54
C005870,Pınar Aslan,individual,F,1987-06-30,pinar.aslan@yahoo.com,+905356899776,Ankara,True,False,2023-10-09T02:29:29,2023-10-24T02:29:29
C005871,Aslı Koç,individual,F,1998-04-16,asli.koc21@icloud.com,+905409432219,İstanbul,True,False,2023-11-14T11:37:28,2024-03-08T11:37:28
C005872,Serkan Öztürk,individual,M,1993-05-12,serkan.ozturk@outlook.com,+905444464998,İstanbul,True,True,2025-12-08T11:14:20,2025-12-27T11:14:20
C005873,Yusuf Keskin,individual,M,1977-08-07,,+905505687126,İstanbul,True,False,2025-06-23T04:56:58,2025-06-26T04:56:58
C005874,Sude Doğan,individual,F,1979-12-05,sude.dogan90@outlook.com,+905499020744,Ankara,True,False,2025-03-08T19:32:47,2025-07-02T19:32:47
C005875,Kuzey Otomotiv Yan Sanayi Ltd. Şti.,corporate,,,kuzeyotomotivyansanayi@kuzey.com.tr,+905457144006,Denizli,True,True,2026-07-24T09:42:25,2027-01-31T09:42:25
C005876,Ebru Ateş,individual,F,1977-01-27,ebru.ates68@yahoo.com,+905467908866,Ankara,True,True,2026-07-31T17:17:46,2026-11-14T17:17:46
C005877,Atlas İnşaat Ltd. Şti.,corporate,,,atlasinsaat at atlas.com.tr,+905456965392,İstanbul,True,False,2024-05-14T02:22:57,2024-11-20T02:22:57
C005878,Dilara Korkmaz,individual,F,1998-09-16,dilara.korkmaz82@icloud.com,+905418074656,Ankara,True,True,2025-07-01T10:59:41,2025-11-03T10:59:41
C005879,Burak Çelik,individual,M,1994-02-11,burak.celik76@outlook.com,+905329465458,Denizli,True,True,2023-12-02T09:54:54,2024-03-11T09:54:54
C005880,Melis Kaya,individual,F,1993-07-19,melis.kaya37@icloud.com,+905422855522,İstanbul,True,True,2025-12-01T05:29:16,2026-05-24T05:29:16
C005881,Hüseyin Yıldırım,individual,M,1997-11-28,huseyin.yildirim@hotmail.com,+905397544065,İstanbul,True,False,2023-10-12T15:36:45,2023-11-20T15:36:45
C005882,Global İnşaat A.Ş.,corporate,,,globalinsaat@global.com.tr,+905382598328,Ankara,True,True,2023-12-07T12:14:25,2023-12-17T12:14:25
C005883,Marmara Danışmanlık Ltd. Şti.,corporate,,,marmaradanismanlik@marmara.com.tr,+905417328760,Gaziantep,True,False,2026-08-04T00:04:22,2026-09-12T00:04:22
C005884,Kaan Özkan,individual,M,1974-08-13,kaan.ozkan@hotmail.com,+905594865361,İstanbul,True,True,2024-09-21T09:15:58,2024-12-02T09:15:58
C005885,Furkan Çakır,individual,M,1989-04-21,furkan.cakir12@outlook.com,+905579516771,İzmir,True,False,2025-10-10T08:04:13,2026-01-04T08:04:13
C005886,Serkan Güneş,individual,M,1988-10-05,serkan.gunes65@icloud.com,+90 539 135 2826,İstanbul,True,False,2024-04-21T02:43:32,2024-06-13T02:43:32
C005887,Mustafa Keskin,individual,M,1984-05-14,mustafa.keskin@hotmail.com,+905505058404,İstanbul,True,False,2023-09-13T05:01:54,2023-10-07T05:01:54
C005888,Hande Keskin,individual,F,1974-06-10,hande.keskin@hotmail.com,+905383436500,İzmir,True,False,2026-08-24T08:49:18,2027-03-08T08:49:18
C005889,Merve Çetin,individual,F,1989-10-12,merve.cetin@gmail.com,0 (544) 162-2765,İstanbul,True,False,2024-02-24T10:44:44,2024-06-15T10:44:44
C005890,İbrahim Çakır,individual,M,1963-10-22,,+905443679030,İstanbul,True,True,2024-08-04T17:46:28,2024-11-07T17:46:28
C005891,Aslı Özdemir,individual,F,1986-12-15,asli.ozdemir@icloud.com,+905573977295,Antalya,True,False,2026-03-22T07:53:26,2026-08-31T07:53:26
C005892,Furkan Yalçın,individual,M,1979-06-18,furkan.yalcin@icloud.com,+905574693700,Eskisehir,True,True,2025-09-25T16:26:59,2026-03-12T16:26:59
C005893,Mehmet Sarı,individual,M,1982-06-26,mehmet.sari@outlook.com,+905501687254,Denizli,True,True,2024-06-19T13:07:40,2024-11-12T13:07:40
C005894,Barış Çetin,individual,M,1983-04-02,baris.cetin6@icloud.com,+905579785333,Antalya,True,False,2024-06-25T23:56:21,2024-11-28T23:56:21
C005895,Ege Enerji Ltd. Şti.,corporate,,,egeenerji@ege.com.tr,+905436539933,Eskişehir,True,True,2026-08-17T14:59:14,2027-01-27T14:59:14
C005896,Hasan Yıldırım,individual,M,1983-03-11,hasan.yildirim@hotmail.com,+905349369410,İzmir,True,False,2025-02-17T22:31:42,2025-07-08T22:31:42
C005897,Yusuf Avcı,individual,M,1977-09-30,yusuf.avci@hotmail.com,+905396138808,İzmir,True,False,2024-11-03T01:02:49,2025-01-10T01:02:49
C005898,Seda Özdemir,individual,F,1974-03-01,seda.ozdemir91@icloud.com,+905536726665,Ankara,True,False,2025-06-16T00:32:09,2025-09-09T00:32:09
C005899,Aslı Güneş,individual,F,1999-05-29,asli.gunes16@hotmail.com,+905569137128,Bursa,True,True,2024-01-05T02:21:52,2024-02-11T02:21:52
C005900,Burak Şahin,individual,M,1976-03-15,burak.sahin@yahoo.com,+905531036987,İstanbul,True,False,2024-06-30T17:14:49,2024-10-24T17:14:49
C005901,Murat Bozkurt,individual,M,1995-02-19,murat.bozkurt@icloud.com,+905433268020,İstanbul,True,False,2024-01-13T13:58:16,2024-07-26T13:58:16
C005902,Melis Ünal,individual,F,1989-01-19,melis.unal46@yahoo.com,+905592152256,İzmir,True,False,2024-06-16T08:55:12,2024-09-10T08:55:12
C005903,Kerem Aydın,individual,M,1968-05-26,kerem.aydin@outlook.com,+905533749697,İzmir,True,False,2024-07-29T06:44:19,2024-12-26T06:44:19
C005904,Ayşe Çelik,individual,F,1961-09-07,ayse.celik@outlook.com,+905485161482,İstanbul,True,False,2024-05-15T14:55:06,2024-11-03T14:55:06
C005905,Kaan Ateş,individual,M,1973-07-12,kaan.ates@outlook.com,+905309007405,ANKARA,True,False,2023-11-03T05:37:16,2024-01-02T05:37:16
C005906,Boğaziçi Yazılım Ltd. Şti.,corporate,,,bogaziciyazilim@bogazici.com.tr,+905539425066,Samsun,True,True,2026-02-28T23:33:09,2026-05-14T23:33:09
C005907,Arda Uzun,individual,M,1984-03-05,arda.uzun@gmail.com,0 (555) 272-1968,İstanbul,True,False,2026-08-27T23:13:48,2026-10-31T23:13:48
C005908,Mehmet Aksoy,individual,M,1983-02-14,mehmet.aksoy16@hotmail.com,+905599728690,İstanbul ,True,False,2024-09-10T03:00:07,2024-12-31T03:00:07
C005909,Hüseyin Ünal,individual,M,1975-10-29,huseyin.unal@hotmail.com,+905425072919,İstanbul,True,False,2023-12-18T20:17:27,2024-03-24T20:17:27
C005910,Deniz Kara,individual,M,1981-04-03,deniz.kara46@yahoo.com,+905321488054,İstanbul,False,True,2025-07-25T04:20:55,2025-09-04T04:20:55
C005911,Selim Arslan,individual,M,1989-09-05,selim.arslan@yahoo.com,+905359689037,İstanbul,True,False,2026-05-03T11:15:03,2026-06-06T11:15:03
C005912,Cem Karaca,individual,M,1952-08-29,cem.karaca@hotmail.com,0 (536) 452-1225,Bursa,True,True,2025-01-20T20:33:26,2025-07-20T20:33:26
C005913,Boğaziçi Enerji A.Ş.,corporate,,,bogazicienerji@bogazici.com.tr,+905314251766,Mersin,True,False,2024-05-04T20:57:46,2024-10-16T20:57:46
C005914,Zeynep Çetin,individual,F,1964-07-29,zeynep.cetin95@outlook.com,0 (556) 541-2800,İzmir,True,True,2026-08-26T18:23:07,2027-02-28T18:23:07
C005915,Hüseyin Taş,individual,M,1988-07-22,huseyin.tas34@gmail.com,+905309286712,Ankara,True,True,2023-10-29T00:40:50,2024-03-15T00:40:50
C005916,Berk Karaca,individual,M,1986-01-06,berk.karaca@hotmail.com,+905403298697,Adana,True,True,2026-06-02T18:09:43,2026-09-25T18:09:43
C005917,Ece Acar,individual,F,1972-11-15,ece.acar73@hotmail.com,+905319082176,Ankara,True,True,2023-10-08T16:48:29,2024-03-21T16:48:29
C005918,Atlas Tekstil Ltd. Şti.,corporate,,,atlastekstil@atlas.com.tr,+905491212517,Mersin,True,True,2025-11-23T01:21:35,2026-05-09T01:21:35
C005919,Zirve Enerji A.Ş.,corporate,,,zirveenerji@zirve.com.tr,+905318290955,Ankara,True,False,2025-01-09T03:39:58,2025-04-15T03:39:58
C005920,Ayşe Öztürk,individual,F,1985-05-11,ayse.ozturk@icloud.com,+905385501250,İstanbul,True,False,2024-09-01T13:34:02,2024-09-08T13:34:02
C005921,Murat Yalçın,individual,M,1980-12-23,murat.yalcin2@gmail.com,+905398485904,İstanbul,True,False,2025-07-22T08:11:37,2025-11-23T08:11:37
C005922,Deniz Uzun,individual,M,1957-09-20,deniz.uzun@yahoo.com,+905313721452,Adana,True,False,2024-01-16T22:35:35,2024-06-23T22:35:35
C005923,Emre Acar,individual,M,1973-11-03,emre.acar@outlook.com,+905593070683,İstanbul,True,True,2025-08-05T22:27:52,2026-01-27T22:27:52
C005924,Seda Öztürk,individual,F,1986-06-17,seda.ozturk@icloud.com,+905583985805,İstanbul,True,True,2024-07-21T04:49:26,2024-11-24T04:49:26
C005925,Naz Avcı,individual,F,1984-07-14,naz.avci@yahoo.com,+905436983447,İstanbul,True,False,2025-09-30T20:35:09,2026-04-10T20:35:09
C005926,Hüseyin Çelik,individual,M,1988-12-10,huseyin.celik@outlook.com,+905439335623,İstanbul,True,True,2025-10-11T07:57:23,2025-12-09T07:57:23
C005927,Halil Kurt,individual,M,1980-02-06,halil.kurt@gmail.com,+905348400075,Denizli,True,True,2026-07-09T08:55:31,2026-11-01T08:55:31
C005928,Hande Koç,individual,F,1959-10-02,hande.koc@gmail.com,+905464122695,Ankara,True,False,2024-11-19T14:43:28,2025-05-19T14:43:28
C005929,Yusuf Turan,individual,M,1963-09-23,,+905493418329,İzmir,True,False,2026-05-30T07:37:26,2026-07-11T07:37:26
C005930,Efe Arslan,individual,M,1993-08-29,efe.arslan92@yahoo.com,+905466076006,İstanbul,True,True,2026-01-16T11:37:58,2026-04-14T11:37:58
C005931,Deniz Özkan,individual,M,1971-12-06,deniz.ozkan52@hotmail.com,+905371377671,Ankara,True,False,2023-10-16T09:35:40,2023-11-30T09:35:40
C005932,Ceren Yıldırım,individual,F,1988-07-28,ceren.yildirim93@gmail.com,+905474261884,İstanbul,True,False,2026-07-09T21:27:07,2026-11-26T21:27:07
C005933,Berk Uzun,individual,M,1992-10-01,berk.uzun49@icloud.com,+905425255326,İstanbul,True,True,2026-08-01T21:58:20,2026-11-02T21:58:20
C005934,Nazlı Erdoğan,individual,F,2001-07-15,nazli.erdogan84@hotmail.com,+905576962861,Eskişehir,True,True,2024-05-26T21:20:59,2024-06-30T21:20:59
C005935,Furkan Bulut,individual,M,1991-12-22,furkan.bulut16@yahoo.com,+905583291431,İstanbul,True,True,2025-01-31T08:22:43,2025-03-21T08:22:43
C005936,Onur Şahin,individual,M,1983-08-05,onur.sahin23@gmail.com,+905348473262,İstanbul,True,False,2026-06-17T08:24:20,2026-11-14T08:24:20
C005937,Furkan Kurt,individual,M,1988-06-05,furkan.kurt@outlook.com,+905327782199,Denizli,False,False,2026-05-21T11:02:26,2026-10-17T11:02:26
C005938,Cansu Koç,individual,F,1975-08-21,cansu.koc63@icloud.com,+905378144272,İstanbul,True,True,2025-08-27T14:48:47,2025-11-04T14:48:47
C005939,Kerem Aksoy,individual,M,2001-04-20,kerem.aksoy@outlook.com,+905452721254,İstanbul,True,False,2024-01-07T13:48:28,2024-07-09T13:48:28
C005940,Can Yıldız,individual,M,1985-07-22,can.yildiz75@gmail.com,+905553213407,İstanbul,True,True,2024-11-12T09:07:55,2025-05-26T09:07:55
C005941,Elif Bulut,individual,F,1990-12-09,elif.bulut41@hotmail.com,+905396803199,Bursa,True,False,2026-02-28T22:43:52,2026-06-18T22:43:52
C005942,Nova Otomotiv Yan Sanayi Ltd. Şti.,corporate,,,novaotomotivyansanayi@nova.com.tr,+905437872369,Ankara,True,True,2024-06-18T21:55:06,2024-11-06T21:55:06
C005943,Büşra Karaca,individual,F,2002-04-26,busra.karaca56@yahoo.com,05317123999,Adana,True,True,2025-07-04T07:00:34,2025-07-17T07:00:34
C005944,Eren Kurt,individual,M,1995-08-03,eren.kurt@gmail.com,+905403905116,Gaziantep,True,True,2025-09-12T03:06:30,2025-11-23T03:06:30
C005945,Zirve Yazılım A.Ş.,corporate,,,zirveyazilim@zirve.com.tr,+905326362546,ankara,True,True,2024-11-09T06:44:06,2024-12-14T06:44:06
C005946,Tolga Ateş,individual,M,1999-10-07,tolga.ates@icloud.com,+905422394463,İstanbul,True,True,2026-07-18T12:29:07,2026-09-27T12:29:07
C005947,Oğuz Tekin,individual,M,1991-05-26,oguz.tekin5@yahoo.com,+905351573471,İstanbul,True,False,2024-02-20T14:59:20,2024-03-14T14:59:20
C005948,Aslı Yalçın,individual,F,1988-01-18,asli.yalcin@yahoo.com,0539 395 06 70,Ankara,True,True,2024-06-11T17:14:44,2024-07-22T17:14:44
C005949,Fatma Uzun,individual,F,1990-10-28,fatma.uzun@gmail.com,0558 686 48 77,İstanbul,True,True,2026-02-13T05:01:02,2026-02-19T05:01:02
C005950,Efe Yıldırım,individual,M,1979-04-11,efe.yildirim39@icloud.com,+90 545 285 5967,İstanbul,True,True,2025-12-08T10:52:03,2026-02-20T10:52:03
C005951,Marmara İnşaat A.Ş.,corporate,,,marmarainsaat@marmara.com.tr,+905597924665,İzmir,True,True,2023-11-27T21:13:29,2024-02-13T21:13:29
C005952,Deniz Kara,individual,M,1977-02-05,deniz.kara@outlook.com,+905522424272,İstanbul,True,True,2023-09-05T10:48:47,2024-01-07T10:48:47
C005953,Efe Uzun,individual,M,1986-01-06,efe.uzun@yahoo.com,+905387124630,Bursa,True,True,2023-12-15T21:22:34,2023-12-31T21:22:34
C005954,Oğuz Taş,individual,M,1996-06-01,oguz.tas16@gmail.com,+905312458543,İstanbul,True,False,2024-02-24T06:53:13,2024-06-06T06:53:13
C005955,Nur Acar,individual,F,2002-02-20,nur.acar@yahoo.com,05315258180,Antalya,False,False,2023-10-12T06:01:43,2024-02-19T06:01:43
C005956,Yasemin Yalçın,individual,F,1978-01-13,yasemin.yalcin88@gmail.com,+905415230891,İstanbul,True,True,2024-09-29T23:17:56,2024-12-25T23:17:56
C005957,Hande Güneş,individual,F,2002-12-15,,+905467636791,Adana,True,True,2025-06-12T07:26:54,2025-09-26T07:26:54
C005958,İbrahim Tekin,individual,M,1985-01-28,ibrahim.tekin@hotmail.com,0534 918 08 23,Ankara,True,True,2023-09-28T01:33:54,2023-10-13T01:33:54
C005959,Ahmet Korkmaz,individual,M,1981-10-10,ahmet.korkmaz95@gmail.com,+905341723149,İstanbul,True,False,2025-03-26T04:04:14,2025-04-27T04:04:14
C005960,Murat Aksoy,individual,M,1984-12-16,murat.aksoy@gmail.com,+905426987053,Ankara,True,False,2026-06-19T06:00:07,2026-09-14T06:00:07
C005961,Naz Turan,individual,F,1983-04-05,naz.turan@outlook.com,+905553903657,İzmir,True,False,2024-03-27T11:08:54,2024-09-07T11:08:54
C005962,Kuzey Medya Ltd. Şti.,corporate,,,kuzeymedya@kuzey.com.tr,+905476656308,İstanbul,True,True,2025-01-28T02:21:43,2025-05-03T02:21:43
C005963,Nur Çakır,individual,F,1987-12-06,nur.cakir97@hotmail.com,+905582333304,İstanbul,True,True,2025-10-07T06:37:01,2025-10-10T06:37:01
C005964,Esra Acar,individual,F,1965-12-29,esra.acar@gmail.com,+905375398621,Muğla,True,False,2024-08-30T02:24:47,2024-09-08T02:24:47
C005965,Kerem Turan,individual,M,1991-05-03,kerem.turan71@outlook.com,+905351277499,İstanbul,True,False,2025-01-24T07:04:02,2025-03-26T07:04:02
C005966,Deniz Arslan,individual,M,1968-02-29,deniz.arslan15@hotmail.com,+905463738047,İstanbul,True,False,2023-09-20T14:08:19,2024-03-18T14:08:19
C005967,Barış Ateş,individual,M,1978-10-22,baris.ates2@outlook.com,+905459377526,İstanbul,True,True,2023-09-04T04:16:43,2023-11-30T04:16:43
C005968,Meridyen Turizm Ltd. Şti.,corporate,,,meridyenturizm@meridyen.com.tr,+905478656042,Bursa,True,False,2024-07-22T16:16:21,2024-08-25T16:16:21
C005969,Zirve Enerji A.Ş.,corporate,,,zirveenerji@zirve.com.tr,+905357687642,Antalya,True,True,2025-08-04T17:43:11,2025-12-24T17:43:11
C005970,Ebru Doğan,individual,F,1985-01-09,ebru.dogan@yahoo.com,+905542554584,İstanbul,True,True,2024-07-29T05:04:04,2024-09-07T05:04:04
C005971,Furkan Yıldız,individual,M,1979-01-20,furkan.yildiz@outlook.com,+905444874019,İstanbul,True,True,2025-07-20T23:56:19,2025-09-04T23:56:19
C005972,Can Avcı,individual,M,1999-02-17,can.avci23@icloud.com,+90 539 880 8775,Ankara,True,True,2023-10-02T19:43:15,2024-02-27T19:43:15
C005973,Meridyen Gıda Ltd. Şti.,corporate,,,meridyengida@meridyen.com.tr,+905598279872,Ankara,True,False,2024-04-01T04:48:28,2024-06-07T04:48:28
C005974,Sude Şimşek,individual,F,2000-12-22,sude.simsek@gmail.com,+905319801099,İzmir,True,True,2025-09-27T05:21:28,2026-04-08T05:21:28
C005975,Damla Yıldız,individual,F,1977-12-23,damla.yildiz88@yahoo.com,+905555860405,İstanbul,True,True,2026-06-16T05:22:41,2026-10-26T05:22:41
C005976,Kerem Avcı,individual,M,1962-09-09,kerem.avci@yahoo.com,+905452023483,İzmir,True,True,2026-06-16T22:24:41,2026-12-09T22:24:41
C005977,Gamze Doğan,individual,F,1985-08-31,gamze.dogan@yahoo.com,5558381103,Muğla,True,True,2026-06-24T03:00:49,2026-06-28T03:00:49
C005978,Ece Koç,individual,F,1985-05-22,ece.koc@yahoo.com,+905451239604,İstanbul ,True,True,2023-09-09T18:45:15,2023-12-15T18:45:15
C005979,Can Korkmaz,individual,M,1993-12-16,can.korkmaz@yahoo.com,+905577586195,İstanbul,True,False,2025-08-13T05:15:33,2026-02-26T05:15:33
C005980,Halil Erdoğan,individual,M,1968-04-08,halil.erdogan72@hotmail.com,+905417729617,Ankara,True,False,2024-04-16T01:22:05,2024-10-27T01:22:05
C005981,Hasan Polat,individual,M,1972-05-19,hasan.polat@gmail.com,+905338905676,Bursa,True,True,2024-03-17T22:00:56,2024-04-09T22:00:56
C005982,Ali Kılıç,individual,M,1980-03-25,ali.kilic@icloud.com,+905327102176,Samsun,True,False,2024-10-17T22:12:20,2025-05-04T22:12:20
C005983,Murat Keskin,individual,M,1973-08-01,murat.keskin23@icloud.com,+905387969232,Eskişehir,True,False,2024-10-03T09:28:00,2025-02-07T09:28:00
C005984,Murat Ateş,individual,M,1987-01-11,murat.ates98@icloud.com,+905341299313,Bursa,True,True,2025-04-07T20:56:54,2025-10-21T20:56:54
C005985,Hasan Taş,individual,M,1976-03-05,hasan.tas@icloud.com,+905438591861,İstanbul,True,True,2025-11-13T04:49:59,2026-03-10T04:49:59
C005986,Kaan Çelik,individual,M,1992-11-04,kaan.celik@hotmail.com,+905471522918,Gaziantep,True,True,2025-07-16T22:30:06,2025-09-01T22:30:06
C005987,Mustafa Yıldız,individual,M,1996-11-29,mustafa.yildiz@icloud.com,+905309857241,Ankara,True,True,2024-07-24T21:59:00,2024-07-28T21:59:00
C005988,Damla Taş,individual,F,1996-01-28,damla.tas3@outlook.com,+905307454268,İstanbul,True,True,2026-04-28T00:43:09,2026-07-26T00:43:09
C005989,Hüseyin Korkmaz,individual,M,1993-07-28,huseyin.korkmaz@icloud.com,+905379671371,İstanbul,True,True,2024-07-09T00:35:28,2025-01-09T00:35:28
C005990,Can Taş,individual,M,2002-10-27,can.tas@hotmail.com,+905413472319,İstanbul,True,True,2025-06-17T01:35:35,2025-11-13T01:35:35
C005991,Ömer Bozkurt,individual,M,1982-11-17,omer.bozkurt3@gmail.com,+905407967525,İzmir,True,True,2023-09-12T10:29:14,2023-12-15T10:29:14
C005992,Furkan Özkan,individual,M,2000-02-07,furkan.ozkan@icloud.com,+905445732985,İstanbul,True,True,2024-06-07T12:07:26,2024-12-04T12:07:26
C005993,Nova İnşaat A.Ş.,corporate,,,novainsaat@nova.com.tr,+905332342443,İstanbul,True,False,2025-09-11T19:13:16,2025-12-01T19:13:16
C005994,Kerem Çetin,individual,M,1970-03-08,kerem.cetin3@yahoo.com,+905537613381,İstanbul,True,False,2026-05-08T03:28:58,2026-08-10T03:28:58
C005995,Oğuz Demir,individual,M,1968-01-05,oguz.demir39@hotmail.com,+905538697254,İstanbul,True,False,2026-03-27T15:32:10,2026-07-03T15:32:10
C005996,Barış Özdemir,individual,M,1982-04-01,baris.ozdemir@outlook.com,+905394450765,İstanbul,True,True,2025-05-30T04:18:59,2025-07-04T04:18:59
C005997,Ahmet Bulut,individual,M,1984-05-18,ahmet.bulut87@hotmail.com,+905569802360,Bursa,False,False,2023-10-16T11:30:54,2023-12-02T11:30:54
C005998,Seda Çetin,individual,F,1989-06-08,seda.cetin@hotmail.com,+905491017928,İstanbul,True,False,2025-03-18T08:02:53,2025-05-23T08:02:53
C005999,Halil Çetin,individual,M,1995-09-18,halil.cetin65@yahoo.com,+905577753656,İstanbul,True,False,2025-09-22T08:02:05,2025-12-25T08:02:05
C006000,Yusuf Aslan,individual,M,1994-11-13,yusuf.aslan@hotmail.com,+905573023331,İstanbul,True,False,2024-03-18T07:36:27,2024-03-18T07:36:27
C006001,Arda Şahin,individual,M,1974-07-21,arda.sahin@icloud.com,0549 952 91 07,ankara,True,True,2025-05-14T04:22:35,2024-08-12T04:22:35
C006002,Aslı Güneş,individual,F,1970-02-13,ASLI.GUNES@HOTMAIL.COM,05352847523,Muğla,True,False,2026-03-27T11:02:04,2025-08-06T11:02:04
C006003,ufuk i̇nşaat a.ş.,corporate,,,ufukinsaat@ufuk.com.tr,+90 545 755 0927,İstanbul,True,False,2025-01-31T07:28:19,2024-10-10T07:28:19
C006004,büşra arslan,individual,F,1983-03-21,busra.arslan11@yahoo.com,05367262429,İstanbul,True,False,2027-01-17T10:18:44,2026-07-14T10:18:44
C006005,Büşra Yılmaz,individual,F,2000-10-31,BUSRA.YILMAZ16@GMAIL.COM,0 (541) 829-2739,İstanbul,True,False,2023-12-24T11:23:35,2023-12-22T11:23:35
C006006,Nova Lojistik A.Ş.,corporate,,,novalojistik@nova.com.tr,+90 538 222 7140,İzmir,True,True,2024-04-19T15:46:23,2023-12-05T15:46:23
C006007,Akdeniz Gıda A.Ş.,corporate,,,AKDENIZGIDA@AKDENIZ.COM.TR,5387651085,İstanbul,True,False,2024-07-18T22:53:36,2024-09-29T22:53:36
C006008,Kerem Taş,individual,M,1975-08-22,KEREM.TAS39@OUTLOOK.COM,5378635425,Adana,True,True,2026-12-29T15:08:18,2026-11-19T15:08:18
C006009,UFUK LOJISTIK LTD. ŞTI.,corporate,,,ufuklojistik@ufuk.com.tr,5444345745,Konya,True,True,2025-10-06T10:13:33,2025-01-25T10:13:33
C006010,Cansu Güneş,individual,F,1984-02-27,CANSU.GUNES78@OUTLOOK.COM,0 (546) 560-0556,İstanbul,True,True,2026-03-19T18:39:52,2025-12-23T18:39:52
C006011,Mustafa Çakır,individual,M,1979-01-24,MUSTAFA.CAKIR66@ICLOUD.COM,5592597182,Bursa,True,True,2025-08-16T15:46:28,2025-04-26T15:46:28
C006012,Ömer Sarı,individual,M,1959-09-09,OMER.SARI@ICLOUD.COM,0 (533) 411-7021,İzmir,True,True,2025-09-02T20:01:46,2025-09-13T20:01:46
C006013,HÜSEYIN UZUN,individual,M,1975-07-02,huseyin.uzun92@icloud.com,+90 548 665 7087,Samsun,True,False,2026-07-11T14:23:22,2026-08-23T14:23:22
C006014,Ege Yazılım A.Ş.,corporate,,,EGEYAZILIM@EGE.COM.TR,5371538778,Ankara,True,True,2025-09-16T06:23:43,2024-12-17T06:23:43
C006015,AHMET KILIÇ,individual,M,1974-04-21,AHMET.KILIC at YAHOO.COM,0 (555) 289-4872,IZMIR,True,False,2025-04-10T18:18:48,2025-03-18T18:18:48
C006016,HASAN KARACA,individual,M,1980-11-15,hasan.karaca71@hotmail.com,05459747734,İstanbul,True,False,2024-04-08T04:48:01,2023-11-03T04:48:01
C006017,cem çakır,individual,M,2002-02-05,CEM.CAKIR47@HOTMAIL.COM,0 (553) 393-0922,Bursa,True,True,2026-12-11T07:21:34,2026-04-27T07:21:34
C006018,mehmet koç,individual,M,1989-11-22,mehmet.koc97@outlook.com,05415768619,Kocaeli,True,True,2025-01-11T06:18:55,2024-09-02T06:18:55
C006019,KAAN ŞIMŞEK,individual,M,1986-08-20,kaan.simsek14@yahoo.com,0531 881 19 26,Samsun,True,True,2025-08-16T12:16:42,2025-09-19T12:16:42
C006020,Hasan Yıldız,individual,M,1984-06-14,HASAN.YILDIZ@OUTLOOK.COM,0 (543) 734-1141,Bursa,True,True,2025-05-23T12:34:54,2025-02-05T12:34:54
C006021,HÜSEYIN ATEŞ,individual,M,1972-05-12,HUSEYIN.ATES@ICLOUD.COM,0557 385 79 93,Ankara,True,False,2025-09-24T12:46:36,2025-05-13T12:46:36
C006022,Seda Ünal,individual,F,1966-02-26,SEDA.UNAL@GMAIL.COM,0 (534) 490-3740,Eskisehir,True,False,2027-02-02T03:44:24,2026-09-14T03:44:24
C006023,Boğaziçi Lojistik Ltd. Şti.,corporate,,,bogazicilojistik@bogazici.com.tr,5589729640,İstanbul,True,False,2026-06-12T20:01:03,2026-09-13T20:01:03
C006024,CEREN ACAR,individual,F,1979-10-14,ceren.acar@yahoo.com,05434040296,İstanbul,True,True,2025-05-31T20:50:47,2025-05-07T20:50:47
C006025,Berk Yıldırım,individual,M,1977-06-10,berk.yildirim@hotmail.com,+90 548 639 4183,Muğla,True,True,2025-06-13T06:42:24,2024-12-27T06:42:24
C006026,YILDIZ OTOMOTIV YAN SANAYI A.Ş.,corporate,,,YILDIZOTOMOTIVYANSANAYI@YILDIZ.COM.TR,+90 540 871 6486,İstanbul,True,False,2027-01-11T22:46:52,2026-08-26T22:46:52
C006027,AKDENIZ YAZILIM LTD. ŞTI.,corporate,,,akdenizyazilim@akdeniz.com.tr,0 (539) 804-9430,Adana,True,False,2026-04-19T17:17:05,2025-11-18T17:17:05
C006028,Selim Şahin,individual,M,1985-11-01,SELIM.SAHIN72@ICLOUD.COM,0538 343 22 06,İzmir,True,True,2026-03-26T16:36:26,2026-04-18T16:36:26
C006029,DILARA KARACA,individual,F,2002-12-09,DILARA.KARACA52@OUTLOOK.COM,05549827389,İstanbul,True,True,2024-11-19T02:19:54,2024-07-16T02:19:54
C006030,EMRE ASLAN,individual,M,1982-08-20,,+90 540 954 6300,İzmir,True,True,2025-03-31T10:18:27,2024-11-10T10:18:27
C006031,FATMA AYDIN,individual,F,1974-02-28,FATMA.AYDIN76@HOTMAIL.COM,0536 673 10 17,İstanbul,True,False,2025-10-16T18:14:51,2025-11-13T18:14:51
C006032,Nur Yalçın,individual,F,1966-03-17,nur.yalcin@yahoo.com,05356116806,İzmir,True,True,2025-04-07T10:14:06,2024-09-30T10:14:06
C006033,Hasan Taş,individual,M,1992-04-14,HASAN.TAS@GMAIL.COM,5578966662,İzmir,True,True,2025-01-10T00:38:50,2024-11-08T00:38:50
C006034,MARMARA DANIŞMANLIK A.Ş.,corporate,,,marmaradanismanlik@marmara.com.tr,0533 237 89 18,Kocaeli,True,False,2027-04-23T05:52:33,2026-09-23T05:52:33
C006035,YUSUF KOÇ,individual,M,1976-02-23,yusuf.koc@yahoo.com,5518173148,İzmir,True,False,2026-12-18T02:10:35,2026-07-04T02:10:35
C006036,Aslı Demir,individual,F,1987-12-04,asli.demir@icloud.com,0552 366 42 95,Bursa,True,True,2027-03-24T00:21:25,2026-04-13T00:21:25
C006037,UMUT POLAT,individual,M,1983-02-04,umut.polat@yahoo.com,+90 546 321 3407,İstanbul,True,False,2026-07-28T03:31:26,2026-01-17T03:31:26
C006038,Hande Bozkurt,individual,F,2002-10-21,hande.bozkurt@yahoo.com,05439504766,İstanbul,True,False,2024-10-27T06:34:41,2024-03-25T06:34:41
C006039,PINAR BULUT,individual,F,1980-12-30,pinar.bulut@hotmail.com,0535 478 42 28,Denizli,True,True,2025-06-11T07:50:27,2025-06-27T07:50:27
C006040,ali tekin,individual,M,1989-07-15,ALI.TEKIN@ICLOUD.COM,05423289509,İstanbul,True,False,2025-06-20T20:13:32,2024-11-23T20:13:32
C006041,arda erdoğan,individual,M,1977-10-17,arda.erdogan@gmail.com,+90 559 465 4759,İzmir,True,True,2026-09-11T15:04:30,2026-01-15T15:04:30
C006042,AHMET KOÇ,individual,M,1970-06-20,ahmet.koc60@icloud.com,+90 547 934 6811,Kocaeli,True,True,2027-02-26T21:01:19,2026-11-23T21:01:19
C006043,tolga öztürk,individual,M,1956-09-14,TOLGA.OZTURK11@ICLOUD.COM,+90 532 865 6690,Ankara,True,True,2024-11-06T20:43:33,2024-08-02T20:43:33
C006044,EBRU BULUT,individual,F,1965-05-06,ebru.bulut@gmail.com,+90 559 569 1968,Ankara,True,False,2024-09-11T03:46:49,2024-08-22T03:46:49
C006045,HÜSEYIN AKSOY,individual,M,1989-08-26,HUSEYIN.AKSOY@ICLOUD.COM,0558 187 17 22,İstanbul,True,True,2025-04-16T04:35:55,2024-07-19T04:35:55
C006046,ANADOLU ENERJI A.Ş.,corporate,,,anadoluenerji@anadolu.com.tr,+90 548 130 3101,Samsun,True,True,2025-10-31T22:13:35,2025-08-19T22:13:35
C006047,Can Korkmaz,individual,M,1978-10-04,CAN.KORKMAZ74@ICLOUD.COM,5508011159,İstanbul,True,False,2025-04-13T22:07:44,2024-06-15T22:07:44
C006048,Eren Kara,individual,M,1976-11-15,EREN.KARA46@YAHOO.COM,+90 546 531 9842,Antalya,True,True,2025-08-13T16:50:53,2025-02-14T16:50:53
C006049,MUSTAFA YILDIRIM,individual,M,1993-04-25,mustafa.yildirim@outlook.com,+90 556 330 6831,İstanbul,True,True,2024-11-26T10:26:14,2025-03-04T10:26:14
C006050,Selin Şahin,individual,F,1964-02-13,selin.sahin87@icloud.com,0 (548) 614-2588,İstanbul,True,False,2025-01-28T19:27:59,2025-01-10T19:27:59
C006051,hüseyin şimşek,individual,M,1986-10-04,huseyin.simsek95@yahoo.com,0 (545) 601-8915,İstanbul,True,False,2025-09-08T22:52:49,2026-02-02T22:52:49
C006052,Efe Çelik,individual,M,1987-10-02,EFE.CELIK16@GMAIL.COM,0543 463 59 68,Bursa,True,False,2026-04-03T03:41:18,2025-08-02T03:41:18
C006053,ebru taş,individual,F,1975-01-26,ebru.tas@outlook.com,05539447454,İstanbul,True,True,2024-09-13T23:27:07,2024-03-29T23:27:07
C006054,HALIL KOÇ,individual,M,1976-06-14,halil.koc25@outlook.com,05479962644,İstanbul,True,True,2025-10-10T15:36:52,2025-12-05T15:36:52
C006055,derya erdoğan,individual,F,1979-04-22,derya.erdogan47@outlook.com,05315084796,Muğla,True,False,2027-03-17T04:33:52,2026-10-01T04:33:52
C006056,KAAN KORKMAZ,individual,M,1973-03-29,KAAN.KORKMAZ@HOTMAIL.COM,0 (559) 605-8926,İstanbul,True,True,2025-12-03T18:29:11,2025-09-14T18:29:11
C006057,Nur Koç,individual,F,1980-12-27,NUR.KOC@ICLOUD.COM,0554 160 72 56,Ankara,True,False,2025-06-09T11:22:41,2025-03-02T11:22:41
C006058,ÖMER ÖZTÜRK,individual,M,1989-07-23,OMER.OZTURK87@YAHOO.COM,0559 235 18 13,Ankara,True,True,2026-07-01T20:21:09,2025-08-14T20:21:09
C006059,AYŞE ÖZKAN,individual,F,1983-09-21,AYSE.OZKAN46@YAHOO.COM,0545 434 34 85,Antalya,True,True,2026-02-18T13:02:27,2025-08-27T13:02:27
C006060,Ahmet Aksoy,individual,M,1976-01-20,ahmet.aksoy@gmail.com,5528012242,Ankara,True,False,2025-12-24T01:44:01,2025-10-12T01:44:01
C006061,TOLGA KESKIN,individual,M,1997-07-26,TOLGA.KESKIN20@ICLOUD.COM,+90 537 754 2262,Ankara,True,True,2025-10-05T09:52:35,2025-02-11T09:52:35
C006062,halil tekin,individual,M,2000-02-04,HALIL.TEKIN72@OUTLOOK.COM,0 (535) 843-3876,İstanbul,True,True,2027-01-21T05:01:40,2026-10-27T05:01:40
C006063,ALI SARI,individual,M,1985-02-25,ALI.SARI@ICLOUD.COM,+90 537 377 1583,Bursa,True,False,2024-12-28T02:38:58,2024-05-07T02:38:58
C006064,Meridyen Otomotiv Yan Sanayi A.Ş.,corporate,,,meridyenotomotivyansanayi@meridyen.com.tr,+90 550 637 0246,İstanbul,True,True,2025-02-23T17:13:01,2024-11-04T17:13:01
C006065,ÖMER AYDIN,individual,M,1991-02-03,omer.aydin10@hotmail.com,5382027487,İstanbul,True,True,2025-11-10T15:56:32,2025-03-05T15:56:32
C006066,HALIL ERDOĞAN,individual,M,1996-11-05,HALIL.ERDOGAN@GMAIL.COM,5553755984,İstanbul,True,True,2024-01-29T10:41:17,2024-06-17T10:41:17
C006067,ONUR ÇELIK,individual,M,1988-07-29,ONUR.CELIK@HOTMAIL.COM,0 (539) 234-1926,İstanbul,True,True,2025-05-15T20:59:36,2025-07-14T20:59:36
C006068,Nur Turan,individual,F,1979-11-22,,05465632095,İstanbul,True,False,2027-04-12T14:35:02,2026-08-03T14:35:02
C006069,HASAN ÇELIK,individual,M,1988-06-19,HASAN.CELIK@ICLOUD.COM,0531 300 13 91,Konya,True,True,2026-03-04T08:44:56,2025-11-11T08:44:56
C006070,Nova Turizm Ltd. Şti.,corporate,,,novaturizm@nova.com.tr,0 (556) 397-8286,Adana,True,True,2026-08-30T14:51:01,2025-10-12T14:51:01
C006071,halil şimşek,individual,M,1992-01-17,HALIL.SIMSEK1@OUTLOOK.COM,0535 142 99 88,ankara,True,False,2026-10-15T10:16:25,2026-08-15T10:16:25
C006072,Can Erdoğan,individual,M,1981-03-12,CAN.ERDOGAN@GMAIL.COM,+90 555 131 5478,Kocaeli,True,True,2025-05-07T19:46:11,2025-05-04T19:46:11
C006073,meridyen enerji ltd. şti.,corporate,,,meridyenenerji@meridyen.com.tr,05327465727,İzmir,True,True,2027-04-29T14:04:29,2026-11-19T14:04:29
C006074,ece tekin,individual,F,1973-02-24,,0550 795 43 90,Ankara,True,False,2026-06-01T01:52:13,2026-05-14T01:52:13
C006075,Ebru Kurt,individual,F,1973-12-30,EBRU.KURT42@HOTMAIL.COM,05329514340,Kocaeli,True,False,2026-11-06T12:06:09,2027-01-21T12:06:09
C006076,Kaan Kaya,individual,M,1997-05-10,KAAN.KAYA83@YAHOO.COM,5451382879,İstanbul,True,True,2026-06-11T06:24:51,2026-07-04T06:24:51
C006077,deniz turan,individual,M,1985-04-01,deniz.turan73@icloud.com,+90 537 537 3699,İzmir,False,True,2024-06-14T20:09:35,2024-06-16T20:09:35
C006078,Emre Aydın,individual,M,1993-07-09,EMRE.AYDIN87@ICLOUD.COM,05596149469,Bursa,True,True,2026-12-12T22:49:14,2026-06-07T22:49:14
C006079,Selin Karaca,individual,F,1971-10-21,SELIN.KARACA@ICLOUD.COM,0549 767 77 50,Konya,True,True,2026-05-03T11:10:48,2026-02-11T11:10:48
C006080,Zeynep Güneş,individual,F,1986-12-11,zeynep.gunes91@gmail.com,0553 493 99 14,Denizli,True,False,2026-06-14T21:19:42,2025-08-12T21:19:42
C006081,BOĞAZIÇI MEDYA A.Ş.,corporate,,,BOGAZICIMEDYA@BOGAZICI.COM.TR,0 (543) 354-9653,İzmir,True,True,2026-04-09T17:00:23,2026-01-05T17:00:23
C006082,kaan aydın,individual,M,1995-12-09,kaan.aydin20@outlook.com,0559 579 21 24,Ankara,True,True,2023-10-21T01:45:59,2024-01-23T01:45:59
C006083,HALIL ÖZDEMIR,individual,M,1977-01-31,HALIL.OZDEMIR63@YAHOO.COM,0 (540) 332-8985,İstanbul,True,False,2025-10-14T06:05:19,2025-03-17T06:05:19
C006084,Murat Yıldırım,individual,M,1969-01-31,murat.yildirim58@icloud.com,0 (555) 132-2503,İstanbul,True,True,2027-03-25T00:17:50,2026-07-28T00:17:50
C006085,cem demir,individual,M,1987-03-15,cem.demir@yahoo.com,5456435696,Bursa,True,True,2025-10-01T15:57:53,2025-07-28T15:57:53
C006086,Yasemin Bozkurt,individual,F,1985-01-29,YASEMIN.BOZKURT80@OUTLOOK.COM,0 (538) 643-9911,İstanbul,True,False,2026-04-19T13:27:52,2026-05-27T13:27:52
C006087,arda şahin,individual,M,1995-12-03,arda.sahin73@gmail.com,05391617040,İstanbul,True,False,2026-07-17T03:29:25,2026-05-18T03:29:25
C006088,ece sarı,individual,F,1973-04-26,ece.sari@yahoo.com,0 (542) 985-2658,istanbul,True,False,2026-10-02T01:06:33,2026-01-01T01:06:33
C006089,kerem turan,individual,M,1979-08-31,kerem.turan10@icloud.com,05479957700,İstanbul,True,False,2024-10-23T19:41:31,2024-04-15T19:41:31
C006090,Serkan Karaca,individual,M,1999-07-04,SERKAN.KARACA20@ICLOUD.COM,0 (532) 368-6263,Ankara,True,False,2026-07-05T12:11:45,2026-08-27T12:11:45
C006091,Hüseyin Aslan,individual,M,1988-07-23,HUSEYIN.ASLAN27@ICLOUD.COM,05513941869,İstanbul,True,True,2026-11-17T15:35:33,2026-08-30T15:35:33
C006092,Nur Polat,individual,F,1975-06-12,nur.polat@icloud.com,05442365828,İstanbul,True,True,2025-10-04T20:39:34,2024-12-26T20:39:34
C006093,Tolga Ateş,individual,M,2002-02-12,TOLGA.ATES41@GMAIL.COM,0 (547) 674-9273,İstanbul,True,False,2025-03-03T07:38:36,2024-11-27T07:38:36
C006094,Murat Demir,individual,M,1982-02-01,murat.demir48@hotmail.com,5338288547,Kocaeli,True,True,2024-07-24T02:11:38,2024-02-06T02:11:38
C006095,Fatma Aydın,individual,F,1990-12-24,fatma.aydin53@gmail.com,05384765505,İstanbul,True,False,2024-10-08T11:33:10,2024-07-16T11:33:10
C006096,Hande Ateş,individual,F,1979-10-07,HANDE.ATES@ICLOUD.COM,0 (530) 557-0149,Kocaeli,True,False,2025-03-22T17:43:17,2025-01-05T17:43:17
C006097,Can Çetin,individual,M,1988-01-18,CAN.CETIN@OUTLOOK.COM,5334348579,İzmir,True,False,2024-12-20T12:24:53,2025-02-06T12:24:53
C006098,Oğuz Çelik,individual,M,1996-05-07,OGUZ.CELIK49@ICLOUD.COM,0 (531) 199-7785,ankara,True,True,2026-03-01T07:58:27,2026-03-30T07:58:27
C006099,DENIZ ACAR,individual,M,1964-02-10,DENIZ.ACAR@HOTMAIL.COM,05408386621,Konya,True,False,2026-01-04T19:55:23,2026-01-24T19:55:23
C006100,İbrahim Özdemir,individual,M,1987-04-17,IBRAHIM.OZDEMIR@OUTLOOK.COM,5558503285,Ankara,True,False,2026-09-09T21:07:05,2026-10-25T21:07:05
C006101,CEM ŞAHIN,individual,M,1960-09-10,cem.sahin10@gmail.com,0543 511 46 06,İstanbul,True,True,2025-01-04T03:07:22,2025-01-29T03:07:22
C006102,Delta Gıda A.Ş.,corporate,,,deltagida@delta.com.tr,5503382490,Gaziantep,True,True,2026-01-16T13:23:41,2025-11-12T13:23:41
C006103,Hasan Öztürk,individual,M,2002-10-26,HASAN.OZTURK@YAHOO.COM,+90 536 678 5636,İstanbul,True,False,2026-07-23T06:08:34,2026-01-25T06:08:34
C006104,FATMA ŞIMŞEK,individual,F,1983-06-15,fatma.simsek@outlook.com,0 (531) 435-9517,Ankara,True,True,2027-04-01T13:20:37,2026-07-03T13:20:37
C006105,Ahmet Bulut,individual,M,1985-05-28,AHMET.BULUT48 at HOTMAIL.COM,05518169378,İstanbul,True,False,2024-10-14T21:25:28,2025-03-02T21:25:28
C006106,CEREN GÜNEŞ,individual,F,1968-10-21,ceren.gunes@gmail.com,+90 547 638 5675,Antalya,True,False,2024-03-25T08:37:50,2024-04-10T08:37:50
C006107,Serkan Tekin,individual,M,1995-11-23,serkan.tekin86@yahoo.com,0 (544) 770-5775,İstanbul,True,True,2027-01-12T09:44:16,2026-06-25T09:44:16
C006108,Deniz Polat,individual,M,2000-04-19,DENIZ.POLAT57@GMAIL.COM,0 (547) 263-1602,İstanbul,True,False,2024-03-01T02:24:32,2024-05-04T02:24:32
C006109,ZIRVE LOJISTIK LTD. ŞTI.,corporate,,,ZIRVELOJISTIK@ZIRVE.COM.TR,05383393389,Antalya,True,True,2024-12-19T03:10:37,2024-10-05T03:10:37
C006110,İREM ASLAN,individual,F,1994-09-16,irem.aslan7@yahoo.com,05341485881,Bursa,True,False,2025-09-15T02:11:45,2024-10-12T02:11:45
C006111,Atlas Medya Ltd. Şti.,corporate,,,ATLASMEDYA@ATLAS.COM.TR,05491698661,Muğla,True,True,2025-10-15T16:00:06,2025-08-27T16:00:06
C006112,cem ünal,individual,M,1968-12-16,CEM.UNAL27@ICLOUD.COM,0 (559) 265-3262,İstanbul,True,True,2024-09-30T12:13:32,2025-01-10T12:13:32
C006113,EBRU ÇAKIR,individual,F,1986-03-23,ebru.cakir@icloud.com,5424196247,Bursa,True,False,2026-11-19T15:13:53,2026-10-19T15:13:53
C006114,ÖMER GÜNEŞ,individual,M,1977-12-22,OMER.GUNES@HOTMAIL.COM,0 (535) 730-3220,Ankara,True,True,2026-08-04T21:45:20,2026-04-11T21:45:20
C006115,ALI ÇELIK,individual,M,1977-08-02,ali.celik@icloud.com,5409527819,İstanbul,True,False,2025-08-02T08:48:03,2025-06-22T08:48:03
C006116,Barış Koç,individual,M,1971-09-07,BARIS.KOC90@OUTLOOK.COM,0 (539) 277-5728,İstanbul,True,True,2025-11-25T01:19:02,2025-05-10T01:19:02
C006117,Kuzey Teknoloji A.Ş.,corporate,,,kuzeyteknoloji@kuzey.com.tr,0 (558) 578-3542,Muğla,True,False,2024-06-17T12:28:16,2024-06-27T12:28:16
C006118,Ceren Turan,individual,F,1971-09-07,CEREN.TURAN17@HOTMAIL.COM,+90 541 133 4610,İstanbul,True,True,2025-10-28T03:34:17,2025-03-11T03:34:17
C006119,Selim Tekin,individual,M,1986-02-20,selim.tekin95@yahoo.com,0554 961 16 01,İstanbul,True,True,2024-06-22T22:17:38,2024-01-25T22:17:38
C006120,Barış Ateş,individual,M,1995-03-10,BARIS.ATES@HOTMAIL.COM,0550 813 17 68,İstanbul,True,False,2026-02-11T16:26:54,2026-04-04T16:26:54
C006121,Barış Şimşek,individual,M,1994-09-03,BARIS.SIMSEK@HOTMAIL.COM,5442501962,İstanbul,True,False,2026-06-01T15:30:25,2026-02-04T15:30:25
C006122,tuğba uzun,individual,F,1976-02-18,TUGBA.UZUN24@ICLOUD.COM,05351606621,İstanbul,True,True,2026-03-13T07:18:07,2025-07-24T07:18:07
C006123,Marmara Otomotiv Yan Sanayi A.Ş.,corporate,,,marmaraotomotivyansanayi@marmara.com.tr,5342137651,İstanbul,True,True,2026-07-24T03:31:36,2026-05-06T03:31:36
C006124,Onur Öztürk,individual,M,1981-07-21,ONUR.OZTURK43@HOTMAIL.COM,05352117837,İstanbul,True,False,2025-11-08T04:00:03,2025-06-15T04:00:03
C006125,Nur Kılıç,individual,F,1983-05-07,NUR.KILIC57@HOTMAIL.COM,5592167498,Kocaeli,True,True,2024-09-21T02:36:47,2024-08-08T02:36:47
C006126,furkan yalçın,individual,M,1979-06-18,furkan.yalcin@icloud.com,0 (557) 469-3700,Eskişehir,True,True,2026-03-03T16:26:59,2026-03-12T16:26:59
C006127,ARDA KOÇ,individual,M,1960-01-27,ARDA.KOC@HOTMAIL.COM,+90 558 470 6003,Mersin,True,False,2025-11-15T06:35:51,2025-12-21T06:35:51
C006128,Kerem Yıldız,individual,M,1994-04-07,kerem.yildiz@icloud.com,+90 544 609 4159,Ankara,True,True,2026-11-01T11:52:40,2026-05-11T11:52:40
C006129,SUDE KAYA,individual,F,1984-11-10,sude.kaya@hotmail.com,05306836737,İstanbul,True,True,2025-11-09T20:00:13,2025-03-03T20:00:13
C006130,TOLGA AYDIN,individual,M,1979-04-05,,+90 557 917 8112,İstanbul,True,False,2024-10-10T09:02:51,2024-09-17T09:02:51
C006131,DENIZ ÖZKAN,individual,M,1981-03-09,deniz.ozkan@gmail.com,0550 326 90 08,Ankara,True,False,2025-02-13T21:13:33,2024-08-22T21:13:33
C006132,hüseyin yalçın,individual,M,1972-01-03,huseyin.yalcin@yahoo.com,+90 541 624 6357,Bursa,True,True,2025-08-14T14:44:22,2025-04-03T14:44:22
C006133,Tuğba Aydın,individual,F,1984-02-20,tugba.aydin3@gmail.com,5302419753,Ankara,True,False,2026-05-30T18:19:38,2026-06-25T18:19:38
C006134,Onur Ateş,individual,M,1980-04-26,ONUR.ATES51@YAHOO.COM,0 (558) 725-7205,Ankara,True,True,2025-08-06T10:51:41,2025-06-06T10:51:41
C006135,Cansu Kılıç,individual,F,1969-11-26,cansu.kilic53@icloud.com,+90 552 111 5926,İstanbul,True,True,2024-11-04T23:02:51,2024-05-31T23:02:51
C006136,Meridyen Medya A.Ş.,corporate,,,,0 (538) 260-8558,İstanbul,True,False,2026-05-27T18:33:32,2026-04-11T18:33:32
C006137,DENIZ KESKIN,individual,M,1961-07-15,deniz.keskin77 at yahoo.com,0 (531) 897-3975,Denizli,True,True,2025-06-14T06:56:27,2024-11-11T06:56:27
C006138,eren kara,individual,M,1992-11-15,EREN.KARA@YAHOO.COM,05597211014,İstanbul ,True,False,2026-06-26T22:45:46,2025-11-30T22:45:46
C006139,Mustafa Bulut,individual,M,1993-08-31,MUSTAFA.BULUT77@GMAIL.COM,0559 104 40 15,İstanbul,False,True,2025-10-23T04:45:40,2026-01-05T04:45:40
C006140,DELTA MEDYA A.Ş.,corporate,,,deltamedya@delta.com.tr,5592133643,Ankara,True,False,2024-03-28T20:55:35,2024-03-01T20:55:35
C006141,eren çelik,individual,M,1995-02-28,eren.celik9@yahoo.com,0546 768 41 91,Bursa,True,True,2026-08-24T22:19:10,2025-11-10T22:19:10
C006142,ONUR KORKMAZ,individual,M,1969-02-09,ONUR.KORKMAZ@ICLOUD.COM,05407502758,İstanbul,True,False,2025-08-23T12:51:04,2025-05-29T12:51:04
C006143,emre uzun,individual,M,1980-07-12,emre.uzun@gmail.com,5374203816,Antalya,True,False,2025-09-23T18:02:53,2025-02-15T18:02:53
C006144,Nur Acar,individual,F,1973-04-20,nur.acar11@hotmail.com,5511416973,Adana,True,False,2024-09-20T10:51:40,2024-08-22T10:51:40
C006145,HASAN YILMAZ,individual,M,1986-04-11,HASAN.YILMAZ@OUTLOOK.COM,0553 639 47 70,İzmir,True,True,2024-07-12T13:28:02,2024-06-22T13:28:02
C006146,NAZLI ŞIMŞEK,individual,F,1979-10-15,nazli.simsek@outlook.com,0 (550) 664-5136,Adana,True,False,2024-07-01T16:13:44,2024-09-03T16:13:44
C006147,Ali Demir,individual,M,1988-11-13,ali.demir60@icloud.com,5387357220,Ankara,True,True,2026-04-16T05:39:34,2026-05-02T05:39:34
C006148,hasan erdoğan,individual,M,1998-04-06,HASAN.ERDOGAN@ICLOUD.COM,+90 532 751 8114,İstanbul,True,True,2025-01-18T06:40:13,2025-05-11T06:40:13
C006149,YUSUF ÜNAL,individual,M,2002-10-03,yusuf.unal@yahoo.com,+90 553 348 0378,Eskişehir,True,False,2025-11-06T11:58:21,2025-09-01T11:58:21
C006150,akdeniz tekstil ltd. şti.,corporate,,,akdeniztekstil@akdeniz.com.tr,05342394137,İzmir,False,True,2025-06-26T11:35:34,2024-10-06T11:35:34
C006151,Mehmet Yıldırım,individual,M,1986-07-18,MEHMET.YILDIRIM82@ICLOUD.COM,5405698225,İstanbul,True,True,2025-02-23T05:14:13,2024-02-08T05:14:13
C006152,ALI DOĞAN,individual,M,1990-12-30,ali.dogan64@yahoo.com,0532 477 88 74,Denizli,True,False,2024-09-29T18:34:07,2024-02-26T18:34:07
C006153,Ege Enerji A.Ş.,corporate,,,egeenerji@ege.com.tr,0534 892 97 63,Antalya,True,True,2026-07-19T06:56:06,2026-05-16T06:56:06
C006154,Seda Kurt,individual,F,1983-11-22,SEDA.KURT@ICLOUD.COM,5463005895,İstanbul,True,True,2025-11-05T11:47:53,2025-06-11T11:47:53
C006155,esra öztürk,individual,F,1985-07-21,,5439369217,İstanbul,True,False,2026-06-26T07:00:17,2025-07-15T07:00:17
C006156,halil güneş,individual,M,1991-04-07,HALIL.GUNES@YAHOO.COM,5387724924,Antalya,True,False,2026-03-06T19:13:15,2025-12-13T19:13:15
C006157,Büşra Aslan,individual,F,1967-02-06,busra.aslan@icloud.com,+90 558 752 1681,İstanbul,True,False,2025-05-01T10:40:21,2024-10-08T10:40:21
C006158,Can Tekin,individual,M,1984-10-16,CAN.TEKIN16@YAHOO.COM,0531 899 04 34,İstanbul,True,False,2024-10-01T15:49:36,2025-02-18T15:49:36
C006159,ZEYNEP DOĞAN,individual,F,1983-09-02,zeynep.dogan39@gmail.com,05501420873,İstanbul,False,True,2025-05-06T17:28:46,2024-10-09T17:28:46
C006160,MERVE POLAT,individual,F,2002-11-05,merve.polat93@hotmail.com,0 (542) 803-9577,İstanbul,False,True,2024-09-05T05:24:46,2024-01-01T05:24:46
C006161,Yusuf Özdemir,individual,M,1987-11-04,,+90 534 612 7229,Samsun,True,True,2026-04-15T07:09:58,2026-03-13T07:09:58
C006162,HASAN TEKIN,individual,M,1988-11-05,HASAN.TEKIN79@HOTMAIL.COM,0530 858 18 29,Konya,True,False,2025-09-15T19:22:01,2025-02-23T19:22:01
C006163,DENIZ GÜNEŞ,individual,M,1981-08-15,deniz.gunes@hotmail.com,5423976092,İstanbul,True,True,2025-04-16T16:55:45,2025-03-07T16:55:45
C006164,Mehmet Erdoğan,individual,M,1972-03-17,mehmet.erdogan35@icloud.com,0 (537) 399-2057,İstanbul,True,True,2025-07-08T07:36:12,2025-05-10T07:36:12
C006165,Nova İnşaat A.Ş.,corporate,,,novainsaat@nova.com.tr,5332342443,İstanbul,True,False,2026-07-13T19:13:16,2025-12-01T19:13:16
C006166,beyza kılıç,individual,F,1986-05-08,beyza.kilic@gmail.com,05529171116,İstanbul,True,True,2025-12-15T02:37:16,2025-12-12T02:37:16
C006167,beyza çelik,individual,F,1964-12-08,beyza.celik@outlook.com,5562544154,Ankara,True,False,2025-03-17T11:06:34,2024-12-04T11:06:34
C006168,DENIZ YALÇIN,individual,M,1989-06-28,DENIZ.YALCIN10@YAHOO.COM,0552 614 07 07,Bursa,True,False,2025-12-12T13:40:22,2025-08-23T13:40:22
C006169,naz çetin,individual,F,1997-03-19,,05313181797,İstanbul,True,True,2026-08-16T08:43:39,2027-01-17T08:43:39
C006170,Yasemin Kılıç,individual,F,1981-09-19,yasemin.kilic@icloud.com,0549 129 67 13,İstanbul,True,True,2024-05-07T03:38:30,2024-03-07T03:38:30
C006171,Barış Aydın,individual,M,1984-03-02,baris.aydin@hotmail.com,+90 551 977 7077,Denizli,True,True,2024-10-04T21:45:14,2024-03-23T21:45:14
C006172,kuzey turizm a.ş.,corporate,,,kuzeyturizm@kuzey.com.tr,05387394898,İstanbul,True,False,2025-11-04T06:50:11,2024-12-09T06:50:11
C006173,kaan koç,individual,M,1965-04-17,,0531 656 68 61,Ankara,True,True,2025-09-27T06:26:32,2025-05-06T06:26:32
C006174,AKDENIZ YAZILIM A.Ş.,corporate,,,AKDENIZYAZILIM@AKDENIZ.COM.TR,+90 547 773 8149,Ankara,True,True,2024-11-04T22:19:44,2024-09-08T22:19:44
C006175,CANSU KOÇ,individual,F,1975-08-21,cansu.koc63@icloud.com,+90 537 814 4272,İstanbul,True,True,2025-12-13T14:48:47,2025-11-04T14:48:47
C006176,Ufuk Yazılım A.Ş.,corporate,,,UFUKYAZILIM@UFUK.COM.TR,+90 530 118 4969,İstanbul,True,False,2025-05-20T00:12:10,2024-11-29T00:12:10
C006177,MURAT YILMAZ,individual,M,1980-10-04,MURAT.YILMAZ41@GMAIL.COM,0 (556) 536-8796,Antalya,False,True,2026-12-24T14:01:15,2026-08-05T14:01:15
C006178,Ömer Ünal,individual,M,1986-03-01,OMER.UNAL36@YAHOO.COM,+90 552 258 1402,İstanbul,True,True,2024-03-15T03:39:52,2023-11-25T03:39:52
C006179,NUR ÖZDEMIR,individual,F,1973-03-01,nur.ozdemir@icloud.com,+90 549 498 5782,Bursa,True,True,2025-02-20T15:01:50,2024-03-10T15:01:50
C006180,Elif Turan,individual,F,1988-06-17,elif.turan@gmail.com,+90 548 233 5045,Mersin,True,False,2024-10-15T06:56:46,2024-01-30T06:56:46
