SATIS_NO;LEAD_ID;MUSTERI_ID;BAYI_KODU;ARAC_KODU;DANISMAN_ID;SATIS_TARIHI;TESLIMAT_TARIHI;NET_FIYAT;ODEME_TIPI;TAKAS_DEGERI;SASE_NO
S000368;L0002062;C000226;D009;V018;A0092;18.10.2024;30.11.2024;4537000;cash;;WBA160BZYS6BXH0PZ
S001296;L0006951;C000919;D005;V018;A0052;13.06.2026;25.06.2026;4561000;cash;;WBAF3016R17Y8K0C0
S002210;L0011961;C004000;D001;V026;A0012;17.03.2025;30.04.2025;2732000;cash;;WBA3YHT28DX7USLWR
S002372;L0012842;C002349;D010;V028;A0101;08.06.2026;15.07.2026;3788000;cash;;WBA4A6J54DRTDZG62
S000522;L0002815;C005205;D014;V018;A0144;25.11.2024;08.01.2025;4436000;financing;;WBA3AP4MLWX8BPUPW
S001487;L0008069;C002945;D003;V013;A0034;25.07.2025;20.08.2025;10585000;cash;;WBA4H7F1J7HKNEVND
S000323;L0001844;C004139;D007;V010;A0074;01.07.2026;09.07.2026;4226000;financing;;WBAA3UTA0K80Z7ETL
S002412;L0013074;C000627;D006;V029;A0062;07.02.2026;14.03.2026;3090000;cash;;WBAAP3D2W5R4W6XU8
S000366;L0002049;C005787;D011;V025;A0111;16.12.2024;03.01.2025;2963000;cash;;WBAT97TSSHP2SLML6
S002515;L0013606;C001774;D007;V025;A0074;31.10.2025;20.11.2025;2888000;cash;;WBAA724ADK3KJHSBC
S001766;L0009458;C003302;D005;V001;A0053;24.02.2026;28.03.2026;3328000;bank_transfer;;WBA8NFE0K3PYSKN22
S000534;L0002856;C000724;D005;V030;A0052;29.08.2026;27.09.2026;11263000;bank_transfer;;WBA3LDEY5BZ7PW295
S002679;L0014553;C001347;D001;V028;A0012;21.11.2024;10.12.2024;3815000;financing;890000;WBA0XCY7CP398UBRL
S000808;L0004244;C003521;D005;V011;A0053;04.10.2025;17.11.2025;6000000;cash;;WBA6W36JE4F6JWBKN
S002727;L0014903;C005090;D008;V001;A0083;12.01.2026;13.02.2026;3325000;cash;;WBAF89BSD6Z3YKVKV
S000240;L0001308;C002109;D009;V034;A0094;04.12.2024;16.01.2025;5634000;financing;;WBA4XV2H7YYES58X0
S001450;L0007860;C002493;D009;V017;A0092;08.01.2026;20.02.2026;3902000;financing;;WBA4U8WDVX45MRA3N
S002023;L0010890;C002892;D003;V034;A0033;16.12.2024;22.01.2025;5821000;cash;2460000;WBAJ6V1U9DZN6UM9L
S002391;L0012959;C006111;D004;V009;A0044;01.05.2025;26.05.2025;4659000;financing;1140000;WBAJXGDYDG6MYG5V0
S001940;L0010443;C004466;D010;V004;A0102;06.10.2025;11.11.2025;4816000;bank_transfer;;WBAE2X5Y8SXFA3P41
S002623;L0014231;C006098;D006;V025;A0061;21.03.2026;30.04.2026;2801000;financing;;WBAV7DD3PVPBGAUAV
S000931;L0004857;C003683;D010;V001;A0104;26.12.2025;02.01.2026;3245000;financing;;WBA2VZUBFPZBSFLJT
S000942;L0004952;C001074;D010;V026;A0104;02.10.2025;22.10.2025;2898000;financing;;WBA961AJY08JTYHW0
S001445;L0007828;C001843;D005;V029;A0054;06.02.2026;16.03.2026;3168000;cash;1280000;WBA2ZRFHFHURR89WX
S001449;L0007851;C002934;D004;V028;A0043;21.07.2026;25.08.2026;3623000;cash;;WBAT29DPJMJRG8YC8
S000953;L0005033;C003047;D008;V024;A0083;08.01.2026;25.01.2026;2456000;cash;;WBA04LGWXFFPWE2H1
S002497;L0013506;C004544;D005;V017;A0052;30.05.2026;25.06.2026;4075000;financing;;WBABEJEM8TL2K1YTN
S000835;L0004384;C001095;D006;V017;A0063;07.08.2025;08.09.2025;3928000;financing;;WBAHTU092RJGDDYCZ
S000970;L0005115;C005600;D007;V037;A0072;29.06.2026;24.07.2026;17158000;financing;7950000;WBADUU24WJVYE17YD
S001243;L0006626;C003053;D004;V031;A0041;18.07.2025;29.08.2025;10342000;cash;;WBAW359ZW4002S3KY
S000487;L0002651;C004825;D007;V035;A0073;15.05.2025;17.06.2025;7900000;financing;3840000;WBAY6FTZVVN6YGZUB
S001591;L0008689;C005193;D002;V002;A0024;19.12.2025;01.01.2026;3643000;financing;;WBABDXLSVJDW638WS
S002068;L0011152;C004084;D001;V027;A0014;20.10.2025;23.10.2025;3493000;financing;;WBAVD0CEBUVTZEZ6E
S001341;L0007221;C004885;D012;V019;A0123;17.02.2026;24.02.2026;4384000;cash;;WBA4HKACWWEPJSALB
S002105;L0011385;C004008;D011;V019;A0112;27.05.2025;08.07.2025;4250000;financing;1120000;WBAJN7PFH23JFHDFB
S001245;L0006628;C003461;D005;V009;A0054;09.02.2026;06.03.2026;4724000;financing;;WBAULC868A6EZ2AA1
S002416;L0013085;C002056;D004;V009;A0043;09.03.2026;10.04.2026;4702000;financing;2390000;WBA47CWBWKJ32FT8D
S001098;L0005738;C000369;D008;V027;A0081;07.10.2024;12.12.2025;3499000;financing;680000;WBANDMLKZPAMNXG1N
S000917;L0004808;C002817;D002;V027;A0023;27.10.2025;29.11.2025;3560000;financing;680000;WBAF41WYEMNM38XEZ
S001274;L0006790;C003921;D004;V025;A0044;04.05.2026;13.06.2026;2927000;bank_transfer;;WBA8X1R8XJK40B8HJ
S000461;L0002523;C003154;D006;V025;A0062;21.03.2025;01.05.2025;2897000;financing;;WBAD3PX35AWRK9XFV
S001978;L0010684;C005107;D003;V010;A0031;12.12.2025;21.01.2026;4361000;financing;;WBAM4TDMPG5MBC8JD
S001831;L0009779;C003683;D010;V024;A0102;23.09.2025;25.10.2025;2585000;financing;;WBAGMX9NBM7DWL7ZW
S000762;L0004028;C001541;D001;V027;A0013;29.04.2026;06.06.2026;3565000;financing;990000;WBA58T7P1Z7LPUW1E
S000820;L0004312;C000166;D014;V001;A0142;27.04.2026;17.05.2026;3406000;cash;1260000;WBA44N6RHBZ43GW5C
S000749;L0003969;C001256;D002;V032;A0021;26.08.2026;06.09.2026;5831000;bank_transfer;;WBAUGVV44ZANUDLSV
S000176;L0000997;C003405;D002;V029;A0021;06.11.2025;24.11.2025;3300000;bank_transfer;;WBAKG16FKABC0L0M8
S000195;L0001086;C003065;D014;V022;A0143;11.05.2026;21.05.2026;9560000;cash;4300000;WBA23LB9BFJS1ASK7
S000299;L0001695;C001500;D001;V019;A0013;13.01.2025;24.01.2025;4373000;bank_transfer;;WBAR35W331UYNX4X9
S000496;L0002682;C005667;D002;V009;A0023;30.05.2025;08.08.2026;4656000;cash;1470000;WBAT2U4WWWA2UH79K
S000783;L0004123;C004365;D003;V001;A0032;25.06.2025;22.07.2025;3420000;financing;;WBA2CBWKHW19AMRUN
S002125;L0011484;C003235;D011;V005;A0113;06.12.2023;02.02.2025;6623000;financing;;WBAJ9CAL06781S0SV
S001645;L0008949;C000307;D004;V008;A0042;17.04.2026;23.05.2026;3989000;bank_transfer;;WBAUP90FU2E36J2YU
S000732;L0003900;C003534;D004;V028;A0044;08.07.2026;31.07.2026;3809000;financing;;WBAEMFALFJM0GXE6A
S000179;L0001007;C000857;D002;V012;A0021;01.09.2025;29.09.2025;6882000;financing;;WBARKJA1X8MZ0DCRT
S000859;L0004508;C000992;D013;V010;A0133;05.10.2024;27.10.2024;4432000;cash;;WBAUASGFBAU2U5Y7C
S000991;L0005222;C004302;D001;V028;A0012;29.05.2025;08.07.2025;3665000;financing;1250000;WBAY9VKXRJMXKD86K
S001358;L0007326;C002929;D008;V019;A0083;14.01.2026;15.02.2026;4292000;cash;;WBASZ3636K7R81X0A
S001174;L0006149;C002962;D002;V003;A0024;18.12.2024;25.01.2025;4434000;cash;;WBAD6UADWTZGEFKKE
S001778;L0009510;C003256;D002;V025;A0022;28.07.2025;03.08.2025;2988000;cash;;WBAVML6V45E54KH7G
S001946;L0010458;C002192;D010;V001;A0103;20.02.2026;09.03.2026;3395000;financing;;WBAHWMD75R80906DS
S002334;L0012609;C001791;D006;V003;A0063;06.02.2026;18.03.2026;4408000;financing;;WBAMANV3KYSZUYW16
S002662;L0014480;C001563;D002;V031;A0024;13.02.2026;25.02.2026;9916000;financing;3190000;WBA03XTG0PP02SP68
S000033;L0000159;C001121;D012;V026;A0123;11.05.2026;19.06.2026;2732000;cash;;WBAUTD93Y9AFE9NZ4
S001729;L0009302;C001547;D002;V001;A0021;19.07.2025;25.07.2025;3333000;financing;;WBAX59BJG2KLCBZMU
S000234;L0001273;C004020;D004;V016;A0044;28.07.2026;27.08.2026;5032000;financing;;WBAS5RCNHL8473SX4
S001381;L0007478;C003362;D003;V025;A0033;18.08.2025;25.09.2025;2890000;financing;;WBAURWYDUC01K8DTW
S001126;L0005910;C002412;D007;V020;A0073;06.01.2025;15.02.2025;6600000;financing;1760000;WBAJ8B4CW7BK6R3R1
S000546;L0002911;C006128;D006;V016;A0061;24.03.2026;05.04.2026;4981000;cash;;WBAJJ9S518ML958V4
S001180;L0006184;C002265;D007;V024;A0071;21.07.2026;29.08.2026;2615000;cash;;WBAMRU477NHE26DXE
S002235;L0012089;C003595;D001;V017;A0011;15.08.2026;07.09.2026;3788000;cash;;WBAGJN16HHN242V3T
S000858;L0004507;C004054;D010;V033;A0102;02.01.2026;16.01.2026;5316000;financing;;WBA78CDVN629M9N42
S001360;L0007329;C004926;D005;V024;A0051;12.12.2025;26.12.2025;2585000;financing;;WBAGHP87TVBA48A7V
S002447;L0013234;C003089;D007;V019;A0071;09.11.2024;03.12.2024;4222000;bank_transfer;1550000;WBA9UM8NBYAVSUT4T
S000650;L0003495;C004505;D004;V001;A0041;11.11.2025;02.12.2025;3242000;financing;800000;WBAUKN7LDGUJN9Z5V
S002441;L0013214;C003283;D004;V025;A0041;28.12.2024;29.01.2025;2733000;financing;;WBALC84VNZ3480XL3
S002280;L0012349;C002802;D013;V019;A0131;20.04.2026;12.05.2026;4210000;cash;2040000;WBALHW1SJMMNE1BLJ
S000437;L0002408;C002976;D007;V025;A0073;08.09.2025;21.09.2025;2902000;financing;;WBA1LV0J497VL6VLM
S001722;L0009281;C003688;D001;V025;A0014;16.12.2024;16.01.2025;2999000;cash;680000;WBAW01FWM2FKNS9W3
S000472;L0002582;C004154;D005;V018;A0052;20.06.2025;04.07.2025;4548000;cash;720000;WBANMRFG1R25FY580
S000928;L0004834;C003539;D007;V017;A0073;25.07.2026;10.08.2026;3954000;bank_transfer;;WBA5NFWGDWMXZ67MC
S002619;L0014211;C004154;D002;V017;A0023;15.10.2024;26.10.2024;3808000;financing;;WBAGHTBRZ9MRC871F
S001629;L0008854;C001864;D007;V021;A0072;27.12.2025;21.01.2026;7056000;cash;;WBAMR3JT6G2T4CZ43
S001823;L0009717;C001937;D005;V026;A0054;05.08.2026;19.08.2026;2781000;cash;;WBAADJ46S1NKZBS6M
S002620;L0014213;C005540;D003;V009;A0032;18.10.2025;06.11.2025;4731000;financing;;WBAE9XVT0G43GKM5Y
S001862;L0009975;C004235;D007;V009;A0073;18.04.2026;07.05.2026;4807000;financing;;WBA4APKD3DJN1UKB3
S001966;L0010627;C004285;D001;V014;A0014;06.04.2026;05.05.2026;11878000;cash;;WBA8V5AUX5PD5U5MG
S001421;L0007704;C005858;D001;V026;A0012;07.11.2025;11.11.2025;2769000;cash;;WBAS7VY3W5E6PXSP2
S001961;L0010592;C004898;D002;V029;A0023;16.10.2025;30.10.2025;3116000;financing;;WBAJBR6M4UV1TFEWD
S001503;L0008141;C003230;D006;V032;A0063;08.04.2026;17.04.2026;5965000;financing;;WBAPRYNSKMRMH6XF5
S001576;L0008544;C004173;D002;V004;A0023;06.04.2026;21.04.2026;4699000;financing;;WBA14FSBX1995AB07
S000946;L0004978;C002818;D001;V005;A0011;13.04.2026;24.05.2026;6637000;financing;1290000;WBAFH5XA1CVZ6VHXG
S002076;L0011191;C005011;D005;V010;A0053;14.02.2024;24.03.2025;4368000;cash;;WBAPCWSBZV1ZM5CXC
S002010;L0010832;C000527;D011;V034;A0111;04.03.2026;05.04.2026;5704000;financing;;WBASJFSW592FWCA05
S002568;L0013907;C001503;D003;V014;A0033;03.08.2026;12.08.2026;11518000;financing;;WBA05N4Y9D1KP487P
S001252;L0006657;C000109;D002;V009;A0021;29.06.2026;12.08.2026;4689000;financing;;WBAU9P49XJ3F4SW9L
S001948;L0010463;C003815;D010;V033;A0104;24.08.2026;26.09.2026;5214000;financing;1870000;WBASADG9SPJST5ESF
S001964;L0010602;C005904;D004;V026;A0043;16.09.2025;15.10.2025;2780000;cash;;WBADGY2VNWFD1PUUM
S001668;L0009068;C001540;D001;V032;A0011;07.03.2026;07.04.2026;5630000;cash;;WBA3YT7L9K6N0ER7R
S001134;L0005963;C000057;D009;V025;A0093;17.10.2025;29.10.2025;2886000;financing;;WBAJJ0L6PCE44R2ED
S002084;L0011250;C000648;D014;V029;A0141;29.01.2026;11.02.2026;3168000;financing;;WBAFCGJUTWGRTRA1P
S000544;L0002905;C001083;D007;V011;A0074;27.04.2026;01.06.2026;5990000;financing;;WBAURG6JYTL3DMVG2
S000074;L0000432;C000738;D003;V024;A0034;21.01.2026;26.01.2026;2526000;financing;1030000;WBAMKT4L2E4E4N40A
S000388;L0002169;C000052;D004;V028;A0042;04.12.2024;29.12.2024;3759000;financing;;WBANPTTE14J04JLA1
S000310;L0001765;C002728;D007;V028;A0072;29.03.2024;15.06.2025;3786000;bank_transfer;;WBAW02EGDP71T91TB
S001196;L0006300;C004631;D003;V026;A0032;18.10.2025;25.10.2025;2836000;financing;850000;WBAWZ7LK3BK1W45G5
S000558;L0002958;C000607;D008;V009;A0082;03.04.2026;16.04.2026;4670000;financing;2350000;WBAE070H0E2CLHP9C
S000510;L0002733;C004732;D003;V019;A0032;10.02.2026;11.03.2026;4379000;financing;;WBA7EDR0UAUD9YRPR
S001555;L0008406;C003427;D008;V024;A0082;16.01.2026;30.01.2026;2566000;financing;;WBA91Z57WC3V5Y3DX
S000451;L0002476;C001601;D002;V024;A0024;18.12.2025;26.01.2026;2536000;cash;;WBA0E9XZ5XCA14DA0
S000677;L0003650;C002958;D009;V033;A0092;19.12.2025;11.01.2026;4871000;cash;;WBADM2KPN8V4GRNHC
S000671;L0003605;C005947;D004;V009;A0041;19.01.2026;03.02.2026;4504000;financing;;WBACE9F1A3XZHB3RJ
S002503;L0013528;C005007;D012;V011;A0123;26.08.2026;24.09.2026;6046000;cash;;WBAUN0G5V1YZWEYUZ
S001125;L0005909;C000656;D007;V002;A0073;24.11.2025;18.12.2025;3662000;financing;1440000;WBANV2318AR26HEPL
S002676;L0014532;C004585;D004;V013;A0042;24.06.2026;14.07.2026;10734000;financing;3000000;WBACXL3X3VRU13ZV6
S002709;L0014787;C004351;D007;V011;A0073;23.09.2025;06.10.2025;6096000;financing;;WBAU7ARUFFS4XBVNT
S002329;L0012592;C004631;D001;V027;A0014;10.07.2026;07.08.2026;3577000;financing;;WBA0PFDXPKCTRLKL4
S000081;L0000456;C006118;D003;V005;A0031;26.01.2026;04.03.2026;6377000;bank_transfer;;WBAJWXYV2HHLDA2VY
S000600;L0003147;C005028;D009;V019;A0092;03.08.2026;02.09.2026;4346000;financing;;WBALBFK16CU8EL3YB
S000892;L0004669;C005590;D003;V017;A0034;03.12.2025;12.12.2025;3964000;financing;770000;WBAG6EL1SKFY2CKJ2
S002560;L0013856;C000955;D006;V011;A0061;24.04.2026;27.04.2026;6107000;bank_transfer;;WBANTPWA3326BVZ8P
S002518;L0013615;C002640;D004;V025;A0041;29.09.2025;06.10.2025;2811000;financing;;WBA5Z44637SFRYXBZ
S002350;L0012714;C001438;D001;V019;A0013;20.05.2025;23.06.2025;4463000;financing;;WBAJ3L5ZLS04Z36WT
S001899;L0010212;C003989;D010;V022;A0101;23.06.2026;04.07.2026;9120000;financing;;WBA6D5VSF2023AL4L
S001413;L0007674;C004207;D001;V004;A0014;04.05.2026;12.05.2026;5022000;bank_transfer;;WBAXPEU8TE4MU6VXF
S002074;L0011179;C001494;D010;V008;A0103;27.05.2026;07.07.2026;4091000;financing;;WBAHCHRK8X9C2M9F3
S002431;L0013169;C000109;D003;V035;A0031;31.03.2025;10.05.2025;7550000;cash;;WBAYNMGRG32NFW8YU
S001846;L0009885;C001286;D002;V027;A0021;06.04.2026;20.04.2026;3568000;financing;;WBA92D6V18SN3AZEE
S001314;L0007086;C002319;D001;V006;A0013;30.06.2026;23.07.2026;7395000;cash;;WBAWZFX9A1FN028RX
S000901;L0004725;C002769;D003;V001;A0033;14.07.2026;15.08.2026;3252000;financing;;WBAMK6CRLPUZJF02W
S001028;L0005439;C003436;D005;V022;A0053;08.04.2026;13.04.2026;9545000;cash;;WBABTWTF64ADK2DBC
S000197;L0001098;C004072;D007;V001;A0072;12.05.2025;14.06.2025;3385000;cash;;WBAFW7PHWRA47W8RT
S002470;L0013364;C005927;D009;V034;A0092;08.08.2026;12.08.2026;5926000;financing;2640000;WBAUUVFBN2PUMNR8K
S002382;L0012923;C000709;D014;V025;A0143;10.07.2025;28.07.2025;2991000;financing;460000;WBA9TTH627LW238PT
S000325;L0001860;C005509;D007;V028;A0071;12.11.2025;09.12.2025;3805000;financing;;WBA2BB2ZAK2XT992K
S002116;L0011448;C003342;D001;V018;A0012;27.11.2024;23.12.2024;4518000;financing;;WBASJLTCECA80AHAL
S000142;L0000806;C002319;D001;V020;A0014;24.12.2025;13.01.2026;6419000;bank_transfer;3220000;WBAXRLZK1Z0KAX0EU
S000830;L0004370;C003970;D009;V024;A0091;25.11.2024;12.12.2024;2522000;financing;;WBAKVC6SWT66ZDZCW
S000045;L0000290;C002574;D002;V025;A0023;30.09.2025;30.10.2025;2905000;cash;960000;WBAK9HGJDSDES3ZFG
S000913;L0004781;C000821;D007;V011;A0072;22.06.2026;02.08.2026;6179000;financing;;WBAZJGVA6YKJETE2G
S002093;L0011301;C000622;D008;V018;A0081;04.09.2025;12.09.2025;4589000;financing;1520000;WBAM6JN8F3587ED61
S001406;L0007600;C000788;D004;V001;A0043;16.03.2026;03.04.2026;3307000;cash;;WBAD9K9APBN3XF6PA
S000569;L0003006;C004714;D004;V028;A0044;12.02.2025;19.02.2025;3816000;cash;;WBAAP2KWLDGR3A1MS
S001728;L0009301;C005199;D012;V010;A0123;16.06.2026;30.07.2026;4447000;financing;1470000;WBA5K2R5C9G4KY71R
S001656;L0009005;C002854;D002;V034;A0024;13.01.2026;17.02.2026;5501000;financing;;WBAH1LSABBURSGL0E
S000566;L0002994;C002984;D008;V013;A0081;04.06.2026;14.07.2026;11130000;financing;;WBARAWH9KT13SH5D4
S002128;L0011512;C002817;D001;V022;A0012;06.06.2025;14.07.2025;9500000;bank_transfer;;WBA8UM6NX0A0V30TY
S000094;L0000525;C004280;D004;V027;A0044;26.02.2026;06.03.2026;3581000;cash;;WBAHWTE00HV3Y6W7D
S001426;L0007722;C000351;D007;V024;A0074;11.04.2026;05.05.2026;2569000;financing;1160000;WBAV8ZJ61RE5ZNAYU
S000966;L0005089;C000883;D009;V026;A0091;16.03.2026;06.04.2026;2735000;cash;;WBAT72Z3PWR0FX4BX
S001091;L0005699;C005123;D009;V029;A0093;18.08.2026;06.09.2026;3083000;financing;;WBA2WYZNW13TK4M0G
S000479;L0002624;C004988;D007;V024;A0073;08.06.2026;21.06.2026;2464000;financing;550000;WBAMCKWM88BX690MS
S000499;L0002695;C004967;D001;V032;A0012;10.01.2026;28.01.2026;6200000;financing;;WBAAJ87YLZZEPP4YF
S002566;L0013901;C004549;D004;V024;A0044;11.06.2026;11.07.2026;2650000;cash;;WBASVVPGTZABZX5SV
S002041;L0011002;C004770;D014;V010;A0141;13.03.2026;12.04.2026;4348000;financing;;WBA8Z1AGNVCCHYSSS
S001481;L0008011;C001799;D007;V004;A0073;15.04.2026;19.05.2026;4800000;financing;;WBAES5312YCETBF5V
S001128;L0005918;C003542;D002;V020;A0023;14.02.2025;14.03.2025;6351000;cash;;WBA0E1CNYHTULXU8S
S000645;L0003467;C001591;D009;V003;A0092;20.09.2025;01.11.2025;4352000;bank_transfer;1400000;WBAL9TAU6TNX1GF0A
S002290;L0012398;C002743;D003;V032;A0031;02.09.2025;08.09.2025;6054000;bank_transfer;2470000;WBABATCMTHWB1M9Z4
S001648;L0008971;C001226;D009;V024;A0092;11.10.2025;17.10.2025;2527000;cash;1120000;WBAFRPYMTXDKCXCY9
S002182;L0011839;C002607;D004;V033;A0042;28.07.2025;17.08.2025;5378000;cash;;WBA1HGWVF4FV5S9VB
S002665;L0014495;C001317;D006;V032;A0064;06.05.2026;12.06.2026;5915000;financing;;WBA9DBL6AND2LLGJ7
S001035;L0005480;C002876;D009;V019;A0091;10.10.2025;29.10.2025;4200000;financing;;WBAST04A1YE6VC5B4
S001564;L0008458;C003086;D001;V003;A0012;12.06.2026;13.07.2026;4330000;bank_transfer;;WBAEYAWJV9SURHDNF
S000394;L0002199;C000556;D004;V026;A0042;08.09.2025;19.09.2025;2861000;financing;;WBALY9BDAH0A9V1Z6
S002630;L0014284;C001080;D001;V010;A0011;10.02.2026;16.03.2026;4309000;cash;;WBAE5F4YT8A6SNLT0
S001178;L0006166;C003532;D004;V029;A0042;05.09.2025;20.09.2025;3274000;financing;;WBA8772WBVY8CXF8M
S000319;L0001817;C002942;D013;V018;A0133;11.12.2025;16.01.2026;4494000;financing;;WBAAC38ZPWGD5PF64
S000480;L0002627;C005816;D008;V015;A0082;30.05.2025;29.06.2025;15233000;cash;;WBA2AFFL7YCJDP9V6
S001287;L0006920;C005553;D002;V024;A0023;16.05.2025;08.06.2025;2569000;cash;;WBAYD3KUAS3Z4EPZR
S002514;L0013597;C002135;D001;V020;A0013;29.10.2025;25.11.2025;6600000;cash;1800000;WBAXL4TTM9ZRHN3B7
S002121;L0011472;C000969;D001;V029;A0014;04.08.2026;25.08.2026;3144000;cash;;WBAEN8HLVRJ250R57
S000582;L0003045;C005955;D009;V018;A0092;09.07.2025;21.07.2025;4618000;bank_transfer;2040000;WBA08EHSMCLXWAGZ2
S000706;L0003797;C000357;D009;V002;A0093;15.10.2025;16.11.2025;3609000;financing;1060000;WBA68RY9PDF9SYYKW
S001577;L0008545;C003100;D002;V027;A0024;30.04.2025;04.06.2025;3575000;financing;;WBAFBKW1TVU197PS3
S000071;L0000412;C005153;D002;V026;A0022;19.11.2025;22.12.2025;2820000;cash;;WBAWESKRENBC1W1NJ
S001271;L0006772;C000430;D009;V034;A0092;23.12.2025;04.02.2026;5970000;financing;;WBA0Z4TC3GTFUSXYT
S002481;L0013424;C005134;D007;V033;A0074;02.01.2026;06.01.2026;5225000;financing;;WBACGG7U7GVVFJGVL
S001930;L0010362;C003710;D012;V014;A0122;10.04.2025;17.05.2025;11895000;cash;;WBAMPZV1JP12GNXDP
S001208;L0006395;C002185;D008;V027;A0084;19.01.2026;12.02.2026;3383000;bank_transfer;;WBA434DZGET65MMF7
S000057;L0000335;C004323;D010;V013;A0102;01.01.2026;05.02.2026;10473000;cash;;WBAWV7JE31D3P35VF
S001647;L0008958;C003772;D008;V029;A0081;16.01.2025;13.02.2025;3262000;cash;;WBALS8L13J8HJW270
S002185;L0011846;C004409;D004;V003;A0043;23.02.2026;28.03.2026;4399000;financing;;WBAV1MWT06TBH8VHF
S000355;L0002004;C000947;D002;V001;A0024;21.10.2025;26.11.2025;3330000;cash;;WBA4MP3PR6WMJPASV
S001033;L0005471;C002704;D003;V026;A0031;28.05.2026;15.06.2026;2818000;financing;620000;WBAB69846AGHNT29V
S002494;L0013490;C003668;D006;V003;A0064;24.02.2025;14.03.2025;4376000;cash;;WBABL1WWDAX31HX80
S000212;L0001176;C004147;D005;V029;A0051;19.09.2025;28.10.2025;3142000;cash;1470000;WBAZ6N8RLBX77W3JT
S001230;L0006546;C000175;D005;V026;A0053;10.06.2025;09.07.2025;2832000;bank_transfer;;WBABGDD0HYEPHDWHS
S002188;L0011858;C000880;D004;V026;A0043;03.05.2025;02.06.2025;2662000;financing;;WBAJ840WGV1RKAYE9
S001625;L0008839;C000797;D002;V031;A0021;30.05.2025;30.06.2025;10255000;cash;;WBAJSDRM59V5BTVA6
S002556;L0013841;C003722;D001;V013;A0011;02.04.2025;30.04.2025;10663000;cash;;WBAB3WCYY6SP6KSZ4
S001701;L0009209;C004551;D003;V018;A0032;31.05.2025;16.06.2025;4599000;cash;;WBAZJ9MDL0TH530KM
S000533;L0002850;C004465;D001;V029;A0013;13.07.2026;11.08.2026;3158000;financing;;WBAY4YUR61MW6X3JG
S000125;L0000730;C005476;D005;V025;A0054;16.05.2026;25.06.2026;3007000;financing;;WBA8KGG4G7NHD3FKR
S002696;L0014680;C001996;D003;V017;A0032;28.03.2026;21.04.2026;3778000;cash;;WBAM64AVN4WAVLNWR
S001338;L0007192;C001547;D007;V002;A0073;25.06.2025;24.07.2025;3688000;financing;1460000;WBAZMBXK0M0NX50UC
S001953;L0010524;C002790;D006;V016;A0062;02.02.2026;04.03.2026;5062000;financing;;WBAPJ46K7LSBH530V
S002346;L0012691;C000210;D011;V004;A0114;14.07.2025;13.08.2025;4861000;financing;;WBA3YC6TZZ69U7XNA
S001685;L0009144;C000523;D012;V027;A0124;23.12.2024;07.01.2025;3535000;financing;;WBA1VKY5DXUBYGA9B
S000618;L0003292;C002992;D009;V001;A0092;09.03.2026;19.03.2026;3191000;financing;;WBAVBSX73X0DKUU3M
S001065;L0005576;C004717;D006;V028;A0064;18.07.2026;21.08.2026;3790000;bank_transfer;1110000;WBAK4ED8FFLWUT43H
S001509;L0008166;C004340;D003;V022;A0032;27.08.2025;05.10.2025;9599000;financing;;WBAJ3JP9P26883LAS
S001567;L0008490;C004984;D006;V027;A0061;30.08.2025;08.10.2025;3600000;financing;1670000;WBA3W4AWJP6WS5GMX
S001478;L0008002;C002647;D005;V004;A0054;25.11.2024;08.12.2024;4816000;financing;;WBAFL37GR3Z085ALF
S000555;L0002948;C004272;D013;V004;A0131;09.03.2026;18.03.2026;4757000;bank_transfer;;WBAS5T45NMVW03FPJ
S001610;L0008783;C004147;D006;V008;A0064;15.06.2026;23.07.2026;3979000;bank_transfer;1250000;WBAXP5GFRSYG058PN
S001018;L0005399;C001767;D010;V028;A0102;25.07.2025;05.09.2025;3735000;financing;;WBAE54KYZHDEVAR89
S000434;L0002395;C005906;D013;V032;A0133;08.04.2026;07.05.2026;5903000;cash;;WBAU37JLL091024RK
S000529;L0002837;C005715;D009;V004;A0092;25.07.2026;13.08.2026;4852000;financing;;WBAE4J3BCZ7UYA71H
S002123;L0011480;C001553;D005;V017;A0054;08.02.2025;17.02.2025;3954000;financing;;WBANGLS9TU7NLV3T8
S000565;L0002991;C003284;D008;V024;A0084;08.05.2026;16.06.2026;2517000;financing;780000;WBALNH5ZTCD3TDM0Z
S001294;L0006938;C002595;D004;V007;A0042;14.03.2026;19.03.2026;13964000;financing;;WBA6T6LRNDFF9EDNW
S000606;L0003193;C004849;D001;V019;A0012;01.12.2025;23.12.2025;4375000;cash;;WBAS9RBNYMUMECBTP
S002224;L0012032;C005099;D013;V005;A0134;20.05.2025;23.06.2025;6735000;financing;1210000;WBAEY99YPE917538S
S001101;L0005757;C005023;D011;V016;A0112;19.01.2026;25.01.2026;5158000;financing;950000;WBA7XRHB84GWWL74C
S002016;L0010850;C003112;D014;V020;A0141;25.02.2026;24.03.2026;6105000;bank_transfer;;WBA5CJ2UVYCTL8JBA
S001394;L0007550;C005957;D011;V026;A0114;18.04.2026;20.05.2026;2748000;financing;;WBA4W7Y3WJYW874EB
S000416;L0002312;C000172;D004;V028;A0043;25.03.2025;21.04.2025;3904000;financing;;WBAM4VM75X25MN6TC
S001836;L0009799;C002622;D001;V016;A0011;04.02.2025;14.02.2025;4980000;cash;;WBAPC45LH5LPCYMEN
S000322;L0001837;C002592;D002;V001;A0022;28.07.2025;23.08.2025;3424000;financing;;WBA3401XMDPYM707A
S000686;L0003716;C002135;D014;V002;A0141;12.07.2025;21.08.2025;3835000;financing;1870000;WBA8FJK237XJAWVL2
S000519;L0002774;C001127;D009;V033;A0093;13.01.2025;30.01.2025;5400000;financing;;WBARWADZVEG5KGX9K
S001117;L0005842;C001779;D006;V006;A0063;05.01.2026;15.02.2026;7170000;financing;;WBATSMPPCYK5Y5LWM
S000046;L0000291;C004534;D001;V010;A0011;24.08.2026;24.09.2026;4406000;financing;;WBAJ7PVM42ZR25H4J
S002291;L0012404;C005572;D005;V028;A0054;14.05.2026;30.05.2026;3902000;bank_transfer;1100000;WBA4MHUS9XX5RRU3Y
S000283;L0001569;C004120;D005;V033;A0054;20.07.2026;25.07.2026;5115000;financing;;WBAH9Z9V41SBV6XMF
S001221;L0006510;C002001;D007;V024;A0071;01.12.2025;19.12.2025;2545000;financing;1030000;WBAXBX5T002M7RPBY
S002138;L0011590;C004911;D003;V027;A0031;18.08.2025;03.09.2025;3642000;financing;;WBAFTUL3XFN4UJTVB
S002730;L0014934;C001240;D001;V020;A0013;20.08.2026;02.10.2026;6190000;cash;;WBAGUU4K2FCSYCT8Z
S002469;L0013346;C002416;D001;V011;A0011;21.04.2026;07.05.2026;6161000;financing;;WBAVH4TJ48DR0H3V4
S000064;L0000372;C003421;D004;V019;A0042;21.07.2026;08.08.2026;4346000;cash;;WBANCWDYCF6ZW3WP6
S001751;L0009403;C002001;D007;V025;A0073;03.11.2025;08.11.2025;2961000;financing;;WBA3BE1DVEH67MW36
S001560;L0008426;C002145;D004;V027;A0043;18.05.2026;19.06.2026;3569000;financing;1570000;WBASGGG0HZ5NT7DDK
S001592;L0008695;C003154;D005;V029;A0054;14.03.2025;17.03.2025;3033000;cash;;WBARESYNAV3JPYBSJ
S001845;L0009884;C001762;D013;V012;A0133;04.02.2025;18.03.2025;7080000;financing;;WBACUD7SS2ST6MGCH
S002706;L0014769;C003427;D002;V016;A0023;26.01.2026;21.02.2026;5121000;financing;1340000;WBAT2ACMKJZ1704CU
S002111;L0011418;C003090;D010;V002;A0101;27.06.2026;30.06.2026;3782000;financing;;WBA1ES3KJZ1Z7ABLN
S000486;L0002642;C003599;D009;V027;A0091;28.10.2024;16.11.2024;3573000;financing;;WBAAGSS3HMD4LM75R
S000863;L0004528;C000627;D005;V002;A0054;09.10.2025;17.11.2025;3748000;financing;;WBA91UHEJ5BK1H5FY
S002534;L0013733;C001810;D013;V004;A0133;05.03.2025;25.03.2025;4840000;financing;1720000;WBALX6010U1AFYUZN
S001585;L0008658;C000205;D001;V018;A0014;15.12.2025;29.12.2025;4377000;bank_transfer;;WBA6X1NBY3N13XNRR
S002726;L9405583;C000740;D002;V012;A0022;13.03.2026;28.03.2026;6591000;financing;;WBAPKSVAEXBC8210B
S000980;L0005175;C000829;D001;V031;A0014;27.03.2025;10.05.2025;10307000;cash;;WBAE7G14VSRJSGW0X
S000766;L0004043;C003777;D010;V029;A0101;25.06.2025;19.07.2025;3160000;financing;;WBAZ6K2PBXL62A87Y
S001678;L0009116;C001734;D003;V029;A0033;18.07.2025;29.08.2025;3212000;financing;;WBAXGUEDRF1RV1A9C
S001104;L0005765;C000817;D005;V022;A0051;06.05.2026;08.06.2026;9264000;financing;;WBAJYCMNGMLNGAGTM
S000433;L0002393;C002732;D006;V026;A0064;19.11.2025;09.12.2025;2785000;cash;;WBAVWM6N7RXE3961B
S000507;L0002726;C005792;D005;V028;A0054;31.01.2026;09.02.2026;3939000;financing;;WBA1UN1RAH1PS1X17
S001179;L0006173;C002516;D002;V025;A0024;02.02.2026;17.02.2026;3050000;bank_transfer;910000;WBAGK904BM6HVL8TB
S002523;L0013652;C003803;D003;V008;A0033;25.11.2024;05.01.2025;4073000;bank_transfer;1750000;WBAMWZD0LF0V7P9HB
S000652;L0003502;C005535;D005;V028;A0051;04.12.2025;20.12.2025;3961000;cash;;WBA7ZFA326VF2UHA3
S001337;L0007190;C001733;D001;V009;A0014;30.12.2024;03.02.2025;4621000;cash;;WBA408JDVWFALJ4A1
S000030;L0000145;C003529;D004;V024;A0041;14.04.2026;29.04.2026;2443000;bank_transfer;;WBA3PE66JP0NGE8JE
S001152;L0006040;C003621;D002;V008;A0021;30.07.2026;08.08.2026;4044000;financing;2020000;WBAH5J9UUJFXPK8YP
S001753;L0009410;C000324;D003;V008;A0032;17.03.2026;23.03.2026;4063000;financing;;WBA8P6M657ZXVVXL8
S000782;L0004121;C003300;D002;V015;A0024;18.07.2026;25.07.2026;15672000;cash;8230000;WBA37JACZ3FY094DZ
S000680;L0003675;C001965;D002;V036;A0021;05.06.2026;29.06.2026;13463000;financing;;WBA44EB69BY42JYSJ
S002253;L0012176;C000386;D008;V020;A0083;22.12.2025;23.01.2026;6446000;financing;;WBAAVP5GA7PC2W6EC
S002229;L0012049;C002873;D008;V025;A0083;28.08.2026;27.09.2026;2740000;bank_transfer;1470000;WBA2WR5H769CG8LA7
S001539;L0008338;C004959;D005;V019;A0052;20.09.2025;26.10.2025;4282000;financing;;WBAGXS7P3DT6XB2L7
S000189;L0001051;C001968;D006;V024;A0063;04.02.2026;16.02.2026;2529000;cash;;WBALT0M6WDVSDJJ6T
S000171;L0000951;C002320;D002;V027;A0024;04.08.2025;06.09.2025;3549000;financing;670000;WBAPLKEW4F4K1G3WS
S000044;L0000283;C006152;D004;V026;A0042;07.11.2024;23.11.2024;2665000;cash;930000;WBAWNB8602PEEA31T
S000088;L0000488;C002676;D001;V006;A0014;22.05.2026;08.06.2026;7368000;financing;2670000;WBAAY1TUMF7C1R7VL
S001186;L0006223;C001438;D004;V017;A0043;23.09.2025;05.11.2025;3862000;cash;640000;WBA5XUNMB79X5PNU8
S000842;L0004421;C003375;D003;V012;A0033;07.10.2024;17.10.2024;6859000;cash;;WBA88DCRYL6BMBWWC
S000297;L0001675;C001974;D005;V012;A0054;15.04.2025;19.05.2025;6796000;bank_transfer;2190000;WBAMHFJ7GM3K5VDUL
S001453;L0007870;C001601;D001;V011;A0012;18.08.2025;22.08.2025;6095000;cash;;WBAL5M5MC922A4G0L
S002527;L0013671;C004447;D007;V010;A0074;08.11.2025;15.11.2025;4161000;financing;;WBAKELULRU024R8UC
S002397;L0013001;C003139;D003;V029;A0032;24.06.2025;02.08.2025;3127000;bank_transfer;580000;WBA1AME08872M5MFX
S002621;L0014218;C000512;D001;V026;A0012;10.03.2025;31.03.2025;2781000;financing;600000;WBAEGLF6BLPNB984N
S002262;L0012232;C004781;D003;V018;A0034;09.05.2026;31.05.2026;4700000;financing;;WBARKHPK11FUPAC5K
S000150;L0000840;C000204;D003;V025;A0031;29.08.2026;26.09.2026;2827000;financing;;WBADPEUBARY26PEM9
S002602;L0014101;C005600;D007;V004;A0071;08.01.2025;21.02.2025;4849000;bank_transfer;;WBA74G6604WGCW9E6
S000965;L0005081;C003194;D001;V006;A0011;06.01.2026;31.01.2026;7347000;financing;1410000;WBAUFLFWRVE2GBY7W
S000369;L0002063;C001916;D008;V032;A0084;25.08.2026;12.09.2026;6085000;cash;2650000;WBANJS4TKFT75521T
S001248;L0006636;C003871;D008;V027;A0082;02.01.2025;10.02.2025;3366000;cash;1670000;WBA2G7TWDBPCM7U17
S001874;L0010069;C003887;D010;V011;A0103;12.08.2025;08.09.2025;6085000;cash;;WBAY4ZHDL02M80NWC
S000790;L0004148;C001209;D002;V001;A0022;28.05.2025;01.07.2025;3359000;bank_transfer;;WBAMUX7A3B1C5V8ZL
S000135;L0000773;C001961;D001;V008;A0013;17.07.2025;18.08.2025;3887000;cash;;WBAESZWD2LBR4VA9M
S002176;L0011806;C002375;D001;V027;A0011;02.09.2025;09.10.2025;3431000;bank_transfer;1370000;WBAU8NU8H8D7MKC9Y
S000868;L0004541;C003634;D006;V024;A0064;07.11.2024;19.12.2024;2492000;bank_transfer;;WBA15CPHJ6GNK3FBY
S002532;L0013699;C000097;D007;V012;A0072;14.01.2026;10.02.2026;6837000;bank_transfer;;WBARGL0DXE6VVEFEG
S000760;L0004019;C005750;D011;V019;A0111;23.07.2026;28.07.2026;4299000;cash;;WBA3E9U5S2KW9CVC8
S001879;L0010110;C002001;D007;V029;A0073;01.12.2025;06.01.2026;3090000;financing;;WBAC069GKRBNGJ3M9
S002194;L0011894;C001466;D014;V024;A0143;15.09.2025;01.10.2025;2473000;cash;760000;WBAN09LF017ZXABRY
S000977;L0005149;C002457;D003;V021;A0031;23.09.2024;03.11.2024;6740000;financing;2800000;WBAJCHGHDWW6UFFNX
S000696;L0003764;C004884;D001;V020;A0012;06.06.2025;10.06.2025;6237000;cash;;WBAMZ46LEFTAWEM04
S001272;L0006782;C002101;D001;V026;A0014;11.06.2026;02.07.2026;2770000;financing;;WBA0Z18M8PUF4SJM7
S000222;L0001221;C002774;D003;V004;A0033;15.10.2025;06.11.2025;4859000;cash;;WBA2R6XRWH07B8MTG
S001739;L0009359;C005904;D002;V002;A0023;07.06.2025;16.06.2025;3794000;bank_transfer;;WBARLM20GKRSLS6MR
S001810;L0009656;C005947;D002;V027;A0021;01.09.2025;15.09.2025;3470000;financing;;WBA65NU0VD227N714
S000694;L0003752;C001038;D005;V024;A0051;14.07.2026;12.08.2026;2562000;cash;;WBAA8NH1X03PVB94J
S000174;L0000958;C001157;D003;V024;A0034;27.03.2026;10.05.2026;2650000;financing;;WBA4PPD791CXBKE4G
S002267;L0012241;C001278;D005;V024;A0052;19.02.2026;08.03.2026;2553000;financing;;WBA3E0MR9LWSR8T2K
S000804;L0004214;C002323;D001;V026;A0012;01.01.2026;05.02.2026;2808000;cash;;WBANW277HX6U8RC10
S002308;L0012495;C002576;D004;V026;A0043;08.02.2025;21.02.2025;2854000;cash;;WBASEY4YPBKTNMH72
S001238;L0006583;C003274;D003;V001;A0034;03.08.2026;15.08.2026;3338000;cash;;WBADKSNHWZMS2A4ST
S002480;L0013423;C003650;D005;V004;A0053;09.07.2026;19.08.2026;4935000;financing;;WBA4L56MX7W6742TF
S002591;L0014037;C001230;D011;V005;A0112;19.01.2026;20.02.2026;6344000;financing;;WBA21R23TEHUCE3Z6
S000153;L0000866;C001566;D007;V002;A0071;22.07.2025;25.08.2025;3741000;bank_transfer;;WBAHW6DD0W7UYY7LK
S002592;L0014039;C002597;D011;V002;A0114;29.12.2025;04.02.2026;3823000;cash;;WBAHF40Z8Z6U6AP96
S001038;L0005485;C001943;D014;V028;A0141;18.08.2026;17.09.2026;3742000;bank_transfer;;WBAM9SABRKSJVTLDA
S000271;L0001504;C005315;D004;V022;A0044;26.05.2026;09.06.2026;9084000;cash;2670000;WBAJX319YNJ6F8E34
S000841;L0004416;C000114;D003;V019;A0034;10.11.2025;07.12.2025;4182000;bank_transfer;1070000;WBA00FP0TAR25142B
S001097;L0005735;C001000;D003;V026;A0032;13.10.2025;01.11.2025;2728000;financing;1310000;WBAMKF4UNDPE7C9NW
S000651;L0003496;C001301;D001;V008;A0012;30.04.2026;31.05.2026;4114000;bank_transfer;;WBAKLBS38RH5YCPGB
S001042;L0005492;C003809;D006;V024;A0063;20.07.2026;12.08.2026;2488000;cash;;WBAVWW7XAP68JEUCT
S000508;L0002728;C003208;D001;V025;A0012;08.08.2026;09.09.2026;3050000;cash;1150000;WBAHBALHJGJ3F25AF
S000409;L0002283;C002978;D004;V003;A0043;14.01.2026;24.02.2026;4385000;bank_transfer;;WBABTTALLGVAGNXSR
S000412;L0002303;C005011;D006;V033;A0061;02.04.2025;22.04.2025;5029000;cash;;WBAX4DAVDRVTRC48T
S002395;L0012997;C001857;D001;V002;A0012;09.12.2024;18.12.2024;3875000;cash;1510000;WBAW2U9E98W1183PV
S000258;L0001435;C002892;D004;V003;A0043;24.12.2025;06.02.2026;4386000;financing;;WBAGZ16Z6ENY85TTD
S001913;L0010293;C000910;D002;V032;A0023;23.07.2026;05.08.2026;5960000;financing;;WBAL5KKJUCSZ7G4BP
S000408;L0002272;C005176;D013;V020;A0132;05.08.2026;10.09.2026;5953000;cash;;WBA13B27LAK1RNVKL
S001074;L0005611;C002007;D003;V010;A0033;07.11.2024;08.12.2024;4600000;financing;;WBAPMF70U9MBVGR3E
S002463;L0013328;C003502;D007;V002;A0072;26.12.2025;05.01.2026;3716000;financing;;WBA85CGNGXGDTV00L
S000255;L0001413;C005256;D009;V020;A0091;22.08.2025;14.09.2025;6167000;cash;;WBALZA86BDLUJERFZ
S000465;L0002558;C002391;D004;V002;A0044;30.12.2025;16.01.2026;3771000;financing;;WBAZDVKRVXZVJPCEW
S001222;L0006515;C002820;D002;V012;A0022;02.06.2026;29.06.2026;6615000;cash;;WBAX84XYBYJ9WCV10
S000860;L0004520;C001063;D001;V024;A0014;14.10.2025;03.11.2025;2386000;financing;;WBAUPWRB42XUAV4VE
S000169;L0000947;C001693;D014;V032;A0142;27.01.2025;12.03.2025;5833000;cash;2520000;WBA2NUKSYX122CD5Z
S000686;L0003716;C002135;D014;V002;A0141;12.07.2025;21.08.2025;3835000;financing;1870000;WBA8FJK237XJAWVL2
S001848;L0009895;C002075;D008;V024;A0083;22.09.2025;25.10.2025;2332000;cash;;WBA8Z8SNKRBLA742G
S001917;L0010307;C000154;D007;V025;A0074;31.05.2025;19.06.2025;2753000;financing;;WBADVABUFW0FMNG2T
S000292;L0001640;C002363;D011;V006;A0113;31.12.2025;08.02.2026;7416000;bank_transfer;;WBAL6E2ZE38C2N2UR
S002629;L0014271;C002022;D001;V010;A0012;21.02.2026;26.02.2026;4437000;financing;;WBAAFMEWUSUSCZ13G
S000403;L0002241;C002068;D007;V017;A0072;04.06.2026;15.07.2026;3686000;financing;;WBA16TLA821YFZYKS
S000136;L0000777;C004781;D002;V033;A0021;06.11.2025;18.11.2025;5396000;cash;1440000;WBASGPL3ZZ5TSP1L9
S002581;L0013966;C000793;D001;V010;A0013;09.07.2025;12.08.2025;4389000;cash;;WBABBAKKU42XL64TM
S000678;L0003652;C005209;D002;V002;A0023;20.02.2026;15.03.2026;3750000;financing;;WBAK1FCECF77UZ2V2
S001059;L0005561;C000234;D002;V018;A0024;04.05.2026;21.05.2026;4507000;financing;;WBAG2JMBNC52J6TXV
S001260;L0006686;C001959;D005;V025;A0054;26.01.2026;29.01.2026;3050000;financing;;WBAPHX3TCUH6DVSR3
S000421;L0002348;C003821;D010;V027;A0101;03.10.2024;24.10.2024;3355000;cash;;WBARCKBSTGETZ74T3
S002054;L0011087;C001043;D003;V002;A0032;05.03.2026;29.03.2026;3656000;bank_transfer;;WBAXJHSND3AL9WB20
S001214;L0006442;C002720;D007;V003;A0072;15.07.2025;28.07.2025;4411000;cash;;WBABXTFK2X28SH76G
S000411;L0002293;C004875;D002;V021;A0022;16.12.2025;31.12.2025;6982000;cash;;WBASKMSEUF8AKN317
S000933;L0004867;C004902;D014;V020;A0143;22.09.2025;21.10.2025;6464000;bank_transfer;;WBAXC48R23WFJ13LW
S001860;L0009967;C000476;D002;V002;A0021;24.06.2026;26.07.2026;3779000;financing;;WBAHK10CUGRRHY35J
S001732;L0009318;C004216;D010;V035;A0102;15.12.2025;28.01.2026;7490000;cash;;WBA8DKWC0GA5T8VDG
S000211;L0001173;C002527;D005;V017;A0052;11.09.2025;16.10.2025;3914000;cash;;WBAYTN66TMNS6NPBG
S001905;L0010252;C005577;D004;V026;A0042;15.12.2025;13.01.2026;2649000;financing;;WBABE3GRZMGKEJ2PV
S002343;L0012659;C001043;D003;V024;A0034;27.02.2025;02.04.2025;2499000;financing;1090000;WBAHGAVASVVUBZ4UV
S000720;L0003847;C003173;D004;V018;A0043;12.03.2026;01.04.2026;4431000;cash;1860000;WBARGHF9XGU15M2MY
S001386;L0007507;C000175;D006;V008;A0062;20.10.2025;28.11.2025;4130000;cash;1160000;WBAAJY335HD6KP0SD
S000464;L0002557;C002774;D010;V018;A0103;25.08.2025;03.10.2025;4357000;bank_transfer;;WBA6PWCVYD5S5BPPB
S001654;L0008989;C000332;D004;V008;A0043;29.04.2026;05.06.2026;3917000;financing;;WBAFABFD3G88RBZP6
S000431;L0002391;C001873;D003;V016;A0034;04.10.2025;09.11.2025;5128000;financing;2460000;WBA0Z99WMHWT04JBT
S002340;L0012656;C004604;D001;V002;A0012;17.06.2025;23.06.2025;3781000;cash;;WBA65CTX6KLZZZCBU
S001558;L0008412;C000642;D003;V003;A0032;17.09.2025;06.10.2025;4340000;financing;;WBA33ZPUXK5U2XMTN
S002000;L0010785;C004562;D013;V016;A0133;06.06.2026;04.07.2026;4959000;cash;;WBAX8ZXT99U4P54J4
S002103;L0011373;C002799;D003;V001;A0031;14.11.2025;10.12.2025;3411000;cash;;WBADP9MSL3T1AHCV3
S002418;L0013093;C005353;D009;V024;A0091;06.08.2025;29.08.2025;2488000;financing;;WBABFG580TPRKYCWM
S002152;L0011690;C000590;D002;V027;A0022;25.05.2026;17.06.2026;3525000;cash;;WBAA9L9JP0E2PXXKC
S000333;L0001895;C006108;D001;V012;A0012;18.07.2026;27.08.2026;6744000;financing;;WBA9X96KCLM62ZR7N
S000840;L0004415;C000677;D003;V003;A0034;17.01.2026;02.02.2026;4566000;cash;;WBA1X7FPPAYTXTPCX
S002358;L0012775;C004474;D003;V025;A0031;06.11.2024;08.12.2024;2770000;bank_transfer;;WBABTU4P62861XRWF
S001187;L0006225;C005166;D006;V009;A0062;06.10.2025;19.11.2025;4895000;financing;;WBAYFDM4LVVF7HSD9
S001785;L0009546;C000045;D002;V005;A0021;28.02.2026;06.03.2026;6501000;cash;;WBANLPTV228A09PKJ
S002401;L0013032;C003513;D004;V017;A0041;07.01.2025;20.01.2025;3773000;cash;910000;WBA5R35XY877MEFWV
S000773;L0004067;C000572;D007;V010;A0072;18.03.2025;23.04.2025;4480000;financing;1990000;WBA2YNKP5BGHFD0EY
S002491;L0013475;C002196;D001;V011;A0014;11.08.2026;27.08.2026;6196000;cash;;WBATJS6LU5R4FPPAK
S000423;L0002370;C004481;D011;V004;A0114;08.05.2026;19.06.2026;4999000;cash;;WBAJAVSC1UXVZJAXF
S000200;L0001111;C001429;D007;V004;A0074;14.05.2026;19.05.2026;4956000;cash;;WBAYBA23KZSMXU0HP
S001092;L0005707;C003130;D003;V025;A0033;07.10.2024;12.10.2024;2947000;bank_transfer;1130000;WBAMZSH1AFYSLTEJ8
S001217;L0006447;C001812;D004;V017;A0043;29.07.2026;19.08.2026;3795000;financing;;WBAYNFBL76U8TLM05
S000290;L0001626;C002209;D007;V012;A0071;17.06.2026;16.07.2026;6898000;financing;;WBABB9H5C7TUMFRUN
S000247;L0001373;C006014;D005;V034;A0053;15.12.2025;14.01.2026;5819000;cash;;WBAYK2FHB7AKKUSKV
S002204;L0011928;C000223;D002;V033;A0021;22.04.2026;24.05.2026;5154000;cash;;WBAXE99HLYLW1M8A0
S000904;L0004742;C005090;D008;V010;A0081;24.07.2026;09.08.2026;4271000;bank_transfer;;WBAS6RAYM0HX3KGKV
S000679;L0003670;C003640;D001;V027;A0014;04.08.2025;17.08.2025;3489000;bank_transfer;1280000;WBA7FZH8ET1R5PWVC
S001362;L0007360;C005643;D005;V020;A0052;01.12.2025;13.12.2025;6204000;cash;;WBACVDNEGZAZ3G62U
S001350;L0007271;C000666;D014;V019;A0144;25.12.2025;29.01.2026;4247000;financing;;WBAT74JLNBSUN7GSU
S001573;L0008520;C000843;D002;V010;A0021;14.08.2026;14.09.2026;4415000;bank_transfer;;WBA3SJ9X9W5XKB8Y3
S002096;L0011312;C004456;D007;V017;A0073;21.07.2026;27.07.2026;3961000;financing;;WBALA2UF3TWDHY6P6
S001085;L0005659;C003597;D004;V010;A0041;21.10.2024;13.11.2024;4285000;financing;1560000;WBARBDJYA24NYYVZE
S002195;L0011895;C001577;D006;V024;A0061;01.07.2026;08.08.2026;2483000;cash;;WBABGWJB4EWV93X7A
S002064;L0011132;C001875;D003;V027;A0034;12.03.2025;02.04.2025;3700000;cash;;WBASWTUA8MWW9H6ET
S001353;L0007286;C001263;D005;V029;A0053;13.04.2026;19.05.2026;3281000;bank_transfer;;WBAP7FBBJZ246LUJ3
S001452;L0007865;C004160;D003;V027;A0031;16.07.2025;16.08.2025;3465000;financing;;WBAUK85HAJ821W314
S000941;L0004951;C006149;D014;V003;A0143;01.05.2025;29.05.2025;4306000;bank_transfer;;WBALGWJHMY6GGXZGY
S002388;L0012954;C003635;D002;V026;A0021;18.08.2025;30.09.2025;2654000;cash;910000;WBAEKUCXBSMSF31T7
S001209;L0006410;C002710;D001;V009;A0012;26.11.2024;06.01.2025;4552000;bank_transfer;;WBAKG3VXLLJVE0SW9
S001188;L0006227;C005405;D004;V024;A0041;10.03.2025;30.03.2025;2526000;financing;670000;WBAJAP6VAPV4SLN7N
S000105;L0000608;C005108;D004;V034;A0044;12.06.2025;15.07.2025;5870000;financing;;WBABHTAGUP5CG4UWG
S001914;L0010297;C005173;D001;V027;A0011;10.10.2025;19.10.2025;3414000;cash;1690000;WBAAPB8BBNYVRBSUN
S001190;L0006252;C001154;D002;V002;A0022;06.12.2025;05.01.2026;3777000;cash;1600000;WBA0VZWGMCTG76VWJ
S002263;L0012234;C001911;D001;V008;A0013;02.10.2025;25.10.2025;4046000;bank_transfer;;WBA9TKPCEV0CLMYHB
S001952;L0010508;C002061;D002;V001;A0023;18.09.2025;02.10.2025;3086000;financing;;WBAD9Y7HUBZ3Y4L98
S002370;L0012832;C003836;D014;V002;A0142;10.04.2026;19.05.2026;3802000;financing;1430000;WBAC7TN7NMK46WJ9K
S002145;L0011630;C003111;D010;V024;A0101;26.03.2025;07.04.2025;2643000;financing;;WBAJ3XGVP4WG86TZ2
S000227;L0001242;C001334;D005;V008;A0051;25.08.2025;28.09.2025;4033000;cash;;WBASJ39R0J9ZT34JK
S000232;L0001262;C005260;D009;V011;A0092;02.10.2025;18.10.2025;6141000;cash;;WBA4Y3JRKWCB0ZHZN
S002217;L0012010;C000474;D001;V028;A0011;08.12.2025;16.01.2026;3726000;financing;;WBA70SNWZ2CPD2BFM
S000568;L0003003;C000433;D001;V032;A0014;25.09.2024;27.10.2024;5605000;cash;;WBAPFEJK4GMJNHE00
S000112;L0000638;C002262;D003;V035;A0033;15.12.2025;02.01.2026;7900000;financing;2410000;WBAR6A8389314422B
S000052;L0000317;C005690;D008;V027;A0081;30.07.2025;05.09.2025;3622000;financing;;WBA5WP1UK5E0T96KX
S002536;L0013741;C005183;D001;V017;A0014;10.02.2025;14.02.2025;3881000;bank_transfer;;WBAP7WKXJ76HXG35H
S001223;L0006518;C003251;D001;V009;A0013;25.10.2025;05.11.2025;4536000;bank_transfer;1680000;WBAPYAV0V9MX3XPUC
S001730;L0009311;C001695;D003;V018;A0031;08.03.2025;31.03.2025;4312000;financing;;WBAUUZ4RUF6TBZENV
S002582;L0013972;C003434;D005;V001;A0054;30.08.2025;24.09.2025;3351000;bank_transfer;;WBAV08NDR5ECV0XGZ
S001519;L0008231;C004022;D007;V027;A0071;13.05.2025;13.06.2025;3507000;financing;;WBAS2ZPHV5CB5X8U5
S002124;L0011481;C003557;D004;V024;A0044;17.07.2025;14.08.2025;2461000;cash;;WBA9FGY0SVHN8L65F
S001205;L0006366;C003644;D012;V005;A0122;05.02.2026;24.02.2026;6724000;financing;3200000;WBA17RNGPY79PBFUE
S000440;L0002424;C001864;D007;V033;A0073;04.08.2025;15.09.2025;5084000;cash;;WBAUY283KZB8WPDMS
S002175;L0011800;C001197;D006;V019;A0064;15.05.2026;15.06.2026;4410000;cash;;WBARU6KU0UUC68ZAA
S001376;L0007459;C001541;D002;V020;A0021;31.03.2026;22.04.2026;6199000;financing;;WBAGV0G0AW92UGPDL
S002429;L0013146;C002020;D001;V025;A0013;16.07.2026;16.08.2026;2785000;cash;880000;WBA003MH7R47X1SJS
S000832;L0004377;C003206;D002;V002;A0022;20.05.2026;25.06.2026;3619000;financing;1500000;WBAFAXMJXTNSMRHUP
S001537;L0008304;C005614;D003;V003;A0032;19.11.2025;04.12.2025;4455000;cash;;WBA4F0ACHD99UW9CN
S001100;L0005751;C000723;D002;V033;A0024;22.09.2025;30.10.2025;5216000;cash;2050000;WBA503AU8D3GEUBJC
S002458;L0013306;C003133;D002;V017;A0023;17.12.2024;08.01.2025;3909000;financing;1350000;WBASF7KRZEM4Y7DAC
S001652;L0008982;C004732;D004;V024;A0044;02.01.2026;08.02.2026;2437000;cash;;WBAP0WGDL25B8YSK5
S000656;L0003521;C005185;D005;V026;A0053;13.04.2026;19.05.2026;2797000;financing;;WBABUH3BWWCZW0PGY
S000213;L0001178;C002723;D007;V032;A0072;05.01.2026;15.02.2026;5840000;financing;;WBANPSA5A5PMLRGCL
S001903;L0010238;C005169;D004;V017;A0043;16.12.2025;27.01.2026;4036000;financing;;WBAR9T4MGJ7CZUGUT
S000768;L0004046;C001458;D009;V034;A0091;09.04.2026;23.04.2026;5493000;cash;;WBAJA91LFAKXMSF0J
S001331;L0007174;C002978;D010;V027;A0104;02.04.2026;09.05.2026;3564000;financing;;WBAHPKMW0SST0C18E
S002599;L0014082;C000478;D007;V020;A0071;29.12.2025;24.01.2026;6162000;financing;2470000;WBAL0B7271HSRBBXD
S000314;L0001779;C001011;D002;V001;A0024;23.04.2026;01.05.2026;3247000;financing;;WBABWT182H2CBMM4C
S002098;L0011329;C005324;D003;V004;A0034;09.12.2025;06.01.2026;4754000;cash;;WBA9KYZ409CLEJY1A
S001944;L0010450;C000718;D014;V027;A0143;05.05.2025;07.06.2025;3607000;cash;;WBAAYVEKU2WJTU4DS
S000908;L0004763;C004799;D006;V001;A0064;21.08.2026;05.09.2026;3368000;financing;1550000;WBAXE1WC54Y6SL5RS
S000788;L0004140;C003014;D006;V011;A0061;25.06.2025;25.07.2025;6178000;cash;;WBANBVDSAEBJZGGCK
S000979;L0005163;C005324;D001;V019;A0013;01.06.2026;17.06.2026;4334000;bank_transfer;1640000;WBATWKABC6LU67SB7
S002376;L0012893;C005392;D012;V019;A0124;19.03.2026;22.04.2026;4304000;cash;;WBACD0XF4VNXU8T1F
S000219;L0001212;C001857;D004;V028;A0043;23.12.2024;09.01.2025;3920000;financing;;WBAM07X4CN8PE74AC
S002389;L0012955;C005457;D002;V006;A0021;15.01.2025;21.02.2025;7035000;financing;;WBAJRB3U1VFXXHL6N
S001107;L0005775;C003454;D011;V029;A0113;08.01.2026;03.02.2026;3150000;financing;;WBASFLFV4LH80UFG4
S001369;L0007394;C000276;D005;V008;A0053;07.08.2025;29.08.2025;3841000;financing;;WBAV6G2L8UJAB2320
S002162;L0011749;C002518;D006;V029;A0064;29.12.2025;31.01.2026;3244000;financing;;WBAGNN14S6RY30T5Z
S001617;L0008800;C000384;D002;V033;A0021;12.02.2026;06.03.2026;4978000;bank_transfer;;WBA4ZFATFR8EEURKZ
S001012;L0005366;C003276;D001;V020;A0012;12.05.2026;26.05.2026;6123000;financing;;WBAPRB38JYUFS84ZR
S002012;L0010835;C004499;D004;V029;A0042;14.03.2026;20.03.2026;3206000;financing;;WBA7FX8GF9MWJ7NST
S002255;L0012187;C000020;D007;V003;A0073;22.08.2026;08.09.2026;4416000;bank_transfer;;WBAJZ9NUGE54SE0H7
S002439;L0013192;C001468;D003;V003;A0032;27.05.2026;30.06.2026;4490000;financing;1150000;WBAY99AU2D9GWVD2M
S000536;L0002877;C000087;D006;V028;A0064;10.11.2025;24.11.2025;3918000;cash;1150000;WBA1FY5P0W60WNTPJ
S000076;L0000439;C000856;D001;V035;A0014;05.06.2026;06.07.2026;7370000;cash;;WBA5PEJ82P183TES3
S002032;L0010940;C005312;D012;V026;A0124;09.12.2024;04.01.2025;2807000;cash;;WBA3SXMUF7LBL11F1
S002352;L0012724;C000331;D006;V010;A0064;18.08.2025;23.09.2025;4474000;bank_transfer;;WBA1S34BR9HM0BYHJ
S001791;L0009580;C003688;D001;V027;A0011;09.07.2025;02.08.2025;3456000;financing;;WBAWXXVWK9AD1SF1K
S001890;L0010166;C001020;D006;V002;A0064;10.08.2026;21.08.2026;3577000;cash;;WBAHAN1R320FDZYW6
S001317;L0007105;C000090;D009;V018;A0092;05.03.2026;09.04.2026;4493000;financing;;WBA1J9R5706CY830D
S000945;L0004974;C003024;D009;V002;A0093;30.07.2026;19.08.2026;3780000;bank_transfer;1410000;WBA6AUX25TPHAY2EF
S001227;L0006532;C000187;D002;V010;A0024;05.03.2026;06.04.2026;4415000;cash;1140000;WBAHCK29AD83E7HE4
S000728;L0003883;C001346;D014;V032;A0141;02.02.2026;12.03.2026;5681000;cash;;WBA0Y4V5STGX5HGD8
S001565;L0008475;C001117;D012;V010;A0124;29.10.2025;22.11.2025;4514000;financing;;WBA1K2CTD6J8E9L7E
S001451;L0007862;C003178;D001;V019;A0013;19.11.2025;01.01.2026;4410000;financing;1400000;WBAHL6FZ3FNJYD7VV
S002067;L0011150;C004804;D006;V008;A0062;13.07.2026;17.08.2026;3891000;cash;1470000;WBAJ6HAK1A28HZFJ9
S001878;L0010093;C003824;D002;V032;A0023;13.03.2026;26.03.2026;5925000;cash;;WBA6MTZ435BHTXRFV
S002682;L0014568;C001044;D003;V035;A0032;01.01.2026;06.02.2026;7845000;financing;;WBALJWGGAVWRN9P49
S000359;L0002021;C003281;D014;V025;A0142;03.08.2026;12.09.2026;2789000;cash;;WBAP1N0N5XHRLD333
S001988;L0010743;C005075;D007;V026;A0073;11.03.2026;26.03.2026;2826000;financing;;WBAVNLYNFBU7XT1H3
S000273;L0001513;C003181;D001;V025;A0012;14.07.2026;22.08.2026;2911000;financing;;WBA8B5JTZH8T5NUJR
S001242;L0006620;C004291;D001;V033;A0012;15.06.2026;05.07.2026;5227000;cash;;WBA32GTEVSBLW7N7A
S000103;L0000584;C002213;D002;V018;A0022;17.10.2025;26.11.2025;4422000;financing;;WBAVPAA2SZTVZ5KK8
S000458;L0002505;C002802;D013;V033;A0133;03.11.2025;16.12.2025;4969000;financing;;WBAL2DUR7HPUHHEGU
S000260;L0001444;C000722;D004;V018;A0043;03.07.2026;08.08.2026;4611000;bank_transfer;;WBA21H287ZNGSLZLD
S000097;L0000550;C000267;D001;V024;A0011;06.05.2026;20.05.2026;2533000;financing;;WBAECBU8BZ9V31B79
S000252;L0001403;C003867;D009;V027;A0093;03.02.2026;14.02.2026;3537000;financing;1670000;WBA2U7B7WZA188SDF
S002190;L0011868;C003592;D005;V027;A0054;24.11.2025;17.12.2025;3606000;bank_transfer;;WBACVLX437A2XEXMV
S002205;L0011935;C004627;D004;V002;A0042;05.01.2026;13.02.2026;3751000;cash;;WBA59U3K0741MRHTY
S000846;L0004435;C001598;D008;V026;A0081;22.04.2025;05.05.2025;2863000;financing;;WBAHWK1FPPH6D8U0H
S001400;L0007584;C001311;D006;V024;A0062;20.03.2026;26.04.2026;2482000;cash;;WBARUUZZUJDVWC5TR
S002219;L0012017;C003883;D007;V028;A0073;22.06.2026;28.07.2026;3840000;bank_transfer;950000;WBA2TG50AE82WP32D
S001111;L0005802;C002399;D011;V025;A0112;10.03.2026;15.04.2026;2977000;bank_transfer;;WBAHEHAXLV10C5GB3
S002692;L0014656;C000494;D006;V028;A0064;29.12.2025;24.01.2026;3992000;cash;;WBAU1SYNP3F7SD4ES
S000573;L0003017;C002851;D003;V008;A0033;16.09.2025;13.10.2025;4160000;financing;;WBAFTLSZP891YTC1N
S002507;L0013583;C003241;D008;V004;A0081;10.02.2026;06.03.2026;5032000;bank_transfer;;WBANSDTD5EPNVPT2N
S002644;L0014353;C005695;D002;V017;A0022;19.12.2024;23.12.2024;4076000;bank_transfer;;WBAPWHPA1DC4586AG
S002715;L0014841;C002635;D009;V016;A0093;06.06.2025;05.07.2025;5200000;financing;;WBA6BMS38F55UUG8P
S000963;L0005072;C002544;D010;V034;A0103;18.09.2025;26.09.2025;5836000;cash;;WBATRUP8305TG9ZU3
S000457;L0002499;C002444;D010;V026;A0103;29.11.2025;31.12.2025;2745000;cash;;WBA0KF94ZNESW8JGD
S000463;L0002551;C004476;D001;V017;A0013;28.02.2025;10.03.2025;4008000;financing;;WBA380BJJAC9NNRZS
S002053;L0011083;C004132;D007;V018;A0072;20.09.2025;20.10.2025;4273000;cash;;WBATVEJ3WY5YCNVPY
S000415;L0002308;C004891;D007;V028;A0074;29.05.2026;13.06.2026;3697000;bank_transfer;;WBAXW31K9JY43DH1S
S001118;L0005848;C005031;D003;V033;A0034;17.07.2025;02.08.2025;5093000;cash;;WBAAZNWS7DX8E49CD
S001850;L0009905;C005539;D005;V010;A0052;20.08.2026;03.10.2026;4455000;financing;;WBA8X9WRXXHAG50X1
S000756;L0004005;C003791;D007;V015;A0072;09.01.2026;22.01.2026;15770000;financing;2790000;WBAVD88ATDM80RG9F
S002548;L0013789;C001911;D003;V017;A0031;08.09.2025;01.10.2025;3962000;cash;;WBAULJM25F68L932T
S001581;L0008605;C004822;D006;V003;A0062;23.09.2025;03.10.2025;4564000;financing;;WBAL3HT1F46HJP6XW
S002702;L0014740;C005071;D014;V031;A0141;12.09.2025;15.09.2025;10410000;financing;3260000;WBANFGRNK44A6ZCPR
S000528;L0002829;C003969;D004;V013;A0044;07.02.2026;01.03.2026;11113000;bank_transfer;;WBA1MSVB0G3SH1ZAS
S000987;L0005200;C005099;D007;V024;A0071;19.06.2025;15.07.2025;2550000;financing;840000;WBA6TVUJCEJ1L1TK7
S002130;L0011526;C004943;D002;V026;A0021;15.04.2025;18.05.2025;2756000;financing;;WBA2D641YKZGRA5G9
S001851;L0009908;C000476;D004;V033;A0041;25.09.2025;06.10.2025;5232000;bank_transfer;;WBAFDRDNBWP2KZ5N6
S000927;L0004832;C001155;D001;V001;A0012;17.08.2026;23.09.2026;3340000;cash;;WBA25EF191994W5RE
S002600;L0014085;C005555;D004;V018;A0041;29.05.2026;19.06.2026;4391000;bank_transfer;;WBAXUMJVHKUJ1JMT0
S000848;L0004441;C000901;D006;V021;A0062;28.03.2025;30.04.2025;7324000;bank_transfer;;WBA9J0YA65PV76311
S001928;L0010354;C001564;D008;V025;A0083;18.08.2026;12.09.2026;2857000;cash;;WBA43Z31YK2E3HBHN
S001270;L0006770;C003067;D004;V029;A0044;03.08.2026;04.09.2026;3128000;financing;;WBABVZ0Y1JV9Y8RGA
S002244;L0012132;C004586;D001;V026;A0013;06.09.2025;13.09.2025;2745000;financing;;WBA7BBJA88191CEXN
S002617;L0014199;C004185;D010;V017;A0104;04.05.2026;17.06.2026;3775000;financing;;WBA22L7BUK2Y4HJC0
S001124;L0005906;C002993;D004;V010;A0043;12.07.2025;07.08.2025;4600000;financing;;WBAS2R786MTLWNMUT
S001633;L0008875;C005985;D013;V020;A0133;10.12.2025;17.12.2025;6246000;financing;;WBAVJZRKVV3LUES6P
S002172;L0011777;C003377;D008;V010;A0084;25.12.2024;18.01.2025;4184000;cash;;WBA3091U271W2FCGT
S002108;L0011406;C004235;D007;V029;A0072;19.08.2025;23.09.2025;3149000;cash;1250000;WBAY57LU0UM454601
S001030;L0005462;C000908;D007;V009;A0071;27.07.2026;13.08.2026;4900000;cash;;WBAGD7WY68SBG497A
S001462;L0007929;C001303;D007;V010;A0074;05.05.2026;19.05.2026;4330000;cash;;WBAWVTV7HK55HLBDU
S000708;L0003801;C003641;D014;V008;A0144;19.05.2025;25.06.2025;4155000;bank_transfer;;WBACNYPZ6J4URURES
S001990;L0010745;C001420;D002;V028;A0023;01.08.2026;29.08.2026;3791000;financing;;WBA683KVVT7A9GZYJ
S001103;L0005761;C001001;D014;V024;A0142;06.08.2026;24.08.2026;2632000;financing;;WBAVJ2BV7UPKB85E6
S000031;L0000156;C004077;D002;V024;A0023;06.06.2026;16.07.2026;2489000;cash;;WBA8K5DEH26J670TP
S001855;L0009939;C000374;D003;V024;A0033;25.10.2025;29.11.2025;2610000;bank_transfer;;WBA7EWTP5RY53PLY7
S001563;L0008457;C004154;D004;V025;A0041;06.03.2025;18.04.2025;2711000;financing;;WBA1YNCA7DPW3AH1K
S001587;L0008664;C000594;D007;V031;A0074;18.03.2026;07.04.2026;10044000;financing;;WBA1KB4LU0YRU6YK9
S001506;L0008158;C004430;D009;V009;A0093;06.12.2024;01.01.2025;4696000;bank_transfer;;WBA8H1RC9VD7GXYJS
S002059;L0011110;C005641;D008;V019;A0083;28.07.2025;03.08.2025;4273000;cash;;WBA10K9LEHCW8GCGF
S000545;L0002907;C002337;D003;V010;A0034;18.11.2025;31.12.2025;4417000;financing;;WBA6V4PP2DF1YXV0Y
S000444;L0002443;C003231;D001;V017;A0013;12.07.2025;04.08.2025;3989000;financing;780000;WBA8DHBB0CYSVD8M8
S001925;L0010330;C004505;D003;V016;A0032;22.04.2025;10.05.2025;5259000;financing;;WBAWMZG8X0MD0CCR8
S000068;L0000381;C005321;D003;V001;A0033;13.11.2025;30.11.2025;3208000;cash;;WBAXRY50K2P4S167C
S002672;L0014519;C005572;D005;V029;A0053;27.06.2025;20.07.2025;3052000;financing;;WBAJJYY73ZP3L9JB8
S002669;L0014513;C002870;D001;V029;A0013;24.11.2025;05.12.2025;3169000;cash;;WBAKAWE2XJ693G2Y6
S002658;L0014472;C002920;D003;V008;A0032;18.05.2026;08.06.2026;4011000;financing;;WBAFL1C9KTJTMVAAX
S001685;L0009144;C000523;D012;V027;A0124;23.12.2024;07.01.2025;3535000;financing;;WBA1VKY5DXUBYGA9B
S001768;L0009461;C003728;D010;V027;A0104;04.06.2026;06.07.2026;3596000;cash;;WBA8F8TJPVDECP36A
S002230;L0012053;C001340;D008;V034;A0082;21.10.2024;25.11.2024;5727000;financing;2010000;WBA1SRN4CDTHF30PN
S000436;L0002405;C005430;D003;V004;A0031;21.04.2025;30.05.2025;4900000;financing;2110000;WBASFLNPJKNPN8T6F
S002379;L0012905;C005015;D002;V032;A0021;05.05.2025;27.05.2025;5711000;financing;1680000;WBAWVN0KXKWGBKDH6
S000238;L0001293;C006016;D002;V029;A0023;02.01.2026;13.02.2026;3142000;cash;790000;WBAAL0FTMC7EF01C6
S000730;L0003886;C000826;D003;V026;A0033;21.06.2025;17.07.2025;2713000;financing;;WBA1T4HNHNSPA3MAA
S000110;L0000634;C003668;D005;V018;A0051;03.11.2025;10.11.2025;4700000;financing;;WBABD9S8XGU37PJ98
S001767;L0009460;C002702;D001;V019;A0014;31.07.2025;26.08.2025;4207000;bank_transfer;;WBAUAGJXJ16U12C3Y
S000164;L0000918;C001301;D002;V029;A0021;01.05.2026;15.05.2026;2992000;financing;;WBARCELPHF8B34E0H
S001794;L0009593;C005083;D002;V001;A0023;21.02.2026;10.03.2026;3163000;cash;;WBA0YGEDP00LZ5VN8
S000253;L0001404;C000520;D008;V022;A0084;01.01.2026;30.01.2026;9332000;cash;;WBAYW8SHS7VWMTW2C
S001335;L0007181;C000400;D002;V026;A0021;27.03.2026;01.04.2026;2796000;financing;770000;WBAGDPAB346NTCV8N
S000870;L0004544;C001628;D014;V033;A0143;22.06.2026;26.07.2026;5131000;financing;;WBAERCBZUFE7W0CS9
S001927;L0010347;C003451;D003;V028;A0033;03.07.2026;24.07.2026;3731000;financing;;WBABMVYTN27C9UGV7
S000603;L0003157;C002401;D005;V022;A0051;24.09.2025;11.10.2025;9342000;cash;;WBAM7VV9H9L80HNTF
S002148;L0011657;C001541;D003;V008;A0032;25.03.2026;03.05.2026;4036000;financing;;WBA7EF6RPBYF4VUUA
S001408;L0007642;C004734;D001;V022;A0012;25.08.2025;08.09.2025;9443000;financing;;WBA5J77PS8G50308G
S000890;L0004632;C003581;D003;V012;A0033;19.01.2026;23.01.2026;6872000;cash;2150000;WBAM3T4ME0K863XB7
S001731;L0009317;C004940;D007;V026;A0071;10.08.2026;22.08.2026;2761000;financing;;WBADG2JWV5UMP2CK5
S001056;L0005544;C003214;D002;V028;A0023;25.04.2026;01.06.2026;3937000;financing;;WBAJZL7J26PUVFUBC
S002664;L0014492;C005997;D008;V029;A0084;18.04.2025;19.05.2025;3214000;financing;;WBAKHLGE93EKUC5Y1
S002211;L0011965;C003027;D008;V027;A0081;30.07.2025;22.08.2025;3455000;financing;;WBABNA92MMCADUP2H
S000462;L0002527;C005342;D010;V003;A0104;14.02.2026;05.03.2026;4294000;cash;;WBA5H8HLYH7U275X1
S002639;L0014335;C002363;D004;V028;A0041;22.12.2025;26.01.2026;3849000;bank_transfer;700000;WBAW00LKSJ4V87JXD
S000158;L0000885;C004894;D003;V008;A0032;09.01.2026;30.01.2026;3955000;financing;;WBA8DLTRJ6UFAU04L
S002283;L0012365;C000047;D004;V033;A0041;06.10.2025;16.10.2025;4857000;cash;;WBAVURCTZ0T1Y3WXN
S001436;L0007750;C000422;D002;V018;A0024;23.06.2025;13.07.2025;4374000;cash;1690000;WBA7LA17BXF7CHETB
S000239;L0001299;C006152;D013;V001;A0132;04.10.2024;12.10.2024;3248000;cash;;WBADBDRX4SEXMVB4F
S001339;L0007199;C002420;D001;V017;A0014;17.10.2025;19.11.2025;3907000;financing;800000;WBA4JA8J0NL7KK00E
S000868;L0004541;C003634;D006;V024;A0064;07.11.2024;19.12.2024;2492000;bank_transfer;;WBA15CPHJ6GNK3FBY
S001691;L0009171;C005479;D003;V011;A0033;25.03.2025;29.04.2025;6280000;financing;1280000;WBAVKG4JRST83SYJJ
S000101;L0000575;C002371;D007;V022;A0073;23.04.2026;02.05.2026;9448000;financing;;WBA4175FV66T6Z6G3
S000316;L0001793;C000508;D007;V020;A0071;06.01.2026;06.02.2026;6108000;bank_transfer;;WBAR9TXN97Z8YLUNW
S001726;L0009294;C003393;D003;V018;A0034;27.01.2025;09.03.2025;4270000;financing;;WBAKPP56MD9DNX2DH
S000765;L0004042;C001873;D003;V020;A0033;30.04.2026;04.06.2026;6125000;financing;;WBARTX2HYG70CH85M
S001235;L0006579;C000397;D007;V030;A0071;02.02.2026;23.02.2026;11389000;bank_transfer;;WBA9Y26G44XXJ61F7
S001588;L0008675;C001242;D011;V008;A0113;08.08.2026;13.09.2026;3809000;cash;1420000;WBAV3T9LFBTAGVNEC
S000262;L0001453;C003808;D005;V028;A0053;20.03.2026;17.04.2026;4000000;cash;;WBAJ4BUZ4PNY4E86V
S001534;L0008293;C000389;D011;V024;A0113;06.01.2025;22.01.2025;2527000;cash;;WBA52GJ1N65CN1936
S001554;L0008399;C005305;D003;V033;A0033;27.06.2025;09.08.2025;5284000;financing;1360000;WBATKMN3D0GNAKWK6
S001792;L0009583;C000061;D003;V028;A0034;11.05.2026;05.06.2026;3681000;cash;;WBA7EY4D6B1NKME1A
S001006;L0005313;C005756;D007;V016;A0071;31.05.2025;29.06.2025;5021000;financing;;WBAUF8ZG8EW34V61X
S000180;L0001012;C005496;D009;V009;A0094;17.01.2025;05.02.2025;4718000;cash;1160000;WBA4UKTP7CKFLAA1R
S001713;L0009252;C005570;D001;V012;A0014;24.02.2025;31.03.2025;6885000;cash;;WBAG4LT2W69SUUTHN
S000839;L0004404;C003872;D008;V026;A0081;19.12.2025;24.01.2026;2764000;financing;;WBAC9TVNT3RHTXJCL
S001201;L0006344;C003514;D010;V008;A0102;15.04.2025;14.05.2025;4030000;bank_transfer;1290000;WBATFAX14NRWRV9XC
S000822;L0004321;C004368;D005;V026;A0052;17.07.2026;24.08.2026;2661000;financing;510000;WBA7X6XYXNTLK3TAU
S000481;L0002628;C000015;D005;V020;A0054;04.04.2025;18.05.2025;6073000;financing;;WBAVVRXG41X6A728F
S001545;L0008357;C005144;D001;V012;A0014;21.05.2025;29.06.2025;6772000;financing;;WBAS4TSLFAAW7AB7W
S002245;L0012134;C004981;D008;V016;A0081;16.04.2025;22.04.2025;5131000;financing;;WBARLYPGL81CEHM03
S001943;L0010449;C001998;D006;V022;A0062;10.03.2025;15.03.2025;9375000;financing;;WBAZS0ZRF70BA9LVB
S000930;L0004853;C003634;D005;V028;A0051;23.12.2024;25.01.2025;3707000;financing;;WBAWJJSKYUD50X61R
S000799;L0004201;C004845;D008;V028;A0082;10.07.2026;30.07.2026;3687000;cash;;WBAKV00TEP70CZXBR
S002284;L0012369;C004056;D005;V020;A0053;30.07.2026;11.09.2026;6092000;financing;;WBAZFZF4E95PPAE1E
S001702;L0009215;C003839;D010;V022;A0101;25.07.2025;01.08.2025;9271000;financing;;WBA3KWDTVBT99R9ZK
S001432;L0007744;C005844;D007;V027;A0074;09.06.2025;09.07.2025;3551000;cash;;WBAVAUDFEGJ5NEPF6
S000611;L0003226;C000190;D003;V024;A0032;02.04.2026;11.04.2026;2470000;cash;950000;WBAB2G8UPE1RTF88G
S002151;L0011686;C001587;D001;V002;A0013;07.07.2026;21.07.2026;3697000;cash;;WBA28V783AB89LTFE
S002695;L0014678;C004178;D002;V029;A0021;29.10.2025;22.11.2025;3133000;financing;;WBAR4FA014257YDF5
S001881;L0010115;C000967;D004;V024;A0041;04.10.2025;27.10.2025;2484000;cash;;WBARUVVLYE2GJJZ1J
S000248;L0001384;C004137;D006;V027;A0061;20.03.2026;16.04.2026;3391000;cash;;WBA6SXRBANYSHLXD0
S001382;L0007484;C005836;D007;V024;A0071;24.08.2026;11.09.2026;2447000;cash;;WBAU2K2WLHE29KWHW
S002632;L0014301;C005230;D001;V032;A0013;25.11.2024;29.11.2024;6055000;cash;3070000;WBA8BEVW4FH6LA416
S000348;L0001967;C001156;D008;V030;A0084;20.05.2026;29.05.2026;11394000;bank_transfer;;WBAJJEAF9EDJM7X4G
S001883;L0010131;C004408;D003;V029;A0034;17.08.2026;01.09.2026;3066000;cash;;WBAWWPJV7AJS7WJ3U
S001261;L0006696;C003375;D004;V012;A0041;12.11.2024;06.12.2024;6753000;cash;1920000;WBA10CNT4JMEDR6T1
S002101;L0011347;C000029;D002;V025;A0023;02.09.2025;12.09.2025;2842000;cash;;WBAGCNX9DP3KAZUTJ
S001049;L0005511;C000957;D003;V017;A0033;04.05.2026;12.05.2026;3840000;cash;;WBA6SLGX51RCPUUGD
S002423;L0013107;C003331;D010;V019;A0101;23.01.2026;02.03.2026;4114000;financing;;WBAX9XS73824YNS6Y
S000745;L0003951;C000502;D010;V012;A0101;27.07.2026;19.08.2026;6673000;financing;;WBAS9E37TJCNFS8N7
S001926;L0010334;C005724;D013;V001;A0133;28.03.2025;06.05.2025;3261000;cash;;WBA1UR52KM5T4PB7C
S000446;L0002449;C005308;D002;V034;A0022;07.07.2026;24.07.2026;5940000;financing;;WBA230K719XP4JT6N
S001054;L0005533;C001266;D001;V036;A0014;14.08.2025;05.09.2025;13971000;financing;;WBA32PT4LZ7N330MH
S002276;L0012324;C004876;D006;V008;A0062;04.07.2025;07.07.2025;3762000;bank_transfer;;WBAJPWSS1T5Y2TBVL
S000818;L0004295;C004076;D003;V008;A0033;26.08.2025;02.09.2025;4002000;bank_transfer;830000;WBA1E1YNP1XD2R46E
S000810;L0004256;C002291;D002;V019;A0024;11.11.2024;09.12.2024;4415000;bank_transfer;;WBAC209TK8ZD9M1AE
S001887;L0010148;C002869;D007;V029;A0072;18.03.2026;31.03.2026;3158000;financing;1490000;WBA6B7JD2XCCG3S96
S002409;L0013058;C005602;D002;V025;A0024;16.04.2026;20.05.2026;2880000;financing;;WBATLNS6TGLA6SD2Y
S001949;L0010481;C004951;D003;V029;A0033;16.08.2025;29.08.2025;3265000;financing;;WBA5XT1W3MEA29C49
S001514;L0008212;C005134;D007;V025;A0074;05.01.2026;16.01.2026;2837000;financing;;WBAC2LMRYHSUGF5KM
S000264;L0001460;C005946;D004;V022;A0041;13.08.2026;31.08.2026;8984000;financing;2870000;WBA189F9V6J0NWE6T
S002259;L0012206;C003875;D007;V035;A0072;15.12.2025;20.01.2026;7868000;financing;;WBADYY1J22V9R84CK
S001552;L0008395;C004213;D009;V025;A0092;03.10.2025;21.10.2025;2997000;cash;;WBAFPZK5DED59FMYS
S000354;L0002002;C005232;D001;V025;A0011;05.12.2025;18.12.2025;2782000;cash;;WBAFBLCS0K830SZJM
S000209;L0001164;C003873;D002;V019;A0022;23.04.2025;18.05.2025;4049000;bank_transfer;;WBAN8RWXJA0S5Y55R
S001037;L0005484;C001294;D001;V001;A0013;20.10.2025;05.11.2025;3274000;bank_transfer;1350000;WBA0KSYAZD537ZWWX
S000943;L0004970;C001030;D009;V019;A0094;27.06.2025;14.07.2025;4193000;cash;1760000;WBA33JUKH5AHMP8PA
S001495;L0008107;C003433;D008;V008;A0083;14.07.2026;19.08.2026;3986000;financing;1560000;WBA8SJ94R77TVE1C3
S002394;L0012983;C001541;D004;V008;A0044;16.07.2026;08.08.2026;3935000;financing;;WBAB4S6L4WFUU7T4N
S000058;L0000337;C000740;D004;V020;A0041;20.02.2026;14.03.2026;6045000;financing;;WBAZMHU73733BA9HN
S000787;L0004137;C004593;D002;V005;A0022;23.05.2025;09.06.2025;6842000;cash;;WBA0XK8E3YVWAG3E1
S002002;L0010802;C000432;D005;V020;A0053;31.07.2026;08.08.2026;6185000;cash;;WBA6GLYS59Y2RG5C7
S001000;L0005271;C005113;D014;V018;A0143;08.04.2026;20.04.2026;4428000;bank_transfer;;WBAWZWJ11ZCXSJ2HW
S000230;L0001253;C004450;D002;V028;A0022;23.08.2025;26.09.2025;3829000;cash;;WBAJYLFN7W3V3ELXL
S001962;L0010594;C003437;D013;V019;A0133;31.05.2025;11.06.2025;4310000;bank_transfer;;WBAZ5SGMW5813SDGC
S001492;L0008090;C003470;D006;V014;A0062;25.08.2025;31.08.2025;11673000;bank_transfer;6130000;WBAAKK69GNCS5U7S9
S002134;L0011552;C002884;D008;V017;A0084;11.02.2026;27.02.2026;3778000;bank_transfer;;WBA3VV6ZCC0N70XVY
S001286;L0006906;C000875;D001;V018;A0013;23.10.2025;13.11.2025;4383000;financing;1740000;WBA66T6J92GV2MWUB
S001601;L0008740;C001771;D011;V003;A0114;16.07.2026;29.08.2026;4401000;cash;;WBAAY7CSJ9NHUWF1L
S001048;L0005510;C002614;D012;V033;A0124;09.10.2024;01.11.2024;5096000;bank_transfer;;WBA50VV58WDDTKSJV
S001986;L0010724;C001924;D006;V026;A0064;21.01.2025;24.02.2025;2715000;financing;;WBAHGDPFDVK4H2FL3
S000070;L0000410;C005492;D001;V010;A0011;01.08.2026;20.08.2026;4452000;financing;1180000;WBA46ZSXR2DYY70LY
S002046;L0011044;C005772;D013;V008;A0133;02.01.2025;06.02.2025;4011000;bank_transfer;1380000;WBARH22BF2F7HV7GK
S001880;L0010112;C000258;D006;V003;A0064;16.10.2024;27.10.2024;4387000;bank_transfer;;WBAL3JCYTL4UL0H5S
S001019;L0005403;C001469;D002;V016;A0021;29.06.2026;04.07.2026;5078000;cash;;WBAE9UPJ9HUJ2FMU8
S000999;L0005267;C004554;D001;V028;A0014;18.08.2025;16.09.2025;3707000;financing;;WBAZEUT14GTHDLTFB
S000621;L0003296;C003391;D011;V019;A0111;09.06.2025;22.06.2025;4452000;cash;;WBATSKS43R1HX3D2C
S002604;L0014113;C001554;D003;V029;A0031;19.08.2025;30.09.2025;3042000;financing;;WBARV5WLMU8KX5KB9
S001034;L0005477;C003770;D014;V013;A0142;30.12.2024;24.01.2025;10665000;financing;;WBAY8PFHEPUECGSS9
S002393;L0012982;C003540;D006;V009;A0063;22.03.2025;25.04.2025;4728000;financing;;WBA7WB1T236YRMY8V
S001136;L0005971;C005808;D010;V032;A0102;07.05.2025;02.06.2025;5886000;bank_transfer;;WBA5YSRH6NRDH5BR9
S001300;L0006973;C001924;D008;V028;A0081;25.07.2025;12.08.2025;3800000;cash;;WBAMN105B7EYUDXC4
S001515;L0008215;C003711;D004;V029;A0044;09.08.2025;03.09.2025;3166000;financing;;WBAXMT6C132LZGNDD
S000663;L0003568;C001614;D012;V028;A0122;16.03.2026;22.04.2026;3788000;financing;;WBAM99531V2MX62LT
S001750;L0009402;C005905;D006;V008;A0062;25.10.2024;04.11.2024;3880000;financing;;WBAPFEMMF0P5WBYPH
S000280;L0001550;C004280;D002;V008;A0023;03.12.2024;11.12.2024;4052000;financing;1200000;WBANFDLHNCPNDNBGN
S000701;L0003775;C003537;D003;V017;A0034;18.05.2026;07.06.2026;3825000;financing;;WBA33GKX2YL08G9CE
S002555;L0013840;C005044;D001;V036;A0014;18.05.2026;16.06.2026;13409000;financing;4260000;WBAKTLVE1DY86U2PT
S001414;L0007675;C003532;D002;V008;A0021;18.12.2025;22.12.2025;4178000;bank_transfer;;WBA31F2EA5KRWM070
S001813;L0009665;C004315;D006;V018;A0061;06.05.2025;13.05.2025;4417000;financing;;WBANEPXRYDT6BXLKE
S000597;L0003114;C003335;D014;V026;A0142;18.09.2025;22.10.2025;2640000;cash;;WBA4DWUB580BNHAB2
S001675;L0009105;C002401;D005;V029;A0053;13.10.2025;30.10.2025;3170000;financing;;WBAY1748NL3FGN9BG
S001908;L0010266;C000926;D008;V017;A0081;23.07.2025;30.08.2025;3791000;bank_transfer;;WBA4Y3ZCDXLKMWHW2
S002509;L0013586;C005427;D009;V010;A0093;23.10.2024;27.10.2024;4299000;bank_transfer;;WBA1HLYZ3JP2LYS02
S000441;L0002428;C000084;D001;V005;A0014;21.12.2024;25.12.2024;6589000;cash;3270000;WBARSCXEBZACH5L1A
S000509;L0002731;C001972;D002;V008;A0022;27.04.2026;30.04.2026;4083000;financing;;WBAB4MFS898Z5U621
S000077;L0000440;C004940;D007;V017;A0074;10.08.2026;09.09.2026;3622000;cash;680000;WBA921RU6H5EUPKVB
S001628;L0008850;C003055;D007;V032;A0072;27.07.2026;07.09.2026;5748000;cash;;WBASA52Z02RKC54TP
S000523;L0002816;C004933;D001;V018;A0013;14.03.2026;22.04.2026;4599000;financing;1850000;WBAJAPZV545S41J2M
S002061;L0011122;C000784;D002;V026;A0023;12.04.2025;24.04.2025;2708000;cash;;WBAF6KX3PM90R3MM9
S001522;L0008250;C001304;D002;V020;A0021;15.08.2025;02.09.2025;6496000;cash;;WBAE1FWAS6JDYHD03
S001589;L0008683;C000983;D010;V033;A0102;01.04.2026;05.04.2026;5250000;financing;;WBAN44TPFLE2U14G4
S001323;L0007123;C002863;D007;V009;A0073;19.10.2024;12.11.2024;4312000;financing;;WBA9K9R8L4BUGSMSC
S000631;L0003360;C001789;D009;V025;A0092;09.08.2025;14.09.2025;2822000;cash;;WBAC4YG4NTGL60L1K
S002496;L0013498;C005073;D002;V024;A0021;01.07.2026;21.07.2026;2400000;financing;870000;WBA12PGWKK61KJ99E
S002228;L0012046;C002000;D007;V025;A0074;18.12.2025;30.12.2025;2709000;financing;520000;WBAAN2MEB7V1RCF2L
S000483;L0002630;C002038;D001;V027;A0014;21.08.2026;02.10.2026;3368000;cash;1780000;WBA66WFRAUX2DHZFZ
S002513;L0013596;C002148;D006;V011;A0062;14.05.2026;12.06.2026;6056000;cash;;WBAMZH3C4JZMVJRRB
S002721;L0014865;C002887;D007;V012;A0072;05.02.2026;11.03.2026;6751000;cash;;WBAXRFXYBXZ282ZW8
S001787;L0009570;C000119;D003;V034;A0032;03.08.2026;10.09.2026;5954000;financing;;WBA0RMSC8EAS4RV8S
S000439;L0002412;C005335;D004;V002;A0042;20.04.2026;31.05.2026;3760000;financing;;WBAW6F4EWYGR5T7A3
S002241;L0012121;C002079;D007;V028;A0074;05.05.2025;12.06.2025;3722000;financing;;WBACLCZDP9MJJSTV4
S001698;L0009198;C002927;D011;V008;A0113;10.12.2025;21.01.2026;3906000;financing;;WBAREASRH9PWZJTPA
S000167;L0000940;C003647;D007;V025;A0071;27.01.2026;08.02.2026;2866000;financing;;WBAXRAJTRJ11WMRRZ
S000060;L0000347;C002873;D008;V018;A0083;27.11.2024;29.12.2024;4469000;financing;2220000;WBA31A70VM2W42HRE
S000612;L0003233;C005786;D004;V033;A0042;05.06.2026;18.06.2026;5073000;bank_transfer;;WBA7ZPCEZY0KNC609
S000531;L0002844;C001980;D010;V004;A0102;27.05.2025;02.07.2025;4923000;cash;;WBAMCPVD07SZC2UD8
S001457;L0007916;C000236;D007;V033;A0072;05.06.2026;07.07.2026;5003000;cash;940000;WBAXGC9HSG60M20DK
S000050;L0000313;C004819;D008;V010;A0082;20.01.2025;01.02.2025;4242000;cash;1250000;WBA7WFG4MH3CNPCKD
S001275;L0006792;C003317;D006;V001;A0061;02.06.2026;14.07.2026;3449000;financing;;WBA4CX5RPLUJWECLJ
S000742;L0003936;C004478;D007;V025;A0071;23.04.2026;04.06.2026;2870000;cash;;WBACWWWZS9B1N7S82
S000747;L0003967;C003718;D004;V028;A0041;09.02.2026;17.03.2026;3771000;bank_transfer;;WBA9LBRTRA29SUZX5
S000049;L0000307;C004615;D003;V027;A0034;02.04.2026;22.04.2026;3526000;cash;;WBAYXEUWJN55G877M
S001001;L0005277;C005663;D012;V024;A0124;18.04.2026;22.05.2026;2513000;financing;520000;WBAY7SMG224ZL6DHV
S001106;L0005773;C003471;D002;V023;A0021;02.07.2026;06.07.2026;15662000;cash;;WBAD98HFMZ73SF3KV
S001289;L0006926;C003399;D004;V025;A0041;29.07.2026;14.08.2026;2890000;financing;;WBA1J0ZXZ2DMMX8MX
S000633;L0003368;C003512;D002;V036;A0021;06.07.2026;12.08.2026;13856000;cash;6390000;WBAZ8GTT8S8SLS5GW
S001799;L0009609;C002388;D003;V024;A0034;09.01.2025;15.01.2025;2544000;financing;;WBAHAM25HL6A2EZXS
S001804;L0009640;C004460;D011;V004;A0114;14.04.2026;18.05.2026;4893000;bank_transfer;2300000;WBAKMFZG5JVE2LKZD
S001114;L0005812;C004804;D006;V020;A0062;24.07.2026;03.08.2026;6180000;financing;2730000;WBAVERKL383V8F8LD
S000026;L0000131;C000977;D006;V026;A0064;13.01.2025;23.02.2025;2884000;financing;;WBAD4HSFFHDHLWWNH
S000803;L0004213;C000790;D003;V026;A0031;27.12.2024;25.01.2025;2835000;bank_transfer;;WBA42P710YDTTTA3K
S002079;L0011206;C000689;D003;V019;A0034;18.08.2026;07.09.2026;4168000;financing;;WBAGY835CCCLC5S1J
S001938;L0010425;C003482;D010;V004;A0103;25.02.2026;22.03.2026;4879000;bank_transfer;1140000;WBA1XSEY0422U872L
S001642;L0008921;C005660;D003;V002;A0034;07.07.2025;16.07.2025;3758000;cash;1910000;WBAMM6MW3WZT4FZKU
S001912;L0010292;C002020;D004;V032;A0043;24.08.2026;27.08.2026;6001000;financing;;WBAXX82YYR6K3VZNJ
S000362;L0002033;C004962;D003;V018;A0034;10.10.2024;22.10.2024;4294000;bank_transfer;;WBAPMZ6N6LCFBTEFE
S001327;L0007147;C001269;D008;V020;A0081;05.12.2025;08.01.2026;6157000;bank_transfer;;WBAGUT2T63DE10KKU
S001430;L0007740;C005577;D001;V019;A0013;28.03.2026;29.04.2026;4311000;cash;;WBAF3K2S1DDB9YSZW
S002149;L0011665;C000439;D001;V025;A0014;20.01.2026;27.01.2026;2986000;bank_transfer;1360000;WBANT513Z0S0BSVEW
S002700;L0014722;C003448;D004;V026;A0041;30.07.2026;25.08.2026;2735000;financing;650000;WBASS0HSUWRCV0BZH
S002526;L0013659;C003749;D008;V005;A0081;01.07.2025;14.07.2025;6583000;cash;;WBA3A417RADX7Y8PT
S002427;L0013136;C004926;D005;V010;A0053;04.12.2025;10.01.2026;4542000;cash;970000;WBAU820XN92FFZ069
S000962;L0005071;C004128;D002;V018;A0021;15.05.2026;27.05.2026;4546000;cash;1690000;WBAZLRXJLYWYHHDV6
S001024;L0005430;C004160;D001;V013;A0011;27.02.2026;19.03.2026;10471000;financing;;WBAH19XXL2J2KYBFZ
S000241;L0001320;C003556;D008;V033;A0083;27.09.2025;09.10.2025;5307000;cash;;WBA83JVXLHVWK51Z5
S002251;L0012167;C002720;D007;V009;A0074;12.09.2025;26.10.2025;4617000;financing;;WBAUW0DEAZWSW2XS2
S000583;L0003056;C001783;D006;V028;A0064;30.04.2025;28.05.2025;3726000;cash;;WBARSYTX271GAFMSR
S000791;L0004174;C004675;D003;V032;A0031;14.11.2024;22.12.2024;5842000;financing;2190000;WBAM374E4L1T6745W
S001776;L0009506;C003774;D014;V010;A0144;08.04.2025;09.05.2025;4600000;cash;;WBA5RYPBZMTVTYMW7
S002258;L0012195;C002323;D004;V027;A0043;23.10.2025;18.11.2025;3630000;financing;;WBA8TUK2E4690RWXL
S001717;L0009267;C003595;D001;V005;A0012;02.04.2026;19.04.2026;6619000;cash;2060000;WBAJAZA8GSLFGX6EA
S000351;L0001994;C004160;D011;V022;A0111;20.06.2026;28.06.2026;9584000;financing;;WBARV0F81FNZD1PTD
S002535;L0013736;C000786;D002;V027;A0023;04.03.2026;10.03.2026;3566000;financing;;WBA0XS60DV7V5081W
S002400;L0013027;C001083;D007;V002;A0074;26.05.2026;22.06.2026;3649000;cash;1310000;WBAD9TT5K0WV69MB8
S001991;L0010747;C001936;D005;V009;A0052;10.02.2025;17.03.2025;4653000;cash;1940000;WBAR1PEBSL31YRPP2
S001559;L0008425;C001595;D006;V019;A0061;11.06.2026;02.07.2026;4424000;cash;;WBAR3JJGKSVYFGMWN
S001660;L0009031;C000815;D001;V034;A0012;24.08.2026;09.09.2026;5976000;cash;;WBA41MGNXJXB4Z6CD
S000784;L0004124;C000184;D010;V029;A0102;10.11.2025;05.12.2025;3149000;cash;;WBAZC5VB7LNAR71SW
S001135;L0005969;C000756;D001;V035;A0013;02.03.2026;31.03.2026;7086000;cash;;WBA41YCMYF1FX07FN
S001865;L0009998;C002974;D002;V031;A0021;15.03.2025;24.04.2025;10038000;financing;2240000;WBA03Z0MNJ1D7SNT8
S000658;L0003536;C005207;D003;V014;A0034;05.11.2025;23.11.2025;11361000;cash;;WBA81CUB67WWJ1N2G
S000193;L0001078;C004331;D010;V034;A0103;28.04.2026;26.05.2026;5963000;cash;;WBAW4XAFB2TG8326Y
S001378;L0007468;C000949;D003;V024;A0031;24.10.2025;07.11.2025;2498000;financing;;WBASC1KVM2H4THX7L
S001069;L0005596;C001932;D004;V002;A0042;24.01.2025;18.02.2025;3763000;cash;630000;WBAJRZJ73JH497EVE
S002275;L0012310;C005928;D006;V029;A0061;08.05.2025;28.05.2025;3097000;financing;1140000;WBAF2BLMS25LNUES9
S001476;L0007987;C002484;D010;V018;A0102;15.04.2026;29.05.2026;4335000;financing;1920000;WBAKSZ1E3W0JU5YW5
S001456;L0007912;C001500;D002;V008;A0023;11.01.2025;10.02.2025;3976000;financing;1890000;WBAB5VJDV6J469NPF
S002347;L0012692;C000324;D002;V008;A0024;30.09.2025;09.10.2025;3995000;cash;;WBADKG5XLFPSLMH3A
S001919;L0010316;C002666;D009;V020;A0091;12.06.2025;21.06.2025;6208000;financing;;WBAGKMF4JWPXVX0UN
S000539;L0002885;C005975;D003;V022;A0032;24.07.2026;09.08.2026;9619000;bank_transfer;;WBADJXNBWPLHZ0HCY
S001884;L0010134;C003064;D005;V017;A0051;22.04.2026;04.06.2026;3886000;bank_transfer;;WBAWSF96CJDL2J3TX
S002618;L0014201;C000290;D007;V020;A0073;13.06.2025;19.06.2025;6600000;financing;;WBAHR3NHD5DV2N0C1
S002187;L0011851;C005115;D002;V017;A0022;15.12.2025;20.12.2025;3798000;financing;;WBAG7BAW078287T97
S001736;L0009331;C003298;D012;V018;A0121;07.05.2025;12.05.2025;4328000;bank_transfer;;WBABM1RXGC0CWU2YB
S002485;L0013450;C000276;D006;V017;A0063;16.01.2026;26.01.2026;3938000;financing;;WBASGD5ML9LBEMFMY
S001746;L0009389;C005242;D001;V026;A0012;03.01.2025;06.01.2025;2683000;financing;;WBAMEKFU7TW0GDS8D
S000789;L0004141;C002710;D002;V017;A0022;22.03.2025;10.04.2025;3893000;cash;;WBA5D8K9V8NDHAEG4
S002626;L0014253;C000840;D009;V025;A0094;13.10.2025;20.11.2025;2845000;financing;;WBAK2CUMC963PHBB7
S001929;L0010356;C003195;D001;V028;A0012;31.07.2026;16.08.2026;3773000;bank_transfer;;WBATANZ3PEDM4N3T4
S001838;L0009834;C003100;D003;V002;A0032;27.09.2025;30.10.2025;3625000;financing;1770000;WBA3GPD03T6FUPCF4
S000124;L0000707;C002596;D003;V008;A0031;26.08.2026;04.10.2026;3860000;bank_transfer;;WBAVNK0JZ75HVDL46
S001741;L0009370;C005722;D003;V017;A0034;23.01.2026;25.02.2026;3980000;financing;;WBASZJR5GRTSFMP1U
S001963;L0010596;C002960;D004;V029;A0042;04.12.2025;07.01.2026;3166000;financing;;WBAEGUXPZS7PKTYRT
S000619;L0003294;C002824;D009;V027;A0093;08.10.2025;20.10.2025;3529000;financing;;WBAK2ZH5ZH7TRW6XB
S000407;L0002259;C001295;D008;V025;A0084;18.08.2026;06.09.2026;2919000;financing;;WBAN42K2HHKRKV9GS
S002422;L0013103;C005616;D009;V003;A0091;02.12.2024;05.01.2025;4464000;financing;;WBAZF2B5W3EKCAL1W
S001357;L0007325;C002547;D005;V028;A0051;03.03.2025;10.04.2025;4000000;financing;;WBA71R4YBNN6G6DG0
S001005;L0005303;C004392;D013;V028;A0131;18.05.2026;27.05.2026;3771000;financing;;WBABTWTF8TYX1YN7S
S000498;L0002694;C000213;D001;V006;A0012;11.02.2026;25.03.2026;7315000;financing;2150000;WBA3W4M5LKMUXWBCF
S001922;L0010323;C003173;D003;V010;A0033;13.02.2026;28.02.2026;4326000;financing;;WBAGSLF5JEJ0XHKXT
S000343;L0001949;C000606;D008;V025;A0082;24.10.2024;06.11.2024;3016000;financing;;WBAJK2C6ASZFZ0H71
S002092;L0011296;C001529;D004;V029;A0044;04.11.2025;28.11.2025;3012000;financing;;WBAU7LTKR2F8TT81E
S001477;L0007998;C003542;D004;V002;A0042;19.08.2026;09.09.2026;3744000;financing;;WBAS9ECFHGUH9FJ2Z
S000300;L0001701;C005063;D007;V019;A0073;03.04.2025;04.05.2025;4380000;financing;;WBAH304LB1EMHUXRG
S001150;L0006028;C004503;D007;V008;A0073;10.06.2026;09.07.2026;3766000;financing;;WBAGAT3GS744B15DS
S001833;L0009783;C000936;D003;V008;A0034;20.07.2026;29.08.2026;4200000;bank_transfer;;WBACDD1SP30UXHB9H
S000912;L0004772;C004959;D006;V029;A0062;14.01.2026;26.01.2026;3212000;bank_transfer;;WBAHVUTETARCSMRMH
S002212;L0011976;C005370;D006;V017;A0062;23.06.2026;08.07.2026;3838000;financing;;WBAHH20CE2SXPWGDE
S001827;L0009747;C002037;D011;V019;A0112;10.12.2025;05.01.2026;4270000;bank_transfer;2200000;WBABAYSUKMTW7GDYP
S002712;L0014811;C005151;D002;V034;A0023;16.02.2026;28.02.2026;5778000;cash;;WBAP48R9RL0P1ETSB
S000221;L0001219;C005832;D001;V027;A0014;22.12.2025;31.12.2025;3517000;bank_transfer;560000;WBALVMCMG7LM2LX70
S001473;L0007972;C002604;D005;V029;A0054;12.03.2026;18.04.2026;3183000;financing;;WBAUBYZSCC5SKMFER
S000795;L0004185;C000141;D010;V024;A0104;21.05.2026;04.06.2026;2580000;bank_transfer;;WBA3SC1H52NSYVC2R
S000450;L0002467;C000919;D005;V033;A0052;05.10.2024;16.11.2024;5150000;financing;;WBA73XF5M397NJXV7
S001518;L0008226;C001227;D007;V027;A0071;10.12.2025;15.01.2026;3468000;financing;;WBAS6ZM28VYRXXXTU
S000085;L0000469;C003932;D011;V026;A0114;21.10.2024;28.11.2024;2813000;financing;;WBAZY9CZ39CK5B8W8
S001282;L0006876;C005370;D005;V031;A0054;10.07.2026;02.08.2026;10281000;financing;;WBAVGY03WKVMGNNKS
S000622;L0003317;C004996;D003;V001;A0033;18.07.2026;06.08.2026;3322000;financing;;WBA24DZMXREBNCAV0
S000267;L0001481;C001077;D010;V022;A0103;08.04.2026;15.05.2026;9454000;cash;3000000;WBANJERWDDZB0NZCU
S000786;L0004126;C004076;D003;V024;A0033;05.08.2026;16.08.2026;2574000;financing;;WBAYVEEZ32P6BA560
S000291;L0001635;C005843;D007;V034;A0073;10.10.2024;30.10.2024;6004000;cash;;WBA50ZTDB24KVJVM4
S002368;L0012829;C004514;D003;V017;A0031;20.04.2026;01.06.2026;3986000;bank_transfer;;WBAVYUHDSP49MT7EJ
S001540;L0008340;C003795;D002;V026;A0021;13.06.2026;10.07.2026;2728000;financing;;WBAPN1JW370U77HEA
S002305;L0012477;C001450;D001;V019;A0012;14.04.2026;23.05.2026;4205000;financing;;WBAS2KEWK8XGD1MAA
S000417;L0002328;C000979;D004;V005;A0041;20.09.2025;03.11.2025;6338000;bank_transfer;3020000;WBAYE78D29E8RY82M
S000473;L0002584;C005143;D003;V029;A0033;21.01.2026;02.02.2026;3041000;financing;;WBA99NACGE819HKD6
S001076;L0005619;C001749;D002;V029;A0024;02.07.2025;10.08.2025;3014000;cash;560000;WBA3AU894E7BA1N68
S001293;L0006937;C006095;D003;V016;A0032;29.07.2026;18.08.2026;5197000;financing;;WBA27BX2SKN3W6E74
S002508;L0013585;C000075;D003;V011;A0034;09.12.2024;17.01.2025;5936000;cash;2580000;WBA61CTRUTKB3V4F0
S002281;L0012350;C005849;D009;V028;A0091;10.06.2026;15.07.2026;3741000;financing;850000;WBA9CBZNXMY3JCESP
S002678;L0014547;C003824;D002;V026;A0021;20.03.2026;02.05.2026;2773000;financing;;WBAGKSG8G28PAW8JT
S000655;L0003520;C004978;D009;V032;A0092;31.01.2026;09.03.2026;5935000;cash;;WBACS5GCHYTRVFXUA
S002221;L0012021;C000985;D011;V026;A0112;30.05.2025;17.06.2025;2699000;cash;;WBA2J00R8R6UEEX8M
S002547;L0013788;C005716;D010;V033;A0103;02.06.2025;09.07.2025;4910000;financing;;WBAD5DDENGMGW5VKH
S001115;L0005830;C003102;D002;V019;A0022;23.05.2026;20.06.2026;4206000;cash;;WBACNK6T6T5CG11YG
S000344;L0001953;C004962;D002;V016;A0023;01.04.2026;06.04.2026;5086000;bank_transfer;2160000;WBAJBFX19YLFKRG04
S002542;L0013760;C003545;D002;V008;A0024;27.06.2026;10.07.2026;3990000;bank_transfer;;WBAEKWZUXXU8HHPLX
S000123;L0000701;C005724;D014;V026;A0143;18.04.2025;08.05.2025;2736000;financing;;WBAG2HPG9EW3NZNMS
S001676;L0009108;C002322;D004;V032;A0041;01.06.2026;14.07.2026;5957000;financing;;WBA1PKVC7DDJTHKND
S000279;L0001548;C006110;D008;V017;A0083;09.02.2026;17.02.2026;3992000;cash;;WBAUP6KRS0DH2EPDL
S002304;L0012463;C005444;D001;V025;A0014;29.06.2026;13.07.2026;2845000;bank_transfer;;WBAB244GM0HF1JAG0
S002248;L0012158;C003475;D004;V018;A0043;28.05.2025;02.06.2025;4417000;cash;;WBA8TFF80UHN8H66V
S002250;L0012163;C003766;D008;V019;A0082;14.08.2026;18.08.2026;4197000;financing;;WBA9WXK51ZVK3ZWDT
S001256;L0006678;C003016;D006;V025;A0063;11.04.2026;15.04.2026;2914000;cash;;WBA51PRM1PG9CB82X
S000019;L0000079;C002264;D002;V003;A0023;02.06.2026;09.06.2026;4253000;financing;;WBA0SN17SW3Z7CDAB
S000614;L0003257;C001079;D005;V014;A0053;29.06.2026;02.08.2026;11322000;financing;;WBAX41CEKP89GS4WM
S000644;L0003458;C005173;D002;V026;A0023;09.04.2026;16.05.2026;2770000;financing;;WBAPW0JUMTAJW3TE9
S002309;L0012498;C003595;D003;V010;A0034;09.02.2026;22.03.2026;4393000;cash;;WBAA3HMUA7GXUH3PG
S001094;L0005725;C004708;D008;V017;A0081;10.11.2025;03.12.2025;3835000;cash;;WBA08X3G1W12U4BM7
S001719;L0009273;C004325;D007;V003;A0071;20.06.2025;18.07.2025;4389000;financing;1770000;WBAGDNX5Z2U81LCBK
S001489;L0008080;C001435;D005;V009;A0054;23.07.2025;03.08.2025;4696000;financing;2030000;WBAPY1E6U3Z67PL55
S001326;L0007141;C004750;D002;V025;A0023;31.03.2025;02.05.2025;2904000;financing;;WBAJ2YTCY96S72HAP
S001407;L0007641;C002594;D007;V017;A0074;23.08.2025;13.09.2025;3983000;cash;;WBARFCJJ4RJP4VAYA
S002377;L0012901;C003244;D011;V001;A0112;04.07.2026;03.08.2026;3241000;cash;;WBAKC391GYAGZA3PR
S001863;L0009979;C002645;D003;V025;A0031;22.09.2025;03.11.2025;2968000;bank_transfer;610000;WBAJSVXKFZPZ332LD
S000875;L0004560;C000269;D008;V018;A0081;16.04.2026;26.04.2026;4474000;financing;;WBAS3RHXVL5Z0XR4U
S001613;L0008790;C000092;D007;V002;A0074;18.04.2025;08.05.2025;3756000;financing;;WBAFCAYNHF2SKMJDB
S001967;L0010628;C002592;D002;V004;A0023;28.10.2024;27.11.2024;4783000;financing;;WBA7PXHR3ZALVLFZ1
S001392;L0007540;C002524;D006;V010;A0064;25.11.2024;30.11.2024;4257000;financing;1890000;WBA66NXVC2FXH343R
S001877;L0010083;C004397;D008;V017;A0084;30.09.2025;04.10.2025;3805000;financing;;WBAU9B1JS9N7ZTMW3
S000681;L0003685;C002427;D011;V009;A0113;22.03.2025;20.04.2025;4883000;bank_transfer;1960000;WBAHK6S9203A3XG2H
S001757;L0009430;C003551;D008;V028;A0082;29.03.2025;12.05.2025;3616000;cash;1530000;WBAZ2S89BHTCCC15K
S001469;L0007959;C002416;D003;V026;A0033;11.04.2026;13.05.2026;2784000;cash;;WBAAPFYU3AA0BC52J
S001692;L0009174;C000586;D002;V028;A0023;22.06.2026;02.08.2026;3849000;cash;;WBA4HU7EFFP41X6AC
S001379;L0007472;C001934;D011;V028;A0113;01.12.2025;14.12.2025;3820000;cash;;WBAW8EYZXWXZUW2BY
S000220;L0001213;C001789;D001;V004;A0011;17.09.2025;22.09.2025;4949000;financing;;WBAATGE0J9W9LJF0K
S000602;L0003156;C001846;D002;V003;A0023;28.05.2025;24.06.2025;4410000;cash;;WBA2RL1UKTLW39ZMK
S001602;L0008746;C001723;D003;V018;A0031;16.12.2025;09.01.2026;4507000;financing;810000;WBA5VDSXZVBYEGT2B
S001454;L0007900;C001244;D010;V016;A0101;13.11.2025;19.12.2025;5033000;financing;2100000;WBADVZAUY0DZ84B8T
S000304;L0001730;C004117;D011;V022;A0114;26.10.2024;12.11.2024;9242000;cash;3390000;WBAJTNZM42TK1641T
S000053;L0000318;C000883;D009;V001;A0094;24.08.2026;30.09.2026;3356000;financing;;WBA783RLE56B3NHYH
S001909;L0010274;C004939;D007;V026;A0073;19.02.2026;19.03.2026;2854000;financing;1170000;WBA8JMK2CGA7UNGWE
S001615;L0008795;C001885;D001;V021;A0014;13.11.2025;19.11.2025;7399000;cash;2330000;WBALM1U3RWTW9VGWZ
S001566;L0008479;C004312;D006;V024;A0063;20.01.2026;12.02.2026;2584000;financing;;WBAJSADL624338AAW
S000880;L0004582;C001730;D011;V008;A0111;15.01.2025;27.01.2025;3885000;cash;;WBAZFKC1WX30Y2SE8
S001079;L0005631;C005584;D004;V018;A0044;08.12.2025;18.01.2026;4407000;bank_transfer;2040000;WBAAJN3ET3FCV3XX3
S002167;L0011764;C004413;D003;V026;A0033;27.08.2026;08.10.2026;2777000;bank_transfer;;WBAWRMTD79FAA6PZ4
S000345;L0001955;C002402;D002;V008;A0024;12.02.2026;21.03.2026;3987000;financing;;WBAERWV2LZCKF3C8G
S001090;L0005680;C005744;D008;V026;A0081;23.06.2026;19.07.2026;2823000;financing;;WBAXC2R9ARHKTDY52
S001463;L0007930;C003375;D001;V005;A0014;14.01.2025;03.02.2025;6379000;cash;;WBA1Y38FC6SHK4E9X
S001972;L0010650;C005756;D007;V026;A0071;06.08.2026;10.09.2026;2790000;financing;;WBAC3D3TMF4DRWK7X
S000648;L0003492;C004144;D005;V026;A0051;18.03.2026;14.04.2026;2777000;cash;580000;WBAYE90JBMDTNUP3C
S002579;L0013958;C003154;D005;V028;A0054;24.03.2026;07.04.2026;3906000;bank_transfer;;WBACP4DG0HJ2L6RYT
S002650;L0014409;C004654;D004;V033;A0042;09.09.2025;21.10.2025;5193000;cash;;WBAXCHMDWKEDVH34W
S001889;L0010151;C000088;D003;V032;A0032;11.06.2025;18.07.2025;5715000;financing;;WBA2736C2WZECFVPK
S001689;L0009164;C000900;D007;V024;A0073;13.01.2026;25.01.2026;2435000;financing;550000;WBAS6UE6AYXWNFDP6
S002475;L0013402;C001716;D014;V008;A0143;05.09.2025;14.09.2025;3956000;cash;740000;WBAH5BK2DMPT8MWK8
S001299;L0006970;C004534;D003;V029;A0031;24.04.2025;16.05.2025;3035000;cash;1570000;WBABKHCL8SDBBEY6S
S002094;L0011303;C000776;D002;V024;A0024;13.08.2026;16.08.2026;2567000;cash;;WBASBH8ZYUD8LNJP2
S001356;L0007299;C005870;D005;V024;A0054;02.10.2024;12.11.2024;2538000;bank_transfer;480000;WBAC73JLAFL159X59
S000193;L0001078;C004331;D010;V034;A0103;28.04.2026;26.05.2026;5963000;cash;;WBAW4XAFB2TG8326Y
S000802;L0004206;C004551;D001;V033;A0012;27.06.2025;29.07.2025;5181000;bank_transfer;;WBAXZSJU5YJPLZK4X
S000175;L0000966;C000738;D003;V016;A0031;04.02.2026;02.03.2026;5187000;bank_transfer;1810000;WBA9EWKJFM5CH7HBW
S002013;L0010836;C002062;D008;V019;A0082;30.04.2026;22.05.2026;4438000;cash;;WBATS3R5E6T6BE70B
S002156;L0011722;C003216;D003;V034;A0033;02.02.2026;06.03.2026;5591000;financing;;WBA5E4PLWRDBHCWKJ
S001789;L0009572;C005568;D004;V008;A0044;01.06.2026;18.06.2026;4102000;cash;;WBAVL7LMTB6YEXN98
S002189;L0011867;C004445;D005;V014;A0052;04.03.2026;27.03.2026;11957000;financing;;WBAAT7CX5015RYYEG
S000352;L0001997;C005068;D007;V026;A0074;02.01.2026;13.01.2026;2754000;financing;;WBAZ7MYA8A3CU2CMR
S000669;L0003600;C004867;D001;V003;A0014;24.06.2025;16.07.2025;4355000;financing;1460000;WBA1NGX0GED2V2BAT
S002127;L0011496;C001868;D003;V030;A0032;15.01.2026;24.01.2026;11785000;financing;;WBAXG9UZYM7ADGURJ
S000129;L0000738;C002441;D004;V011;A0044;13.08.2026;18.08.2026;6013000;cash;;WBAE8JJFWRMWL5WEB
S000341;L0001932;C005187;D002;V029;A0021;14.08.2025;16.09.2025;3116000;cash;;WBAJGUGV6HAC73TZP
S000008;L0000034;C001311;D006;V025;A0062;14.03.2026;25.03.2026;2966000;bank_transfer;780000;WBA18NJF1RKBP659E
S001011;L0005357;C003386;D004;V020;A0043;18.12.2025;11.01.2026;5967000;financing;;WBARYVHEKELAU19CL
S002538;L0013749;C003988;D010;V013;A0102;04.08.2025;15.08.2025;10733000;cash;;WBA2Y9LAV0DYWADC6
S002264;L0012235;C005445;D003;V020;A0033;14.01.2025;12.02.2025;6392000;financing;;WBAYZYYHTDNSPRL37
S000308;L0001749;C005066;D002;V025;A0022;18.03.2026;20.04.2026;2922000;financing;;WBAL4JYGZFT4PR2LD
S000813;L0004270;C001379;D008;V029;A0082;20.11.2025;28.12.2025;3181000;financing;;WBATZUWGAY1TH9JCA
S000638;L0003415;C001951;D004;V012;A0041;04.11.2025;08.12.2025;6831000;financing;;WBA14G8FWYTNE5ZA0
S000384;L0002151;C000081;D008;V019;A0083;10.06.2026;12.07.2026;4500000;financing;1440000;WBASKSZVZSSJ0A0MU
S001568;L0008491;C000554;D008;V006;A0083;26.12.2025;11.01.2026;7138000;cash;;WBAT173U7B06PW717
S002565;L0013883;C000404;D010;V028;A0103;25.07.2025;16.08.2025;3806000;cash;1040000;WBA18UUJ7KU3DCWTB
S002323;L0012547;C004844;D004;V027;A0043;14.05.2026;07.06.2026;3608000;cash;;WBAULUDGASRZCBM6Z
S000178;L0001006;C004076;D003;V033;A0034;28.07.2025;15.08.2025;5111000;cash;;WBA0WX6HK209EH8YS
S000427;L0002379;C001824;D005;V035;A0051;08.06.2026;14.07.2026;7900000;financing;;WBAWRH0D82CWCLD6C
S000495;L0002680;C002043;D003;V005;A0032;29.10.2025;25.11.2025;6601000;cash;;WBACPL2WDE4LJAF06
S000184;L0001031;C002015;D001;V034;A0011;21.05.2026;08.06.2026;5719000;cash;;WBAJCKJCP6MZ4GXDT
S001062;L0005571;C003818;D001;V018;A0013;27.08.2026;07.10.2026;4507000;cash;;WBA7J0198R7RACHLE
S002520;L0013641;C003769;D004;V026;A0044;27.04.2026;17.05.2026;2785000;cash;;WBACKMLCF4KM38BF5
S000185;L0001037;C004604;D008;V011;A0083;20.12.2025;13.01.2026;6129000;financing;;WBA505L9GGMUWPREN
S001937;L0010412;C000742;D008;V026;A0081;22.07.2026;18.08.2026;2728000;financing;740000;WBAW4ZD79G21ZU2M6
S001980;L0010699;C005797;D001;V028;A0013;27.05.2026;25.06.2026;3805000;financing;;WBANW87HX8F2P57NM
S002242;L0012123;C004005;D007;V009;A0071;14.03.2026;24.04.2026;4900000;financing;;WBA53SNN6K3N08GJB
S002011;L0010833;C004898;D001;V028;A0012;25.10.2025;25.11.2025;3904000;financing;;WBAMX0X9G5XLDE1W2
S000811;L0004261;C001038;D006;V022;A0062;28.07.2026;03.09.2026;9197000;financing;;WBASY83621WU1VEPH
S001089;L0005676;C001378;D005;V035;A0054;29.07.2026;08.09.2026;7249000;cash;;WBAR8AT0LRP33C56K
S002537;L0013742;C001133;D014;V018;A0144;10.03.2025;13.03.2025;4392000;bank_transfer;2340000;WBAAWRZVRGPVNMNKM
S002227;L0012045;C000573;D011;V005;A0114;24.03.2026;05.04.2026;6620000;financing;;WBA6FUMKJ3LPF3EB3
S001375;L0007448;C005596;D004;V024;A0041;12.02.2026;25.02.2026;2573000;financing;970000;WBAU570WPG32Z0KLS
S001045;L0005496;C001001;D014;V029;A0141;21.07.2026;24.08.2026;3045000;cash;;WBA310XU5NF793W10
S000490;L0002666;C004002;D005;V026;A0051;09.01.2026;20.01.2026;2654000;bank_transfer;580000;WBAVCPDAH0GFKH390
S001420;L0007698;C004944;D014;V029;A0143;28.11.2025;10.01.2026;3023000;cash;730000;WBAR2M73ZDPKRJUXX
S002419;L0013096;C001779;D001;V027;A0012;14.02.2025;12.03.2025;3569000;financing;;WBA38WHLZNJ8B8HDG
S000691;L0003743;C000054;D012;V017;A0124;05.08.2026;27.08.2026;3983000;financing;;WBA4KY48HMKNV1ZUW
S002499;L0013509;C005011;D006;V029;A0061;20.03.2025;25.03.2025;3052000;financing;;WBAZ1MS2HKFXALYCB
S001265;L0006710;C001366;D007;V017;A0073;21.08.2026;12.09.2026;3924000;financing;;WBA5ZAJUS5MZ510UZ
S002031;L0010936;C001599;D006;V026;A0063;22.12.2025;12.01.2026;2819000;cash;760000;WBA6MXG5KF2EXTSZ2
S000757;L0004010;C002175;D007;V015;A0071;15.05.2025;17.06.2025;16016000;financing;;WBAUAGG28WLHEWU4J
S002020;L0010867;C004057;D002;V035;A0022;13.10.2025;07.11.2025;7628000;cash;;WBAAKN5X9L6G6PW9U
S001818;L0009701;C000900;D007;V016;A0073;07.01.2026;19.01.2026;5015000;financing;;WBAG9CPXLU23DGCAL
S001707;L0009231;C005538;D009;V029;A0092;22.08.2025;18.09.2025;3131000;cash;800000;WBA985RK5GRBMX7TD
S000119;L0000686;C000015;D006;V032;A0061;03.02.2025;14.03.2025;5969000;bank_transfer;;WBAFBGAP73LV99ELJ
S001911;L0010291;C000920;D012;V008;A0121;09.03.2026;09.04.2026;3934000;financing;;WBA32Z07MKN01G29U
S002675;L0014528;C005644;D006;V025;A0061;14.02.2026;01.03.2026;2898000;cash;560000;WBASN6N2YJ8GYHJ95
S000282;L0001568;C005552;D004;V018;A0042;12.11.2025;17.11.2025;4486000;bank_transfer;;WBA7TWDPC7JNY895H
S002425;L0013121;C005786;D001;V006;A0011;10.06.2026;15.07.2026;7207000;cash;;WBARWPX4ULRMFGRL4
S001002;L9167547;C002262;D003;V010;A0032;03.01.2026;12.01.2026;4281000;cash;;WBA1NDV6AWV7N3W0H
S002150;L0011668;C004735;D002;V016;A0024;09.03.2026;17.04.2026;4898000;financing;;WBAM2LWDBSKWHL1AH
S002584;L0013991;C003195;D003;V021;A0032;22.12.2025;03.01.2026;7301000;bank_transfer;1450000;WBA9CB3RRG4TCVGL8
S001798;L0009607;C005162;D007;V024;A0074;12.05.2025;01.06.2025;2448000;cash;;WBAX7LKHSJ13FVRU6
S000882;L0004594;C004285;D002;V024;A0021;14.04.2026;25.04.2026;2650000;financing;;WBAY9Y073SX533HS9
S001058;L0005559;C001315;D004;V008;A0041;28.04.2026;08.06.2026;4138000;cash;1170000;WBADH5CM15BUAZSL7
S001377;L0007467;C005230;D001;V016;A0012;26.03.2026;16.04.2026;5151000;financing;1380000;WBAMYXA1MX5VU9CGK
S000719;L0003845;C002520;D013;V024;A0134;01.07.2026;31.07.2026;2477000;financing;800000;WBAWD10V44YRKPKH9
S000367;L0002054;C000478;D007;V024;A0072;18.07.2025;01.08.2025;2557000;bank_transfer;;WBA9YR56RBWBV47MZ
S002578;L0013953;C001918;D003;V020;A0032;24.11.2025;17.12.2025;6054000;bank_transfer;;WBAXX0PC3J9KZJPXT
S002683;L0014578;C001952;D005;V024;A0053;20.10.2025;02.12.2025;2580000;cash;1050000;WBA6T575T7K12ZHEN
S000556;L0002952;C003662;D003;V008;A0033;14.05.2026;21.05.2026;3963000;financing;;WBAHH6KCADGKKLCJY
S001533;L0008289;C000404;D001;V001;A0014;27.04.2026;02.06.2026;3252000;cash;1160000;WBABGHJHYKXVHNYE0
S001365;L0007377;C001707;D012;V028;A0124;20.10.2025;13.11.2025;3882000;cash;1120000;WBAKGLWPGFTUDF1P2
S000305;L0001736;C000020;D007;V016;A0071;08.10.2024;23.10.2024;5210000;financing;;WBAV1SJ06REZMP4DL
S002551;L0013815;C001932;D001;V009;A0012;06.03.2026;20.03.2026;4465000;cash;;WBA40ZR6NF95E1YVF
S000204;L0001127;C005496;D012;V018;A0123;08.11.2024;14.11.2024;4502000;financing;1910000;WBANWKBJN7EDUFTKE
S001175;L0006152;C004312;D005;V021;A0054;23.09.2024;01.11.2024;6811000;cash;;WBAX8P83BDHPP6XY8
S002065;L0011135;C004043;D010;V026;A0101;13.09.2025;30.09.2025;2781000;financing;;WBAR56P15UJ1PEJUT
S000121;L0000692;C003151;D006;V037;A0064;25.01.2025;19.02.2025;16262000;cash;;WBALYK3G5DPL1UA8T
S000284;L0001571;C004665;D005;V034;A0052;22.12.2025;31.12.2025;5811000;bank_transfer;;WBA4VHV9SPP4U92AA
S001504;L0008142;C002027;D003;V025;A0033;13.09.2025;19.09.2025;2863000;bank_transfer;;WBAJCZN04PUUHFJSK
S000576;L0003025;C000229;D005;V002;A0053;05.07.2025;05.08.2025;3760000;cash;1470000;WBAE71XNP1HLLTUG8
S001600;L0008723;C005862;D002;V006;A0024;03.04.2026;10.04.2026;7371000;financing;2950000;WBAT44TEERRUH5LXT
S001867;L0010019;C000067;D002;V017;A0021;25.08.2025;04.10.2025;3995000;bank_transfer;;WBA3BJN18393U8DY8
S001737;L0009343;C004283;D001;V009;A0012;01.05.2026;03.06.2026;4610000;financing;;WBATKS965VAFUAV5Z
S002316;L0012517;C004532;D007;V015;A0071;06.01.2025;17.02.2025;15707000;cash;7850000;WBA8MSB77PE6GAFV2
S000276;L0001519;C003985;D001;V029;A0012;30.12.2024;13.01.2025;3226000;financing;;WBAPL5X0D4NKKE3B3
S001411;L0007672;C003712;D002;V010;A0021;21.08.2025;28.08.2025;4539000;bank_transfer;;WBA8T6973E4YUT56B
S000257;L0001419;C005364;D011;V019;A0111;25.12.2025;21.01.2026;4311000;financing;1830000;WBAVD1DPE84FAEDML
S000361;L0002030;C004454;D002;V027;A0023;14.11.2025;13.12.2025;3491000;financing;;WBATVYWU4NRS0DNHJ
S001015;L0005388;C001360;D009;V002;A0093;12.05.2025;04.06.2025;3666000;cash;;WBAT40PTCFT43RHES
S001771;L0009469;C002410;D002;V027;A0023;17.01.2026;31.01.2026;3626000;cash;;WBAWGGEFVCXV1FKUS
S001609;L0008774;C000299;D003;V036;A0031;14.05.2025;19.05.2025;14049000;cash;;WBAV90EE9D4KLHE3U
S000605;L0003173;C001553;D006;V004;A0062;06.04.2026;06.05.2026;4749000;bank_transfer;;WBAM0VNE1W5HV371A
S001651;L0008980;C005025;D001;V005;A0013;07.11.2025;10.12.2025;6692000;bank_transfer;3370000;WBA3JX0DMXY5E3J80
S002247;L0012147;C000338;D010;V009;A0102;20.07.2026;02.08.2026;4703000;cash;;WBAV4JWKMN0G557H7
S000630;L0003358;C004115;D004;V007;A0042;27.11.2025;12.12.2025;13510000;financing;5560000;WBAG6CDDPHKU3KEYG
S001682;L0009132;C005913;D005;V026;A0052;09.10.2025;31.10.2025;2769000;cash;;WBANDJBP7B2ZET64S
S001897;L0010201;C002416;D001;V036;A0011;08.04.2026;05.05.2026;13023000;financing;;WBAG7P63R5H9JUBX1
S002004;L0010806;C003739;D001;V003;A0012;18.05.2026;29.05.2026;4323000;financing;;WBA344SHYL1WT01P7
S000287;L0001587;C001930;D001;V028;A0012;24.03.2025;29.04.2025;3964000;cash;;WBA8VNA9XK4MK4ENY
S002690;L0014638;C004593;D002;V025;A0023;30.12.2024;01.02.2025;2979000;bank_transfer;1170000;WBAED7CG1FY1LAHLP
S002035;L0010952;C001458;D007;V029;A0071;13.06.2025;28.06.2025;3011000;bank_transfer;990000;WBA6UHBZJK96NTAKP
S000301;L0001703;C001000;D001;V035;A0012;06.04.2026;23.04.2026;7709000;cash;;WBAG2XJMEB8V3C5AX
S001979;L0010687;C004972;D003;V026;A0032;09.05.2026;23.05.2026;2658000;bank_transfer;;WBABT94CKVKEM7XXP
S001284;L0006886;C005350;D007;V017;A0074;08.05.2026;06.06.2026;3882000;financing;;WBASW2ARJFE7Y0FAA
S000424;L0002371;C002686;D003;V025;A0034;06.06.2025;21.06.2025;2880000;financing;1360000;WBABM7FCJ1NTPG5W6
S002132;L0011535;C001625;D003;V017;A0034;07.05.2026;25.05.2026;3886000;financing;;WBA0V1P4D22BZWU39
S002735;L0014982;C002009;D002;V020;A0021;04.06.2025;05.07.2025;6550000;cash;;WBA289VXT8HHRFKXY
S001950;L0010482;C004605;D007;V011;A0073;18.12.2024;14.01.2025;6283000;financing;;WBARHTF2X2985X66N
S000163;L0000912;C001068;D004;V019;A0044;12.05.2026;15.05.2026;4495000;cash;;WBAFE1VUY7T17XRRM
S000066;L0000378;C004915;D010;V019;A0103;28.07.2025;04.08.2025;4226000;cash;;WBAUUTX6EJS91RVRX
S002019;L0010863;C004621;D003;V017;A0033;12.01.2026;05.02.2026;3851000;cash;;WBAX7820JKSMFCJRR
S000857;L0004503;C002061;D010;V008;A0104;14.08.2025;04.09.2025;4173000;bank_transfer;680000;WBAVL2C9E7LYUGAVE
S000891;L0004655;C005922;D012;V025;A0123;31.07.2025;30.08.2025;2889000;cash;;WBADE23WX416PWTS5
S001826;L0009735;C004120;D006;V027;A0064;30.03.2026;30.04.2026;3470000;financing;;WBAZYYV0RXF2XNMR1
S001508;L0008165;C003785;D007;V009;A0072;02.04.2025;24.04.2025;4617000;bank_transfer;1540000;WBAB5HJSVLWE1SY4H
S000743;L0003940;C001566;D002;V020;A0021;28.08.2026;20.09.2026;6420000;cash;;WBAHLANUZYPMW77JN
S002713;L0014828;C001171;D003;V027;A0031;14.11.2024;25.12.2024;3610000;financing;;WBA85WCSYKXKMBYGH
S002454;L0013283;C001536;D002;V001;A0021;23.04.2026;12.05.2026;3275000;cash;;WBAW6K7JKPY4G164B
S000231;L0001259;C002083;D007;V001;A0073;23.12.2024;24.01.2025;3278000;financing;;WBA7AAS27SS1APYR9
S001935;L0010405;C002667;D011;V010;A0112;06.11.2024;20.12.2024;4344000;bank_transfer;;WBABN3C3WTJ161E5A
S001147;L0006015;C004766;D001;V029;A0014;27.01.2025;06.03.2025;3006000;bank_transfer;1470000;WBAX2R7U26V6ZEDVN
S001458;L0007922;C001258;D008;V002;A0082;04.01.2025;01.02.2025;3580000;bank_transfer;630000;WBA09RUAR44UA1HXH
S001507;L0008160;C004716;D005;V028;A0053;19.05.2025;19.06.2025;3948000;cash;;WBATUJUJ9MARB3AKF
S001738;L0009356;C003148;D008;V034;A0081;01.05.2026;27.05.2026;5768000;bank_transfer;;WBABE85P5SCA71NBW
S001623;L0008828;C002646;D014;V025;A0142;20.08.2025;26.09.2025;2951000;cash;;WBARRC1PPY4HTTPML
S001538;L0008329;C003401;D002;V025;A0021;05.05.2026;04.06.2026;2887000;financing;;WBA5WBMPKHJ5XPXKN
S002461;L0013316;C005381;D007;V018;A0071;13.08.2025;21.09.2025;4570000;cash;;WBAPPAZKANKCTTAYV
S001264;L0006708;C005752;D001;V025;A0014;11.11.2024;02.12.2024;2858000;financing;820000;WBA2VMS5CHRDDEAX1
S000837;L0004398;C005778;D001;V028;A0011;08.10.2024;23.10.2024;3853000;bank_transfer;;WBABS3FYW8KDZ5SVT
S002635;L0014320;C001435;D005;V010;A0054;17.11.2025;02.12.2025;4576000;cash;;WBAYRKBLFX88HRTSV
S000375;L0002093;C002110;D007;V024;A0072;02.06.2026;09.06.2026;2482000;financing;;WBAMSSDXAP5TK5GPS
S001081;L0005642;C002405;D004;V027;A0043;20.04.2026;28.05.2026;3447000;cash;;WBAHND982WGEMVGH9
S001873;L0010059;C001067;D002;V033;A0023;24.10.2025;17.11.2025;5004000;financing;;WBABWSPB7LMFUFCXB
S001526;L0008268;C002992;D008;V032;A0082;23.02.2026;07.04.2026;5766000;financing;;WBA0FWPWUSW09U3JH
S001984;L0010719;C004213;D009;V030;A0092;22.05.2026;31.05.2026;11635000;financing;;WBAA8NRWZ2B1TT6DD
S000298;L0001681;C005931;D006;V019;A0063;10.03.2025;12.04.2025;4308000;bank_transfer;1060000;WBAM29AVUKRTEGXZT
S000599;L0003138;C005489;D005;V024;A0051;28.04.2026;13.05.2026;2587000;financing;;WBAS0S9DPVEMFL7CA
S001806;L0009644;C000653;D002;V033;A0021;09.12.2024;03.01.2025;5116000;financing;1700000;WBA62US3NYZ0VBHWG
S000752;L0003975;C005204;D008;V018;A0084;18.11.2025;25.11.2025;4418000;cash;1890000;WBA16BSZRPDNPCK03
S000100;L0000571;C002565;D007;V034;A0074;27.08.2026;08.09.2026;5844000;financing;;WBA1AHRP110CMGFMU
S001129;L0005921;C000464;D007;V027;A0074;12.10.2024;20.11.2024;3645000;financing;;WBA5SBZFGUJ7UZRSS
S001812;L9276638;C001257;D003;V010;A0034;18.12.2024;05.01.2025;4473000;cash;800000;WBAU2C4R7M0AXZF6N
S000867;L0004537;C000332;D009;V019;A0092;16.04.2026;19.05.2026;4305000;bank_transfer;;WBABC4YRRXJNRBM21
S000737;L0003924;C004004;D003;V026;A0032;28.02.2025;20.03.2025;2732000;financing;890000;WBAL4KM3LJUMT48XZ
S002233;L0012069;C004323;D010;V008;A0104;02.02.2026;20.02.2026;4027000;cash;;WBAA1H1F3RST1HY6W
S001551;L0008386;C001887;D010;V002;A0102;21.07.2025;08.08.2025;3819000;financing;;WBABPJVEKXCWX0FZW
S002252;L0012173;C000555;D002;V033;A0023;12.02.2026;25.02.2026;5162000;cash;;WBA03SHV836NG3H0M
S000530;L0002843;C003241;D005;V025;A0054;29.09.2025;17.10.2025;2865000;cash;;WBA0PBJEBB4ZGAM2H
S002671;L0014515;C002429;D009;V034;A0091;05.10.2024;14.11.2024;5903000;bank_transfer;;WBA2C1DU1X42ZPC7S
S000643;L0003456;C005461;D006;V009;A0062;09.03.2026;19.04.2026;4552000;cash;2230000;WBAHCBE1WB09J9L5M
S001488;L0008075;C003361;D003;V024;A0033;25.06.2025;07.07.2025;2458000;financing;;WBA921G1SKU0VC73S
S000637;L0003399;C002519;D007;V001;A0073;29.06.2026;06.08.2026;3293000;bank_transfer;;WBAHKKNSXK3VHW4AA
S002723;L0014883;C002762;D007;V012;A0072;06.04.2026;27.04.2026;7006000;financing;;WBAZ9R7X862WR1JXN
S000186;L0001042;C003378;D004;V012;A0041;05.01.2026;06.02.2026;6739000;bank_transfer;2560000;WBANKDH3SG7UVS64Y
S002500;L0013515;C004775;D001;V035;A0014;02.04.2026;16.05.2026;7085000;financing;;WBAX7LEJBEX1A6NMF
S001026;L0005436;C005205;D008;V018;A0081;19.05.2025;31.05.2025;4596000;financing;;WBAM6DT4RKBC3P15W
S000938;L0004921;C004173;D004;V020;A0042;13.10.2023;18.12.2024;6279000;financing;;WBASV4D03JDLSG2HB
S001212;L0006435;C000213;D004;V016;A0042;29.12.2025;06.02.2026;5024000;cash;1430000;WBA4PKEH0A2YC5N12
S002443;L0013216;C005848;D009;V008;A0094;16.01.2026;23.02.2026;3975000;cash;;WBAKN511PCNM82270
S000932;L0004863;C004239;D010;V008;A0102;08.04.2026;04.05.2026;3971000;financing;;WBAC4E4U033KW7ND9
S002580;L0013959;C003941;D003;V020;A0032;12.07.2025;17.08.2025;5983000;financing;;WBASMA6DU37W52TLB
S002184;L0011844;C002515;D006;V029;A0062;13.01.2026;11.02.2026;3100000;financing;;WBAGKZ37EGD2E1418
S002113;L0011432;C003506;D001;V019;A0012;02.02.2026;17.03.2026;4358000;cash;850000;WBAM4EDURGYT9J3RY
S002179;L0011826;C001862;D007;V019;A0073;27.10.2025;08.12.2025;4162000;financing;1050000;WBA5BE8BM6GCPA24R
S000512;L0002738;C002638;D001;V033;A0011;28.01.2025;28.02.2025;5226000;financing;;WBA1AJ06MYCRYCY2X
S001207;L0006394;C001250;D003;V008;A0033;22.04.2026;04.06.2026;4004000;financing;;WBAB694UP05DDRSPH
S001262;L0006706;C003862;D007;V008;A0071;07.05.2025;12.06.2025;3951000;cash;;WBAVHTNHC6D6TXAWC
S001398;L0007577;C003811;D003;V003;A0032;03.03.2026;23.03.2026;4373000;financing;750000;WBAXJRTPAVB4A7FT4
S001711;L0009249;C004106;D007;V034;A0071;25.06.2026;22.07.2026;5735000;cash;;WBA3J1KKLCU0LRJ9D
S002404;L0013036;C000068;D007;V009;A0073;22.07.2025;17.08.2025;4614000;cash;2230000;WBA39X3PFXPWC1J5T
S000608;L0003210;C003585;D005;V032;A0052;02.06.2025;09.07.2025;5837000;cash;;WBACLYNVYLPVR1V3K
S001162;L0006090;C001186;D004;V022;A0041;17.06.2026;09.07.2026;9360000;financing;4100000;WBA4RE6G90Z409TRD
S001291;L0006933;C005584;D007;V001;A0073;23.07.2026;26.07.2026;3288000;financing;;WBARAHU3AY6673CA2
S000562;L0002969;C002115;D001;V029;A0014;20.11.2024;03.12.2024;3225000;financing;1610000;WBAL4TKURFYLF6JRF
S000152;L0000850;C003169;D002;V010;A0023;27.06.2026;10.07.2026;4334000;financing;;WBAGVEHFP38N5YJR7
S002707;L0014772;C005775;D004;V019;A0042;10.07.2026;23.07.2026;4169000;cash;2030000;WBAFW9VKLS1AW145F
S001915;L0010304;C001029;D003;V027;A0031;11.06.2026;12.07.2026;3500000;financing;;WBA4RCNU8708P5YJM
S000382;L9970985;C005395;D003;V005;A0032;30.05.2025;10.07.2025;6692000;financing;;WBA6K8PXVK95H47RB
S001367;L0007379;C002484;D010;V024;A0104;20.08.2025;28.08.2025;2420000;cash;610000;WBAWE7KX0ATE0JMFD
S000732;L0003900;C003534;D004;V028;A0044;08.07.2026;31.07.2026;3809000;financing;;WBAEMFALFJM0GXE6A
S001755;L0009417;C003267;D009;V005;A0093;11.03.2026;10.04.2026;6575000;bank_transfer;1680000;WBAP0NKCC6BMKJTL1
S001603;L0008753;C003112;D009;V033;A0092;25.02.2026;01.04.2026;5143000;financing;;WBAKGK9DL91WNTPPD
S002519;L0013632;C005535;D005;V024;A0052;24.11.2025;13.12.2025;2650000;cash;;WBANR4W2VWWMYAH8M
S000024;L0000123;C001797;D007;V006;A0074;01.10.2025;14.11.2025;7156000;cash;2180000;WBAML4UPJPY26E2KZ
S001423;L0007715;C002115;D003;V028;A0034;03.07.2026;20.07.2026;3904000;bank_transfer;;WBAC4188J46NES3N8
S002260;L0012217;C003567;D007;V025;A0073;15.09.2025;17.10.2025;2898000;financing;;WBAT0L3PTX8BJHSR8
S000159;L0000887;C004442;D004;V016;A0043;18.06.2025;21.07.2025;4977000;bank_transfer;;WBAG5R0NFWYYZN9U6
S002333;L0012607;C002275;D001;V012;A0014;22.11.2024;23.12.2024;6718000;financing;;WBAVZ48UD75C1Y5MV
S000862;L0004526;C000092;D007;V033;A0071;07.05.2026;28.05.2026;5184000;cash;;WBA79LZSR2V7NZYBV
S001318;L0007108;C005344;D003;V017;A0032;24.08.2026;31.08.2026;3849000;financing;;WBAC1R0AGB5X89VKU
S000332;L0001889;C003070;D006;V034;A0064;15.07.2026;17.08.2026;5697000;cash;;WBA7HY6G20UHP1G4M
S000903;L0004736;C004261;D003;V009;A0033;02.10.2025;24.10.2025;4591000;bank_transfer;;WBAFDSPZF2JYJCCHA
S002006;L0010816;C000156;D010;V001;A0101;09.01.2025;12.02.2025;3187000;financing;740000;WBA5YNW9GL3SPTJ2C
S002643;L0014349;C002287;D004;V018;A0041;10.08.2026;14.08.2026;4623000;bank_transfer;;WBAGKJC9NUJBGN8RV
S000959;L0005066;C003245;D001;V029;A0012;24.12.2024;19.01.2025;3007000;financing;1340000;WBAJJVRK5U4XKYTNR
S000950;L0005020;C002928;D004;V034;A0043;09.07.2025;03.08.2025;5688000;cash;;WBAXX4HN96WXPDXB6
S002081;L0011240;C000938;D003;V025;A0034;31.07.2025;08.09.2025;2865000;financing;;WBAESUMBMEAXLP7EJ
S000445;L0002448;C005217;D005;V026;A0052;22.11.2025;26.12.2025;2761000;cash;;WBAC40B28MCLHCD8X
S002710;L0014793;C003453;D002;V020;A0024;17.04.2026;13.05.2026;6206000;financing;;WBADKDYNT4VSX0DVB
S002384;L0012930;C003394;D007;V012;A0073;01.11.2025;12.11.2025;6753000;bank_transfer;;WBAAPDWHHLLZ9JVV5
S000924;L0004827;C002764;D011;V015;A0114;06.10.2025;14.10.2025;16349000;cash;;WBAEAE6NHW9X2UZHE
S001859;L0009958;C002923;D013;V007;A0134;20.11.2025;23.11.2025;13875000;financing;;WBA76CVN79JDYB39R
S000312;L0001771;C006148;D002;V033;A0023;02.09.2025;04.10.2025;5206000;financing;;WBAXSBSLA6M14ZRTR
S000549;L0002925;C001022;D005;V026;A0054;27.04.2026;01.05.2026;2782000;financing;;WBAC0G46GHAMJG1D7
S002544;L0013763;C001548;D014;V011;A0142;07.08.2025;14.08.2025;6167000;financing;;WBACKLE2ULJDB7LF0
S002197;L0011898;C000296;D006;V035;A0064;08.12.2025;13.12.2025;7607000;financing;;WBAE34F6WLZGP1425
S000307;L0001743;C000069;D004;V012;A0041;06.04.2026;12.04.2026;6625000;financing;;WBABV8UTMZ9BN2GCD
S000288;L0001594;C004004;D001;V005;A0014;06.09.2025;18.10.2025;6769000;financing;;WBADKVZREW0C1HML5
S000695;L0003756;C003895;D004;V011;A0044;02.12.2025;08.01.2026;6209000;financing;;WBABU0ZRE55MHF4LV
S000309;L0001762;C002395;D005;V021;A0052;10.07.2026;23.08.2026;6977000;cash;;WBAGJJBKCZRJ05EJC
S002135;L0011556;C000863;D003;V027;A0032;31.07.2026;09.08.2026;3503000;bank_transfer;;WBA45FNFN9NVMTC99
S002034;L0010951;C005377;D001;V019;A0013;23.05.2026;03.06.2026;4332000;cash;;WBARU8YYMWVFVJDFK
S001072;L0005605;C002554;D010;V029;A0103;23.07.2026;13.08.2026;3111000;cash;1050000;WBAKT978BY5F41EJA
S000909;L0004766;C002484;D006;V027;A0062;11.08.2025;18.08.2025;3424000;cash;;WBALCD0G82MXPLJAL
S001608;L0008767;C000915;D003;V021;A0032;25.12.2025;19.01.2026;7088000;cash;;WBA1CT6R6WS0WEXC7
S002633;L0014303;C002672;D009;V002;A0091;11.06.2026;08.07.2026;3600000;financing;;WBASZEXZ0T6WXB8S8
S001399;L0007582;C002745;D013;V002;A0132;12.03.2025;18.04.2025;3512000;bank_transfer;650000;WBATAH7C9XVTYXJDB
S002452;L0013273;C002451;D003;V018;A0034;19.08.2025;30.08.2025;4418000;financing;;WBAXP0DYLBCVUP5S0
S000971;L0005117;C000352;D002;V025;A0024;14.03.2026;18.04.2026;2841000;cash;;WBAS6XB376SZWHH2X
S000014;L0000052;C000671;D002;V019;A0021;29.08.2026;04.09.2026;4227000;bank_transfer;1470000;WBA900CGL9FXWWTKR
S000874;L0004557;C000219;D002;V023;A0024;06.07.2026;27.07.2026;15057000;cash;;WBA1EJCN47CP37S87
S000809;L0004248;C002254;D010;V024;A0104;18.12.2025;15.01.2026;2574000;financing;;WBA7M4WPC0LPNZ7BZ
S000515;L0002752;C003502;D007;V034;A0074;09.12.2025;15.12.2025;5592000;cash;;WBAY63LT0MP3DYWDY
S002223;L0012030;C002215;D010;V010;A0104;15.11.2025;03.12.2025;4408000;financing;;WBA9AWDLTNEEEXT1L
S000410;L0002292;C000232;D002;V006;A0021;03.11.2025;09.11.2025;7313000;cash;1430000;WBA81ZR6E9KFZ3UXT
S002355;L0012743;C004593;D004;V017;A0044;27.12.2024;25.01.2025;3787000;cash;1360000;WBAU6BKDK1SSB3GAS
S002087;L0011274;C003969;D002;V029;A0022;07.02.2026;16.02.2026;3120000;cash;;WBA13ZWFA274974F2
S001512;L0008179;C005278;D004;V026;A0042;14.02.2025;21.02.2025;2699000;cash;;WBAHLSYGMECFC57XK
S002668;L0014512;C000571;D006;V019;A0061;21.10.2025;07.11.2025;4232000;cash;1400000;WBACBW9D8ERP95Y2W
S002249;L0012162;C001029;D002;V027;A0021;16.05.2025;14.07.2026;3519000;financing;;WBA01CEN4C3XZ0YSG
S000383;L0002145;C003610;D008;V020;A0084;13.06.2026;19.07.2026;6273000;financing;;WBAVD3PRMBLB19E1W
S001351;L0007277;C002318;D004;V024;A0041;30.04.2026;03.06.2026;2525000;financing;;WBA09WE5M7LPT61UH
S001996;L0010775;C004012;D003;V001;A0033;25.10.2024;10.11.2024;3353000;financing;;WBA3HHEDTUMLBRM5C
S002465;L0013331;C000109;D001;V029;A0014;13.07.2026;24.07.2026;3178000;financing;;WBAYC49AHWYTRGXXP
S000553;L0002933;C004683;D004;V002;A0042;03.01.2025;14.02.2025;3807000;bank_transfer;;WBA9L7UXS3X4UGARG
S000223;L0001223;C004551;D003;V008;A0031;06.06.2025;20.07.2025;3867000;financing;;WBAPBX2RZ8359K3GK
S002399;L0013022;C003523;D005;V019;A0053;13.10.2025;28.10.2025;4500000;financing;1530000;WBART9G1YV3WPKU4U
S000009;L0000036;C003125;D003;V016;A0034;29.04.2025;25.05.2025;4802000;financing;1780000;WBAV2PYHEDYK42XBH
S001273;L0006785;C004738;D007;V018;A0074;22.04.2026;13.05.2026;4408000;bank_transfer;2150000;WBA8F5JERVTCVT37C
S000317;L0001795;C003459;D012;V034;A0124;22.04.2025;30.04.2025;5769000;financing;;WBANZHC2SHLNE30SH
S000428;L0002380;C005449;D001;V002;A0013;10.06.2026;03.07.2026;3656000;financing;;WBAKU2K1DG4EHFBSJ
S002577;L0013951;C003114;D004;V004;A0043;02.07.2025;20.07.2025;4907000;financing;1720000;WBA0M91Y5DGS3B0YM
S000106;L0000613;C003538;D007;V026;A0074;06.01.2026;01.02.2026;2845000;cash;1160000;WBA3EWJN3J6BWWABB
S001197;L0006302;C002546;D002;V010;A0022;31.03.2026;15.04.2026;4322000;cash;;WBAZPEE9N621MBA5V
S001906;L0010253;C001823;D004;V021;A0043;09.06.2025;25.06.2025;7042000;cash;;WBA9DGMM3G35TA1W7
S000122;L0000699;C002085;D001;V013;A0013;20.10.2025;23.10.2025;10766000;financing;;WBA8DAZDX9F6Z6W9J
S001910;L0010276;C004134;D007;V024;A0074;09.06.2025;18.06.2025;2578000;financing;;WBAVS3F101VBYVX4R
S002645;L0014358;C005213;D003;V027;A0032;19.02.2025;02.04.2025;3472000;financing;;WBA91AXKF0GM5A2K7
S001624;L0008833;C003131;D013;V010;A0133;12.05.2026;15.05.2026;4231000;financing;;WBADW20BBMZUPYNF9
S001361;L0007346;C003023;D004;V020;A0042;03.10.2024;10.11.2024;6460000;financing;;WBA42DJ8WEMKMV5VX
S000116;L0000671;C004354;D005;V033;A0051;03.07.2026;11.08.2026;5146000;bank_transfer;;WBAEV3EAX3YCG2KPR
S002367;L0012824;C000040;D001;V010;A0014;28.12.2024;15.01.2025;4176000;cash;;WBANWM8NGAJ6KLC01
S001095;L0005728;C000030;D002;V018;A0024;27.04.2026;23.05.2026;4447000;cash;;WBAJZX9M6TEPPBPZ1
S001916;L0010305;C001552;D006;V025;A0064;16.03.2026;26.04.2026;2934000;financing;;WBAC43FEHZCP8SUF3
S002585;L0014002;C000186;D008;V029;A0083;01.04.2026;27.04.2026;3146000;bank_transfer;;WBA4BFRHHK2448J5Y
S002719;L0014860;C000352;D001;V026;A0014;18.01.2025;01.02.2025;2900000;bank_transfer;;WBA47SF7J6F67Z7KR
S001371;L0007404;C000773;D004;V008;A0043;20.07.2025;09.09.2026;3954000;financing;;WBAW8KMJR5VA820DR
S002289;L0012393;C005107;D004;V027;A0041;22.06.2026;21.07.2026;3489000;cash;920000;WBALDJ8USZ4WXH8NF
S000673;L0003615;C005508;D001;V036;A0012;15.12.2025;20.01.2026;13299000;cash;;WBA0FXSXWJNBCGWJ6
S001237;L0006581;C004824;D006;V028;A0061;30.09.2025;03.10.2025;4000000;cash;;WBARHC6RM6341D2A8
S000592;L0003098;C005444;D004;V034;A0044;10.12.2025;13.01.2026;5645000;financing;1220000;WBA1919JFJFL2305Z
S001211;L0006422;C004376;D006;V032;A0061;24.01.2026;06.03.2026;5864000;cash;1010000;WBAT123T5J0NTX02Y
S000889;L0004627;C002975;D008;V010;A0082;18.10.2025;11.11.2025;4243000;bank_transfer;;WBAE9ZZDK6LM5UP1T
S002595;L0014059;C001451;D005;V022;A0052;19.02.2026;08.03.2026;9287000;financing;;WBADJYJJPHU4B5WV0
S002524;L0013655;C001776;D009;V034;A0092;10.03.2025;14.04.2025;5712000;cash;;WBA7WBCHFDTWRD38U
S000214;L0001184;C003677;D006;V009;A0062;08.01.2026;18.02.2026;4900000;cash;;WBA9CD6T1R7PC1SRD
S001718;L0009269;C002688;D013;V012;A0133;24.06.2025;02.07.2025;6838000;financing;;WBAEC3A5YCK4NKB56
S001714;L0009253;C004929;D005;V028;A0053;05.06.2026;03.07.2026;3829000;cash;;WBAEES6HKAJN5KHBD
S000801;L0004205;C000919;D006;V019;A0064;21.12.2024;03.01.2025;4301000;financing;;WBAW9SJ46WN672FXH
S002288;L0012388;C003386;D004;V022;A0041;02.06.2026;05.06.2026;9612000;financing;;WBA6JHVYNFVSWU1EX
S001310;L0007069;C002244;D014;V021;A0141;17.12.2024;11.01.2025;6714000;bank_transfer;;WBA6KB887KAJ79J36
S002104;L0011376;C000352;D004;V003;A0043;21.04.2025;30.05.2025;4279000;financing;;WBAXXTST72A5HYZ7K
S002457;L0013305;C001411;D012;V035;A0122;20.12.2025;31.01.2026;7806000;financing;3200000;WBAKEL37WYCBJKEFW
S002502;L0013523;C004815;D004;V008;A0042;16.03.2026;09.04.2026;4075000;cash;;WBAU9ZMBP5MT1B6EN
S000274;L0001514;C005501;D007;V010;A0072;27.03.2026;30.03.2026;4409000;cash;;WBAUAD4GK3LSEYTTS
S000072;L0000419;C002700;D006;V034;A0064;14.02.2026;25.03.2026;5960000;cash;3040000;WBAK22VELP9LZDA19
S002728;L0014909;C002670;D010;V025;A0104;11.09.2025;13.10.2025;2842000;bank_transfer;1350000;WBAF54N3LY7SK64LV
S001088;L0005672;C004076;D001;V008;A0013;17.04.2026;21.04.2026;4042000;financing;700000;WBA6FV7TW6HL7X9BW
S000395;L0002200;C002361;D014;V011;A0141;05.06.2025;06.07.2025;6386000;bank_transfer;;WBABGDHCPPLAEYF8K
S000584;L0003062;C000355;D014;V009;A0144;10.02.2025;18.02.2025;4690000;bank_transfer;840000;WBAT0LV58BS1W75CN
S002440;L0013200;C004632;D006;V006;A0063;03.08.2026;06.09.2026;7558000;financing;;WBAV4E8GM6CBR3XL6
S001695;L0009185;C000248;D005;V008;A0051;17.05.2025;22.05.2025;4049000;financing;;WBADB036LJZVM544U
S000501;L0002706;C002834;D003;V011;A0033;20.12.2025;18.01.2026;6345000;cash;;WBAD802RYFHADUNH2
S001724;L0009290;C001408;D010;V009;A0104;01.07.2026;13.07.2026;4588000;bank_transfer;;WBALZS43Z2RMT1WR4
S002052;L0011076;C003436;D006;V017;A0064;13.06.2025;27.07.2025;3971000;financing;;WBAZ57KYX7PCU2VAY
S000725;L0003874;C002411;D008;V006;A0084;28.07.2025;24.08.2025;7340000;cash;;WBANM6YW9ARGH43P4
S002530;L0013685;C000876;D001;V038;A0014;17.01.2025;18.02.2025;20951000;cash;4250000;WBA2VEKTU5JMARU5K
S001303;L0006988;C000889;D008;V025;A0081;01.06.2026;08.07.2026;2848000;financing;1340000;WBA71FHLK5PTSNL9Z
S001721;L0009280;C002086;D005;V034;A0051;02.01.2026;25.01.2026;5794000;financing;;WBA3KAYGGEHEAUNLL
S000206;L0001149;C002704;D009;V017;A0092;22.06.2026;12.07.2026;3879000;cash;;WBAZU303CZJ1RLA6D
S000734;L0003911;C002426;D002;V024;A0023;21.08.2026;30.08.2026;2635000;bank_transfer;570000;WBANZZ7JTCH56CKYP
S000527;L0002828;C004859;D010;V010;A0103;26.01.2026;19.02.2026;4550000;cash;;WBA60MK6ZXGYSD75V
S001191;L0006280;C004893;D001;V018;A0014;25.08.2025;04.09.2025;4319000;bank_transfer;870000;WBAJKVGDWWXJCJ8NU
S001954;L0010527;C004777;D007;V020;A0074;20.04.2026;29.04.2026;6117000;cash;;WBA55CXFN2PWPKDUX
S000378;L0002106;C005095;D005;V004;A0051;26.03.2026;14.04.2026;4821000;bank_transfer;;WBAHSK0GUTPF1YX54
S001475;L0007984;C005752;D003;V036;A0033;26.03.2026;26.04.2026;13857000;cash;;WBAULTV9JAZ4KZ2B9
S002474;L0013389;C003401;D003;V026;A0031;28.05.2026;30.06.2026;2845000;financing;1180000;WBAYEDGYR28B0TB1P
S001619;L0008804;C004670;D004;V029;A0042;04.01.2025;17.02.2025;3122000;financing;;WBA0TWX2403FP4E0R
S000387;L0002167;C005866;D003;V027;A0033;16.12.2025;03.01.2026;3574000;financing;730000;WBA8N3ZVC84WD52X4
S000199;L0001104;C000742;D001;V004;A0013;05.11.2024;17.11.2024;4852000;cash;990000;WBAAEW87WN2MCR5T4
S001051;L0005525;C002616;D005;V002;A0051;01.01.2025;12.02.2025;3735000;financing;;WBAM4SEW4WE3LH71F
S000591;L0003095;C005020;D009;V017;A0091;29.06.2026;15.07.2026;3776000;financing;;WBA3L5KLZMLCKLL0T
S000520;L0002795;C001160;D010;V029;A0103;28.03.2026;06.05.2026;3029000;cash;;WBAN10USSL0UBKCXX
S001742;L0009371;C001489;D008;V017;A0083;20.08.2026;30.09.2026;3952000;financing;;WBADWAULMH8JBXPYV
S000430;L0002384;C000048;D009;V018;A0093;21.07.2026;26.08.2026;4390000;financing;;WBAJWV2JARKY63UD3
S001084;L0005649;C002000;D007;V008;A0071;27.10.2025;14.11.2025;4046000;bank_transfer;;WBA5L2D7KADC5T36E
S000208;L0001160;C004989;D001;V003;A0011;15.11.2025;05.12.2025;4240000;cash;;WBAD8URX1T2MKK1F8
S000492;L0002669;C001519;D001;V020;A0011;29.05.2026;04.06.2026;6241000;financing;;WBAV9ZYZ12P5MLG02
S002686;L0014602;C000489;D002;V024;A0022;19.05.2025;25.05.2025;2452000;bank_transfer;;WBALTW70LE8GLM1GG
S000793;L0004176;C004368;D005;V029;A0053;28.08.2026;16.09.2026;3091000;financing;;WBAZX4JVNT3BYHN8U
S001727;L0009296;C004150;D005;V008;A0053;06.01.2026;11.01.2026;4011000;cash;1070000;WBA8J2GU4NW821NG5
S001502;L0008136;C004559;D014;V026;A0144;20.03.2025;24.04.2025;2854000;cash;;WBARJJUUEYTH4UP80
S001160;L0006076;C003701;D001;V018;A0013;23.12.2025;24.01.2026;4700000;bank_transfer;;WBA36YY2A6UWXUT9E
S000084;L0000468;C004712;D006;V019;A0062;26.08.2025;07.09.2025;4470000;cash;1460000;WBANG62TP6PPA9B0W
S002181;L0011836;C002887;D002;V018;A0024;04.07.2025;17.08.2025;4543000;financing;;WBA3YDFHH370958KL
S002055;L0011089;C001759;D010;V001;A0101;25.07.2025;29.07.2025;3288000;cash;1580000;WBAUTBZ00KH6JPM1U
S000021;L0000100;C003386;D004;V029;A0042;01.12.2025;25.12.2025;3063000;bank_transfer;900000;WBAXBTBLB05NUDZXM
S001193;L0006288;C005397;D009;V019;A0092;11.03.2026;12.04.2026;4311000;bank_transfer;;WBAN6J8MU3CBBF9ML
S001340;L0007220;C004979;D003;V009;A0033;27.02.2025;20.03.2025;4495000;financing;;WBA3G9ZWL2GZ3F009
S001658;L0009007;C002945;D010;V025;A0103;20.01.2025;13.02.2025;2828000;bank_transfer;;WBA4JU0X9MAKG1CDV
S002484;L0013428;C000714;D009;V026;A0093;08.07.2026;21.08.2026;2854000;bank_transfer;1290000;WBAWW9GMX4HFTN2U2
S001657;L0009006;C003049;D008;V028;A0081;09.04.2025;20.04.2025;3693000;financing;;WBAC1PEJ3KXNDYJ7B
S000974;L0005130;C003414;D002;V018;A0021;21.05.2025;31.05.2025;4495000;financing;;WBAHVR9W0VAGEJDHF
S000884;L0004604;C001523;D004;V020;A0044;13.12.2025;30.12.2025;6103000;financing;2490000;WBA0N9WCE0SLYMX30
S001099;L0005750;C005658;D010;V011;A0104;12.06.2025;11.07.2025;5917000;bank_transfer;1070000;WBAXM5SMJ3RZ3ZLAM
S001802;L0009624;C004626;D004;V002;A0044;17.01.2025;24.02.2025;3597000;bank_transfer;1380000;WBABPW1JT9PKAV9GC
S002099;L0011338;C003059;D001;V026;A0012;19.11.2025;01.01.2026;2900000;financing;;WBAFB7ZEX8DXUWFBG
S000887;L0004612;C003292;D007;V006;A0074;25.12.2025;21.01.2026;7335000;financing;2830000;WBA0U4BE1S3BLL1P8
S002246;L0012137;C003540;D006;V028;A0064;31.03.2026;11.05.2026;3759000;financing;;WBAKE171VZGMMEGNB
S002286;L0012374;C004957;D001;V019;A0014;15.07.2026;24.07.2026;4500000;cash;1070000;WBA5KMUHHF96W11L2
S001290;L0006932;C004159;D006;V025;A0064;30.10.2025;08.11.2025;3038000;cash;;WBA5MJ0VJ12KLNV82
S001965;L0010612;C002076;D012;V009;A0123;23.10.2024;14.11.2024;4795000;cash;;WBA72RDKJ9WFN6KGR
S001269;L0006764;C002053;D007;V019;A0074;10.01.2026;17.01.2026;4059000;bank_transfer;;WBAYVK87G33H8VWYF
S002444;L0013221;C000213;D003;V017;A0033;31.10.2025;12.11.2025;3877000;cash;;WBA142N18SGVF3F09
S000459;L0002509;C004775;D012;V010;A0121;04.08.2025;20.08.2025;4233000;financing;;WBAPKN4WRK2V5AWRM
S002171;L0011776;C000219;D002;V032;A0021;08.06.2026;26.06.2026;5712000;financing;;WBADHADZT74WL0TAP
S000079;L0000444;C005958;D006;V010;A0062;10.03.2025;26.03.2025;4462000;financing;;WBAZB0FA0NH370CFA
S002688;L0014624;C000533;D003;V013;A0034;16.07.2026;25.07.2026;10355000;cash;;WBAGSU7GLTXCUFE72
S001057;L0005548;C005831;D001;V006;A0011;07.01.2025;05.02.2025;7300000;bank_transfer;;WBAHMY4T20Z4CAWKW
S000907;L0004761;C003037;D006;V028;A0064;05.04.2025;07.05.2025;3759000;financing;1190000;WBAM30VTYX9M1LNK4
S001345;L0007251;C004959;D006;V024;A0061;02.10.2025;07.11.2025;2573000;financing;;WBAATG642X7MV9W6Z
S002038;L0010974;C001494;D010;V010;A0104;20.03.2026;23.03.2026;4443000;financing;;WBA65Z74YM4JS6WRY
S002487;L0013456;C000798;D004;V011;A0042;30.01.2026;08.03.2026;6090000;cash;;WBAUBE11DUXZBFWRJ
S000381;L0002123;C005648;D003;V027;A0031;05.06.2026;14.07.2026;3511000;bank_transfer;1250000;WBAXL667C2BHPA6FE
S001780;L0009515;C003255;D001;V028;A0011;29.12.2025;20.01.2026;3949000;cash;;WBA6Z5XSSTDV9ZFS2
S002257;L0012191;C001085;D001;V004;A0011;25.11.2024;20.12.2024;4739000;cash;2130000;WBAG7BKAKHLJWK9YD
S000716;L0003834;C000831;D005;V010;A0051;18.06.2025;26.06.2025;4426000;cash;;WBATYCWN7WDKHW20F
S001638;L0008891;C005223;D006;V028;A0061;28.07.2026;19.08.2026;3998000;financing;1920000;WBA2Y7W1RCZ8RJZCU
S000687;L0003719;C003368;D005;V001;A0052;15.04.2026;29.04.2026;3330000;cash;;WBARPS7AZ48SSEX0T
S002366;L0012816;C003268;D009;V029;A0092;21.04.2025;29.04.2025;3044000;bank_transfer;;WBAS5P5GGH3BV4020
S000306;L0001737;C003432;D002;V004;A0023;12.01.2026;25.02.2026;4763000;financing;;WBA279TZPGCKNDXKT
S000210;L0001169;C003399;D004;V035;A0044;25.08.2026;30.09.2026;7900000;financing;;WBA63RS0W63E84L9Z
S001279;L0006851;C003673;D005;V018;A0054;23.07.2025;05.09.2025;4426000;cash;;WBA8X2LRKBMSFRFLY
S002528;L0013676;C003805;D002;V024;A0022;31.12.2024;08.02.2025;2590000;bank_transfer;;WBAAJZL8NCX5ETWVL
S000181;L0001013;C003459;D012;V006;A0124;25.12.2024;31.01.2025;7254000;financing;;WBAYTNXES80DYGZPV
S001322;L0007122;C001202;D001;V017;A0013;17.08.2026;27.08.2026;3962000;cash;;WBAFDG45SDF3RUW8D
S000886;L0004608;C002509;D011;V032;A0111;19.06.2025;27.07.2025;5831000;bank_transfer;;WBAF0TXMG15AWCJUP
S001974;L0010666;C000852;D010;V034;A0103;17.04.2026;12.05.2026;5782000;financing;;WBAZYWWVN1Y95JHCC
S002659;L0014474;C003470;D004;V032;A0043;10.06.2026;23.06.2026;5794000;cash;;WBAJFDPWCRBN6NLLJ
S001427;L0007730;C002676;D002;V026;A0024;27.05.2025;08.06.2025;2826000;cash;;WBAAYXTPL995Y7H3U
S001422;L0007705;C004002;D006;V001;A0064;13.10.2025;07.11.2025;3314000;financing;;WBAUZZH6ESUH7UF3D
S000192;L0001073;C002115;D001;V018;A0011;03.12.2025;07.12.2025;4646000;bank_transfer;1600000;WBAUCD9UB5MB0GJ0F
S001491;L0008087;C001643;D002;V022;A0023;26.04.2025;29.04.2025;9447000;financing;4100000;WBA6HACG56BZK50C6
S000484;L0002632;C002124;D010;V005;A0101;06.10.2025;13.10.2025;6595000;bank_transfer;;WBA265MARHAZHBVUA
S000916;L0004802;C004132;D007;V013;A0073;28.07.2025;28.08.2025;10342000;cash;3720000;WBAYR193GMZ74ADTP
S000278;L0001546;C001049;D005;V008;A0053;22.05.2025;27.05.2025;4075000;bank_transfer;660000;WBAN81M9DXDWPAHL5
S000989;L0005212;C005147;D002;V005;A0024;18.11.2024;19.12.2024;6336000;cash;;WBAALHYF32C0CADEA
S001805;L0009641;C001102;D013;V029;A0133;01.11.2025;07.11.2025;3167000;cash;;WBASJEG8VTER5KNB4
S001396;L0007557;C004349;D009;V006;A0094;05.11.2025;30.11.2025;7276000;cash;;WBAL1ENB1GPGANK42
S000572;L0003015;C004851;D007;V002;A0074;25.08.2025;06.09.2025;3771000;bank_transfer;;WBARCZXC9H32JX055
S000994;L0005238;C004730;D005;V016;A0053;02.07.2026;05.07.2026;5015000;bank_transfer;;WBAZCRM9PUU0V2620
S000586;L0003073;C005436;D004;V003;A0042;22.05.2026;27.06.2026;4266000;cash;;WBA5GX8LV4VFL0LM6
S001352;L0007282;C003846;D002;V030;A0023;12.11.2025;16.12.2025;11215000;cash;5310000;WBAN5U2SCR8MFCJZD
S002397;L0013001;C003139;D003;V029;A0032;24.06.2025;02.08.2025;3127000;bank_transfer;580000;WBA1AME08872M5MFX
S001733;L0009320;C001675;D002;V001;A0024;04.08.2025;09.09.2025;3262000;cash;;WBAVZR8NYB631EB5R
S000675;L0003626;C000730;D003;V018;A0034;15.06.2026;11.07.2026;4454000;financing;;WBAGEBMXBVXH90YG0
S001447;L0007846;C002890;D007;V017;A0074;25.08.2026;23.09.2026;3903000;financing;;WBA7MWTD2SCKR587S
S000856;L0004500;C005684;D013;V034;A0132;03.10.2025;05.11.2025;5786000;cash;;WBA8UFER98PN99ZYP
S000448;L0002455;C004760;D013;V024;A0133;13.10.2025;23.11.2025;2532000;financing;;WBARNURARCJRWF7WY
S001226;L0006528;C001960;D006;V002;A0064;05.06.2026;20.06.2026;3900000;financing;;WBAUK20G0T9M682LX
S001428;L0007731;C004354;D006;V021;A0064;27.06.2026;03.08.2026;7080000;financing;;WBA2TYBCZCC5ARMWU
S002482;L0013425;C000029;D001;V025;A0014;21.04.2025;28.04.2025;2858000;financing;;WBAZ435KYP5N935AW
S002467;L0013341;C002956;D004;V027;A0044;22.09.2025;04.10.2025;3555000;financing;;WBAW6S2EMJDZA413S
S001466;L0007944;C001466;D006;V002;A0061;17.05.2025;10.06.2025;3765000;financing;;WBAFY1L8UPU0DJU4E
S002464;L0013329;C003754;D009;V018;A0094;11.07.2025;23.08.2025;4361000;cash;;WBA0B67M102VB9AX5
S000295;L0001669;C004572;D014;V002;A0144;29.07.2026;10.08.2026;3765000;bank_transfer;800000;WBA93ENWTJS9HE6WB
S000589;L0003079;C004456;D007;V021;A0072;24.06.2026;06.07.2026;7104000;cash;;WBAHKXRZ52ET2PJT2
S001229;L0006544;C005318;D002;V020;A0022;11.04.2026;15.04.2026;6600000;financing;;WBA9SP0CSALCDBXK6
S001561;L0008429;C004276;D007;V029;A0071;11.11.2025;27.11.2025;3213000;bank_transfer;;WBAXAP8UU1N5WHB32
S001232;L0006570;C003237;D009;V002;A0094;18.05.2026;19.06.2026;3605000;financing;;WBAYBN9WB68UAGU65
S002080;L0011218;C003757;D009;V004;A0092;05.07.2025;08.08.2025;4783000;cash;;WBA65P7XVDM0L8BZD
S000426;L0002375;C001950;D008;V016;A0083;04.05.2026;29.05.2026;5058000;financing;2370000;WBA8JG3T0GGYHTJ6D
S000535;L0002862;C004659;D006;V027;A0064;22.07.2026;25.07.2026;3626000;financing;1650000;WBAM9NRK3W124JPNN
S001055;L0005542;C001851;D001;V027;A0014;21.01.2025;15.02.2025;3441000;financing;;WBAWJ026BLVJH300J
S001595;L0008710;C005742;D001;V025;A0013;09.06.2025;22.06.2025;2999000;financing;;WBAT05M4JZ68FDV9W
S002311;L0012504;C004033;D003;V002;A0031;29.06.2026;17.07.2026;3762000;bank_transfer;670000;WBA137XSW6THJW8BV
S001231;L0006547;C004911;D002;V021;A0023;15.09.2025;26.10.2025;7228000;financing;;WBA3N6LJMDE2T1X33
S000133;L0000765;C003976;D003;V008;A0032;29.08.2026;05.10.2026;4042000;cash;;WBAS5DVAC4XVF0BFV
S001868;L0010041;C000279;D003;V009;A0031;25.08.2025;09.09.2025;4607000;cash;2270000;WBA6N0NEMT6YE0ASP
S001562;L0008431;C005107;D001;V035;A0014;11.05.2026;26.05.2026;7547000;financing;;WBAKPW073JV8VD5WP
S001832;L0009780;C004337;D001;V017;A0011;21.10.2024;24.10.2024;3973000;bank_transfer;1510000;WBAV45RZWC90BR5F5
S002453;L0013275;C002457;D003;V005;A0031;13.07.2026;30.07.2026;6825000;financing;;WBA3SMLERJ0A2WFYD
S002345;L0012672;C003746;D001;V032;A0014;30.06.2026;21.07.2026;6000000;bank_transfer;;WBA9VXVZUC7CN9TKP
S002097;L0011315;C000581;D011;V034;A0111;30.03.2026;10.04.2026;5899000;cash;;WBAD6AP3WJ0NU289M
S000557;L0002953;C001598;D008;V027;A0081;07.04.2025;15.04.2025;3605000;financing;1230000;WBAM6EESS8EBLSXYX
S001749;L0009401;C001773;D007;V027;A0073;26.06.2026;26.07.2026;3335000;cash;;WBASYWJ19DR4YWV7R
S001790;L0009574;C002610;D002;V026;A0024;05.06.2026;15.07.2026;2729000;financing;1110000;WBAD0W6APAPL3UPDY
S002471;L0013377;C002951;D004;V001;A0042;31.03.2026;15.04.2026;3236000;cash;;WBANZ0M72L8058B7T
S000571;L0003010;C001476;D002;V016;A0023;02.04.2025;08.05.2025;5055000;financing;;WBAZ4HY1GZ9KDPRDS
S000353;L0001999;C000539;D014;V005;A0141;27.12.2025;28.01.2026;6268000;bank_transfer;;WBAAYHARJKB7HL6C6
S000092;L0000512;C003839;D003;V037;A0034;26.05.2025;17.06.2025;16770000;financing;;WBA1R8PUYPVUHFTSC
S002058;L0011105;C002268;D003;V003;A0033;10.10.2025;10.11.2025;4585000;cash;1030000;WBAMXKDJDXV75J4PS
S002338;L0012642;C001460;D007;V034;A0072;07.01.2026;08.02.2026;5600000;financing;;WBA091K64RN2BHPJP
S001171;L0006142;C002947;D008;V008;A0084;16.02.2026;19.02.2026;4106000;financing;;WBA5E5J5Y5R70A59P
S002606;L0014119;C004209;D005;V002;A0051;24.01.2026;27.01.2026;3595000;cash;;WBA4J9JRVW8ZSJPJP
S001266;L0006713;C000764;D001;V025;A0011;21.03.2026;30.04.2026;2849000;cash;1120000;WBA1DRPKMVBC155CK
S002586;L0014005;C005563;D001;V009;A0011;27.04.2026;31.05.2026;4657000;financing;;WBAGGZ36GPHZ5TSDB
S000698;L0003768;C001135;D006;V033;A0063;02.08.2025;27.08.2025;5154000;cash;;WBAK3356WCZ6VHAJT
S002313;L0012509;C003610;D008;V018;A0081;08.11.2025;14.11.2025;4446000;bank_transfer;;WBA00C0T3MPYR7BS4
S000349;L0001988;C001323;D007;V035;A0073;25.05.2026;24.06.2026;7755000;cash;;WBATGEWRG4GMA4JYS
S001419;L0007696;C004312;D006;V015;A0061;01.10.2024;04.10.2024;16299000;financing;;WBA7JX1RDPUA3S14Y
S002159;L0011737;C002671;D003;V005;A0032;14.11.2025;30.11.2025;6549000;bank_transfer;;WBABXHW7L9N2FALGC
S001951;L0010497;C002856;D001;V012;A0013;22.07.2025;08.08.2025;6448000;cash;1200000;WBATAC4JF5WK9HAFK
S001138;L0005975;C003486;D007;V022;A0073;16.03.2026;20.03.2026;9429000;cash;3480000;WBANYNB5YVM4SN6GN
S001536;L0008302;C006076;D003;V022;A0034;23.06.2026;23.07.2026;9426000;financing;3810000;WBAGL6BWJLADED4GH
S001254;L0006669;C001627;D009;V017;A0092;07.07.2026;25.07.2026;3980000;financing;980000;WBA29S9NNCHPMZH5P
S002622;L0014229;C003245;D004;V019;A0043;20.10.2025;10.11.2025;4380000;cash;;WBABW3HG4HVHM7C43
S002608;L0014128;C004622;D008;V017;A0083;13.05.2026;21.06.2026;3857000;financing;;WBA78B68F46UJW7WS
S002297;L0012442;C001567;D002;V033;A0021;10.05.2025;14.06.2025;5400000;financing;;WBADR2GLSDEDMZL39
S000454;L0002487;C004699;D008;V004;A0083;26.04.2025;03.05.2025;4685000;financing;;WBA8GTM9TU429EG5V
S000914;L0004784;C004275;D002;V009;A0022;07.07.2025;15.07.2025;4900000;financing;1760000;WBA91BXEP2B4K63NW
S001200;L0006338;C005643;D006;V024;A0061;22.09.2025;21.10.2025;2436000;financing;;WBAAA7VALUBX7PR0T
S001597;L0008719;C000460;D002;V028;A0023;07.03.2026;29.03.2026;3789000;cash;;WBANLL5KTWVL7M8G8
S000038;L0000228;C005870;D005;V019;A0053;05.01.2026;11.02.2026;4327000;financing;;WBA6H08DS7W1EUUHE
S000975;L0005135;C000881;D001;V029;A0011;29.11.2025;10.01.2026;3077000;financing;;WBAWW91ZCSLVDKE0H
S002736;L0014990;C003678;D014;V034;A0141;06.12.2025;15.12.2025;5869000;financing;;WBA6K90118FPTLBCS
S000984;L0005188;C003366;D009;V004;A0093;13.07.2026;20.08.2026;4598000;cash;;WBAYL0L80Z8B3JUP8
S001544;L0008351;C003428;D006;V017;A0061;29.09.2025;15.10.2025;4100000;cash;;WBASN9HS6E6L2C3RH
S002631;L0014290;C002671;D001;V001;A0011;28.11.2025;28.12.2025;3339000;cash;1010000;WBAMNKKCH401KZL7U
S000040;L0000232;C003326;D006;V029;A0064;09.12.2024;24.12.2024;3093000;cash;;WBACG8D2UN21W09LZ
S002446;L0013233;C005267;D001;V008;A0011;21.06.2025;20.07.2025;4061000;cash;;WBA2PEKBGVMS9DLYD
S000170;L0000950;C004726;D005;V031;A0054;27.10.2025;07.11.2025;10094000;financing;4410000;WBA8KX386A6NKGEEK
S000738;L0003925;C000467;D002;V004;A0023;10.02.2026;22.02.2026;4922000;financing;1580000;WBAWKYU624PEN1BXW
S002202;L0011923;C001806;D003;V027;A0034;20.05.2025;29.06.2025;3586000;financing;;WBAG7T8PFSJMUGB1E
S002591;L0014037;C001230;D011;V005;A0112;19.01.2026;20.02.2026;6344000;financing;;WBA21R23TEHUCE3Z6
S001622;L0008825;C002833;D004;V027;A0041;02.06.2026;23.06.2026;3471000;cash;;WBA3ERW54EE2JMSFF
S000635;L0003387;C001062;D002;V005;A0023;25.09.2025;19.10.2025;6596000;financing;;WBA9Y2D2CNHZPF4UU
S001643;L0008922;C000424;D004;V026;A0043;24.11.2025;13.12.2025;2792000;bank_transfer;;WBARZ8A9GJYV073Y2
S000580;L0003043;C001595;D005;V014;A0051;10.11.2025;06.12.2025;11440000;cash;;WBAXUDNARGFHUN9YD
S002505;L0013568;C004665;D005;V027;A0051;23.06.2026;11.07.2026;3591000;cash;;WBAS6WBBY0KPHP540
S002611;L0014146;C004771;D007;V028;A0074;10.04.2026;17.04.2026;3812000;financing;;WBA8XJ3X1KX8G3G48
S000893;L0004687;C005085;D001;V017;A0011;13.06.2025;07.07.2025;3904000;financing;;WBAVBP60VWJPNBG9S
S001583;L0008648;C003933;D001;V033;A0014;15.12.2025;02.01.2026;4991000;financing;;WBAJ6SZHGTGLFLHVC
S000781;L0004111;C003215;D005;V001;A0052;01.05.2025;13.06.2025;3300000;cash;;WBARX2AJ7EF17VFHR
S000160;L0000904;C003128;D010;V001;A0103;24.04.2025;08.05.2025;3146000;cash;;WBAK0Y5YXRB0BTSX5
S001834;L0009785;C001079;D005;V033;A0052;26.05.2025;07.06.2025;5079000;cash;1700000;WBAEKWR4TUEXDCYJ8
S002003;L0010804;C004315;D005;V034;A0054;17.04.2025;13.05.2025;5645000;cash;;WBAGF727C9UA04SEU
S002139;L0011605;C002249;D008;V025;A0084;26.03.2025;18.04.2025;2865000;cash;;WBAJNTAMU1AM5BDGL
S000062;L0000355;C004134;D007;V024;A0072;10.02.2025;02.03.2025;2591000;bank_transfer;;WBAB090SGBRJSHCB5
S000850;L0004453;C003950;D001;V001;A0014;17.02.2026;29.03.2026;3220000;financing;;WBAM9C264349PYREM
S001898;L0010208;C001041;D005;V029;A0051;09.09.2025;08.10.2025;3180000;bank_transfer;;WBA3LGEZVTKN0VHR3
S002667;L0014502;C005705;D005;V012;A0054;12.01.2026;17.01.2026;6435000;cash;1780000;WBA70D89FF9JB7EWG
S001044;L0005495;C002121;D003;V034;A0032;18.01.2025;03.02.2025;5807000;financing;;WBAK9LCPZ4YBSS6VX
S002303;L0012457;C002017;D009;V031;A0093;21.11.2025;22.12.2025;9639000;financing;;WBAFEJMUK3P3140GE
S002021;L0010878;C004944;D014;V029;A0143;28.11.2025;20.12.2025;3103000;cash;;WBAZWT2216SV4YA8R
S001390;L0007532;C001458;D009;V008;A0092;01.08.2025;17.08.2025;3942000;financing;;WBAESAJ658FJ322CW
S001071;L0005603;C002445;D005;V034;A0053;25.08.2026;04.09.2026;6100000;cash;;WBALSJEYFFWCUN9W7
S000054;L0000320;C002218;D010;V027;A0103;04.12.2025;01.01.2026;3418000;financing;;WBAVGDL5UNW9TT59H
S001901;L0010220;C002074;D007;V038;A0072;22.12.2025;03.02.2026;21024000;financing;;WBATP2JSYDP31UTW7
S000506;L0002719;C000290;D004;V002;A0041;05.07.2025;10.08.2025;3790000;cash;;WBAGMN90UDZ61AA1C
S000753;L0003977;C004221;D003;V035;A0033;17.07.2025;28.08.2025;7761000;cash;;WBA7V6BJNZTP5MGEE
S001808;L0009652;C001249;D009;V032;A0094;02.03.2026;16.03.2026;5948000;cash;;WBA7NY2RTM9MC2X97
S001747;L0009390;C005504;D002;V002;A0024;15.06.2026;15.07.2026;3705000;bank_transfer;1240000;WBAS89PTYW6T6Y2NE
S002575;L0013943;C005067;D009;V020;A0091;29.12.2025;20.01.2026;5989000;cash;;WBAKT8UT47VPFTK2X
S001308;L0007047;C000522;D007;V008;A0072;26.11.2025;06.01.2026;4031000;financing;1100000;WBAB7SX00N1EDGEGJ
S000773;L0004067;C000572;D007;V010;A0072;18.03.2025;23.04.2025;4480000;financing;1990000;WBA2YNKP5BGHFD0EY
S001267;L0006728;C001979;D002;V008;A0024;01.09.2025;07.10.2025;3888000;cash;;WBAXRTDNKW311S69R
S002274;L0012307;C004631;D002;V017;A0021;31.10.2024;30.11.2024;4027000;bank_transfer;;WBAS6VYUYSDC14BE3
S000772;L0004059;C004752;D003;V010;A0032;10.06.2026;28.06.2026;4325000;cash;;WBAWP5NLRG0BMYG93
S002590;L0014025;C004657;D001;V024;A0012;20.11.2025;16.12.2025;2546000;financing;;WBANWLW53JY110Y88
S001499;L0008114;C001867;D009;V027;A0091;11.06.2025;24.07.2025;3470000;financing;;WBAJRC992JBS68LTJ
S002477;L0013407;C002538;D008;V028;A0084;29.07.2025;06.08.2025;3778000;cash;;WBAMRWZ95BVJX6YEZ
S001086;L0005662;C004693;D009;V024;A0092;14.07.2026;07.08.2026;2576000;cash;;WBA60L0NRZEWS3XPZ
S001468;L0007955;C004323;D010;V017;A0101;17.11.2025;28.11.2025;3989000;cash;;WBA8C2NMJ6Z4SG2KR
S001464;L0007934;C002022;D001;V034;A0011;16.02.2026;23.03.2026;5931000;bank_transfer;;WBA7UJC1TBUUP1L6H
S001412;L0007673;C001595;D005;V018;A0054;10.10.2024;10.11.2024;4590000;financing;;WBAH4J0X20E7YW74X
S001437;L0007778;C000192;D007;V010;A0073;22.01.2026;04.02.2026;4516000;financing;;WBAMSD4WXEXWYLMFE
S001438;L0007781;C004965;D001;V019;A0012;06.06.2025;10.06.2025;4234000;financing;;WBAL3D1RFF55DRMUT
S001992;L0010749;C003683;D003;V029;A0032;06.10.2025;20.10.2025;3046000;financing;;WBA81X7KFD387R24D
S001164;L9327262;C005754;D002;V024;A0023;03.04.2026;06.04.2026;2637000;financing;;WBANT0VK7R6FHP47A
S000964;L0005074;C003126;D001;V024;A0011;22.06.2026;05.07.2026;2497000;cash;;WBAG4C36F5A83VCSA
S001424;L0007720;C005426;D005;V016;A0051;01.03.2025;02.04.2025;5263000;bank_transfer;2250000;WBA10RD6UDDK7ZFHL
S000399;L0002221;C000744;D006;V012;A0064;28.08.2026;02.09.2026;6549000;bank_transfer;;WBANUWP2T45F223KL
S000585;L0003064;C003448;D013;V005;A0134;03.04.2025;10.04.2025;6467000;cash;1970000;WBAESA3YAXFFG2HAW
S000949;L0005015;C004020;D004;V029;A0044;29.07.2026;11.08.2026;3038000;financing;;WBAJKC9UVEUFJYMNS
S000705;L0003787;C005746;D001;V010;A0011;03.07.2025;07.07.2025;4573000;cash;1680000;WBAMG9RRYYAHJ5HSA
S000432;L0002392;C003063;D007;V026;A0071;26.08.2026;01.09.2026;2776000;financing;;WBAUBEDGJ9KKV7JM3
S000293;L0001657;C005034;D001;V025;A0012;24.07.2026;17.08.2026;2966000;cash;;WBA9255P2KUUG1TXL
S000146;L0000821;C004769;D007;V008;A0072;13.04.2026;02.05.2026;4183000;financing;;WBA3AGN221BT7UP8X
S001772;L0009471;C003475;D001;V024;A0014;15.05.2025;08.06.2025;2369000;financing;950000;WBAG5UX4P63AJEM96
S001872;L0010052;C001156;D008;V019;A0084;24.03.2026;03.05.2026;4350000;financing;1190000;WBAB67ADTDBGX3RU5
S001166;L0006102;C000898;D005;V033;A0051;16.07.2026;11.08.2026;5052000;financing;1220000;WBATNAARHSFKLXX01
S000003;L0000011;C005276;D013;V024;A0133;21.08.2026;03.09.2026;2650000;financing;;WBAUAX9BNF8UANA6V
S000577;L0003029;C001095;D005;V035;A0054;20.08.2025;30.08.2025;7588000;financing;;WBA3RVXTYXUH3X10U
S002118;L0011462;C003846;D001;V022;A0011;05.11.2025;01.12.2025;9245000;cash;;WBAGWZYBVMH3WTV4G
S000340;L0001927;C000063;D012;V002;A0123;17.12.2025;14.01.2026;3754000;cash;;WBA67CNKXUUWT9SKK
S001363;L0007362;C005442;D001;V027;A0014;20.06.2026;24.07.2026;3450000;financing;;WBAMFME0S5DG62WL3
S000926;L0004831;C003220;D013;V025;A0134;06.05.2026;19.06.2026;2913000;financing;;WBAHCKZDWHVERHK4X
S000266;L0001476;C000311;D005;V027;A0052;09.03.2026;15.04.2026;3584000;financing;1480000;WBA4FEYZ2JYBCKM0R
S000377;L0002099;C003153;D009;V025;A0092;21.02.2025;07.03.2025;2956000;cash;;WBAR2HLTJPV4XBWDD
S001594;L0008706;C000916;D003;V002;A0032;04.12.2025;08.01.2026;3764000;financing;1650000;WBA3EU17XLK6KFWSR
S000272;L0001508;C005144;D001;V020;A0014;03.10.2025;11.10.2025;6162000;cash;2260000;WBAYKDSV5C3P2K5SU
S000697;L0003767;C000973;D011;V025;A0112;18.04.2025;07.05.2025;2933000;cash;;WBAWU0HEHCTYG1GKS
S001989;L0010744;C001921;D007;V026;A0074;25.08.2025;05.10.2025;2795000;financing;950000;WBADPE6H1PCLU127K
S000245;L0001368;C000779;D006;V019;A0061;03.12.2024;13.12.2024;4430000;financing;1100000;WBACGJ32NLE2SYSJB
S001875;L0010075;C002971;D008;V024;A0083;11.03.2025;20.04.2025;2582000;bank_transfer;;WBA6CHCW8XW0UCVVS
S000477;L0002597;C005132;D006;V026;A0064;27.07.2026;27.08.2026;2863000;financing;;WBAZT3H60BWS8L2T2
S002342;L0012658;C005928;D006;V030;A0062;05.08.2026;23.08.2026;10833000;cash;5240000;WBAYMGENXUKF6V52R
S002365;L0012811;C000618;D003;V003;A0034;19.03.2026;30.04.2026;4514000;cash;;WBAKC0WTKRWBNDWDB
S002173;L0011778;C000404;D010;V018;A0103;20.10.2025;03.12.2025;4493000;financing;;WBA3JGRTPE07RG1EX
S001847;L0009893;C004585;D006;V016;A0063;26.08.2026;08.09.2026;4819000;cash;;WBAN61AEF8CLA7H60
S002030;L0010930;C004815;D001;V032;A0014;04.04.2026;27.04.2026;5922000;financing;;WBAXBS1B0UGDS48BB
S001740;L0009367;C004569;D009;V025;A0094;07.03.2026;27.03.2026;2834000;financing;;WBA97SM7JRNA6YZBY
S001599;L0008722;C003503;D007;V005;A0071;11.08.2025;27.08.2025;6563000;financing;;WBAU5P8NHZZPSUEGD
S000251;L0001400;C005605;D001;V002;A0012;07.01.2026;04.02.2026;3644000;bank_transfer;1510000;WBA4V4FGGX2JZK831
S000414;L0002307;C000900;D007;V020;A0071;16.01.2026;09.02.2026;6437000;bank_transfer;;WBAH22DR6F74J6JCP
S000546;L0002911;C006128;D006;V016;A0061;24.03.2026;05.04.2026;4981000;cash;;WBAJJ9S518ML958V4
S001194;L0006289;C005000;D005;V032;A0052;26.02.2026;28.03.2026;5742000;financing;;WBA3UCH7E285M4V5T
S002026;L0010915;C001709;D009;V025;A0091;01.08.2026;22.08.2026;2949000;financing;800000;WBA17J2GFXZGWZW68
S000311;L0001766;C000109;D003;V028;A0031;10.03.2025;22.03.2025;4000000;cash;;WBAXA4S0MXDDKL94B
S000894;L0004702;C000895;D006;V017;A0064;30.03.2026;18.04.2026;3841000;financing;630000;WBA7R7A7BW0S8UTAZ
S001132;L0005943;C001296;D005;V034;A0052;17.03.2025;21.04.2025;5826000;cash;2970000;WBAJWJ4YPDV64DT28
S002681;L0014567;C005258;D002;V017;A0024;22.12.2025;22.01.2026;3987000;cash;1400000;WBAP4X2382D0HWSV0
S000016;L0000069;C000740;D004;V010;A0044;16.03.2026;23.03.2026;4276000;financing;1370000;WBAUTJN05KGKAYPN2
S001923;L0010326;C000935;D006;V035;A0063;20.01.2026;15.02.2026;7429000;bank_transfer;;WBA52H51CU23F0BJH
S000722;L0003858;C002893;D007;V028;A0071;03.08.2026;16.08.2026;3870000;financing;;WBAANC9NYAJM01HKJ
S002430;L0013160;C001210;D008;V019;A0082;05.01.2026;04.02.2026;4235000;cash;;WBAF305AR9EC8UVEL
S000982;L0005181;C002576;D002;V002;A0021;22.07.2025;09.08.2025;3744000;cash;;WBAA6003AX085AFEM
S002335;L0012612;C002060;D002;V027;A0023;06.04.2026;09.04.2026;3638000;financing;1550000;WBA2GFSVUN40MXU8X
S002232;L0012060;C002150;D005;V020;A0052;14.04.2026;07.05.2026;6192000;cash;;WBAJ8YBWP7DGL124D
S000364;L0002046;C000218;D005;V025;A0053;18.08.2025;13.09.2025;2906000;cash;;WBAJPCWUGEFNMW4YZ
S001770;L0009465;C002806;D008;V033;A0083;09.04.2026;21.05.2026;4941000;financing;;WBAD85ZSTLS9V4LV6
S000183;L0001026;C005014;D006;V003;A0063;28.02.2026;22.03.2026;4265000;bank_transfer;2270000;WBAG9H5ZN8T7ZWT1C
S000986;L0005199;C002336;D009;V004;A0093;23.01.2026;20.02.2026;4872000;financing;;WBALYJGT3A8MBVFE1
S001704;L0009222;C002321;D002;V029;A0023;25.05.2026;03.06.2026;3042000;cash;;WBA8SKAVX335HNDUG
S001195;L0006295;C002293;D003;V008;A0034;11.01.2025;21.02.2025;4091000;financing;;WBAH89TDUS8T8F6DR
S001510;L0008171;C004353;D008;V012;A0082;23.09.2025;27.09.2025;6861000;financing;;WBA3243PVK1BSEX14
S001433;L0007745;C005575;D014;V029;A0141;29.05.2026;04.06.2026;3149000;cash;810000;WBASC63Z7JM3TWCUS
S001122;L0005872;C005274;D003;V025;A0033;24.08.2026;07.09.2026;2978000;financing;1210000;WBAMW0808G6CA5NWX
S000188;L0001048;C005470;D001;V002;A0012;26.05.2025;27.06.2025;3626000;financing;1620000;WBA7489N0GSGZECCJ
S000620;L0003295;C003883;D003;V035;A0032;09.07.2026;10.08.2026;7585000;bank_transfer;;WBA4XDYDNFUP0UBNG
S002310;L0012499;C005253;D002;V003;A0022;27.08.2026;21.09.2026;4348000;cash;2020000;WBA53SEL9S78JX0MW
S001176;L0006159;C002003;D001;V009;A0014;13.01.2025;14.02.2025;4504000;financing;;WBA7CX9CVM6UP9SNC
S001784;L0009542;C003838;D001;V028;A0014;21.08.2026;04.10.2026;3890000;cash;;WBA9P7C0N7MKTVL4F
S002015;L0010848;C003797;D011;V002;A0114;18.03.2026;27.03.2026;3754000;cash;1650000;WBAES8L80HVYE1X36
S000615;L0003259;C005787;D009;V014;A0091;23.04.2026;16.05.2026;11519000;financing;;WBA67V29Y5LAL5XL1
S001840;L0009837;C002898;D006;V019;A0061;20.11.2025;02.12.2025;4498000;cash;810000;WBA9M84ZN1KD0JV0G
S000995;L0005240;C003433;D008;V003;A0081;12.06.2026;07.07.2026;4526000;financing;;WBAG3L7S3GMKV7LEF
S000935;L0004882;C006086;D002;V035;A0022;06.05.2026;08.06.2026;7304000;bank_transfer;1710000;WBA0KYF0WD3M25B0P
S000372;L0002071;C000217;D009;V019;A0091;02.12.2024;05.01.2025;4386000;financing;;WBASZAUZHNPEGPMSY
S001712;L0009250;C002524;D005;V027;A0051;02.12.2024;14.12.2024;3454000;financing;;WBAVSBM57E3GVKAVS
S002178;L0011821;C005861;D001;V029;A0014;24.03.2026;23.04.2026;3154000;cash;;WBAXE9ZCE9DMFFGVX
S000594;L0003103;C005150;D009;V033;A0093;12.01.2026;20.01.2026;5123000;financing;950000;WBAZU73WJVT6VK2AJ
S000727;L0003881;C004076;D002;V034;A0024;09.02.2026;19.03.2026;5743000;financing;;WBAW3KT1AKHH81N2S
S000827;L0004352;C001128;D003;V027;A0034;04.07.2025;15.08.2025;3366000;cash;;WBAE0MUAE6V37XYUV
S000688;L0003724;C005696;D001;V001;A0014;20.12.2025;14.01.2026;3416000;cash;;WBAY3JM0TXCF7C8U4
S002705;L0014764;C003519;D006;V025;A0063;04.09.2025;19.09.2025;2955000;financing;1190000;WBAYD2F09FH3AM5P0
S000137;L0000780;C006064;D002;V026;A0024;06.02.2025;03.03.2025;2805000;bank_transfer;;WBA4C937TVPL6G3SS
S000629;L0003355;C003263;D008;V026;A0083;25.09.2024;05.11.2024;2776000;cash;650000;WBA5D4LCSYHRE46HW
S000335;L0001905;C005034;D002;V003;A0024;09.07.2026;13.07.2026;4388000;cash;1560000;WBAVZZZV15Z4MLJC1
S001815;L0009677;C004624;D003;V028;A0033;11.12.2025;21.12.2025;3798000;financing;;WBA8SGB86AJHMZXXH
S002126;L0011486;C004022;D001;V005;A0013;08.11.2024;11.11.2024;6334000;financing;;WBA62BJRGS1VU78ZS
S001110;L0005787;C003300;D001;V009;A0011;04.07.2026;09.08.2026;4570000;financing;;WBA3CGU7UTU4TSCAW
S001611;L0008787;C004347;D006;V005;A0062;23.06.2026;15.07.2026;6683000;financing;;WBA88ACJGAV9AZNP7
S002489;L0013463;C005433;D011;V019;A0114;10.12.2025;29.12.2025;4409000;cash;;WBAELG006YN64X4L3
S000711;L0003820;C002482;D007;V034;A0071;06.04.2026;12.04.2026;5868000;bank_transfer;;WBAVGNA27ZPDNRY99
S001040;L0005489;C000793;D004;V011;A0044;31.01.2026;27.02.2026;6109000;financing;2550000;WBAKT79V2B3XVZMRU
S001612;L0008788;C000758;D003;V021;A0031;25.10.2025;02.12.2025;6881000;cash;;WBABXYXAUEJDMLXW8
S001584;L0008649;C003601;D001;V021;A0011;07.03.2026;16.03.2026;6858000;bank_transfer;;WBA125P85EV29ASGZ
S001843;L0009842;C001579;D001;V017;A0014;29.09.2025;02.10.2025;3816000;cash;;WBAK2VM2G9A8S7WA7
S002546;L0013773;C001523;D004;V028;A0043;23.12.2025;20.01.2026;3757000;financing;;WBAVJV2AKAFWYLWK2
S002326;L0012562;C004477;D002;V033;A0024;11.05.2026;24.05.2026;5011000;financing;2420000;WBA6VAD3MLFR093RV
S001113;L0005810;C002948;D007;V028;A0072;02.12.2025;14.12.2025;3828000;bank_transfer;;WBAVRYVVCV54JT9MH
S000466;L0002560;C002482;D007;V003;A0073;20.04.2026;29.05.2026;4471000;cash;;WBAJHMPUNZ9RJT7H5
S001224;L0006520;C005494;D001;V027;A0012;26.05.2025;22.06.2025;3399000;financing;;WBA2DKCS5L4KV5WCN
S001671;L0009085;C005882;D005;V015;A0053;18.06.2025;02.07.2025;16594000;bank_transfer;;WBA9UZUGFS0277G2B
S002734;L0014979;C005061;D001;V020;A0014;08.01.2025;14.01.2025;6302000;financing;;WBAEKVL71BY5DSNMT
S002160;L0011745;C002623;D002;V029;A0021;18.12.2025;03.01.2026;3243000;financing;;WBAEKJ96DFP0ZBDS7
S001105;L0005769;C001813;D002;V011;A0023;22.11.2025;04.12.2025;6392000;cash;1720000;WBAC1UN6GRN6ZGFBK
S001703;L0009219;C000167;D003;V006;A0034;19.07.2025;16.08.2025;7403000;bank_transfer;;WBA720E35ZPEGR2ET
S000339;L0001922;C003807;D005;V025;A0051;22.05.2026;20.06.2026;2791000;cash;;WBAEVAS4G9YA08J2P
S001781;L0009524;C002744;D011;V001;A0113;23.06.2025;30.07.2025;3200000;bank_transfer;;WBA6KZ8RSB9RNN2KH
S001641;L0008919;C003292;D007;V018;A0071;21.06.2025;12.07.2025;4510000;financing;1920000;WBA1AR22CZSZFPLPD
S002321;L0012539;C000392;D001;V027;A0011;24.07.2026;27.07.2026;3472000;bank_transfer;;WBAL5L1R8FWAR156A
S001570;L0008497;C005734;D004;V010;A0041;31.12.2023;12.02.2025;4380000;financing;;WBACGMJPXF5P8XTM6
S002572;L0013930;C001371;D003;V028;A0034;04.08.2026;15.08.2026;3802000;financing;;WBAFJCLUF9FXXT49W
S002460;L0013308;C001497;D003;V001;A0033;02.06.2026;13.07.2026;3232000;financing;;WBAR0RFKWHU0LGP5C
S000817;L0004291;C000874;D005;V008;A0053;16.12.2024;29.01.2025;4056000;cash;;WBAPAD314DM3GDRRB
S001068;L0005595;C004906;D009;V018;A0094;31.12.2025;11.02.2026;4302000;financing;;WBAVAAKHKN74T034T
S000275;L0001517;C005774;D002;V022;A0022;25.10.2025;09.11.2025;8919000;financing;;WBAZNVXRKN646VX8Z
S002072;L0011170;C005093;D011;V008;A0112;10.02.2026;19.02.2026;3997000;financing;1500000;WBA9J3C2LNDXGMHC6
S000866;L0004535;C001338;D001;V009;A0014;18.06.2026;31.07.2026;4690000;cash;;WBAZTYG64888YR8FG
S000102;L0000582;C002716;D014;V018;A0141;18.08.2025;23.08.2025;4607000;financing;;WBAU2XM4ERLTV8MHK
S002143;L0011616;C005827;D003;V032;A0034;25.10.2025;19.11.2025;5720000;financing;;WBAE7CRYXK6XWL1LB
S000108;L0000620;C005010;D003;V017;A0034;22.06.2026;07.07.2026;3949000;cash;;WBAGHAUMRU2WX94C8
S001593;L0008701;C003363;D008;V008;A0084;25.08.2026;03.10.2026;4068000;bank_transfer;1080000;WBAE0K37KGTZ2GRBX
S002641;L0014342;C003136;D005;V027;A0053;20.10.2025;26.10.2025;3529000;cash;;WBANVMDAXL72482TF
S001819;L0009702;C002129;D002;V028;A0022;15.01.2026;28.02.2026;3910000;bank_transfer;1140000;WBAUT904YHREKAC7V
S001673;L0009094;C005010;D001;V008;A0011;12.06.2026;22.06.2026;3969000;financing;;WBAMR1PXFS9C2KG83
S002473;L0013384;C006042;D010;V008;A0102;16.06.2026;30.07.2026;3942000;financing;1070000;WBALT9K2W9UZTTE29
S002361;L0012787;C000033;D006;V030;A0064;29.12.2025;16.01.2026;11155000;financing;5050000;WBA966WUWWDYCWX6C
S002078;L0011202;C004003;D010;V008;A0102;19.05.2025;19.06.2025;4012000;financing;1740000;WBAHC9JMJXF6S046S
S002154;L0011694;C000830;D001;V025;A0014;15.10.2024;13.11.2024;2854000;financing;;WBA3ZPWVKPG2PY3CK
S001968;L0010635;C005748;D001;V019;A0011;10.10.2025;28.10.2025;4276000;financing;;WBA57P3S1XAP4UES6
S002168;L0011766;C000679;D012;V026;A0124;14.06.2025;26.06.2025;2759000;financing;1120000;WBAM7KCJ9M77LLUKB
S000713;L0003824;C005073;D003;V025;A0033;16.04.2026;09.05.2026;2809000;cash;;WBA07DHMR0311X0MA
S000073;L0000431;C004997;D010;V017;A0101;04.04.2026;23.04.2026;3947000;cash;1720000;WBAU3YED0PEJFWSTC
S002410;L0013066;C005983;D012;V009;A0121;17.02.2025;02.04.2025;4779000;financing;;WBADSJMF0BSXU3V3D
S002660;L0014477;C001917;D007;V008;A0074;23.05.2025;21.06.2025;4087000;financing;;WBAMZAGZ97CZHUHLX
S000482;L0002629;C002671;D002;V012;A0022;25.11.2025;05.01.2026;6621000;cash;;WBAJVMF6V7BZY98J9
S002044;L0011014;C000425;D001;V035;A0011;20.09.2025;28.09.2025;7278000;financing;;WBA85BAA1806E18FB
S001744;L0009382;C003780;D013;V034;A0134;16.03.2026;03.04.2026;5870000;bank_transfer;;WBAD0F8XEFCMTU98M
S002729;L0014926;C001005;D002;V035;A0021;29.07.2026;06.09.2026;7424000;financing;2070000;WBADTPHB0DSJ1KYKD
S001172;L0006145;C006120;D001;V008;A0011;30.03.2026;08.05.2026;3898000;bank_transfer;;WBAV30595DGMJKL6Z
S002261;L0012227;C004004;D006;V016;A0062;10.06.2026;20.07.2026;5261000;financing;2460000;WBAFH233TX1BKNV3J
S002733;L0014972;C003870;D011;V009;A0113;21.04.2026;21.05.2026;4582000;financing;;WBAG15BD0JH8T6EFN
S002040;L0010996;C000316;D005;V001;A0051;11.10.2025;29.10.2025;3112000;financing;990000;WBAG0KRV8BD854829
S001761;L0009448;C005929;D007;V020;A0074;08.06.2026;21.07.2026;6418000;cash;;WBAVU77E9XV55BKU3
S000406;L0002252;C001983;D001;V027;A0011;04.07.2026;30.07.2026;3495000;cash;1360000;WBAHN6ZLTA9RAZ2V5
S000758;L0004015;C003267;D002;V016;A0023;05.06.2025;26.06.2025;5057000;cash;2520000;WBA7LLCE0XJUY3EWJ
S001895;L0010196;C003522;D010;V017;A0104;12.08.2025;26.08.2025;3785000;cash;;WBARJ3E0X38GCFJTR
S001993;L0010751;C005737;D009;V025;A0091;30.06.2026;18.07.2026;2735000;cash;;WBAUVRF32XB1DLA3G
S001607;L0008765;C000090;D009;V011;A0092;17.01.2026;01.02.2026;6101000;bank_transfer;;WBA06FCR4RLRK7ZYG
S000098;L0000555;C005035;D007;V016;A0071;01.07.2025;22.07.2025;5031000;financing;2110000;WBAKR6ATUTWLJAF5X
S001334;L0007179;C001327;D008;V028;A0084;25.03.2026;22.04.2026;3648000;cash;;WBA79J69TNC0U91ZX
S002506;L0013582;C005148;D001;V028;A0013;29.12.2025;09.01.2026;3988000;financing;;WBA2LY0MKNNHSK3BU
S000744;L0003945;C004156;D003;V022;A0033;07.03.2025;15.04.2025;9461000;cash;;WBA669A72H4XSUSSN
S000807;L0004236;C000435;D001;V024;A0011;04.12.2024;06.01.2025;2515000;bank_transfer;;WBA94SZBF881NX1F3
S002558;L0013852;C000275;D001;V020;A0013;05.08.2026;05.09.2026;6443000;cash;;WBAJL5AT9G6A02SX5
S001621;L0008812;C001817;D003;V004;A0034;24.08.2026;12.09.2026;4879000;financing;;WBAUSE2EDU34JLN79
S002336;L0012613;C002424;D003;V021;A0034;17.07.2026;02.08.2026;7144000;financing;;WBA1WMHCKAVFYMS4D
S002445;L0013225;C004306;D004;V017;A0043;26.03.2025;02.05.2025;3760000;financing;;WBACWHX6JGB3PKANN
S001779;L0009514;C002481;D001;V018;A0013;25.12.2025;28.12.2025;4541000;cash;;WBAKBR3ANY3FTH0DA
S000149;L0000839;C002342;D013;V019;A0132;22.12.2024;02.02.2026;4337000;financing;2050000;WBAZ7HCVXDVNXUK4K
S001513;L0008204;C000285;D009;V001;A0092;20.09.2025;07.10.2025;3071000;cash;1020000;WBA655E4PHAAG43JJ
S001763;L0009452;C001333;D002;V019;A0021;09.08.2025;19.08.2025;4328000;cash;1080000;WBAWX3R0BYJCYG64S
S001627;L0008841;C003778;D003;V011;A0031;09.05.2026;02.06.2026;5902000;financing;;WBAPPK7WXEFJSAW8K
S001764;L0009456;C002603;D005;V008;A0052;02.04.2026;07.04.2026;4109000;financing;1120000;WBACCWL9E65B4BT7N
S000693;L0003751;C000880;D004;V020;A0041;20.04.2026;30.05.2026;6141000;financing;;WBAC6UVLFZLR0NEFB
S000819;L0004297;C003510;D007;V029;A0073;05.11.2025;27.11.2025;3170000;cash;;WBAV8408EZUMBAPD5
S001387;L0007511;C005588;D010;V009;A0102;27.10.2025;11.11.2025;4681000;financing;;WBAKE5T72WDY5XLNU
S002517;L0013614;C004079;D011;V003;A0111;23.06.2025;17.07.2025;4150000;financing;;WBAU763ZYGGJ4SGWU
S002462;L0013324;C004896;D004;V024;A0044;16.05.2026;26.06.2026;2584000;financing;;WBALBFS1PX5R5GJ1E
S002351;L0012718;C001965;D003;V023;A0033;22.05.2026;04.06.2026;15403000;bank_transfer;;WBAGAP5JD6LFNJKWP
S000702;L0003780;C003206;D003;V027;A0034;05.06.2026;12.06.2026;3641000;financing;;WBA6P1SY4NEWGVDC5
S002553;L0013831;C001054;D001;V017;A0014;14.04.2026;28.04.2026;4086000;bank_transfer;2020000;WBAVAR2BRNY7X5W8X
S000922;L0004816;C003895;D001;V033;A0014;24.12.2024;05.01.2025;5058000;cash;;WBAM7P5BKMVB892U9
S001425;L0007721;C002579;D009;V020;A0092;18.05.2026;01.07.2026;6441000;financing;;WBAG0PFBS4XG03R61
S000906;L0004752;C001144;D008;V019;A0082;03.07.2025;06.08.2025;4485000;cash;1030000;WBASBPNSKUB4UX87U
S000455;L0002489;C005785;D002;V009;A0021;27.11.2024;25.12.2024;4644000;financing;2030000;WBAEATX34PGS7ZTY6
S002293;L0012418;C001979;D014;V018;A0141;24.11.2025;04.12.2025;4532000;financing;;WBA0LHBC98L834293
S002122;L0011476;C005935;D001;V029;A0013;13.03.2026;25.03.2026;3244000;cash;;WBAPVZVB87XYAAEA3
S001511;L0008177;C000432;D006;V019;A0064;29.08.2025;02.10.2025;4254000;cash;;WBAA8D4C77EGUY85F
S000168;L0000943;C002976;D007;V028;A0071;16.01.2026;03.02.2026;3830000;financing;1460000;WBAXPKJ2NJ50F5287
S000731;L0003896;C004189;D002;V004;A0023;18.07.2025;25.08.2025;4835000;financing;;WBA8ZZ5A3LSBXR4NL
S001939;L0010442;C003414;D006;V033;A0062;06.03.2026;10.04.2026;5055000;bank_transfer;;WBA19HFSVC5TR81EA
S001311;L0007076;C005742;D004;V028;A0042;10.11.2025;26.11.2025;3878000;cash;;WBATA7KF5SMX9WAHK
S000027;L0000138;C000277;D014;V029;A0141;01.12.2025;04.12.2025;3103000;financing;;WBAER5GPFC5XV2551
S001653;L0008985;C003485;D003;V028;A0031;09.05.2026;13.05.2026;3696000;cash;1040000;WBA15SLDJDS6LXHUP
S001869;L0010042;C003166;D007;V010;A0073;21.10.2025;09.11.2025;4299000;cash;;WBAPU0NECPP7VJV2M
S001725;L0009291;C001679;D003;V017;A0034;10.11.2025;28.11.2025;3855000;financing;;WBA3Z7JVZGVLG81VB
S000998;L0005265;C001807;D014;V008;A0143;24.11.2025;12.12.2025;3761000;bank_transfer;690000;WBAEBGYGVDS0ER9TC
S001177;L0006161;C004436;D003;V028;A0032;20.02.2025;01.04.2025;3684000;financing;;WBAGS919J9NF7GNX9
S001041;L0005491;C004802;D001;V013;A0011;21.08.2026;11.09.2026;10770000;cash;;WBAWUHJNEZ14XXA1L
S001994;L0010761;C000359;D006;V004;A0063;04.04.2026;11.04.2026;4793000;cash;;WBAUR5832Y5EDMFJW
S001557;L0008411;C004668;D007;V004;A0073;08.12.2025;11.12.2025;4758000;cash;;WBABGGV9SA4BTWB1G
S002180;L0011827;C006175;D003;V025;A0033;07.01.2026;19.02.2026;2790000;cash;730000;WBA6ZYZDBCA7MXSEN
S001380;L0007476;C001027;D006;V024;A0061;02.03.2026;15.03.2026;2500000;financing;;WBALDBRZBR235K4E8
S000042;L0000259;C001088;D001;V010;A0012;24.06.2025;07.08.2025;4230000;cash;;WBA8BNA3H7R81UD1R
S001531;L0008282;C004377;D003;V017;A0031;28.08.2025;23.09.2025;3817000;financing;760000;WBA4LRNWVLZPTNJKT
S002597;L0014066;C002315;D009;V027;A0094;16.09.2025;28.09.2025;3458000;financing;;WBAX5UH58YRSARF22
S002406;L0013044;C005377;D012;V026;A0121;14.05.2026;19.05.2026;2752000;financing;;WBAS9V16L36GZ5XJM
S001958;L0010570;C005036;D006;V033;A0061;27.06.2026;05.07.2026;5014000;cash;;WBAAC44NDSWTD02AH
S001548;L0008369;C000936;D008;V018;A0083;27.10.2025;05.12.2025;4425000;cash;1490000;WBA9SYNEUBHG3LSYT
S000610;L0003216;C002066;D007;V009;A0074;06.10.2025;11.10.2025;4674000;cash;2170000;WBACAPKRM4TJTT0YS
S001133;L0005949;C002330;D005;V021;A0053;14.04.2026;09.05.2026;7142000;financing;;WBA9P9VWH2TH9WKXZ
S000029;L0000143;C000572;D007;V026;A0074;22.04.2026;10.05.2026;2734000;bank_transfer;;WBAUPU88MW011UPTT
S000442;L0002436;C001086;D002;V026;A0022;29.05.2026;19.06.2026;2705000;financing;1150000;WBAA9FR3ZCRGCFB4M
S001663;L0009050;C000991;D006;V019;A0064;10.07.2025;15.08.2025;4218000;financing;;WBA0WNXT9D3J6S3LK
S001941;L0010445;C001233;D007;V021;A0074;12.08.2026;13.09.2026;6699000;financing;3030000;WBA7H7KY9U5R8PSM3
S000494;L0002675;C002117;D002;V001;A0023;01.07.2025;14.07.2025;3358000;cash;;WBADYG97UJD3N665X
S001259;L0006682;C001253;D010;V005;A0104;12.02.2026;25.02.2026;6652000;financing;;WBANHH5BHFW5RYGA1
S001302;L0006977;C005501;D007;V026;A0071;17.10.2024;25.10.2024;2872000;cash;;WBA2FYLJL69USVBEV
S002177;L0011817;C003834;D007;V028;A0072;07.05.2026;16.05.2026;3839000;financing;1450000;WBA9T0Z7UVBN31222
S001383;L0007485;C000137;D007;V031;A0073;14.05.2025;21.06.2025;10183000;financing;;WBAG7FBTXZNWBZVSW
S001305;L0007025;C000768;D002;V034;A0022;17.08.2026;22.09.2026;5507000;cash;2590000;WBAG4BU093P5VC35T
S000237;L0001284;C002668;D004;V030;A0041;18.02.2026;31.03.2026;11110000;cash;;WBAXYGR6LELEMS4BN
S000552;L0002932;C004243;D009;V011;A0092;15.04.2026;05.05.2026;6204000;financing;1720000;WBAXZMCT4Z5N5BZGJ
S000521;L0002812;C005537;D003;V003;A0031;20.04.2026;27.04.2026;4538000;bank_transfer;;WBAT1P39YHNMHNVUF
S002718;L0014846;C002143;D010;V012;A0104;09.06.2025;23.06.2025;6483000;financing;;WBAKEV4XMS2V0YRH2
S001233;L0006577;C004994;D003;V011;A0034;25.03.2026;30.03.2026;5963000;financing;;WBALMVBYCLSPZ46TZ
S001139;L0005977;C001155;D006;V020;A0061;18.07.2025;25.08.2025;6421000;bank_transfer;;WBAK6NYBL06ZAMLSV
S000721;L0003853;C003764;D001;V037;A0012;20.05.2025;06.06.2025;16497000;financing;;WBADGYJA6ZBLG4MUU
S000736;L0003916;C002457;D002;V026;A0021;29.06.2026;20.07.2026;2800000;financing;;WBAETBFCH5BZ3BYT9
S002448;L0013247;C002482;D007;V008;A0074;07.04.2026;30.04.2026;3960000;cash;;WBADFV090DFASJ65W
S000059;L0000345;C003451;D004;V011;A0042;22.08.2025;13.09.2025;6236000;cash;;WBAGAFYYKUE2FCAVP
S000632;L0003367;C003709;D003;V036;A0034;03.08.2026;30.08.2026;13908000;financing;;WBADGTAGJDDAMNWP4
S001182;L0006203;C006086;D004;V022;A0044;02.05.2026;22.05.2026;9669000;financing;;WBAHYJ8C3ZCKYSG0J
S002107;L0011399;C000362;D007;V018;A0071;22.09.2025;03.10.2025;4316000;financing;;WBA1ZDP770C597X67
S000593;L0003102;C004041;D013;V026;A0133;01.06.2026;27.06.2026;2785000;cash;;WBADAMU8SM76288FC
S001304;L0006996;C000503;D004;V004;A0044;19.11.2023;26.12.2024;4653000;cash;1200000;WBAHRFAD1VAMFJHDM
S001388;L0007514;C005029;D004;V035;A0042;21.05.2026;04.07.2026;7293000;bank_transfer;;WBADARPWFJ43YGE2N
S002415;L0013082;C002717;D004;V026;A0041;23.09.2025;10.10.2025;2851000;financing;;WBA1VAC0YEJF9HBZE
S002674;L0014526;C002841;D011;V008;A0114;13.04.2026;23.04.2026;3989000;financing;;WBABJYJTF67KDCH8F
S001579;L0008589;C005094;D002;V002;A0021;31.10.2025;22.11.2025;3540000;cash;;WBAM3AXPJDRH8MTNV
S000940;L0004946;C002974;D009;V024;A0092;08.08.2025;19.08.2025;2496000;bank_transfer;;WBAD8AUK0HBA190WH
S002576;L0013944;C001669;D003;V027;A0032;20.10.2025;25.10.2025;3583000;financing;;WBAG9T6H8R8BKX4E7
S001250;L0006646;C004032;D005;V013;A0051;05.01.2026;18.01.2026;11068000;financing;;WBAKU2RKRL2N7USDF
S000905;L0004750;C004881;D003;V001;A0031;04.05.2026;15.06.2026;3264000;financing;;WBA8VXH8GZTZH1B4V
S001280;L0006860;C005337;D003;V005;A0031;17.11.2025;14.12.2025;6072000;cash;;WBAKUPEGR18NU99SA
S002213;L9035329;C004442;D002;V003;A0023;08.07.2025;06.08.2025;4587000;financing;;WBAPPZB5Y3ZXWA26N
S002654;L0014431;C000464;D007;V016;A0074;18.10.2025;27.10.2025;5096000;financing;;WBA3SSD0P8B39JRPP
S002442;L0013215;C003648;D005;V014;A0054;18.07.2026;02.08.2026;11246000;cash;;WBA41Y4J0ZWSUT3CG
S001748;L0009394;C002703;D002;V014;A0024;02.02.2026;07.03.2026;11748000;cash;2420000;WBA7M4H8NR9JWD6PY
S001143;L0005998;C005958;D006;V022;A0063;10.10.2024;07.11.2024;8967000;cash;;WBAJUGZWF4P69HTYY
S002193;L0011890;C003256;D002;V026;A0022;19.08.2026;23.09.2026;2776000;cash;440000;WBA1VXNB218XKJVE4
S000707;L0003800;C003459;D006;V027;A0061;12.11.2025;23.11.2025;3578000;financing;;WBAVVH2KDN34W1GWN
S002045;L0011020;C003504;D003;V025;A0034;08.09.2025;26.09.2025;3005000;cash;1450000;WBALYNF1KXFX6GRLP
S001023;L0005427;C003966;D014;V013;A0144;30.03.2026;01.05.2026;11066000;cash;;WBA1NJX75UPGYP788
S000746;L0003963;C003494;D001;V033;A0012;21.11.2025;09.12.2025;5054000;cash;;WBA65W54SD26NJ108
S001547;L0008363;C005282;D001;V033;A0013;27.11.2025;14.12.2025;5160000;cash;;WBATW7ENC8XMUHHNH
S002169;L0011767;C004290;D008;V017;A0083;27.01.2026;15.02.2026;3722000;cash;;WBAN3RCTN8CRY6VX2
S002655;L0014452;C002948;D007;V003;A0072;12.06.2026;08.07.2026;4442000;financing;2020000;WBAWW0NC4XVVLKC8X
S000514;L0002748;C005402;D013;V024;A0132;22.09.2025;21.10.2025;2476000;financing;;WBAJ9R05EPXUL2PFS
S000082;L0000464;C001680;D003;V022;A0032;29.12.2025;23.01.2026;9448000;cash;;WBAVBB9MHU3WHVN8T
S002456;L0013299;C004361;D003;V024;A0032;25.02.2025;14.03.2025;2510000;financing;460000;WBARYM7PB18KSCARB
S001309;L0007052;C002073;D007;V001;A0074;15.04.2025;16.05.2025;3298000;cash;;WBAJWBEU1JK5RVLX8
S000915;L0004794;C005253;D005;V025;A0052;16.01.2025;28.02.2025;2971000;financing;;WBA566C6D3SW632XJ
S001405;L0007597;C003014;D005;V009;A0052;06.07.2026;04.08.2026;4542000;financing;1340000;WBA9HHAGJ12CCHLHR
S002549;L0013797;C000907;D004;V002;A0042;10.01.2026;17.02.2026;3767000;cash;;WBALWSWK60M648Y44
S001109;L0005781;C002790;D005;V010;A0052;22.08.2025;24.09.2025;4415000;bank_transfer;;WBA6SBH0MRYP2H35A
S000151;L0000843;C000330;D002;V001;A0021;03.08.2026;20.08.2026;3298000;cash;;WBAWLVBNJ1HZL77WL
S000775;L0004076;C000791;D004;V008;A0043;08.05.2025;23.05.2025;3927000;financing;;WBA3NP6NW9SSKD1LK
S000330;L0001876;C005660;D001;V001;A0012;19.08.2025;14.09.2025;3305000;cash;;WBAJ3KEF0STJ2KN3J
S000007;L0000031;C004860;D006;V010;A0064;23.04.2025;14.05.2025;4420000;cash;1570000;WBAGGYR5CJUVE8BZP
S000944;L0004971;C005057;D011;V017;A0112;16.01.2026;04.02.2026;3877000;financing;1320000;WBA7XLSJRN9JVHWK5
S001957;L0010569;C002943;D001;V018;A0013;16.06.2026;14.07.2026;4432000;cash;;WBA2C6AXB7A8WYT20
S000735;L0003914;C002770;D001;V025;A0012;30.05.2026;02.06.2026;2814000;cash;;WBABL00BLN9ERTJN4
S000910;L0004767;C001733;D005;V028;A0053;03.06.2026;15.07.2026;3819000;cash;;WBAM7P2HF8AP13YGB
S000469;L0002569;C000490;D002;V025;A0022;11.06.2026;21.06.2026;2878000;bank_transfer;;WBAFXFA6SVA11MF9A
S000182;L0001022;C003772;D008;V020;A0081;12.02.2026;06.03.2026;5944000;cash;;WBAN5KYSGYUDRZ89E
S000165;L0000923;C005652;D007;V029;A0074;02.03.2026;15.04.2026;3145000;financing;1230000;WBA1Y6XM2YTR5JDXA
S001918;L0010315;C004316;D009;V026;A0091;15.09.2025;14.10.2025;2711000;cash;;WBAA9FM316S1L69K6
S000452;L0002477;C004839;D014;V019;A0143;10.04.2026;10.05.2026;4232000;cash;;WBAPX2NV7JHSXB7ZF
S000491;L0002668;C004055;D006;V026;A0062;21.10.2025;12.11.2025;2754000;bank_transfer;;WBA4S9541G3ZHXBZ3
S002060;L0011119;C003712;D001;V004;A0013;28.11.2025;07.12.2025;4884000;cash;;WBAZ4VU2VC29KWT6X
S001144;L0006001;C001967;D013;V007;A0131;13.03.2025;14.04.2025;13263000;financing;;WBAW19AJV4XG3C3PL
S001312;L0007078;C001910;D011;V019;A0113;30.09.2025;30.10.2025;4271000;cash;;WBA4853EBHW1962LX
S002070;L0011156;C004585;D002;V028;A0022;03.11.2025;01.12.2025;3741000;cash;;WBA9K6EG2HLVNBMP0
S001112;L0005805;C000367;D001;V008;A0012;07.11.2025;20.11.2025;4094000;financing;;WBAKWNKJSG3X8B5FY
S002636;L0014325;C001359;D002;V026;A0021;31.03.2026;20.04.2026;2749000;financing;550000;WBAGRPKB80J44G1CE
S001442;L0007806;C000102;D013;V019;A0134;14.07.2026;13.08.2026;4458000;financing;;WBABR4THMTKWN6VFT
S001616;L0008796;C001883;D002;V034;A0024;20.04.2026;02.06.2026;5611000;financing;;WBAKG2F6ARDPHRG8R
S002129;L0011524;C002818;D004;V020;A0044;07.04.2026;16.04.2026;6361000;financing;2040000;WBA45FE33DD0HZBHH
S001075;L0005613;C003327;D003;V033;A0034;15.08.2025;21.08.2025;5113000;bank_transfer;;WBAH6KN1J0ZV4LMRC
S001816;L0009678;C004632;D005;V023;A0053;31.03.2026;21.04.2026;15871000;cash;7820000;WBAGMYE18M3WM6K69
S001858;L0009957;C005042;D006;V002;A0061;15.06.2026;08.07.2026;3765000;financing;;WBAWALTJNNR6XU30D
S002158;L0011734;C001511;D002;V035;A0023;19.09.2024;22.10.2024;7846000;financing;;WBA90XL483XLT68ZV
S002090;L0011285;C001421;D001;V027;A0012;03.07.2025;29.07.2025;3536000;bank_transfer;;WBA1H9TK1LF0AGB7C
S002120;L0011467;C002680;D005;V027;A0054;28.07.2025;05.09.2025;3475000;cash;;WBAH6SFHG5J6STZT5
S000328;L0001873;C005368;D002;V027;A0021;21.08.2026;22.09.2026;3448000;cash;1070000;WBA8L2VXJE3CK4LR2
S000443;L0002439;C000976;D002;V032;A0023;25.05.2026;11.06.2026;5989000;financing;;WBASTU7CKR05FNX3L
S001955;L0010549;C000826;D005;V028;A0052;06.04.2026;13.05.2026;3901000;financing;;WBA4ZPD2EJRR5HSAE
S002574;L0013934;C003419;D004;V029;A0044;10.04.2026;22.04.2026;3247000;cash;;WBARVLKGSCPE7NWBV
S000833;L0004378;C002317;D014;V016;A0143;30.05.2026;23.06.2026;5226000;bank_transfer;;WBA6TGFPLBDXLV82E
S002186;L0011848;C004656;D004;V003;A0042;29.07.2025;08.08.2025;4602000;bank_transfer;;WBAP22P40YNYE0NTP
S001861;L0009969;C004002;D005;V018;A0054;27.10.2025;05.11.2025;4414000;bank_transfer;1440000;WBAY0V2Z4RHJPDVST
S001415;L0007677;C004115;D012;V025;A0123;22.06.2026;28.07.2026;2855000;bank_transfer;1240000;WBAKYDF4K8JBFC9T2
S001202;L0006346;C000926;D003;V025;A0031;21.07.2026;28.07.2026;2928000;financing;;WBAMZVH9GK31Z10MJ
S001500;L0008115;C000189;D001;V027;A0014;29.10.2025;13.11.2025;3614000;financing;;WBAEAVWG1UGN2U4AZ
S001614;L0008793;C005880;D001;V001;A0012;05.01.2026;15.02.2026;3318000;financing;;WBAV47YG19N7EBZZ8
S000087;L0000483;C003757;D009;V011;A0093;21.07.2025;26.08.2025;6179000;financing;;WBA8RV9JN12N3R6EF
S001404;L0007595;C003227;D001;V026;A0014;22.05.2026;23.06.2026;2660000;cash;;WBAZLCUUCEZRYGJ5P
S002699;L0014720;C005925;D003;V005;A0033;17.10.2025;30.10.2025;6425000;financing;3420000;WBAJAX5PM3V9Z635N
S001482;L0008012;C003157;D011;V029;A0112;06.01.2026;12.01.2026;3126000;financing;;WBAS67E41DPU0WEVC
S000778;L0004098;C001133;D004;V008;A0042;08.11.2025;12.11.2025;4031000;cash;;WBARJWZPTPLSZURT4
S001835;L0009798;C002697;D008;V027;A0081;20.05.2026;27.05.2026;3489000;financing;1540000;WBAS7HNCFTFM6VYZW
S000055;L0000321;C000349;D011;V028;A0111;03.01.2025;19.01.2025;3653000;cash;;WBAYEANU1FNG8U3FU
S002174;L0011788;C000454;D003;V012;A0032;23.07.2025;28.08.2025;6770000;financing;;WBAVYHT14G209UHB9
S001288;L0006922;C001272;D001;V029;A0012;08.01.2025;05.02.2025;3159000;cash;1480000;WBAJV4DEDH0WLPRRT
S002387;L0012951;C005358;D004;V016;A0044;16.07.2025;20.08.2025;5114000;financing;;WBATMK8UM0R44SAJ5
S001934;L0010403;C000534;D005;V026;A0054;13.06.2026;27.07.2026;2784000;cash;;WBARUA27F3XCB6SA8
S001246;L0006633;C002017;D009;V011;A0091;28.08.2026;17.09.2026;6160000;financing;;WBASUDHZC83HNCW1Y
S000114;L0000662;C000404;D010;V030;A0103;27.06.2025;05.07.2025;11201000;cash;;WBAX1EGLHUTJ8BFH8
S002594;L0014058;C000461;D009;V028;A0091;28.03.2025;12.04.2025;3923000;cash;;WBA0HYGT7CPU5HT2X
S000988;L0005205;C005496;D012;V017;A0122;17.01.2026;18.02.2026;3891000;financing;;WBA7GLTH1VU6HSMHW
S000502;L0002710;C001351;D004;V009;A0041;27.02.2025;26.03.2025;4734000;bank_transfer;;WBA7VH9HJWKCWM9TM
S002562;L0013863;C002689;D001;V026;A0012;23.04.2026;11.05.2026;2788000;financing;870000;WBAJFVPC6C515BAVB
S001010;L0005341;C001475;D002;V017;A0024;15.09.2025;03.10.2025;4042000;financing;1200000;WBAY1GTKPD514SCVG
S001199;L0006335;C003920;D004;V025;A0044;29.08.2026;16.09.2026;3034000;financing;;WBAT7L76BZNXTY4LN
S001395;L0007552;C005356;D001;V020;A0013;08.07.2026;02.08.2026;6371000;financing;;WBAN1G3FNFN8GANHA
S000590;L0003094;C001299;D002;V010;A0023;10.04.2026;12.05.2026;4510000;financing;1500000;WBAMZ0KWEK4Y2KJ49
S000769;L0004047;C002671;D003;V021;A0034;25.06.2026;17.07.2026;6713000;financing;;WBAA7K5CWYS1SKZHR
S000018;L0000075;C005023;D011;V033;A0111;06.07.2026;22.07.2026;5234000;cash;;WBAA0WN6FHU71KVTF
S001043;L0005494;C004127;D001;V010;A0011;22.01.2026;06.03.2026;4364000;cash;2270000;WBAZUTJEDLDYDUG0H
S001448;L0007848;C002540;D003;V038;A0033;09.02.2026;06.03.2026;21395000;cash;;WBAKNPDS9V4PFJPVZ
S002271;L0012280;C004395;D014;V018;A0142;06.10.2025;19.10.2025;4609000;financing;;WBA5LZ5XWX71RCRU0
S000286;L0001583;C000686;D002;V009;A0021;24.11.2025;07.01.2026;4628000;bank_transfer;;WBAHE25HZG1GB3041
S002435;L0013177;C000719;D002;V009;A0022;14.08.2025;16.09.2025;4701000;cash;;WBA8984SR22BP6MXK
S000429;L0002383;C004908;D004;V029;A0044;14.07.2025;18.07.2025;3112000;financing;;WBA8GXE8D31GNBA9W
S001329;L0007166;C005587;D002;V017;A0021;03.08.2026;12.08.2026;3895000;financing;730000;WBA4B4B0ENKSVAEA4
S001667;L0009063;C005639;D002;V002;A0023;18.01.2025;10.02.2025;3781000;financing;;WBAADVJ21WNSKUYU3
S000670;L0003602;C005343;D007;V027;A0073;26.06.2025;22.07.2025;3568000;financing;;WBA6171NMP4DEEH9Z
S000032;L0000158;C001843;D005;V026;A0051;10.02.2026;11.03.2026;2740000;financing;;WBALT97PHRHJ3MWW5
S001342;L0007239;C000944;D003;V009;A0034;09.01.2026;18.02.2026;4693000;financing;;WBAWZG3F78NAX0TJ8
S000723;L0003859;C000187;D004;V031;A0044;03.12.2025;24.12.2025;10282000;financing;5170000;WBADJ7EA9BDZAXCYA
S000952;L0005026;C004229;D008;V001;A0084;19.12.2025;06.01.2026;3203000;bank_transfer;;WBABGVAMGM7AMUNGZ
S002112;L0011429;C000419;D006;V024;A0064;13.06.2026;25.07.2026;2576000;financing;;WBAGGAD343L9SLW84
S000215;L0001198;C004438;D007;V008;A0073;04.02.2026;15.02.2026;3946000;financing;;WBA198CJNJ09F7DXN
S000990;L0005218;C006139;D009;V018;A0094;12.09.2025;10.10.2025;4662000;financing;;WBABWSJRMM2XKHZW5
S001165;L0006099;C001483;D005;V020;A0053;09.03.2026;21.03.2026;6138000;cash;3200000;WBAM3750NV6ZB851X
S000327;L0001866;C003686;D007;V006;A0074;26.03.2025;08.04.2025;7662000;financing;;WBAJ4FSKUD7GDR9JJ
S000561;L0002964;C001933;D008;V017;A0084;28.05.2026;24.06.2026;4062000;financing;;WBA4SWRUK0SH9YYY4
S001384;L0007502;C004675;D001;V005;A0012;09.07.2025;05.08.2025;6675000;cash;1910000;WBAD21UNY39099V55
S001087;L0005667;C003644;D001;V003;A0013;06.08.2026;19.09.2026;4309000;cash;;WBAJD5E1FFVPHKT5Y
S002146;L0011634;C004638;D005;V008;A0051;13.07.2026;31.07.2026;4005000;cash;;WBA8C9K65ANCK8L9Z
S000342;L0001940;C001553;D005;V025;A0053;12.10.2024;23.11.2024;3024000;financing;;WBAE57LS0FG3ZUEUM
S000148;L0000837;C001682;D001;V027;A0013;02.12.2025;22.12.2025;3616000;financing;1400000;WBAANAJFG81VZN5V4
S002153;L0011693;C002847;D003;V002;A0032;27.06.2026;20.07.2026;3441000;financing;;WBA1BP2YPNWSTWEPT
S002222;L0012024;C004258;D004;V010;A0044;21.04.2025;24.05.2025;4296000;financing;1480000;WBAUJ3JFXM0MMKNX1
S001108;L0005776;C005631;D003;V019;A0033;07.11.2025;23.11.2025;4155000;bank_transfer;1830000;WBAD83FYMNWBUECCY
S000849;L0004447;C005518;D003;V020;A0033;25.06.2026;06.07.2026;6459000;cash;;WBAMHSL16AJT6EU4C
S000967;L0005093;C002997;D001;V014;A0014;15.08.2026;11.09.2026;11006000;cash;;WBAT1JZN4PV5942UK
S001073;L0005608;C005352;D010;V011;A0104;17.03.2026;17.04.2026;6400000;financing;;WBABPK451TXY1ZGVT
S002272;L0012281;C004481;D002;V034;A0021;04.05.2026;25.05.2026;5898000;bank_transfer;;WBAZR42BM4DF4WEF4
S000156;L0000873;C001185;D014;V017;A0143;18.04.2026;17.05.2026;3999000;cash;;WBA1MTD8JRABUM2PU
S002043;L0011012;C002804;D009;V027;A0093;06.01.2026;17.01.2026;3561000;financing;;WBAT90UH4RNB9VGLN
S001971;L0010643;C005472;D001;V004;A0013;31.12.2025;04.02.2026;4888000;bank_transfer;;WBACW3XRHJ24X00EN
S001003;L0005299;C003747;D005;V024;A0054;05.08.2026;13.08.2026;2515000;bank_transfer;;WBA1P7JUTZF3U6ZZE
S002155;L0011697;C001616;D002;V027;A0021;05.06.2026;10.06.2026;3612000;cash;1500000;WBAGE8Z47GUX4PE07
S002322;L0012540;C002603;D010;V017;A0104;10.10.2024;22.11.2024;3850000;cash;;WBA1YDRJEY2WNC497
S000177;L0001002;C005727;D012;V029;A0123;18.07.2026;25.08.2026;2948000;financing;1140000;WBAW6NG54P9419DHF
S002449;L0013248;C005583;D013;V017;A0133;03.06.2026;01.07.2026;4100000;bank_transfer;;WBAYL29D7Y2VG83H6
S001525;L0008261;C003382;D003;V008;A0031;21.05.2025;10.06.2025;4106000;bank_transfer;;WBATC19N8W5797BV2
S002624;L0014239;C001177;D002;V009;A0021;23.04.2026;07.05.2026;4704000;cash;1440000;WBALURFP5KSEFCM9Y
S001204;L0006353;C003443;D002;V024;A0022;07.05.2026;02.06.2026;2598000;financing;970000;WBAT05UKTSZAFW4Z3
S002005;L0010815;C003972;D003;V016;A0033;03.08.2026;12.09.2026;5076000;bank_transfer;;WBA226JHUKE9XZDT5
S002598;L0014074;C004274;D001;V013;A0014;30.04.2025;13.06.2025;10983000;bank_transfer;;WBAJ9958CXYZS78UA
S001710;L0009240;C001895;D010;V017;A0101;12.06.2026;26.07.2026;3913000;financing;;WBAPXV2ZY31SN03EE
S001814;L0009669;C001021;D003;V008;A0034;30.03.2026;16.04.2026;3913000;financing;;WBARCMZZSG227SS2K
S002117;L0011456;C003513;D012;V008;A0123;29.01.2025;10.03.2025;4069000;bank_transfer;;WBAL4HJZSZD0REHBT
S000876;L0004561;C004560;D009;V001;A0094;13.12.2025;12.01.2026;3295000;cash;;WBAYDNF7BAK8XFWP5
S002486;L0013452;C005106;D001;V029;A0014;28.04.2026;21.05.2026;3113000;financing;;WBA2MUR41J7CSR340
S000939;L0004928;C004409;D002;V001;A0022;21.02.2026;05.04.2026;3196000;cash;;WBA9HX0FK8CHUXRLA
S002488;L0013461;C000715;D006;V022;A0062;24.12.2025;11.01.2026;8974000;financing;;WBA8J8DZZRTG7AHG2
S001553;L0008398;C002174;D013;V002;A0132;02.09.2025;15.10.2025;3854000;cash;;WBALP3LWTYF6B44VT
S000347;L0001964;C001211;D002;V020;A0023;09.06.2026;21.07.2026;6266000;cash;;WBASTL9C9N24TVN0V
S002314;L0012511;C005342;D005;V009;A0053;04.03.2026;17.03.2026;4551000;cash;;WBAPDUS3N3JNUXYUR
S002367;L0012824;C000040;D001;V010;A0014;28.12.2024;15.01.2025;4176000;cash;;WBANWM8NGAJ6KLC01
S001743;L0009377;C001578;D004;V003;A0041;26.06.2026;29.06.2026;4293000;financing;850000;WBAAF28XYC6EU2724
S000386;L0002154;C003385;D007;V004;A0074;09.01.2026;26.01.2026;4927000;financing;1930000;WBA7PKVBYDGSCLJYC
S001942;L0010448;C005896;D007;V038;A0072;11.03.2026;02.04.2026;19816000;cash;;WBAYKNY2MBYYA4389
S002315;L0012513;C000042;D005;V002;A0051;10.10.2025;23.11.2025;3718000;cash;1150000;WBAMXDTG2XHSB1LAH
S002022;L0010881;C000573;D003;V036;A0033;23.12.2025;15.01.2026;14069000;bank_transfer;;WBA8WFY2YZGDEWBVE
S000244;L0001344;C003980;D004;V017;A0043;03.01.2026;15.01.2026;3951000;cash;;WBABZ34GL7CBXRWE0
S001830;L0009773;C000663;D003;V013;A0033;21.02.2026;15.03.2026;10581000;cash;;WBANTMB76B2WM4DD8
S000937;L0004919;C002641;D005;V024;A0051;10.04.2026;30.04.2026;2470000;financing;;WBAAXPZ93R8J57697
S001690;L0009167;C002052;D006;V024;A0061;27.11.2025;10.12.2025;2557000;financing;;WBAB4BA6HWEEUUSBW
S002381;L0012916;C004665;D005;V008;A0054;19.12.2025;31.01.2026;3696000;financing;;WBA8D55UJUAJJF4YD
S000313;L0001775;C003638;D003;V019;A0032;25.11.2025;30.11.2025;4272000;financing;;WBA12XZ1VEBC26LLT
S001460;L0007926;C000445;D002;V032;A0024;18.04.2026;25.04.2026;5770000;financing;;WBAWXPWH115BZFTM8
S002698;L0014696;C003239;D007;V011;A0074;04.11.2024;08.11.2024;6319000;bank_transfer;;WBA6NBRPDTJ8GBG9T
S001870;L0010044;C005335;D004;V028;A0043;03.04.2026;04.05.2026;3860000;financing;;WBAULK4DCCB32MYN5
S001333;L9160753;C004379;D003;V028;A0034;13.10.2025;23.10.2025;3917000;financing;1480000;WBAD8EAGUBYC5GUN4
S000969;L0005108;C004072;D007;V021;A0074;02.07.2026;20.07.2026;7108000;cash;;WBAK9N8UELRGX1BZS
S001455;L0007910;C004489;D003;V008;A0033;05.06.2026;13.07.2026;4098000;bank_transfer;1080000;WBAY9SSZLXFY3CWDW
S000661;L0003560;C001347;D002;V033;A0022;28.08.2025;17.09.2025;5145000;cash;;WBAA37FW7EMS9VTUL
S000936;L0004903;C001834;D005;V010;A0051;15.04.2026;17.05.2026;4344000;financing;;WBA4Y538Y7ZZDL8T4
S000371;L0002067;C002012;D013;V002;A0134;10.06.2025;14.06.2025;3691000;cash;;WBAWCE06R1L40NTLS
S000567;L0002995;C002110;D007;V025;A0074;18.03.2025;06.04.2025;2845000;financing;750000;WBAPYA8SNMBB3SNXZ
S001025;L0005432;C001550;D007;V009;A0072;09.07.2026;07.08.2026;4699000;financing;;WBA20H33M0A9FE055
S000825;L0004342;C002017;D002;V008;A0024;27.11.2025;24.12.2025;3926000;financing;1220000;WBAPXP2MB163LB0JD
S000983;L0005187;C002573;D002;V025;A0024;18.11.2025;24.11.2025;2924000;financing;;WBA1C57UC14G5VYMY
S002237;L0012093;C000521;D001;V020;A0013;01.07.2025;09.08.2025;6205000;cash;2670000;WBA3N1YJ4DJPZDR4N
S001860;L0009967;C000476;D002;V002;A0021;24.06.2026;26.07.2026;3779000;financing;;WBAHK10CUGRRHY35J
S001646;L0008956;C001514;D002;V017;A0021;17.12.2024;24.12.2024;3895000;cash;;WBA3G638FSHXHKF1C
S002383;L0012927;C004678;D004;V019;A0044;07.04.2026;16.05.2026;4231000;financing;1750000;WBAN6BJMP2GRA6YVD
S002073;L0011172;C001720;D006;V026;A0064;12.12.2025;28.12.2025;2900000;financing;;WBAJK491GHZW3VYVS
S001886;L0010142;C002802;D013;V004;A0132;17.05.2025;21.05.2025;5100000;financing;;WBAV0CUD543G3ZL86
S000814;L0004281;C005430;D001;V026;A0011;08.11.2025;26.11.2025;2800000;financing;;WBALA7ETBF7ZH45S5
S001431;L0007741;C000786;D001;V025;A0014;27.07.2026;28.08.2026;2888000;financing;;WBATSSYS20R6LHX6T
S000779;L0004104;C004931;D001;V025;A0012;22.12.2025;25.01.2026;2842000;cash;;WBA992KGNGYZWMDH6
S001321;L0007120;C004209;D006;V018;A0063;18.08.2025;27.09.2025;4597000;financing;;WBAD896H5NYEEYFJB
S001866;L0010010;C000211;D003;V028;A0033;31.10.2025;06.12.2025;3780000;bank_transfer;;WBADP0ZFYFN5LKUHT
S002649;L0014404;C003246;D003;V018;A0033;02.02.2026;28.02.2026;4587000;financing;;WBAH63F1YC5C5N1X9
S001053;L0005529;C005342;D012;V024;A0123;23.02.2026;23.03.2026;2560000;bank_transfer;540000;WBAEMBDN7SY2HZF4L
S000120;L0000688;C000352;D002;V016;A0024;10.01.2025;03.02.2025;5225000;financing;;WBA4W1FJ2APZ3YCEZ
S001014;L0005385;C005234;D004;V024;A0044;19.01.2026;31.01.2026;2566000;financing;;WBAR3GZFD57KWBNPA
S001402;L0007590;C005958;D005;V003;A0051;17.03.2026;02.04.2026;4521000;financing;;WBAGTYH1V5RY3390A
S002478;L0013417;C005478;D013;V025;A0132;17.03.2026;28.03.2026;2836000;cash;1380000;WBACDC2HVPTC9NULE
S002300;L0012447;C002817;D004;V016;A0041;04.03.2026;16.03.2026;5133000;financing;;WBAUB5BUVUJ7PN6YS
S001099;L0005750;C005658;D010;V011;A0104;12.06.2025;11.07.2025;5917000;bank_transfer;1070000;WBAXM5SMJ3RZ3ZLAM
S000127;L0000732;C004026;D010;V028;A0102;02.04.2025;13.05.2025;3960000;cash;;WBAB40RY4RFYMGTXX
S000888;L0004616;C001401;D002;V025;A0023;21.02.2025;20.03.2025;2950000;bank_transfer;730000;WBAPFK652PKLWC8RB
S002363;L0012802;C002537;D006;V032;A0064;11.04.2026;07.05.2026;6135000;financing;;WBA2HD5XLF9EMTZPV
S001348;L0007263;C004482;D009;V017;A0091;28.07.2025;04.08.2025;3861000;financing;1630000;WBA27KWG3N670CUYR
S001008;L0005332;C001663;D006;V024;A0062;15.11.2025;13.12.2025;2650000;cash;;WBAFNW1KHKWYAMLMU
S000356;L0002007;C003886;D002;V010;A0023;03.04.2025;16.04.2025;4397000;financing;;WBARYLGEXMWZUUV2M
S001004;L0005302;C003788;D001;V008;A0012;03.02.2025;05.03.2025;4149000;financing;;WBAHDW4DYMZBY0N3J
S001484;L0008051;C001769;D002;V016;A0024;10.03.2026;19.04.2026;5168000;bank_transfer;;WBA1RAD1G8KX4FMKY
S000683;L0003707;C004812;D001;V029;A0014;07.02.2025;13.02.2025;3197000;financing;;WBARCVL054GAT5TAC
S000828;L0004358;C005902;D004;V033;A0042;23.04.2025;30.04.2025;5044000;bank_transfer;;WBA24W11WH5U447A0
S001745;L0009383;C001593;D007;V022;A0071;15.08.2025;12.09.2025;9063000;cash;3140000;WBA5R2DC3HSLH2LGN
S001809;L0009655;C003163;D001;V017;A0013;14.05.2025;23.05.2025;3780000;financing;;WBANADS655CWB9SS2
S002239;L0012113;C001725;D010;V019;A0103;27.07.2026;22.08.2026;4393000;bank_transfer;;WBAAG9TXP2YKG0MJA
S000985;L0005192;C005290;D006;V026;A0064;07.02.2026;14.03.2026;2810000;cash;;WBAMCFP98CYGRW5DR
S001234;L0006578;C005904;D001;V027;A0014;02.10.2025;18.10.2025;3541000;financing;;WBAMAN5UNX6J52XFL
S002354;L0012728;C001437;D001;V019;A0014;24.04.2026;20.05.2026;4429000;financing;;WBA7DXY671Y0E5U1J
S001821;L0009708;C002304;D004;V015;A0043;12.05.2026;13.06.2026;16584000;bank_transfer;;WBAF4WPL8YC21RWX6
S000141;L0000803;C003905;D006;V024;A0063;07.08.2026;25.08.2026;2439000;financing;;WBAXN2AEJFU5JXJLW
S000218;L0001209;C003714;D006;V001;A0062;15.06.2026;18.06.2026;3401000;cash;;WBA0EXUANKA34JPMK
S002273;L0012300;C004145;D003;V028;A0031;10.06.2026;30.06.2026;3869000;bank_transfer;;WBANGUP0DTNX4AGX8
S002033;L0010942;C004841;D006;V008;A0061;29.09.2025;13.10.2025;4069000;financing;;WBAU69YZMJJSSDRJP
S002459;L0013307;C003829;D006;V011;A0064;18.08.2025;13.09.2025;6011000;cash;1590000;WBAETBMN7S4KPH5XZ
S000346;L0001956;C005276;D013;V009;A0134;26.08.2026;13.09.2026;4646000;bank_transfer;;WBA0LCAKJN5NKGF23
S002666;L0014499;C000330;D002;V010;A0024;23.05.2025;09.06.2025;4264000;financing;;WBA9DJVC8G8ZTRA1R
S000023;L0000114;C005376;D006;V032;A0061;10.09.2025;19.10.2025;6045000;bank_transfer;;WBAYWA6E753GSSDNX
S000712;L0003822;C005036;D004;V027;A0043;18.06.2026;25.06.2026;3493000;cash;;WBAMLLNZ1GG0ZD7EY
S001158;L0006060;C000146;D004;V037;A0041;16.04.2026;22.04.2026;15898000;bank_transfer;;WBARKSTFL3NAUD7BX
S001801;L0009621;C002121;D001;V019;A0011;29.12.2025;16.01.2026;4240000;financing;;WBA1YXW0K2P7H1HY9
S000872;L0004553;C002273;D003;V035;A0034;01.01.2025;05.01.2025;7351000;cash;;WBA8YUME7H8LGHC5L
S001793;L0009587;C002530;D004;V032;A0044;09.01.2026;03.02.2026;5941000;financing;;WBASZ8NTR25L7HXU2
S000011;L0000040;C000664;D011;V026;A0112;30.05.2026;18.06.2026;2670000;financing;;WBA0K4JD87DB6SS2W
S002226;L0012038;C002276;D003;V024;A0032;25.11.2025;04.01.2026;2543000;financing;;WBA6WX4RLHEJ94GTL
S002411;L0013070;C002485;D013;V014;A0133;05.07.2025;08.07.2025;11971000;financing;;WBAMC5NENT35X56YC
S002609;L0014130;C002061;D013;V026;A0131;16.08.2025;17.09.2025;2612000;bank_transfer;;WBAH1CX62W7NB7U0K
S000794;L0004178;C001676;D006;V003;A0063;05.02.2026;03.03.2026;4442000;bank_transfer;;WBATS1RS6BJKANV3F
S001316;L0007100;C002103;D004;V026;A0044;03.03.2026;01.04.2026;2642000;cash;;WBA406PM2SS982T6Y
S000755;L0004002;C001547;D002;V027;A0023;29.01.2026;16.02.2026;3355000;cash;;WBA0P765VFEBW40KU
S000627;L0003336;C004274;D003;V017;A0032;31.07.2025;06.08.2025;3953000;bank_transfer;;WBAXC0AZR79VXHUDV
S000095;L0000526;C004052;D003;V004;A0031;01.12.2025;11.01.2026;4809000;financing;;WBA6UGX2NSW5EJBKR
S001796;L0009602;C006042;D010;V016;A0103;17.06.2026;08.07.2026;5057000;financing;;WBAKY97XYB3V0Y830
S000130;L0000742;C002889;D002;V004;A0023;19.02.2025;22.03.2025;4980000;cash;1580000;WBAD3HAWY66LECFDM
S001709;L0009237;C005256;D009;V017;A0091;07.07.2026;01.08.2026;4002000;bank_transfer;;WBAHWYCVBZR29MAX6
S000844;L0004427;C001953;D001;V009;A0011;02.04.2026;25.04.2026;4695000;cash;;WBACVV3K0MW3S581K
S000324;L0001856;C004097;D006;V017;A0061;17.08.2026;23.09.2026;3720000;financing;;WBAX6D9YHNEMKLGHG
S002396;L0013000;C005496;D008;V027;A0081;29.09.2025;06.11.2025;3491000;financing;;WBAJS5A0GES1V22SG
S001777;L0009508;C004474;D003;V024;A0034;25.08.2026;30.09.2026;2436000;financing;;WBASA2VBZZ3712GHM
S001285;L0006893;C000956;D003;V034;A0034;05.09.2025;27.09.2025;5797000;financing;;WBAGK9SR5NJH5YDLR
S001672;L0009090;C001868;D001;V017;A0014;23.02.2026;21.03.2026;3815000;financing;1700000;WBAEURBGG53MEUGGN
S002680;L0014563;C005429;D009;V034;A0093;28.07.2026;27.08.2026;5882000;bank_transfer;;WBAJMMDXPU2P9Z3XV
S000015;L0000066;C001121;D012;V016;A0121;05.05.2026;28.05.2026;5166000;financing;2510000;WBA3JV6L6NELUS681
S002085;L0011262;C005443;D004;V029;A0044;30.05.2025;05.07.2025;3167000;bank_transfer;;WBA8Y2KFVDCBL72GK
S000948;L0005003;C003595;D002;V032;A0023;12.06.2026;12.07.2026;6082000;bank_transfer;;WBAZKARB6J9MD1X14
S000216;L0001202;C004926;D006;V028;A0062;10.12.2025;04.01.2026;3905000;financing;;WBALP4R1L9L21GWE7
S002220;L0012020;C002873;D008;V018;A0081;10.08.2026;18.08.2026;4542000;financing;;WBA3NFFT3M8A267PN
S002207;L0011950;C000665;D003;V028;A0034;08.01.2025;01.02.2025;4000000;bank_transfer;;WBACRV6KW6JJP1SNJ
S001183;L0006204;C000248;D005;V016;A0052;04.06.2026;05.07.2026;5011000;cash;;WBAVZS6SVNDV7Y729
S002027;L0010918;C005405;D008;V013;A0081;11.08.2025;17.08.2025;10409000;financing;1880000;WBAGXLYBFCD3GNFC1
S002493;L0013483;C005769;D003;V033;A0032;01.04.2026;12.05.2026;5050000;cash;1150000;WBAC1W2F1SM8KPY31
S000865;L0004534;C000540;D003;V026;A0032;15.01.2026;07.02.2026;2841000;financing;;WBA4SJ2CLMHR81TBA
S001659;L0009021;C003038;D005;V024;A0052;31.07.2025;31.08.2025;2519000;financing;;WBAVUHEG8A7VPUERA
S000517;L0002764;C002609;D008;V024;A0083;08.06.2026;12.06.2026;2463000;bank_transfer;;WBAW57YPL2HW0NV2Y
S001546;L0008358;C000111;D006;V001;A0063;05.01.2026;26.01.2026;3193000;financing;;WBACD5G0SYYGVR12T
S000598;L0003129;C004451;D011;V028;A0112;21.05.2026;14.06.2026;3834000;financing;;WBAND8WH6FKSYYXFM
S000196;L0001087;C002087;D009;V024;A0092;13.11.2025;16.11.2025;2511000;cash;;WBAZ8AVAPM9DBE0A9
S001278;L0006819;C003551;D005;V027;A0053;18.06.2025;22.06.2025;3526000;financing;;WBA2AX82L8N0N6BAV
S000289;L0001601;C005700;D007;V018;A0071;25.08.2025;18.09.2025;4136000;bank_transfer;;WBA9AR91PL12VVZYT
S000951;L0005023;C003275;D003;V001;A0033;26.05.2025;10.06.2025;3283000;cash;;WBAXM23TT16V2SGAX
S002603;L0014102;C001086;D006;V032;A0062;04.04.2025;30.04.2025;5817000;financing;;WBAG9NLUWZVLV5B2Z
S002360;L0012785;C004771;D007;V025;A0071;16.09.2024;24.09.2024;2860000;cash;;WBAFWZ6ZK4VLCTDCG
S002637;L0014327;C001213;D001;V002;A0012;05.04.2025;14.05.2025;3900000;financing;;WBAWLHJ94GC1C8JBD
S001121;L0005865;C004926;D006;V030;A0064;10.11.2025;29.11.2025;11309000;cash;;WBATHAHMF6WWW8U5E
S002330;L0012594;C001285;D002;V021;A0022;22.08.2026;04.10.2026;6984000;financing;;WBA5E2CGSFGKACAAE
S000550;L0002927;C005299;D008;V017;A0081;21.11.2024;21.12.2024;4074000;financing;;WBAA4NVUGP6969PUD
S000157;L0000882;C002516;D003;V024;A0034;17.06.2026;26.06.2026;2543000;cash;540000;WBAWXVE9A0JE5538M
S000420;L0002345;C001772;D009;V028;A0093;30.03.2026;12.04.2026;3779000;financing;;WBAB2WYMVW0A43PR3
S000923;L0004821;C003141;D010;V016;A0103;02.04.2026;10.05.2026;5044000;financing;2040000;WBAJKX0TFF12GLPU6
S002014;L0010839;C004380;D005;V009;A0051;15.05.2026;27.06.2026;4706000;financing;;WBA121TARUWWZR0EZ
S000478;L0002615;C001031;D008;V011;A0084;23.05.2026;30.06.2026;6226000;financing;;WBAJM82HJX95M008N
S001973;L0010665;C000460;D002;V001;A0022;14.03.2026;08.04.2026;3294000;cash;;WBAUE57A0MUC8E36V
S001693;L0009178;C003589;D003;V013;A0034;19.11.2024;10.12.2024;10361000;financing;;WBA9RW1Z8FP2GG42R
S002036;L0010969;C000065;D002;V010;A0023;29.07.2026;28.08.2026;4383000;financing;;WBA6T2MXRPHVRFZFG
S002024;L0010892;C002904;D002;V033;A0022;09.06.2025;05.07.2025;5031000;bank_transfer;;WBAZ0YATCN373FRL9
S001524;L0008257;C004813;D006;V027;A0062;20.01.2026;29.01.2026;3567000;bank_transfer;810000;WBAMEK54JS815FEUX
S001472;L0007967;C004085;D004;V032;A0043;18.12.2025;22.12.2025;5824000;financing;1020000;WBAC4TXC89HRH23TG
S000554;L0002947;C004826;D002;V026;A0021;18.03.2025;23.04.2025;2644000;financing;;WBAMXA279FYRHF8TC
S001203;L0006352;C002590;D004;V028;A0043;01.06.2026;11.07.2026;3743000;cash;1360000;WBAFP9GXRU7JEH2KT
S000391;L0002176;C003405;D002;V002;A0022;21.10.2024;25.11.2024;3784000;cash;1270000;WBA96V0ZDR1LP3K9S
S000579;L0003038;C005870;D014;V002;A0144;28.09.2024;12.10.2024;3641000;financing;;WBAJZ4FV09LHTZAX7
S001670;L0009083;C003823;D004;V029;A0041;17.02.2026;30.03.2026;3021000;financing;940000;WBAWFY1ML7F16WUHM
S002563;L0013873;C001014;D004;V004;A0043;09.10.2025;02.11.2025;4641000;financing;;WBA4F4W3HZ2W8DT84
S002017;L0010852;C003714;D005;V008;A0054;01.12.2025;07.01.2026;4116000;cash;;WBA57EBSJSB6S8JWD
S002510;L0013587;C005817;D002;V005;A0023;16.02.2026;06.03.2026;6771000;cash;1080000;WBA0G0CSNS4ACC234
S001640;L0008905;C005167;D006;V010;A0061;08.09.2025;21.09.2025;4519000;financing;1270000;WBABH2U0F7D33C17W
S000821;L0004317;C002467;D011;V028;A0114;14.08.2025;21.09.2025;3774000;cash;;WBAMTDDBVPVWX8KWP
S002647;L0014395;C001044;D014;V011;A0142;06.12.2025;25.12.2025;6060000;financing;2630000;WBAGFXRLGT0PSFCXT
S001007;L0005322;C001547;D008;V025;A0081;25.10.2025;06.12.2025;2966000;financing;840000;WBAZ8LACK5AKAD9YS
S001249;L0006643;C005867;D004;V002;A0043;22.10.2025;20.11.2025;3780000;bank_transfer;;WBAB4KSNK4BNPK2E7
S002008;L0010819;C000467;D001;V017;A0014;17.08.2026;25.09.2026;3990000;financing;;WBAK5DEG44PUF2V31
S000665;L0003580;C002676;D002;V017;A0022;21.10.2024;24.10.2024;4100000;cash;;WBA8PLXDUH79GPW2N
S002656;L0014468;C002592;D001;V025;A0011;10.12.2025;24.12.2025;2906000;cash;810000;WBA16F31PELHKD9B2
S000143;L0000808;C002383;D002;V034;A0022;30.03.2026;06.04.2026;6078000;bank_transfer;2360000;WBA8VXE784U93Y5PE
S002413;L0013078;C000883;D010;V020;A0102;17.04.2026;25.05.2026;6398000;cash;;WBAWBMKYSEGK15W8S
S001047;L0005502;C003678;D013;V016;A0131;30.05.2025;21.06.2025;5095000;financing;;WBALF6W1XANBB9ST6
S000422;L0002363;C004445;D005;V032;A0052;08.09.2025;16.09.2025;5967000;cash;;WBA4TRL2H81J3ABL4
S001661;L0009034;C005297;D004;V028;A0044;02.10.2025;14.11.2025;3811000;bank_transfer;1380000;WBA7L10SYPS8HH2GM
S001715;L0009254;C002006;D001;V008;A0013;11.06.2026;27.06.2026;4135000;financing;2010000;WBA3Z1TSNNG50LP1A
S000800;L0004203;C003921;D001;V001;A0011;19.05.2026;26.05.2026;3317000;financing;;WBA7LZMCKKYT7R5EW
S002196;L0011896;C004315;D005;V029;A0052;12.08.2026;25.09.2026;3216000;cash;;WBASRD2BNDZRS6TY5
S000616;L0003269;C004583;D001;V013;A0012;11.12.2025;19.12.2025;10720000;cash;;WBA7HCRL7SMY2W0AR
S001319;L0007112;C000512;D001;V001;A0014;19.06.2026;23.07.2026;3145000;financing;;WBA8A5GLZCJ7FTCSK
S000296;L0001672;C001196;D007;V006;A0072;17.11.2025;05.12.2025;7510000;cash;;WBAHN59MAZR8E5VF5
S000402;L0002237;C003485;D014;V026;A0141;11.04.2026;24.05.2026;2656000;financing;;WBATH62E32USBYA0W
S000089;L0000496;C004772;D007;V021;A0074;28.11.2024;11.01.2025;6937000;cash;;WBA96GGXMF2F0WG05
S002583;L0013982;C004011;D003;V001;A0031;30.10.2025;13.11.2025;3258000;financing;;WBAM7F2A692Y46NEV
S001773;L0009484;C004660;D008;V022;A0081;15.11.2025;19.11.2025;9329000;financing;;WBAZ0N7438G80HZXG
S002722;L0014874;C000999;D004;V034;A0044;10.10.2024;10.11.2024;5570000;cash;2080000;WBAZWGK3WMZJCRGK4
S000132;L0000746;C002502;D007;V019;A0074;28.06.2025;13.07.2025;4409000;cash;870000;WBAY2MUG1F200SPF1
S001933;L0010383;C006130;D003;V027;A0031;02.03.2026;13.04.2026;3532000;cash;;WBAPGDXENVL3JXA3G
S001921;L0010318;C005283;D008;V003;A0081;27.11.2024;29.12.2024;4464000;financing;;WBA1JEW935FDBNP1P
S002047;L0011049;C002229;D003;V029;A0031;28.08.2025;21.09.2025;3165000;cash;510000;WBATB92MKWGHJV7VV
S001403;L0007594;C004055;D006;V003;A0064;28.10.2025;01.11.2025;4578000;financing;;WBA510GKEY42ZNFMJ
S002277;L0012329;C003381;D007;V028;A0074;14.03.2025;09.04.2025;3876000;bank_transfer;;WBA06PCJ3PT7388V2
S002402;L0013033;C002743;D003;V025;A0033;15.09.2025;23.09.2025;2946000;bank_transfer;;WBALEUX6DLG279Y4N
S001189;L0006245;C005540;D001;V028;A0013;20.08.2025;21.09.2025;3916000;cash;;WBAGGNAVG5TYE5VL2
S000725;L0003874;C002411;D008;V006;A0084;28.07.2025;24.08.2025;7340000;cash;;WBANM6YW9ARGH43P4
S001315;L0007099;C003091;D001;V001;A0011;15.12.2025;16.01.2026;3217000;cash;;WBALACF2YM9PCRWJ0
S002165;L0011760;C005947;D004;V019;A0042;28.10.2024;26.11.2024;4163000;financing;;WBAL2003FHKB5RBDL
S001852;L0009916;C000992;D002;V035;A0023;22.08.2025;01.09.2025;7590000;financing;;WBAWWP5SFZM8M5PDP
S000270;L0001499;C000850;D003;V029;A0031;05.11.2025;07.12.2025;3079000;cash;;WBAW7L8JW0ULU6949
S002114;L0011441;C004120;D009;V011;A0092;30.10.2025;17.11.2025;6107000;cash;;WBA65MKEW7Z2XK0SH
S002294;L0012431;C005474;D007;V018;A0071;14.02.2026;19.03.2026;4536000;cash;;WBAJJCZA0Z9GAD53M
S002269;L0012277;C000038;D002;V033;A0024;04.07.2026;08.08.2026;5124000;financing;1040000;WBAHX5KMR7TAL4571
S001373;L0007438;C005148;D007;V013;A0074;25.11.2025;17.12.2025;10701000;cash;3490000;WBASTYKZ3L1SNGNJ4
S001856;L0009948;C005370;D005;V028;A0052;30.06.2026;09.07.2026;3831000;bank_transfer;;WBAM4H8KRYX9Z1XHV
S002403;L0013034;C004851;D007;V029;A0074;31.03.2026;28.04.2026;3046000;financing;;WBATRL09YHL6VJMBK
S000918;L0004809;C002311;D002;V004;A0022;10.02.2026;05.03.2026;4769000;financing;;WBARSX6VW2BXSNYF6
S001981;L0010703;C002047;D005;V019;A0054;22.11.2025;26.12.2025;4070000;bank_transfer;;WBAY6VR5K38G2AR9S
S001320;L0007117;C002520;D013;V026;A0133;01.12.2025;09.12.2025;2733000;bank_transfer;;WBA4F6YCHXWS19BV6
S002373;L0012867;C001435;D014;V026;A0144;02.07.2025;01.08.2025;2752000;financing;;WBAJA7TS2MBD4CWHF
S002651;L0014412;C005771;D010;V024;A0103;17.02.2026;12.03.2026;2560000;financing;;WBADM7Y47ZD8VWWU1
S000588;L0003077;C002651;D006;V029;A0064;24.07.2025;07.08.2025;3248000;cash;;WBANW2WM2GJJGMXPG
S002554;L0013832;C001077;D010;V033;A0104;25.04.2026;05.05.2026;5206000;cash;2630000;WBAZPRR3DWL9544ZX
S002731;L0014965;C005770;D004;V017;A0044;21.01.2025;14.02.2025;4056000;cash;;WBAPA7RNJM4HRBPSH
S000376;L0002095;C001737;D002;V002;A0021;16.06.2025;25.07.2025;3900000;financing;1800000;WBA96YT80BM8RE5L9
S000334;L0001902;C005419;D004;V024;A0044;10.06.2026;23.07.2026;2640000;cash;;WBALBX6FJPKNRT8D7
S002119;L0011463;C004591;D006;V038;A0061;06.01.2025;10.01.2025;20585000;cash;;WBAYSWGB6HJJF54BD
S002601;L0014100;C003893;D007;V018;A0071;12.01.2026;23.01.2026;4510000;financing;;WBALLZEVZ9D4ZAL7P
S001605;L0008763;C000703;D009;V010;A0091;16.03.2026;16.04.2026;4472000;financing;;WBA24NV4LG9JZ16HX
S001841;L0009838;C000075;D001;V024;A0014;30.09.2025;13.11.2025;2449000;cash;1280000;WBA0T7XHEUCFRVFM3
S001119;L0005853;C001191;D002;V021;A0023;02.12.2025;12.01.2026;7169000;financing;;WBAZRUN6W4JEN70DE
S002088;L0011277;C003669;D002;V030;A0021;02.02.2026;19.02.2026;11059000;bank_transfer;;WBA4DHDWUAL4HC735
S001443;L0007812;C002934;D002;V028;A0022;06.07.2026;12.07.2026;3737000;cash;;WBAHGCCBWRF6Z1CWZ
S002025;L0010895;C005430;D004;V003;A0044;19.03.2025;13.04.2025;4166000;cash;;WBA4B7DNPV3JK70NT
S000911;L0004770;C001804;D004;V002;A0042;01.07.2025;27.07.2025;3746000;cash;;WBAE6HNKYLDED6EVR
S000777;L0004096;C003204;D007;V025;A0074;19.04.2025;31.05.2025;3007000;financing;;WBAU3AYKF252PDXBX
S002437;L0013181;C001631;D009;V029;A0091;03.12.2025;27.12.2025;3209000;cash;1360000;WBAATJJV5JURDZN2V
S000329;L0001874;C005583;D006;V008;A0063;20.04.2026;01.06.2026;3956000;cash;;WBA8GGGVW4TZ81X5F
S002327;L0012571;C003766;D008;V028;A0083;06.03.2026;14.03.2026;3814000;cash;;WBA2DAWH380GMTA2B
S001343;L0007244;C001756;D005;V034;A0051;23.01.2025;20.02.2025;6100000;bank_transfer;2250000;WBAWUZE5VWGNPPB5S
S000321;L0001833;C000897;D007;V028;A0073;08.11.2025;17.11.2025;3813000;bank_transfer;1260000;WBARWGCGJ00M399AS
S001620;L0008810;C003745;D005;V002;A0054;29.10.2024;03.12.2024;3830000;cash;1780000;WBASJMAZ97DU6X9N4
S001666;L0009060;C004260;D012;V001;A0121;10.11.2025;15.11.2025;3209000;financing;;WBAGW9ZXNZJ9RX2AU
S002540;L0013753;C003778;D002;V008;A0022;23.03.2026;23.04.2026;4066000;financing;780000;WBA5JPN5RWLW1CKFA
S000013;L0000047;C000473;D012;V019;A0124;29.06.2026;05.07.2026;4234000;financing;;WBA3DCNF325AA35XF
S000898;L0004720;C000825;D004;V029;A0044;15.09.2025;17.10.2025;3154000;cash;560000;WBAXHTS343GH1409R
S000172;L0000952;C005928;D006;V029;A0063;15.01.2025;25.02.2025;3300000;financing;;WBAAPVTY9DY0NKSXR
S001674;L0009100;C003679;D002;V011;A0022;25.06.2026;24.07.2026;5890000;cash;;WBA5DZZ265ZBJ09EY
S000261;L0001452;C004658;D004;V032;A0042;28.06.2025;10.08.2025;6027000;financing;;WBAN3MLEP0RTTU3L3
S002166;L0011761;C002115;D003;V021;A0031;04.07.2025;26.07.2025;7066000;cash;;WBANSGNXHAVP52WME
S000690;L0003733;C000847;D001;V005;A0011;21.07.2025;31.07.2025;6706000;financing;;WBA25HMZUUG3HCWYM
S000902;L0004727;C002579;D003;V005;A0032;14.02.2026;23.02.2026;6328000;financing;;WBAGWRAKEA3MC2UBY
S002516;L0013607;C005758;D008;V028;A0083;31.12.2025;11.02.2026;3749000;financing;;WBAPSVHXJDGAD2USW
S000259;L0001437;C000769;D006;V020;A0064;06.01.2026;13.01.2026;6049000;financing;;WBARW41EY7KH249DN
S000845;L0004431;C000843;D002;V026;A0024;27.08.2026;09.10.2026;2784000;bank_transfer;;WBA8TCUMSSA4MR679
S001892;L0010171;C005108;D003;V033;A0031;29.03.2025;03.04.2025;5020000;financing;;WBA9E6DS4L034BGE6
S002550;L0013804;C004750;D004;V030;A0041;12.04.2025;18.04.2025;11451000;bank_transfer;;WBA7A5TE13GDBBBXR
S000139;L0000800;C001103;D002;V033;A0024;22.05.2026;07.06.2026;5112000;financing;;WBA8HBPS29PWEWVS7
S001829;L0009754;C003764;D001;V014;A0014;13.12.2024;16.01.2025;11588000;financing;3570000;WBABW7GRD78XLFB62
S001574;L0008533;C004323;D014;V025;A0144;27.05.2026;14.06.2026;2959000;financing;960000;WBAZKBV4E552MJDR5
S000320;L0001824;C002237;D003;V029;A0031;26.06.2026;30.06.2026;3026000;financing;;WBARBRNLE7G97Y1T0
S000654;L0003518;C003691;D006;V029;A0063;26.05.2026;29.06.2026;3161000;bank_transfer;1560000;WBA12H6VK2Z70RVPM
S002661;L0014478;C002035;D002;V017;A0021;23.04.2026;19.05.2026;4008000;financing;;WBAM1K96W71FZ0EZ5
S000001;L0000004;C001156;D008;V024;A0082;24.04.2026;12.05.2026;2650000;cash;1110000;WBAD790UD4HM094HJ
S000559;L0002960;C000510;D010;V028;A0103;25.08.2026;03.09.2026;3909000;financing;1800000;WBA3W63DT6EW7TLN7
S000140;L0000801;C004165;D002;V017;A0023;30.01.2026;13.03.2026;3931000;cash;1540000;WBAGUG8VENP88VPGM
S000113;L0000639;C004987;D005;V034;A0052;22.12.2025;15.01.2026;5825000;bank_transfer;;WBAHP2R4D0WXD8G45
S000532;L0002845;C005376;D005;V018;A0051;12.07.2025;19.08.2025;4369000;cash;;WBABD58AJ0T8ME0TT
S000225;L0001236;C002597;D011;V002;A0113;20.10.2025;29.10.2025;3668000;cash;;WBA25BP8H5MMSEBBE
S000724;L0003872;C001831;D010;V020;A0102;11.12.2025;05.01.2026;6109000;cash;;WBAD5M9Y9BRJE1Y9G
S002612;L0014171;C004209;D006;V034;A0061;15.06.2026;27.06.2026;5588000;financing;;WBAXH3BLM5VZ31EU4
S002570;L0013925;C004060;D004;V027;A0041;11.08.2026;19.09.2026;3430000;cash;;WBA5C8YJLBFXXBSKJ
S002371;L0012839;C004273;D013;V032;A0133;24.03.2025;30.03.2025;5863000;financing;;WBAXWPX62UWCFTAFV
S001434;L0007748;C003506;D003;V019;A0034;03.02.2026;13.02.2026;4250000;financing;;WBAS6BWVAYCJU86LZ
S000326;L0001862;C004878;D008;V010;A0084;08.07.2026;31.07.2026;4390000;cash;900000;WBA8EK48BJVSDADS2
S002299;L0012445;C003600;D007;V014;A0071;01.11.2024;17.11.2024;11187000;cash;;WBATVBGDHP69BSGH2
S001324;L0007129;C002106;D014;V027;A0142;24.12.2025;24.01.2026;3588000;financing;;WBAG46CP2WGN33HRS
S002231;L0012059;C002866;D001;V025;A0014;23.04.2025;26.04.2025;2965000;financing;;WBABXAEJJTPA49PZ9
S001459;L0007923;C004485;D004;V028;A0043;10.05.2025;11.06.2025;3764000;bank_transfer;;WBAA2JZT8A93XNBBJ
S002720;L0014864;C000559;D007;V012;A0071;22.12.2025;04.02.2026;6698000;financing;;WBAF5KBCFKK5LJ5X7
S002492;L0013481;C000650;D006;V017;A0061;15.12.2025;29.12.2025;4060000;bank_transfer;;WBADV0C3EUCPCHVHD
S000715;L0003827;C002531;D004;V025;A0042;09.06.2026;19.06.2026;2790000;cash;;WBAK8KZCKN6CZLDDC
S000847;L0004439;C002756;D002;V035;A0022;28.07.2026;07.08.2026;7689000;cash;;WBA492XTC8SWS0YWV
S000194;L0001083;C001998;D005;V033;A0051;22.04.2026;01.06.2026;5216000;financing;;WBAT2V5Y7Y8X54H94
S001465;L0007936;C002259;D001;V026;A0014;06.07.2026;06.08.2026;2809000;financing;1340000;WBAYGCJFSSD4AFDDC
S000574;L0003019;C001451;D001;V008;A0014;07.01.2025;07.02.2025;4004000;cash;;WBACD4LHRA134NCTJ
S000947;L0004994;C005560;D010;V010;A0101;26.08.2026;13.09.2026;4159000;financing;;WBA0H4KZJCME5J21Z
S000504;L0002714;C003154;D006;V014;A0061;15.07.2025;07.08.2025;10824000;financing;4770000;WBABW5YBM96BP6769
S001630;L0008862;C001658;D011;V032;A0111;02.01.2026;06.02.2026;6167000;bank_transfer;;WBA3U5T65SESH27YD
S002131;L0011534;C000947;D002;V020;A0024;01.09.2025;23.09.2025;6290000;financing;3050000;WBAUKCG4664J79PVJ
S000118;L0000678;C003919;D001;V026;A0014;18.07.2025;31.08.2025;2702000;financing;;WBACCA680A1RL8219
S000646;L0003468;C005540;D002;V034;A0021;15.08.2025;11.09.2025;5862000;financing;;WBAFSJUP9H239E9UY
S001871;L0010045;C000363;D001;V009;A0013;22.11.2024;06.12.2024;4702000;bank_transfer;;WBAAYGCX2PCJ83G39
S000004;L0000012;C000226;D009;V019;A0091;03.04.2026;20.04.2026;4402000;financing;;WBA7WV606FE4BBU88
S000075;L0000438;C003555;D001;V026;A0014;23.06.2025;02.08.2025;2718000;cash;470000;WBABCRLA8J09CT2VL
S001756;L0009427;C005131;D001;V034;A0014;08.04.2026;18.05.2026;5613000;bank_transfer;;WBAYY5ZA7MECMPM6P
S000468;L0002566;C000435;D001;V028;A0012;06.06.2026;15.07.2026;3732000;financing;1050000;WBAWHJFV6909XZR4W
S001346;L0007254;C005213;D002;V017;A0024;22.04.2025;07.05.2025;4076000;financing;;WBA1WJP1N4US5HGX0
S000006;L0000027;C002728;D007;V019;A0074;04.03.2025;14.03.2025;4173000;cash;2020000;WBAZRYHYD6TGL8JZ7
S001247;L0006634;C004836;D004;V028;A0042;02.04.2026;06.05.2026;3851000;financing;;WBARTJ7SCYJ7D3B3E
S000920;L0004813;C005062;D011;V011;A0113;12.04.2025;07.05.2025;6324000;financing;3020000;WBA0SN2XN9KGUSGBR
S000548;L0002920;C005335;D002;V024;A0022;10.03.2026;18.04.2026;2613000;cash;;WBAC4JJH2XBWS6BWG
S000229;L0001247;C000418;D002;V017;A0022;29.05.2025;20.06.2025;3822000;financing;1670000;WBAREUJCH341XCGW7
S001064;L0005575;C005687;D007;V022;A0073;24.07.2026;11.08.2026;9289000;cash;;WBALBRK3RCDHVC899
S000543;L0002903;C002362;D006;V017;A0061;05.06.2025;13.06.2025;3794000;bank_transfer;;WBAR5MZHYYJA4XY6H
S000243;L0001334;C003040;D003;V024;A0032;13.06.2025;13.07.2025;2597000;financing;;WBAA7B2BB72PDBHE4
S000899;L0004722;C004173;D004;V014;A0044;26.02.2026;16.03.2026;11313000;cash;;WBAN2MEVX55TEADDV
S002100;L0011341;C001939;D002;V017;A0024;09.06.2025;03.07.2025;3930000;cash;;WBAZ5W2Z3L2LC1RHB
S001161;L0006083;C003817;D011;V028;A0113;21.07.2025;03.08.2025;3881000;cash;;WBAMGCDJGT35K44N7
S000823;L0004329;C004213;D009;V034;A0093;16.06.2026;03.07.2026;5792000;financing;;WBAPKUCW6MYTCVGYA
S002298;L0012443;C000572;D007;V024;A0073;19.12.2025;03.01.2026;2558000;financing;900000;WBA2HUY94RFJXRK51
S002320;L0012535;C005148;D010;V001;A0104;19.11.2025;21.12.2025;3222000;financing;;WBAHH9HPM4XKWJL41
S000350;L0001989;C001014;D001;V022;A0012;01.09.2025;16.09.2025;9071000;cash;;WBA464FKLH92T2D7L
S002380;L0012911;C000240;D008;V024;A0081;10.08.2026;18.09.2026;2516000;financing;1280000;WBAPX45N9LNR2Y4R6
S002133;L0011540;C001987;D003;V027;A0031;25.10.2025;17.11.2025;3583000;cash;1190000;WBA8KSYHWZJZNMRZ5
S000843;L0004424;C005113;D003;V010;A0031;07.10.2024;15.11.2024;4517000;financing;;WBAA0D40M4DFT27BU
S001374;L0007440;C001438;D002;V034;A0022;05.04.2025;11.05.2025;5873000;cash;;WBA7MF2KLV1T3TYJV
S002339;L0012645;C003546;D007;V029;A0074;09.12.2024;31.12.2024;3240000;cash;1090000;WBAPP61SLC8W94Z4L
S002115;L0011446;C005673;D004;V024;A0043;22.03.2025;15.04.2025;2568000;cash;;WBAG9S6HWLBAAB87S
S001527;L0008272;C003375;D003;V010;A0032;08.04.2026;15.04.2026;4271000;financing;;WBAD9KC79ZVJ9YWFY
S001606;L0008764;C005997;D002;V022;A0022;18.10.2024;10.11.2024;9229000;financing;;WBAUKGZ4CC091VAG6
S002628;L0014260;C000046;D005;V011;A0053;13.12.2024;13.01.2025;5909000;financing;1650000;WBAJANKGZE5MXE67E
S000277;L0001521;C001266;D004;V027;A0044;13.12.2024;01.01.2025;3561000;cash;;WBA1K9A0W9RK42WC3
S000662;L0003566;C005683;D011;V008;A0113;12.07.2025;25.08.2025;4200000;bank_transfer;;WBAW08KKD2D96HK70
S002356;L0012745;C006086;D003;V003;A0034;02.06.2026;17.06.2026;4580000;bank_transfer;;WBASZYJ58MUBC59D2
S002348;L0012707;C002265;D007;V033;A0073;24.07.2026;28.08.2026;5400000;cash;2340000;WBA6JLRLH696ZGXDJ
S002610;L0014138;C001047;D007;V025;A0074;22.01.2026;03.02.2026;3016000;bank_transfer;;WBAS4RKTBRENEZ1P0
S001765;L0009457;C001764;D007;V029;A0071;07.11.2025;14.11.2025;3069000;financing;1100000;WBAXLY8DBUVW9SPFM
S002164;L0011759;C002220;D003;V032;A0031;25.07.2026;02.08.2026;5779000;financing;;WBAHNYRP4B3X6W8HB
S000315;L0001785;C005721;D009;V017;A0094;30.09.2024;16.10.2024;3893000;financing;;WBAP294Y24CVT51AX
S001976;L0010673;C004325;D003;V004;A0031;11.06.2025;18.06.2025;4793000;cash;;WBAS7FJF379HVZ921
S001467;L0007950;C002873;D001;V027;A0012;27.03.2025;24.04.2025;3375000;bank_transfer;710000;WBADEJULURGE2X2E1
S001762;L0009449;C001430;D004;V017;A0042;09.03.2026;23.03.2026;3864000;cash;;WBA1A00BSDTUXX3NJ
S001344;L0007250;C002173;D005;V028;A0051;07.07.2026;19.07.2026;3841000;financing;;WBAY1TNRKUB64UVL4
S001306;L0007045;C002358;D007;V026;A0074;19.08.2026;08.09.2026;2736000;cash;;WBASTVRAE2VUPLDTV
S000692;L0003748;C002866;D003;V023;A0034;20.03.2026;20.04.2026;15237000;bank_transfer;;WBAN8CVNVTM859MYV
S001542;L0008348;C004610;D006;V006;A0064;12.01.2026;25.02.2026;7284000;financing;;WBAAT3LW84EUJLBW3
S000613;L0003254;C000266;D006;V016;A0063;21.04.2026;07.05.2026;4790000;financing;;WBAGCBPS93UPR00SU
S000425;L0002372;C006127;D004;V001;A0044;03.11.2025;18.11.2025;3235000;financing;;WBA0643FTY6A991BT
S001578;L0008574;C002763;D009;V026;A0092;19.12.2025;18.01.2026;2601000;financing;;WBAMEU995XXB63HPP
S000595;L0003107;C005797;D010;V021;A0102;24.06.2026;27.06.2026;7262000;financing;;WBAAU3T8LSHVAT6C6
S001263;L0006707;C000591;D001;V012;A0013;26.05.2026;18.06.2026;6796000;financing;;WBARGZZ03B5C4ATKW
S001393;L0007545;C005220;D004;V009;A0043;18.03.2026;04.04.2026;4889000;bank_transfer;;WBAL53YLYTAL3VTAM
S002545;L0013768;C001097;D008;V026;A0081;16.02.2026;07.03.2026;2727000;financing;;WBATVX0B2H9VY3MX9
S002479;L0013419;C000437;D009;V029;A0094;30.03.2026;02.05.2026;3127000;cash;;WBA0SSLCHK7JGZRWH
S000623;L0003320;C006139;D004;V020;A0044;04.07.2026;11.08.2026;6146000;financing;2340000;WBAPUYYFUG5XXUW7K
S000034;L0000168;C005887;D003;V028;A0034;27.03.2026;01.04.2026;3768000;bank_transfer;;WBAL7V0A28PT9E6HW
S001494;L0008101;C003125;D003;V017;A0031;14.08.2026;23.09.2026;3916000;financing;;WBA9PRW7WXEVVPKU8
S001998;L0010780;C003238;D002;V017;A0023;05.05.2025;17.05.2025;3843000;financing;;WBAW3XMVY61HEV6GB
S000228;L0001246;C002435;D007;V035;A0073;22.08.2026;29.08.2026;7795000;cash;3730000;WBA6F1N3HV3WRZMGR
S000111;L0000637;C002745;D014;V025;A0141;01.10.2025;05.10.2025;2903000;bank_transfer;1010000;WBAFT2KXRJL8D042U
S001170;L0006131;C002443;D004;V028;A0043;16.03.2026;28.03.2026;3878000;cash;;WBAV6JSNHLMXT2X1W
S000109;L0000632;C000377;D001;V004;A0013;13.01.2025;02.02.2025;4962000;financing;;WBA3DNJ8XY47SFAFW
S000233;L0001265;C005179;D004;V001;A0044;16.05.2026;29.05.2026;3315000;cash;;WBAKDLJWYPE58PAFP
S000067;L0000380;C000230;D008;V026;A0081;07.07.2025;28.07.2025;2883000;financing;;WBAH06M9BJVDL4AF6
S001418;L0007692;C000240;D008;V018;A0084;23.03.2026;17.04.2026;4496000;cash;;WBAX6DTU2H1GAT51N
S002498;L0013507;C001084;D011;V017;A0113;16.09.2024;06.10.2024;4027000;financing;;WBAG0YKAMN2V99WFZ
S000025;L0000125;C002325;D001;V011;A0014;28.07.2025;27.08.2025;6146000;cash;;WBAN07SMJCENVNC3J
S001236;L0006580;C000182;D001;V018;A0014;27.12.2025;11.01.2026;4700000;financing;;WBAXEGKHVN1S6X0C4
S002296;L0012441;C000175;D005;V019;A0051;15.06.2026;06.07.2026;4068000;cash;;WBALKXV8AZG4DJRU1
S000145;L0000816;C000458;D001;V013;A0013;23.12.2024;05.01.2025;10711000;financing;;WBAZSL2X2X9Z59CZ8
S000537;L0002883;C000897;D012;V024;A0121;03.11.2025;28.11.2025;2561000;financing;;WBAL36F1RPAUXBA8R
S000812;L0004269;C002480;D010;V018;A0104;10.03.2025;14.04.2025;4387000;bank_transfer;;WBAWTZUS0CV079ZV4
S000126;L0000731;C002983;D004;V024;A0043;04.08.2026;07.09.2026;2513000;financing;;WBAJFM13VDW1HSF2F
S001498;L0008111;C001191;D002;V026;A0021;12.12.2024;18.01.2025;2784000;cash;;WBAM43AJVS2L70B1T
S000086;L0000472;C005217;D001;V025;A0013;15.04.2026;20.04.2026;2839000;bank_transfer;;WBA68P9N85BHPFV3M
S001255;L0006675;C000570;D010;V002;A0102;16.04.2026;30.04.2026;3881000;financing;;WBAACD8LB6231PFLZ
S002292;L0012405;C000467;D003;V013;A0032;15.08.2026;20.08.2026;10467000;financing;;WBAD4ZLKCYGB4HWUK
S001977;L0010677;C000482;D005;V019;A0054;25.10.2025;22.11.2025;4232000;financing;;WBA29KB5HGLLCM96Z
S002270;L0012278;C001593;D007;V027;A0074;07.08.2026;13.09.2026;3500000;cash;;WBABG5MXXL91MTGD5
S002141;L0011610;C001473;D003;V019;A0033;04.03.2026;12.03.2026;4354000;cash;;WBAEAV66LA21VGTWM
S002137;L0011589;C001427;D002;V004;A0023;07.07.2025;30.07.2025;4890000;cash;;WBA0MYNH8PFSSM3B7
S000485;L0002640;C005690;D008;V034;A0084;05.12.2024;17.12.2024;5939000;bank_transfer;;WBAJ5RHJYSUC9UJKG
S001655;L0008992;C004559;D001;V028;A0012;30.10.2025;28.11.2025;3901000;financing;;WBA7YLY1AN96AZ4ZP
S002009;L0010828;C005884;D001;V019;A0013;29.04.2025;09.05.2025;4372000;financing;;WBAKYAZEWZPAPEAR6
S002468;L0013345;C004699;D008;V019;A0082;15.09.2025;20.10.2025;4256000;financing;;WBAJ6FZNT4GDW96PD
S002642;L0014344;C003826;D006;V029;A0062;15.06.2026;19.07.2026;3207000;financing;1150000;WBA09WYX9NFF7YBJW
S002091;L0011292;C005639;D002;V018;A0023;13.12.2024;16.12.2024;4518000;financing;;WBAA07M5AKFYH6EWR
S000739;L0003932;C004905;D012;V028;A0123;10.12.2024;19.01.2025;3817000;cash;1930000;WBAZC4DAD6SW1H8XM
S000806;L0004234;C002856;D003;V018;A0032;15.05.2025;22.06.2025;4691000;cash;;WBADHNGML25H17HMD
S002428;L0013145;C001798;D008;V012;A0084;03.12.2025;18.12.2025;6941000;financing;;WBAM0VCLFMRWEHT9K
S002724;L0014889;C002170;D001;V018;A0014;01.11.2025;21.11.2025;4535000;cash;;WBAN5KP1KY8U31P7Y
S002029;L0010927;C003992;D002;V024;A0021;17.06.2026;24.07.2026;2533000;cash;1240000;WBACUWCNSGU1MC3J1
S002216;L0011998;C005650;D005;V025;A0054;23.07.2026;01.08.2026;2977000;financing;;WBA67MSLFM1U7AC3H
S001775;L0009495;C001695;D001;V029;A0014;26.08.2026;28.09.2026;3061000;cash;;WBAXZLVA1GJW06PLC
S000363;L0002034;C000208;D003;V004;A0031;24.01.2026;27.02.2026;4799000;financing;;WBAT9XHPHFKJ228L4
S000750;L0003971;C000432;D005;V003;A0054;29.01.2026;09.03.2026;4533000;financing;;WBA2T94RUZNWP9TU4
S000919;L0004812;C001939;D007;V011;A0073;09.01.2026;19.02.2026;5945000;bank_transfer;;WBAH7YL9PDM1WZSG5
S001647;L0008958;C003772;D008;V029;A0081;16.01.2025;13.02.2025;3262000;cash;;WBALS8L13J8HJW270
S001027;L0005438;C000920;D008;V027;A0081;03.01.2025;01.02.2025;3534000;financing;970000;WBA71BVGEUSZ77LJX
S001031;L0005463;C005003;D001;V008;A0011;07.07.2025;19.07.2025;3928000;financing;;WBACV58Y0VDF6FZYX
S000883;L0004595;C003987;D007;V018;A0073;17.11.2025;30.12.2025;4404000;cash;1730000;WBAW82WUNPT2C3FYM
S001336;L0007184;C000729;D001;V015;A0014;08.11.2025;19.12.2025;16427000;cash;;WBAHGY9V0B6UDV0KE
S002285;L0012371;C002389;D001;V027;A0011;03.12.2025;20.12.2025;3472000;cash;1530000;WBAHXM9THU9JR9UZN
S002051;L0011059;C001265;D005;V029;A0051;06.11.2024;27.11.2024;3113000;financing;;WBAURKJAMD7RGUTMX
S000666;L0003581;C005958;D005;V026;A0051;22.08.2025;19.09.2025;2712000;financing;;WBADNDVRND39W4ANH
S000365;L0002048;C005415;D006;V024;A0064;01.09.2025;07.10.2025;2519000;cash;;WBATNKUKP3RYZX7CS
S002438;L0013186;C002097;D002;V020;A0022;26.05.2025;20.06.2025;6598000;bank_transfer;2130000;WBAC8DT5CD1DLWKXF
S001240;L0006604;C003885;D003;V025;A0033;10.11.2025;05.12.2025;2866000;cash;1050000;WBAKCEUSP63F7J0E8
S000078;L0000441;C002703;D004;V019;A0044;07.10.2024;03.11.2024;4177000;financing;;WBAN968K7ULB370NR
S002701;L0014726;C002861;D008;V012;A0084;15.12.2025;01.01.2026;6446000;financing;1150000;WBATURASBVGUFN8DC
S000028;L0000139;C004840;D002;V031;A0024;01.05.2026;16.05.2026;10360000;bank_transfer;;WBA0CD3FES20F7JA5
S000474;L0002587;C000875;D005;V005;A0052;21.10.2024;04.12.2024;6640000;financing;;WBA30Y295N4R142T2
S000526;L0002827;C001268;D001;V019;A0012;10.01.2026;01.02.2026;4466000;cash;;WBAZ25K955Z9KFMFW
S000726;L0003877;C000842;D009;V027;A0094;28.10.2024;02.11.2024;3490000;cash;;WBADAJB7TSKAG4WJ8
S000056;L0000333;C003559;D001;V006;A0014;03.01.2026;15.01.2026;7158000;bank_transfer;;WBA1TFNJAL5W8T0D6
S000639;L0003432;C003577;D001;V001;A0014;11.08.2026;08.09.2026;3332000;cash;;WBALYK68FC195WKWV
S000303;L0001717;C001095;D004;V011;A0041;01.06.2026;04.06.2026;6006000;financing;;WBAFX2EMG7BE8YPGA
S002408;L0013055;C002043;D002;V018;A0022;08.12.2025;13.01.2026;4700000;financing;1550000;WBAMMTSG8Y9B58X10
S001277;L0006807;C002707;D011;V024;A0112;16.09.2025;06.10.2025;2514000;cash;;WBA8T9MUCPTLE0NDW
S002432;L0013172;C000826;D002;V025;A0023;02.01.2025;20.01.2025;2888000;cash;;WBAL3HU87URW32W4J
S000625;L0003332;C000999;D001;V002;A0013;25.06.2026;03.08.2026;3734000;cash;;WBAMBL4NURV328ZY2
S002056;L0011090;C001155;D006;V010;A0064;27.04.2026;02.06.2026;4165000;financing;;WBA0EP75H61N1GRZ3
S001281;L0006874;C005497;D005;V001;A0054;14.10.2024;03.11.2024;3236000;cash;;WBAGDMX7CF0NL4YTT
S001050;L0005519;C004945;D011;V002;A0112;25.07.2025;05.08.2025;3682000;financing;;WBA283LR68FCWULHN
S000337;L0001913;C000821;D003;V031;A0034;19.03.2025;15.04.2025;10389000;financing;;WBA2DH0F2NAU0A573
S000048;L0000303;C003806;D009;V028;A0094;16.05.2026;25.05.2026;4000000;financing;;WBATUNEX7T0F4LWT1
S000107;L0000615;C005618;D004;V018;A0043;03.09.2025;13.09.2025;4492000;financing;1390000;WBA6FKK72K16Z0WRV
S001080;L0005632;C000604;D005;V026;A0053;20.08.2026;24.08.2026;2742000;financing;;WBAZE3W7WBRATGX4C
S001145;L0006005;C003325;D002;V012;A0021;25.03.2025;19.04.2025;6824000;bank_transfer;;WBAEZJDCPG6XZ0MP4
S001837;L0009827;C002648;D003;V003;A0032;22.08.2026;01.09.2026;4463000;financing;2170000;WBAT2JV9SFMMKTAN0
S001754;L0009414;C005517;D004;V001;A0044;21.03.2026;06.04.2026;3273000;financing;1400000;WBA0RW34RR9K5XPJN
S001102;L0005758;C000931;D001;V034;A0011;27.04.2026;15.05.2026;5669000;financing;;WBAPWUU6VZ54Z5AR4
S001969;L0010637;C002066;D007;V011;A0072;12.05.2025;16.06.2025;5822000;cash;;WBAZLRJ6NFJXPJY2W
S000524;L0002817;C000440;D011;V034;A0112;15.11.2025;23.12.2025;5735000;financing;;WBAHVZ72J0EKLEJWF
S001429;L0007738;C003528;D004;V002;A0043;30.12.2025;02.01.2026;3630000;cash;1230000;WBADM8SSY86TE1DRX
S002407;L0013050;C001414;D001;V017;A0011;01.09.2025;06.09.2025;3941000;cash;;WBA01A3RC017CZXF0
S000604;L0003162;C005956;D001;V008;A0012;29.10.2024;11.12.2024;3965000;cash;;WBAB7VDBWJHBSH1ZM
S001490;L0008083;C003549;D006;V016;A0064;07.01.2026;02.02.2026;4972000;cash;;WBAECB8YVLUXZS6TL
S002163;L0011756;C004344;D002;V026;A0023;07.08.2026;25.08.2026;2823000;financing;;WBAGZV2MVNAMF18MA
S000061;L0000353;C005706;D008;V034;A0082;02.07.2026;12.07.2026;5772000;cash;2090000;WBA8J4E3SABBD2EG3
S002539;L0013750;C004181;D004;V001;A0042;15.12.2025;22.01.2026;3352000;cash;;WBAN6L7RX9ETW1D5K
S000672;L0003614;C003470;D003;V018;A0034;28.04.2025;05.06.2025;4436000;financing;1880000;WBAU8VEH0ZX3K3ZKL
S000093;L0000515;C005074;D004;V025;A0044;13.02.2025;20.02.2025;2981000;financing;;WBABT0WMHEFWMAM3J
S000667;L0003587;C002855;D006;V020;A0062;21.10.2025;26.11.2025;6600000;financing;;WBAGJ5U3RY3CNJ5X9
S001888;L0010149;C002912;D011;V028;A0114;08.09.2025;18.09.2025;3894000;bank_transfer;;WBA2UMHVM752Z388T
S000281;L0001564;C001823;D001;V033;A0014;16.07.2025;28.08.2025;5141000;financing;;WBAAV8E0KYR81H552
S001720;L0009274;C003412;D011;V008;A0112;16.10.2024;08.11.2024;4100000;bank_transfer;;WBA99W9082A7FMNUW
S000360;L0002024;C002060;D001;V024;A0012;23.04.2026;05.05.2026;2576000;financing;;WBAVEBSPNWY8TJBCC
S000900;L0004723;C005501;D007;V024;A0073;18.10.2025;29.10.2025;2475000;financing;870000;WBA6CEEW0AZB202NJ
S001936;L0010406;C002455;D001;V017;A0014;08.07.2026;26.07.2026;3975000;bank_transfer;620000;WBAH19CN2H4VU62D9
S001995;L0010766;C000931;D003;V024;A0031;24.06.2026;08.07.2026;2479000;financing;1160000;WBAVH22V6JCR1AG9D
S000761;L0004025;C003276;D001;V018;A0012;03.02.2026;09.02.2026;4335000;bank_transfer;;WBAW6GJKVMEXV3YT4
S002421;L0013102;C004795;D001;V032;A0012;02.05.2025;10.05.2025;6128000;cash;;WBALM2XRD11J0BNMD
S000043;L0000267;C000418;D001;V009;A0013;08.04.2026;07.05.2026;4773000;financing;1050000;WBA0RJ3PWV8PX35Y4
S000205;L0001144;C002328;D012;V027;A0124;11.05.2026;29.05.2026;3457000;financing;730000;WBALHBH63WU12XYRY
S001474;L0007983;C004657;D006;V016;A0061;13.10.2025;20.11.2025;4973000;bank_transfer;;WBA30KUFPC4AMRJ0A
S000069;L0000385;C001190;D007;V026;A0071;22.07.2026;05.08.2026;2722000;financing;;WBAZ5LW93BEEWF429
S001876;L0010078;C000193;D006;V033;A0063;23.07.2026;26.07.2026;5184000;financing;;WBAYT26E3T9VVMVGP
S002191;L0011869;C004450;D003;V018;A0033;25.12.2025;23.01.2026;4376000;financing;;WBAGN5USFDTBWG2TU
S000138;L0000787;C001651;D008;V033;A0083;23.04.2026;25.05.2026;5023000;bank_transfer;;WBATLGRBS79PKRBBX
S000797;L0004198;C005858;D003;V019;A0033;13.08.2025;07.09.2025;4262000;bank_transfer;1470000;WBA0UZ1SBDKAYJ0JL
S000759;L0004018;C001249;D003;V008;A0032;01.07.2025;21.07.2025;3990000;cash;;WBAZPA1Z4MTTTHT9D
S000542;L0002901;C003574;D003;V001;A0034;07.04.2025;02.05.2025;3232000;bank_transfer;;WBARXLPK7FBWRL6TP
S001020;L0005409;C005239;D001;V026;A0014;25.06.2026;30.07.2026;2829000;bank_transfer;;WBAXPH93FXEJ0MTNY
S002109;L0011408;C005626;D001;V019;A0012;22.06.2026;01.07.2026;4360000;bank_transfer;1610000;WBAJTH0KLEKRGX22G
S000166;L0000937;C002646;D014;V027;A0144;08.03.2025;28.03.2025;3589000;financing;1550000;WBAE5KBL5WGFNEA81
S000249;L0001391;C000980;D010;V001;A0102;10.10.2025;28.10.2025;3258000;cash;;WBA4SV281XC85AZVE
S001332;L0007176;C004208;D004;V024;A0041;10.08.2026;27.08.2026;2581000;financing;;WBA707JEHJ90WV13J
S002018;L0010862;C003908;D006;V029;A0061;25.11.2025;26.12.2025;3161000;cash;;WBANGM5MMU552LVKX
S000447;L0002453;C003425;D004;V019;A0044;26.05.2025;06.07.2025;4313000;financing;;WBA1X721TXUBMBLER
S001359;L0007328;C005642;D008;V026;A0084;23.10.2025;30.10.2025;2720000;cash;;WBAW042MGKTP4H4FE
S001330;L0007171;C004008;D007;V001;A0074;18.05.2026;09.06.2026;3141000;financing;;WBA39SLYYJT8LTU3J
S002684;L0014583;C001160;D002;V034;A0024;27.03.2025;01.04.2025;5632000;cash;;WBAKJVJ45SMY5BRHX
S000435;L0002398;C000236;D007;V017;A0073;03.06.2026;17.06.2026;4032000;cash;;WBAMXBXACJ28MUABB
S000578;L0003032;C004751;D003;V026;A0032;16.12.2025;07.01.2026;2736000;cash;;WBA1ZYS7AN7R73H83
S002203;L0011925;C005740;D004;V017;A0041;11.02.2025;14.02.2025;3669000;financing;;WBA392XY6AA8S98UD
S002531;L0013692;C001578;D002;V026;A0024;25.06.2026;23.07.2026;2738000;bank_transfer;;WBAHGARBTW2ABVDHT
S001849;L0009897;C000390;D014;V017;A0144;02.12.2025;22.12.2025;3846000;financing;;WBA3FGA1ZN0SPT33X
S000763;L0004033;C001054;D002;V008;A0021;08.04.2026;19.05.2026;4043000;financing;;WBA6HB3TUW4CHFUM5
S000389;L0002170;C003379;D013;V008;A0134;13.10.2025;22.10.2025;4035000;financing;650000;WBABH5E0L2R9TWUF1
S000236;L0001281;C001220;D002;V019;A0023;26.04.2025;03.06.2025;4199000;cash;;WBAWS1GV4EHSG12RZ
S002405;L0013042;C003425;D003;V024;A0033;12.08.2026;03.09.2026;2558000;cash;;WBA50ZEEU92D06XEH
S001985;L0010722;C005122;D006;V029;A0061;19.09.2025;21.10.2025;3273000;cash;;WBAZ4UN5HV3L4ZZ1Z
S000268;L0001488;C000789;D006;V025;A0063;18.07.2025;20.08.2025;2899000;financing;710000;WBALAFJSD07Z96CRS
S000771;L0004056;C001157;D003;V007;A0032;26.03.2026;19.04.2026;13395000;cash;;WBAGMJTB7F7MHGWNH
S000438;L0002411;C000077;D001;V003;A0011;22.08.2025;29.09.2025;4397000;financing;;WBA7RBJ5MV5SP4VLR
S000674;L0003617;C001354;D004;V005;A0041;21.09.2024;31.10.2024;6517000;financing;;WBA4APSYZBXZVHX0J
S000250;L0001396;C005012;D011;V026;A0112;26.11.2025;13.12.2025;2720000;financing;;WBA0PKSCX9HAGJDXX
S001575;L0008543;C005705;D005;V028;A0053;22.08.2026;28.09.2026;3717000;financing;1250000;WBA5ZXUK8DCBX73L8
S002082;L0011243;C002303;D002;V024;A0021;15.05.2026;02.06.2026;2550000;cash;;WBAWXCM8Y6Y1WZ68E
S002417;L0013086;C005904;D004;V024;A0041;10.12.2024;17.01.2025;2499000;cash;;WBAA40E5U24MN7E4Y
S002424;L0013110;C003845;D003;V009;A0031;27.11.2024;12.12.2024;4726000;financing;;WBAM0RDNLK8CB6YAF
S002529;L0013681;C005894;D009;V014;A0091;07.06.2025;25.06.2025;11668000;financing;;WBA8DSZUYTB8KEAKZ
S000449;L0002462;C000091;D003;V001;A0033;03.01.2026;14.01.2026;3286000;cash;;WBAZBW33ZX2W49UCZ
S001470;L0007961;C004972;D002;V010;A0023;30.01.2026;18.02.2026;4380000;financing;1460000;WBAL38ES4ZS2D307U
S000717;L0003835;C004942;D005;V029;A0052;19.01.2026;25.01.2026;3277000;financing;690000;WBA9KMLZGBNF4K68S
S002209;L0011954;C005915;D006;V029;A0063;07.12.2024;03.01.2025;3067000;financing;;WBAH98GS7LXP3FBBN
S002414;L0013079;C003049;D008;V029;A0083;17.07.2026;21.07.2026;3209000;cash;1600000;WBAHL7SACXGHEDR1W
S002049;L0011052;C001984;D009;V027;A0092;30.08.2025;09.09.2025;3522000;cash;;WBA7YRT367B13E87L
S001902;L0010234;C004979;D003;V010;A0033;09.07.2026;27.07.2026;4406000;cash;;WBALZG25LTAP3TPYB
S001169;L0006123;C005233;D003;V015;A0031;06.06.2025;03.07.2025;16364000;bank_transfer;;WBAKKR79ZHP1DMKBU
S000083;L0000465;C004990;D009;V018;A0092;29.12.2025;09.01.2026;4288000;financing;;WBAF1FBVXUX4HYFJK
S002234;L0012076;C005504;D004;V028;A0043;13.06.2025;01.07.2025;3854000;cash;;WBAVEPU2RSN4PP2SB
S001461;L0007927;C001035;D001;V020;A0013;13.05.2025;20.06.2025;6435000;financing;;WBA9P35YHEUR7TP8V
S001894;L0010178;C001877;D014;V027;A0144;30.05.2026;07.07.2026;3626000;financing;;WBA8VD6VS6RS4BL9S
S001669;L0009080;C000796;D002;V023;A0021;14.04.2026;23.05.2026;15358000;cash;;WBAE7Y53Y934YVEK1
S002001;L0010789;C000467;D001;V016;A0014;21.10.2025;02.12.2025;5155000;financing;;WBA4EWWFSMVEM4CHX
S000476;L0002596;C001695;D003;V032;A0034;12.05.2025;10.06.2025;5830000;cash;;WBA2J3T24F50TTP52
S000518;L0002771;C002280;D004;V025;A0042;06.06.2026;30.06.2026;2857000;bank_transfer;;WBA1JJ4WFG7UP149T
S000405;L0002248;C001386;D001;V002;A0014;17.01.2026;21.01.2026;3632000;cash;1880000;WBA0MKW0BCGWWXWDK
S000385;L0002153;C006081;D014;V026;A0143;09.02.2026;15.02.2026;2866000;financing;1200000;WBAJEVUGUGYM53ZWK
S002243;L0012125;C002236;D010;V032;A0102;13.06.2025;22.07.2025;5955000;financing;;WBA2CRKFK915TRMRS
S001634;L0008878;C005944;D012;V027;A0123;20.10.2025;15.11.2025;3366000;financing;1480000;WBANN0X49WND6ADCM
S002640;L0014340;C001563;D005;V020;A0052;11.11.2025;27.11.2025;6098000;cash;;WBAXXUAEPPBH5PU36
S000689;L0003731;C005437;D008;V010;A0081;06.08.2025;06.09.2025;4310000;financing;;WBA77M8NN6XUU4E9W
S001241;L0006619;C003036;D001;V028;A0013;08.07.2025;15.07.2025;4000000;financing;1880000;WBAVC1PBU6AU9GMVN
S000063;L0000365;C002908;D004;V031;A0043;13.03.2025;19.04.2025;10280000;cash;;WBATVJ42RGZUWKVDX
S000853;L0004474;C003993;D010;V018;A0102;07.11.2025;17.11.2025;4492000;bank_transfer;;WBAFEXWYNSLEXVHDS
S002541;L0013757;C005880;D003;V026;A0031;23.12.2025;06.01.2026;2849000;cash;;WBA7AJM4RTT1MAM6X
S001263;L0006707;C000591;D001;V012;A0013;26.05.2026;18.06.2026;6796000;financing;;WBARGZZ03B5C4ATKW
S000224;L0001235;C003328;D014;V028;A0141;13.12.2024;05.01.2025;3857000;cash;;WBAWBAL0J3G4H2UYD
S000374;L0002088;C002869;D007;V024;A0073;01.04.2026;26.04.2026;2546000;financing;;WBAA16B650W01UEGZ
S001825;L0009730;C002410;D004;V016;A0042;22.08.2025;02.09.2025;5104000;bank_transfer;;WBA4CBARYMPT7TM81
S002341;L0012657;C000794;D003;V001;A0034;19.06.2025;15.07.2025;3360000;cash;;WBAYWKTKVJRK7AE7C
S002648;L0014397;C004534;D003;V032;A0034;02.01.2026;03.02.2026;5844000;bank_transfer;;WBAJCX9Z42XPX2TH0
S002398;L0013012;C002976;D007;V024;A0074;07.05.2026;16.05.2026;2453000;financing;;WBAM2TGRFDY3W68PL
S002476;L0013403;C005036;D014;V017;A0141;10.06.2026;14.06.2026;3930000;financing;1810000;WBA0ZHM6ZHGSM97N6
S000010;L0000037;C003144;D004;V013;A0041;11.06.2025;18.07.2025;10388000;financing;;WBAP2GPS5E7L7X15Z
S001945;L0010456;C003232;D009;V027;A0094;27.01.2026;24.02.2026;3507000;financing;;WBAFZYKMKU652PGGK
S001839;L0009836;C001588;D007;V011;A0073;09.07.2025;31.07.2025;6086000;financing;;WBAHG126SA5GBZRFR
S000709;L0003804;C002569;D013;V024;A0131;05.02.2026;21.02.2026;2591000;financing;;WBAM0VS8A1CC32W00
S000256;L0001415;C002989;D011;V026;A0111;25.11.2025;20.12.2025;2868000;cash;;WBA9LGDRV5V5DPPE4
S001618;L0008803;C003268;D007;V002;A0074;15.08.2026;24.09.2026;3732000;cash;1930000;WBACX6TF68EL7FAF7
S000390;L0002171;C002925;D007;V013;A0071;26.09.2025;20.10.2025;10181000;cash;4480000;WBA3YWZ3P4LK1N6SV
S001582;L0008628;C004557;D002;V026;A0022;05.08.2026;07.09.2026;2663000;cash;;WBAURL8A2BRXV9KEY
S000925;L0004830;C003737;D007;V002;A0072;20.09.2025;03.11.2025;3683000;cash;880000;WBA02YX0J1RZHZZ08
S002037;L0010970;C005576;D001;V025;A0012;18.07.2025;12.08.2025;2982000;cash;;WBABNHDZWEXDZ37V3
S002214;L0011984;C002479;D007;V028;A0072;14.08.2026;01.09.2026;3900000;bank_transfer;640000;WBASJR7H37WX4PD76
S001225;L0006526;C000291;D002;V008;A0022;30.03.2026;04.04.2026;3992000;financing;;WBA263BB6EMZPG0JG
S001947;L0010461;C003231;D002;V004;A0021;24.11.2025;15.12.2025;4725000;financing;2160000;WBAE2PTDPE17T0C8G
S000740;L0003933;C004721;D003;V019;A0034;10.10.2024;19.11.2024;4398000;cash;680000;WBAFLJFZKK7DCV889
S000041;L0000241;C003153;D009;V025;A0093;10.08.2026;13.08.2026;2901000;bank_transfer;;WBAPZ0UYZLKA61E04
S000869;L0004542;C003688;D002;V009;A0023;14.06.2025;21.07.2025;4806000;financing;1940000;WBA2DK9PDLFTVL7DP
S000540;L0002892;C001282;D003;V004;A0034;09.06.2025;30.06.2025;4738000;cash;;WBA4W4B0BTR5MBL9L
S002317;L0012518;C005992;D003;V026;A0031;03.03.2025;06.03.2025;2763000;cash;560000;WBA1PB503SN7P793R
S001372;L0007417;C005848;D009;V034;A0092;08.01.2025;14.02.2025;5680000;bank_transfer;;WBALYX0WCLNLB35JV
S001146;L0006006;C002875;D007;V006;A0074;24.09.2024;06.11.2024;7139000;cash;;WBAN1NGCAVYW6UZXR
S001032;L0005467;C002385;D003;V008;A0032;15.08.2026;04.09.2026;4024000;cash;;WBA53SBEEDUWE21GA
S000373;L0002076;C002565;D007;V022;A0073;12.04.2025;22.05.2025;9278000;financing;;WBAYF2S3A7YPNN0XS
S000668;L0003598;C002984;D008;V019;A0082;02.06.2026;14.06.2026;4413000;financing;1260000;WBASL2D793HDCP0H5
S000358;L0002019;C002072;D005;V034;A0053;16.01.2025;19.02.2025;5738000;financing;;WBAM5CLDN8CU5SV76
S000968;L0005105;C002277;D001;V026;A0012;07.05.2026;17.05.2026;2769000;cash;;WBADF2NENXH09AD5Z
S001354;L0007293;C001068;D003;V033;A0031;07.11.2025;27.11.2025;5268000;financing;;WBAKJVN97UMUY1J8X
S001036;L0005482;C001119;D009;V017;A0094;10.09.2025;19.10.2025;3983000;financing;1460000;WBAC934LVT052DFJZ
S000471;L0002581;C001761;D008;V035;A0082;15.10.2025;21.11.2025;7484000;cash;3080000;WBAVT6NA05LLU9LUX
S001397;L0007564;C002110;D007;V027;A0072;25.12.2025;03.02.2026;3490000;cash;;WBA4VUHB28ME3WXEU
S002420;L0013098;C000768;D001;V008;A0013;24.03.2025;02.05.2025;3721000;financing;;WBAYJ4B6AHHPHTSNJ
S001550;L0008374;C003513;D010;V032;A0101;31.07.2026;19.08.2026;5896000;financing;;WBATMPLR7KR5KLLEA
S001257;L0006679;C002972;D001;V033;A0013;17.05.2025;21.06.2025;4914000;bank_transfer;;WBAZYL6R54T97TPLG
S002095;L0011306;C003556;D005;V002;A0054;14.11.2025;19.11.2025;3703000;bank_transfer;;WBA1YZSAXU02N75YW
S001556;L0008409;C004583;D002;V035;A0021;16.01.2026;17.02.2026;7674000;cash;;WBAZKEF067A8Y8RMP
S002390;L0012957;C001599;D006;V002;A0064;22.06.2026;01.07.2026;3854000;financing;;WBAKBR4EBEGS9L9KV
S001251;L0006647;C004206;D002;V019;A0023;13.05.2025;31.05.2025;4373000;financing;;WBAHY1GHG2B4XFYDV
S001700;L0009205;C003024;D009;V008;A0093;28.04.2026;14.05.2026;3955000;financing;1500000;WBA0JB81U3M7NKJTR
S001253;L0006660;C005815;D005;V034;A0051;13.12.2024;07.02.2026;5754000;financing;;WBA7XBRE8YZX5RWD8
S002677;L0014535;C001082;D003;V007;A0032;07.03.2026;19.03.2026;13966000;cash;;WBAAKUY551GU5HPJ1
S000080;L0000447;C001975;D005;V020;A0054;28.05.2026;11.07.2026;6283000;cash;2390000;WBA0WNAH1CAN8X92A
S001173;L0006148;C005785;D001;V018;A0013;27.05.2026;05.07.2026;4422000;financing;1410000;WBAETB75RCB1V0PGC
S000815;L0004285;C001020;D013;V001;A0133;06.08.2026;15.08.2026;3373000;cash;;WBAKWPA1N9ND6TFKH
S001853;L0009934;C002929;D011;V018;A0111;14.10.2024;30.10.2024;4254000;financing;;WBAZNAW9GEJGDG2RU
S002426;L0013123;C006056;D001;V001;A0012;01.09.2025;09.10.2025;3288000;financing;;WBALTW11EBS201RFA
S002106;L0011393;C003372;D010;V018;A0104;07.05.2026;07.06.2026;4399000;bank_transfer;;WBAXUZLGFE6Y08T9D
S000134;L0000767;C003427;D008;V017;A0083;29.12.2025;11.01.2026;3889000;financing;1950000;WBA2NH4EVBZFU1JY9
S001141;L0005987;C003877;D003;V019;A0031;12.07.2025;21.07.2025;4373000;cash;;WBA2YMRKCDZVJMJ7P
S000934;L0004877;C002882;D010;V028;A0103;11.06.2025;14.07.2025;3954000;cash;;WBA8TNZWZT4V7KX9X
S000929;L0004840;C004906;D009;V027;A0091;14.01.2025;23.02.2025;3636000;bank_transfer;1130000;WBANM5C5Z2N78VC5G
S000824;L0004334;C003860;D007;V013;A0074;24.03.2025;14.04.2025;10538000;financing;4970000;WBA32DNPX9D3PLUG7
S001532;L0008283;C001338;D003;V027;A0034;09.09.2025;30.09.2025;3578000;financing;;WBAWLEXLGGPAYHX3W
S001215;L0006443;C002869;D007;V017;A0072;04.03.2026;23.03.2026;3810000;financing;;WBA2NU21RWZDR0NH8
S000505;L0002715;C004314;D011;V009;A0111;23.04.2026;13.05.2026;4900000;bank_transfer;;WBAJ9GFEXJ6JZHDS6
S002732;L0014966;C001556;D013;V035;A0133;13.08.2026;22.08.2026;7382000;financing;;WBAAPR4JTSWK43VU5
S001997;L0010776;C005376;D006;V019;A0064;19.10.2024;24.10.2024;4387000;financing;;WBAUXD4R96P6FZH38
S001959;L0010579;C005956;D001;V025;A0011;19.04.2025;21.05.2025;2832000;cash;;WBAV9BBECEC71UDCZ
S001385;L0007506;C003277;D003;V024;A0031;07.01.2026;29.01.2026;2475000;cash;;WBAK0JG4L4KKRB269
S000895;L0004705;C004142;D001;V028;A0014;24.02.2026;07.04.2026;3837000;financing;;WBAV1FSWXSL586VE6
S000829;L0004359;C000033;D005;V025;A0053;13.12.2025;18.12.2025;3050000;financing;;WBAH0W52R2PAA1JSW
S002693;L0014659;C004568;D002;V017;A0024;03.04.2026;07.05.2026;3748000;cash;;WBA3HFB1AC00BKK2D
S001684;L0009134;C002017;D009;V035;A0091;30.12.2025;10.02.2026;7345000;bank_transfer;;WBANX86T725CEYDYC
S002375;L0012890;C004024;D010;V020;A0101;20.10.2025;27.11.2025;6368000;cash;;WBA4A5ZPLSCB6A017
S002359;L0012776;C003555;D003;V008;A0032;19.05.2025;29.06.2025;4120000;cash;;WBA2T0E8W0WH4SYV0
S002319;L0012521;C003102;D001;V003;A0012;21.07.2025;19.08.2025;4307000;cash;2020000;WBACM9KFLLCX4GYCE
S000653;L0003504;C004224;D002;V029;A0022;30.05.2026;26.06.2026;3139000;bank_transfer;730000;WBA7HCX1G0FR86TGB
S000173;L0000956;C000028;D007;V001;A0074;15.07.2025;18.08.2025;3252000;bank_transfer;;WBAK3K4VZCCCRWB96
S000039;L0000230;C000248;D006;V002;A0064;14.01.2025;12.02.2025;3573000;financing;;WBAUXC0V1LFK4A222
S002670;L0014514;C004653;D002;V034;A0021;11.12.2025;10.01.2026;5565000;financing;1430000;WBAB201XA5MVLE8WK
S000714;L0003826;C005402;D014;V002;A0142;05.03.2026;29.03.2026;3870000;cash;;WBA9WUG9W1XVERHHA
S000091;L0000499;C001455;D002;V008;A0021;24.06.2026;07.07.2026;3904000;cash;;WBAY89H8ZXGC5Y4R0
S002725;L0014894;C002887;D004;V010;A0041;26.05.2025;27.06.2025;4446000;bank_transfer;1860000;WBA6JC7F8H2L2P872
S001206;L0006372;C001954;D010;V029;A0104;25.05.2026;15.06.2026;3131000;cash;;WBA1VKTYL9J9A3T1V
S002543;L0013762;C006098;D006;V001;A0064;31.07.2026;13.08.2026;3278000;cash;1400000;WBA088TYFDD78X4PH
S001828;L0009748;C002024;D011;V016;A0114;09.03.2026;23.03.2026;5113000;financing;;WBA0TBFDFXYY8Z48S
S001156;L0006054;C002908;D014;V008;A0142;15.12.2025;01.01.2026;3880000;bank_transfer;;WBA1CH2YE62N150PG
S001325;L0007133;C005579;D001;V020;A0011;31.03.2026;14.04.2026;6268000;financing;;WBA3SE7YVT359J6SU
S000217;L0001208;C002752;D004;V001;A0044;09.02.2026;16.02.2026;3384000;financing;1270000;WBAVS0FB8Y7JMTE3V
S000511;L0002736;C003039;D004;V002;A0041;18.08.2026;25.08.2026;3453000;financing;;WBARVGS9MLRNWVZ03
S001681;L0009130;C005571;D002;V032;A0024;13.12.2025;18.01.2026;5871000;financing;;WBATVVPJPG0972K0T
S000500;L0002700;C001254;D008;V026;A0082;13.07.2026;21.07.2026;2672000;financing;;WBAZCW4TF96DKGMG5
S002287;L0012383;C005882;D005;V006;A0054;27.09.2024;28.10.2024;7380000;cash;;WBA5SFMXFXA6CUA70
S001857;L0009954;C004074;D014;V027;A0141;07.12.2024;08.01.2025;3628000;financing;;WBAB5VF56F549NM9Y
S001389;L0007526;C001712;D004;V005;A0042;11.11.2024;29.11.2024;6839000;financing;;WBA6DUYAC9G93E4UT
S001520;L0008232;C003871;D008;V025;A0082;24.08.2026;09.09.2026;2847000;cash;;WBA5KXP3HSJCY4LAH
S002511;L0013594;C003429;D001;V014;A0011;23.05.2025;06.06.2025;11557000;cash;2550000;WBA6PNU6LNFWK08MX
S002077;L0011196;C005809;D007;V027;A0072;17.12.2024;15.01.2025;3457000;cash;;WBACC6KNM7G09X46T
S001541;L0008346;C002096;D001;V028;A0013;24.03.2026;24.04.2026;3564000;cash;;WBAG7Z7TP7DDH6AFN
S001218;L0006454;C000467;D002;V002;A0023;24.04.2026;07.05.2026;3673000;bank_transfer;;WBADNSLBG297XUUGN
S001417;L0007690;C000857;D003;V003;A0033;13.08.2025;05.09.2025;4338000;financing;;WBAVJ8H3B2MJAPW6S
S002218;L0012013;C005763;D002;V001;A0021;23.12.2025;19.01.2026;3294000;bank_transfer;;WBAPR0PXEFYYVX81A
S002324;L0012554;C004439;D003;V026;A0032;13.06.2025;18.06.2025;2737000;bank_transfer;;WBAX4BJGV7X4WY0HX
S001677;L0009115;C002115;D001;V018;A0012;28.07.2025;05.08.2025;4465000;financing;1690000;WBA0FD1N7LTHM5UA6
S001198;L0006313;C001333;D002;V024;A0021;09.12.2025;15.12.2025;2547000;cash;;WBAUPCM054T07WWVU
S001543;L0008350;C002343;D005;V002;A0053;06.08.2026;29.08.2026;3750000;cash;;WBAW2CZLHLLNBVDNL
S000954;L0005035;C001190;D007;V028;A0071;23.07.2026;25.08.2026;3870000;cash;;WBA0HWCG3M6A2K53T
S000751;L0003972;C005012;D011;V003;A0112;12.06.2025;12.07.2025;4295000;financing;;WBAR9VYRXMCTPH34B
S000235;L0001276;C003336;D001;V026;A0013;21.08.2026;19.09.2026;2836000;cash;;WBAN54FBW56MW63PD
S000733;L0003910;C005978;D001;V019;A0012;03.02.2026;26.02.2026;4190000;financing;;WBAG8AB6J8GY6Z1YX
S002090;L0011285;C001421;D001;V027;A0012;03.07.2025;29.07.2025;3536000;bank_transfer;;WBA1H9TK1LF0AGB7C
S001157;L0006056;C000920;D008;V033;A0083;30.06.2025;06.08.2025;4835000;bank_transfer;;WBARBDSJG0JFDSLF9
S002374;L0012887;C002213;D001;V015;A0013;19.12.2025;27.01.2026;16515000;bank_transfer;;WBAN7C63J3N1TUNDC
S001210;L0006419;C000634;D011;V017;A0111;04.08.2026;11.08.2026;4020000;bank_transfer;760000;WBAAC0E68THKZYHJN
S001066;L0005579;C003348;D002;V020;A0021;14.11.2025;27.11.2025;6480000;bank_transfer;;WBAM05ZRYJVWJ0DVV
S002157;L0011723;C000723;D004;V018;A0041;26.08.2025;08.09.2025;4522000;financing;;WBAWEZ2GXV36KHEN0
S001063;L0005572;C003971;D001;V025;A0011;27.10.2025;10.12.2025;2955000;bank_transfer;;WBAVMUFDFT8UGLJDJ
S001168;L0006117;C001601;D002;V032;A0024;01.10.2025;21.10.2025;5940000;bank_transfer;2790000;WBARN7E22NSCP7NDD
S001493;L0008094;C001559;D007;V029;A0072;23.04.2026;15.05.2026;3171000;financing;;WBAP0SVUA6ZLS97S0
S002282;L0012364;C001267;D010;V028;A0103;17.10.2025;19.11.2025;3827000;financing;;WBAULVHJVRSF5N68V
S000885;L0004607;C004181;D001;V028;A0014;17.09.2025;26.09.2025;3776000;cash;1540000;WBAK9S06P2TRS00UA
S000144;L0000813;C005889;D002;V002;A0024;02.02.2026;18.03.2026;3654000;cash;;WBAHCVY8EMX4WCGSG
S002714;L0014838;C000591;D002;V008;A0024;22.11.2024;26.12.2024;3863000;bank_transfer;;WBA1PJ3K83XX7P6YJ
S000851;L0004463;C002702;D004;V031;A0044;06.04.2026;21.04.2026;10324000;cash;1790000;WBAFSZPJP5R5NJKX4
S000718;L0003836;C000225;D001;V013;A0013;13.05.2026;23.06.2026;10216000;financing;;WBA0AFWN0XBD8LBA1
S002625;L0014248;C000903;D004;V001;A0044;25.12.2025;02.01.2026;3318000;cash;;WBAE9ESFFA4VZP178
S000265;L0001465;C001747;D001;V021;A0014;10.04.2025;21.04.2025;7125000;cash;;WBADAM5CURM1PU3C4
S000076;L0000439;C000856;D001;V035;A0014;05.06.2026;06.07.2026;7370000;cash;;WBA5PEJ82P183TES3
S000396;L0002202;C005945;D005;V024;A0053;27.04.2026;15.05.2026;2596000;cash;920000;WBAS3X42J60W4N5EJ
S002349;L0012708;C002968;D005;V002;A0051;01.11.2025;24.11.2025;3699000;financing;;WBAG26MNG7C05SG2Y
S002225;L0012037;C000565;D001;V028;A0013;02.04.2026;07.05.2026;3854000;financing;;WBAL4WTC92D4S1JBH
S002587;L0014006;C002635;D011;V036;A0111;03.01.2025;12.01.2025;12588000;financing;;WBA2ER43FB76U2PUR
S000397;L0002206;C002963;D005;V027;A0054;25.12.2025;19.01.2026;3484000;financing;;WBAP6ZV37MJUD1Z5G
S001366;L0007378;C003139;D004;V028;A0041;06.12.2025;15.12.2025;3709000;financing;;WBAU3RUA9N7Z23A5H
S002307;L0012494;C003823;D001;V026;A0014;27.02.2026;25.03.2026;2851000;bank_transfer;;WBAY7J5D23G6A53YG
S001904;L0010243;C005740;D003;V035;A0032;20.05.2025;07.06.2025;7481000;bank_transfer;;WBAA8YB7M0L0XXZTX
S000596;L0003109;C000955;D006;V025;A0062;30.12.2024;15.01.2025;2775000;financing;;WBARVXCE6GC2STMRM
S002110;L0011416;C002253;D003;V027;A0033;11.11.2024;17.12.2024;3548000;cash;820000;WBANZVKAYPCWRU56K
S001297;L0006962;C002510;D001;V016;A0011;23.08.2025;03.09.2025;5272000;bank_transfer;;WBAP69DKHNR0EM3V3
S001822;L0009715;C001961;D004;V017;A0042;17.07.2025;26.08.2025;4035000;bank_transfer;;WBA0879VASY7CRZLJ
S000873;L0004555;C004008;D002;V019;A0022;29.04.2026;13.05.2026;4385000;bank_transfer;;WBAM3J06K4CEW2GSU
S002685;L0014588;C006136;D003;V029;A0031;13.01.2026;03.02.2026;3226000;cash;;WBANG6U5GXSCFAF6C
S001549;L0008372;C001965;D003;V010;A0033;23.05.2026;05.07.2026;4425000;cash;;WBA2CEC0X4ZNC04WF
S000037;L0000196;C001882;D002;V013;A0024;13.09.2025;10.10.2025;10764000;bank_transfer;;WBA3S1E14ZHPZ5W14
S002331;L0012596;C002515;D005;V027;A0051;05.05.2025;31.05.2025;3363000;cash;;WBA7A0V02S88C2EU2
S002144;L0011626;C005092;D003;V026;A0032;14.04.2025;19.04.2025;2807000;financing;980000;WBA165L9GBBA6LB96
S002357;L0012751;C002872;D003;V032;A0034;01.05.2025;28.05.2025;6014000;financing;2060000;WBA99GUVJKM0WTR6F
S000978;L0005161;C001159;D001;V021;A0014;06.09.2025;13.10.2025;7343000;bank_transfer;;WBAHB9UG3WY7JKL9B
S001572;L0008516;C000140;D009;V010;A0093;27.07.2026;02.09.2026;4475000;cash;2010000;WBA40HN06SYWFFB6C
S001123;L0005887;C002355;D001;V016;A0014;17.03.2026;09.04.2026;5023000;bank_transfer;;WBANWMJB7L4FR6AYK
S002240;L0012118;C001462;D012;V034;A0121;18.05.2026;13.06.2026;5873000;financing;950000;WBA2L43R2JG9PEE1W
S001893;L0010173;C000087;D006;V018;A0063;27.11.2025;19.12.2025;4381000;financing;;WBADXXL8331UALLJE
S000676;L0003630;C003177;D002;V013;A0023;29.12.2025;09.01.2026;10921000;cash;2960000;WBAHZKYGYWW1EHLGD
S000729;L0003884;C000150;D008;V008;A0082;08.06.2026;05.07.2026;4006000;financing;1520000;WBAZ7MZ3XHK6U3AXR
S000413;L0002305;C002683;D013;V012;A0131;07.01.2026;16.01.2026;6410000;cash;;WBADJJP9NHFMPEPTP
S001517;L0008219;C001312;D001;V019;A0011;23.05.2026;26.05.2026;4272000;financing;;WBATB2961G14GWNV7
S001650;L0008976;C001234;D013;V004;A0133;10.02.2026;11.03.2026;4728000;cash;;WBAGVRUFBBXH56T07
S000826;L0004346;C002414;D009;V017;A0093;09.04.2025;24.04.2025;3915000;financing;;WBAUREZTB9NLZ6HD4
S000617;L0003285;C003296;D002;V018;A0022;19.05.2025;26.06.2025;4363000;financing;;WBAZ2V7N4WAS6JC25
S000115;L9181916;C006165;D001;V037;A0014;27.09.2025;10.10.2025;16495000;cash;;WBAU4C57R9NBAW4WK
S000418;L0002331;C001162;D008;V020;A0081;08.10.2025;19.10.2025;6077000;cash;;WBABUPDN7ZFKRH9BZ
S001626;L0008840;C001991;D003;V024;A0034;30.12.2025;15.01.2026;2503000;financing;;WBAFABKNEFJZD6EJD
S002711;L0014809;C005449;D001;V005;A0012;25.06.2025;14.07.2025;6574000;financing;;WBA7SR5T8D19W4ADR
S000090;L0000497;C000678;D013;V017;A0131;26.06.2025;08.08.2025;3720000;cash;;WBA6WFK5Z42HMEPCM
S002083;L0011246;C005209;D004;V029;A0042;30.12.2025;05.02.2026;3103000;financing;900000;WBA3NPY8AF8M4FN3C
S000754;L0003979;C001274;D006;V017;A0063;07.07.2026;19.08.2026;3897000;financing;;WBAGKE097S7CTK0P9
S001631;L0008866;C000467;D001;V028;A0012;27.09.2025;02.11.2025;3685000;financing;;WBAGLYKF9YSDD32YE
S000012;L0000044;C005061;D003;V028;A0032;08.11.2025;12.11.2025;3716000;financing;;WBABHLRRB12SCVE9X
S000285;L0001573;C004128;D003;V028;A0033;14.05.2026;17.05.2026;3703000;bank_transfer;880000;WBAHB330V6TKJFZR0
S001067;L0005588;C000010;D004;V024;A0043;02.12.2024;27.12.2024;2446000;financing;1130000;WBAM98LNY8HGNB93S
S001192;L0006286;C003514;D010;V026;A0104;07.11.2025;05.12.2025;2638000;cash;1240000;WBAR6F3WD1KJ9HP3A
S001441;L0007804;C005919;D005;V001;A0054;25.02.2025;09.04.2025;3244000;cash;1490000;WBA457UGZYSTX49HR
S002589;L0014014;C001476;D003;V028;A0033;13.08.2026;18.09.2026;3797000;bank_transfer;610000;WBAR82Z84RHA88THX
S002588;L0014013;C003743;D005;V029;A0054;17.08.2026;04.09.2026;3041000;cash;;WBAF0H88B5EDTNH0H
S002501;L0013519;C004967;D001;V029;A0012;04.02.2026;24.02.2026;3082000;financing;1090000;WBA92WD2TL0U3SYTS
S001569;L0008493;C000226;D009;V002;A0094;16.08.2025;30.08.2025;3665000;bank_transfer;;WBAK1CH4NB8NT0ECC
S002378;L0012904;C005810;D009;V033;A0092;15.09.2024;08.11.2025;5100000;cash;;WBAZJB25F9P9CXE22
S001688;L0009160;C001235;D009;V018;A0093;02.12.2024;08.01.2025;4594000;cash;;WBAX5GNTUWG2G64GM
S000852;L0004469;C001042;D006;V016;A0061;25.10.2025;29.11.2025;5118000;cash;2330000;WBA8AYHPU5KXWTGSK
S002208;L0011952;C005402;D014;V019;A0141;30.09.2025;30.10.2025;4155000;cash;980000;WBAB96JYJ18FXGWXV
S000896;L0004715;C004425;D001;V017;A0014;09.12.2025;21.12.2025;3823000;cash;;WBASPST8FZTJEKNEE
S000497;L0002686;C003807;D005;V003;A0052;13.05.2025;18.05.2025;4474000;financing;;WBANARFV6HP8XD6VY
S002306;L0012493;C000460;D004;V010;A0043;20.03.2026;23.03.2026;4229000;financing;1580000;WBAUDRLP1WDLFJZRJ
S001783;L0009538;C004657;D002;V001;A0023;24.09.2025;02.11.2025;3239000;financing;;WBA1F8FC2DYRUYHJE
S000336;L0001909;C000777;D003;V019;A0031;23.02.2026;11.03.2026;4396000;financing;1660000;WBA99RARKSWNCTRNW
S000516;L0002758;C005357;D004;V011;A0041;29.04.2025;17.05.2025;6353000;cash;;WBAVBP4W2L1BZJPL4
S001349;L0007266;C001814;D006;V028;A0063;19.01.2026;20.02.2026;3703000;financing;990000;WBAGW64NVM1ZH0KCJ
S001016;L0005394;C002680;D008;V020;A0084;23.05.2026;19.06.2026;6064000;financing;1730000;WBA0ESKHCCATE5UDD
S002596;L0014061;C003251;D003;V028;A0033;11.10.2025;10.11.2025;3670000;cash;;WBA87LTGVD4M4GVZ0
S001782;L0009531;C000290;D001;V018;A0013;16.12.2024;23.12.2024;4580000;cash;;WBATKYS8PFBTSXF9U
S001786;L0009550;C004345;D007;V030;A0073;04.08.2026;10.09.2026;11030000;cash;;WBAFDCZFXUDKH3KHH
S002071;L0011167;C003347;D008;V011;A0081;24.07.2025;31.08.2025;6235000;cash;;WBABC55ZPY9BRLS6W
S000357;L0002011;C005275;D002;V034;A0022;15.05.2026;15.06.2026;5694000;financing;1060000;WBAYP3FJ954567XBD
S002634;L0014314;C005483;D001;V014;A0014;18.05.2026;30.06.2026;11445000;cash;2530000;WBAS52M14PJURS2JW
S001313;L0007081;C005093;D011;V004;A0112;09.02.2026;25.03.2026;4879000;financing;1760000;WBAGS95XWFVVHAZDW
S001636;L0008884;C001127;D009;V019;A0094;02.01.2025;09.02.2025;4180000;bank_transfer;840000;WBAJJGG46R7NMBV15
S000551;L0002930;C000119;D008;V027;A0084;16.08.2025;06.09.2025;3495000;financing;1100000;WBA5KWBPV0L9DP1FK
S002266;L0012237;C005418;D009;V029;A0094;30.05.2025;01.07.2025;3191000;cash;760000;WBA1Z11XJUH0CB8E9
S001228;L0006536;C003936;D004;V024;A0042;24.06.2026;28.07.2026;2637000;cash;;WBAPFTWWTGT2GX8RM
S002472;L0013381;C000584;D008;V029;A0081;30.07.2026;08.08.2026;3047000;financing;;WBAECNGNGNXFKGPFH
S000958;L0005064;C005340;D014;V027;A0142;02.04.2025;29.04.2025;3401000;financing;;WBA61WNFK2YPYTTSH
S001774;L0009485;C005584;D002;V017;A0022;20.01.2026;22.02.2026;4002000;financing;1050000;WBAD3K7DRE0GEP1T5
S002142;L0011612;C004249;D007;V028;A0071;09.01.2026;16.01.2026;3932000;cash;;WBA0WLPZXEBTY259P
S001009;L0005335;C005739;D002;V001;A0021;11.02.2025;19.03.2025;3341000;bank_transfer;;WBA4H9T1HMTH2YEL0
S001093;L0005724;C006130;D003;V019;A0033;22.12.2025;09.01.2026;4356000;cash;;WBAWSTEHAS64W8R4R
S002466;L0013334;C003732;D003;V020;A0034;18.07.2026;09.08.2026;6278000;bank_transfer;;WBAEK8Y6F4U2RHNCX
S000997;L0005259;C003988;D005;V010;A0052;22.02.2025;01.03.2025;4293000;financing;;WBA05ASRH8SBE9SKP
S001680;L0009129;C000332;D004;V009;A0043;21.05.2026;29.06.2026;4703000;financing;1810000;WBAHKH4PPM0FZ5ZB2
S000154;L0000870;C004134;D007;V017;A0073;17.02.2025;20.03.2025;3792000;cash;;WBACUNC10JYPS9W98
S002571;L0013926;C005697;D008;V029;A0081;03.03.2026;21.03.2026;3172000;cash;520000;WBA985L0SAS0FSTXP
S000581;L0003044;C005532;D003;V006;A0034;16.05.2026;20.05.2026;7314000;bank_transfer;;WBAZ72E43R6HMLY6W
S001471;L0007964;C003838;D004;V035;A0043;05.12.2025;14.12.2025;7507000;financing;;WBAW2LS0HFY9KUEXY
S000704;L0003786;C004057;D002;V028;A0021;27.09.2025;21.10.2025;3803000;cash;;WBAGH9MZVS99PXT8Y
S001213;L0006441;C001360;D009;V025;A0094;30.12.2025;15.01.2026;2914000;financing;;WBAY1HPVMP6V44BVA
S000897;L0004717;C000642;D001;V025;A0011;30.04.2025;01.06.2025;2846000;cash;;WBASMRRAPCJDHLZCG
S000488;L0002657;C001252;D003;V025;A0031;04.11.2024;27.11.2024;2949000;financing;670000;WBAWJ2W1J8FRX3P5C
S000560;L0002962;C004574;D010;V006;A0103;09.02.2026;05.03.2026;7525000;cash;3050000;WBAYT5UAYSC64TJLB
S001142;L0005989;C006098;D006;V008;A0064;03.04.2026;15.04.2026;4003000;cash;;WBA4YJ00CCAE92TE4
S001120;L0005859;C002619;D007;V029;A0072;03.06.2025;07.06.2025;3239000;financing;;WBAEWCWR6UEHS84AG
S000513;L0002745;C005535;D006;V008;A0063;05.11.2025;14.11.2025;3970000;cash;;WBA0SE3TKAPTEYEU1
S000634;L0003385;C004831;D010;V027;A0101;23.02.2026;02.03.2026;3596000;financing;1020000;WBAUHYW96WV1C8RP6
S002385;L0012946;C004782;D002;V010;A0021;01.09.2025;14.09.2025;4213000;cash;;WBAU2JNLLKFZT1PG2
S001665;L0009059;C003035;D006;V008;A0064;04.08.2025;15.08.2025;3981000;financing;;WBAKN67ZBY9834TJM
S001013;L0005383;C001919;D007;V026;A0074;06.10.2025;19.11.2025;2775000;cash;700000;WBAA2FGEX96VDJFJ6
S001932;L0010369;C001619;D013;V013;A0134;03.08.2026;15.08.2026;10069000;financing;;WBAG8TXK368TYM9AE
S001151;L0006036;C000211;D003;V025;A0031;26.07.2025;31.07.2025;2738000;financing;;WBAMZ5LTYWEAFTLLR
S002593;L0014045;C000161;D007;V002;A0074;30.08.2025;23.09.2025;3632000;financing;;WBAGWGT3M9GLFHPMC
S000117;L0000674;C005679;D001;V018;A0014;06.11.2025;07.12.2025;4463000;cash;;WBAJLEH7YGL8H9AKF
S000741;L0003934;C005893;D008;V016;A0081;15.12.2025;14.01.2026;4965000;cash;;WBAPKNBFAH7UR5RRN
S002552;L0013827;C004292;D002;V018;A0024;10.12.2025;20.12.2025;4544000;financing;;WBA13GRZV0Z63X5KY
S001975;L0010669;C002320;D002;V012;A0023;14.11.2025;19.11.2025;6833000;financing;2780000;WBA5JH9GBL6PD21KZ
S001082;L0005647;C005519;D004;V028;A0041;18.11.2024;25.12.2024;3865000;cash;820000;WBA9P4R3T7WZ43RNA
S001811;L0009659;C005693;D001;V012;A0013;26.04.2025;05.06.2025;6613000;financing;;WBAF5RTEB4PKUUR6D
S000831;L0004372;C001727;D007;V034;A0072;22.12.2025;07.01.2026;5993000;cash;2920000;WBA0J72GJ017810DE
S000120;L0000688;C000352;D002;V016;A0024;10.01.2025;03.02.2025;5225000;financing;;WBA4W1FJ2APZ3YCEZ
S000657;L0003529;C004166;D004;V029;A0041;26.06.2025;08.08.2025;3207000;cash;;WBA5XSK7S07K4MKC9
S002522;L0013649;C001672;D007;V011;A0074;10.07.2026;19.08.2026;6004000;bank_transfer;;WBA75VAV5PGVX3A1T
S002483;L0013427;C005501;D007;V028;A0072;23.11.2024;01.01.2025;3736000;cash;;WBADP47F6SMTM73A2
S002704;L0014757;C002852;D002;V001;A0024;29.05.2026;09.06.2026;3256000;financing;;WBAKX1HD2D5UCKVPW
S000636;L0003389;C003358;D003;V001;A0033;26.08.2026;05.09.2026;3287000;financing;770000;WBA0E73GM3HTC3P2K
S000370;L0002066;C001562;D001;V034;A0012;29.12.2025;27.01.2026;5852000;financing;;WBA9VP1NPAVNDP5CG
S000269;L0001489;C005774;D003;V035;A0033;19.05.2026;18.06.2026;7794000;financing;;WBAS9U8LKT628HA77
S000047;L0000295;C002193;D003;V026;A0031;24.08.2026;08.09.2026;2782000;financing;;WBAY7CVLPSWBW2JRX
S000992;L0005226;C004255;D011;V034;A0112;05.01.2026;16.02.2026;5681000;financing;;WBAH1FSHT4URFPG25
S000877;L0004569;C000422;D001;V034;A0012;30.06.2025;12.07.2025;5764000;financing;1010000;WBABWF7JMZHSM7NUK
S000774;L0004070;C004538;D014;V027;A0144;20.10.2025;21.11.2025;3564000;cash;;WBAX0CTB6YNKD7YS4
S001220;L0006501;C000512;D002;V026;A0023;22.05.2026;06.06.2026;2680000;financing;;WBAN7ZG8KRYMYUSH9
S001127;L0005913;C000897;D006;V008;A0063;17.11.2025;15.12.2025;3914000;financing;1000000;WBARJV1EGES4DSWMF
S000005;L0000016;C003300;D003;V031;A0031;22.07.2026;31.08.2026;10176000;financing;;WBAE8T3BB9S4Y1W4D
S001596;L0008714;C004070;D010;V026;A0103;18.11.2024;21.11.2024;2838000;financing;1380000;WBAHYW3ABPDXWL7BM
S002312;L0012508;C000271;D012;V029;A0122;25.04.2026;18.05.2026;3173000;cash;;WBAVXHGSPEU34NKJD
S001078;L0005624;C000382;D008;V017;A0081;25.04.2025;11.05.2025;3932000;cash;;WBAM2KTKFBMJD9GG5
S000838;L0004402;C005527;D014;V011;A0144;08.04.2026;17.05.2026;6015000;cash;2020000;WBA7NW7K66PF5BDEM
S000682;L0003688;C004386;D008;V025;A0083;07.07.2025;02.08.2025;2886000;cash;530000;WBAEFW5SBW6H3Y4P5
S001716;L0009258;C001876;D010;V017;A0102;03.07.2025;04.08.2025;4045000;cash;;WBACVBGEWGRS3MMSD
S002353;L0012727;C005392;D012;V011;A0122;07.07.2026;03.08.2026;6035000;cash;1550000;WBATY6AKK9FMTSCR3
S002362;L0012799;C003177;D003;V006;A0031;08.06.2026;05.07.2026;7546000;bank_transfer;;WBA9SYJ4HBENAKE6X
S002198;L0011905;C003233;D013;V002;A0134;19.06.2026;13.07.2026;3685000;cash;;WBAVGHAFZEYJ9GA7W
S001149;L0006025;C002338;D001;V008;A0014;28.01.2026;14.02.2026;3916000;cash;1640000;WBA26YR894LB3WHYS
S000575;L0003021;C003777;D003;V026;A0034;01.05.2025;31.05.2025;2851000;financing;1120000;WBA5KVFGX9Y6V6R17
S000051;L0000314;C001548;D003;V023;A0033;12.08.2026;03.09.2026;15606000;bank_transfer;;WBA4UHR5B8J40YD83
S000854;L0004481;C002153;D003;V033;A0034;17.12.2025;15.01.2026;5183000;cash;;WBAG5T7YHWW64TE6Y
S001983;L0010715;C000469;D001;V028;A0012;20.06.2026;23.07.2026;3952000;cash;;WBAUD2TWAFPU4W43R
S001824;L0009720;C002528;D001;V028;A0011;13.04.2026;13.05.2026;3824000;financing;;WBAW9KUGHYJ6YPJU4
S000834;L0004381;C002572;D010;V026;A0101;19.06.2025;20.07.2025;2769000;financing;;WBA3A8E6RBVN9R1F9
S001116;L0005837;C004171;D008;V013;A0081;02.06.2025;26.06.2025;10498000;financing;5420000;WBA3ZYJPWLADUHPEC
S001167;L0006112;C001855;D001;V008;A0012;28.01.2026;11.03.2026;4042000;financing;;WBAXCGDT23Z1E7159
S001907;L0010263;C001098;D012;V016;A0121;01.01.2025;10.02.2025;4731000;cash;;WBAKMJY4B0VPEC45Y
S000972;L0005119;C005393;D001;V033;A0012;21.01.2026;26.01.2026;5313000;cash;;WBACBWPE8U4KKT3TY
S000400;L0002229;C000742;D010;V001;A0102;15.04.2025;12.05.2025;3385000;bank_transfer;;WBABXSTVEZT2N4K88
S002369;L0012831;C000844;D012;V022;A0124;21.01.2026;02.03.2026;9193000;financing;;WBA8PFS8N6FG9MYM0
S000020;L0000087;C003598;D001;V024;A0012;17.04.2026;22.05.2026;2520000;financing;;WBAHRAY54R8TH4BNW
S000685;L0003714;C004528;D001;V024;A0013;29.06.2026;21.07.2026;2536000;financing;1160000;WBAM3M6JNPKZX74ZB
S000036;L0000191;C005659;D002;V009;A0021;01.01.2026;15.01.2026;4726000;financing;;WBAPAKGDEUWDD92LE
S002615;L0014187;C001500;D004;V014;A0042;14.11.2025;23.12.2025;12265000;financing;;WBAGZYX3AJ6BMAZL5
S000525;L0002823;C000244;D005;V024;A0051;11.12.2024;15.01.2025;2590000;bank_transfer;1260000;WBAGYBBJ7NE870MS0
S000921;L0004814;C005036;D014;V025;A0144;04.07.2026;14.08.2026;2938000;cash;;WBAJWJJLF3N3VVF1B
S001842;L0009841;C003365;D006;V009;A0062;15.01.2026;24.02.2026;4807000;financing;;WBAXGHPCRYYT4RC4A
S001891;L0010168;C005066;D004;V026;A0043;09.10.2024;15.11.2024;2779000;cash;;WBAZW58289NE3MHVB
S000538;L0002884;C002759;D007;V011;A0072;11.06.2026;28.06.2026;5865000;bank_transfer;;WBA3JYBY0XAHVPU61
S001706;L0009230;C000706;D003;V006;A0032;21.07.2026;27.08.2026;7515000;cash;;WBAC6XAKSFJZPC5RL
S002703;L0014747;C004683;D003;V025;A0034;14.07.2025;26.07.2025;2892000;financing;610000;WBA11YC3GKZN5HMTN
S000246;L0001372;C000454;D003;V008;A0033;11.07.2026;25.07.2026;4008000;financing;;WBAC4AF2RHCYBT8HZ
S000785;L0004125;C001540;D014;V035;A0142;29.10.2025;16.11.2025;7464000;cash;2570000;WBA8DAY258Y4W4ABU
S001410;L0007657;C005003;D002;V024;A0024;25.07.2025;02.08.2025;2495000;financing;1290000;WBA6GUA58AGDZ8BV4
S000155;L0000871;C005673;D014;V002;A0143;06.12.2025;12.12.2025;3790000;financing;;WBARRJ2N6U955RG3B
S001687;L0009155;C000311;D005;V009;A0052;02.06.2025;01.07.2025;4549000;financing;;WBAWAUNCR6PJVFAF8
S000626;L0003334;C004671;D007;V029;A0074;05.05.2025;03.06.2025;3259000;bank_transfer;;WBAVGB5MCSF0DKMR9
S002652;L0014422;C000829;D001;V029;A0014;03.11.2025;09.12.2025;3092000;financing;1490000;WBABP5PWK4T7WC27X
S001347;L0007259;C000240;D008;V004;A0081;27.06.2025;04.08.2025;4578000;financing;1570000;WBAB8VCN65G7DYGYG
S000570;L0003007;C005664;D008;V002;A0082;15.08.2026;29.08.2026;3719000;cash;;WBA9DC7EAF1D0U9LN
S001759;L0009442;C001345;D011;V003;A0114;30.12.2024;05.02.2025;4336000;financing;;WBA36YJZJS9W2DNKR
S001817;L0009679;C004492;D008;V025;A0083;07.11.2025;24.11.2025;2789000;bank_transfer;;WBAT7L2EMKXJY6G79
S002066;L0011136;C003812;D006;V010;A0064;20.10.2025;28.10.2025;4600000;cash;;WBA3FVL9EZ36ER3T9
S000128;L0000736;C005740;D009;V027;A0094;30.10.2025;14.11.2025;3535000;cash;;WBA5BX19K3ZB5W33K
S002139;L0011605;C002249;D008;V025;A0084;26.03.2025;18.04.2025;2865000;cash;;WBAJNTAMU1AM5BDGL
S002007;L0010817;C003714;D005;V033;A0052;04.07.2025;14.08.2025;5125000;financing;;WBAW6X7RN2CC44J8S
S000981;L0005177;C000502;D010;V028;A0103;23.04.2026;10.05.2026;3842000;bank_transfer;990000;WBA5SJJUD2MXY428N
S001742;L0009371;C001489;D008;V017;A0083;20.08.2026;30.09.2026;3952000;financing;;WBADWAULMH8JBXPYV
S000191;L0001060;C000628;D001;V017;A0014;14.11.2025;23.12.2025;4061000;bank_transfer;;WBALS0JSAM0C49BMV
S001140;L0005980;C003149;D002;V012;A0024;23.11.2024;25.12.2024;6961000;bank_transfer;;WBA5R0TWK3X2VVBJT
S000993;L0005231;C000678;D013;V006;A0133;14.06.2025;20.07.2025;7401000;financing;;WBA19UJ8XK3UDVB95
S000700;L0003773;C002274;D001;V025;A0012;29.10.2025;29.11.2025;2768000;financing;1150000;WBAYMPYJBBY92P2SX
S000607;L0003201;C000590;D008;V019;A0084;24.02.2025;17.03.2025;4247000;financing;;WBAMZXFD345M1TTCC
S000181;L0001013;C003459;D012;V006;A0124;25.12.2024;31.01.2025;7254000;financing;;WBAYTNXES80DYGZPV
S000302;L0001709;C002164;D005;V018;A0051;18.06.2026;21.07.2026;4401000;financing;;WBA087JPTA7T9TCB3
S002564;L0013876;C003526;D005;V031;A0054;09.10.2025;14.10.2025;10544000;cash;;WBAM248AC8GJF4TKE
S001061;L0005567;C004293;D007;V026;A0074;12.04.2025;10.05.2025;2727000;bank_transfer;;WBACB4MLDU7FPXG2T
S002607;L0014120;C004471;D006;V027;A0062;13.03.2026;25.04.2026;3654000;financing;;WBAGFS4AE98CDZECZ
S002653;L0014428;C004376;D005;V008;A0051;04.02.2026;19.03.2026;3999000;bank_transfer;;WBAXBWU0FDEPSJFET
S001070;L0005598;C002861;D009;V024;A0091;13.11.2025;16.11.2025;2610000;cash;690000;WBAV2TZJ5645ZW4P0
S002206;L0011948;C004124;D004;V014;A0044;14.04.2026;24.04.2026;11909000;cash;;WBA8P5BSK82C2X9K7
S001244;L0006627;C002973;D009;V020;A0094;29.10.2025;09.12.2025;6152000;financing;;WBALE8NE239SDWK6F
S000017;L0000074;C001536;D002;V005;A0021;21.05.2026;08.06.2026;6373000;cash;;WBAF25HBZAY0SB288
S001260;L0006686;C001959;D005;V025;A0054;26.01.2026;29.01.2026;3050000;financing;;WBAPHX3TCUH6DVSR3
S000547;L0002918;C000307;D004;V001;A0041;03.04.2025;15.05.2025;3249000;financing;;WBAN7GPSTZ9HTHX49
S000659;L0003549;C000205;D004;V010;A0043;23.12.2025;28.12.2025;4498000;cash;;WBAJ5G9VHTCMDMEUT
S002495;L0013492;C006027;D011;V029;A0112;01.11.2025;27.11.2025;3065000;bank_transfer;;WBA3GW3KHDFA3JEGA
S002525;L0013656;C001538;D006;V024;A0061;29.08.2026;21.09.2026;2502000;financing;;WBATBRF10R9DK96SB
S001505;L0008143;C002603;D010;V021;A0103;30.07.2025;21.08.2025;7248000;financing;2320000;WBA5NX1JVTMW1BH4Y
S000960;L0005069;C000584;D008;V026;A0082;31.07.2026;12.09.2026;2736000;financing;;WBAR9LU6W33XXWTM8
S002332;L0012599;C003236;D002;V024;A0023;24.12.2024;19.01.2025;2578000;cash;710000;WBA8BJA57F5E0EKAP
S000798;L0004200;C004979;D002;V035;A0022;19.03.2025;28.03.2025;7497000;cash;3490000;WBAF5AAUT1Y7YK2LS
S000226;L0001237;C002833;D003;V024;A0034;27.01.2026;13.02.2026;2483000;cash;;WBAHC6JUEMN8MJHJ8
S002075;L0011185;C004365;D005;V028;A0052;04.04.2025;26.04.2025;3876000;cash;720000;WBA1KVM1N48YVDCVH
S001800;L0009612;C002354;D005;V029;A0052;24.09.2025;09.10.2025;3125000;cash;;WBAR0BCFX1N2UF4XS
S002731;L0014965;C005770;D004;V017;A0044;21.01.2025;14.02.2025;4056000;cash;;WBAPA7RNJM4HRBPSH
S002278;L0012340;C000821;D007;V009;A0072;22.07.2025;02.09.2025;4900000;financing;1770000;WBABFX3F81P281HJN
S002086;L0011268;C003707;D001;V002;A0011;11.07.2026;07.08.2026;3581000;bank_transfer;;WBAKN5PLKKD4H35UL
S001694;L0009179;C002481;D003;V002;A0034;03.01.2026;18.01.2026;3735000;cash;;WBA5FDV1KBAFVG8U3
S001046;L0005500;C001563;D003;V031;A0031;27.06.2026;29.07.2026;10504000;cash;;WBAGWUN77TSD51RG3
S000470;L0002572;C002662;D006;V022;A0061;13.07.2026;20.08.2026;9218000;financing;;WBAZXXSJ8XW457FMW
S000955;L0005046;C001304;D001;V018;A0012;10.05.2025;09.06.2025;4525000;cash;;WBABA5F37SF5GDGF5
S001646;L0008956;C001514;D002;V017;A0021;17.12.2024;24.12.2024;3895000;cash;;WBA3G638FSHXHKF1C
S000640;L0003437;C002743;D003;V025;A0034;06.10.2025;24.10.2025;2822000;cash;500000;WBAKCR42ZB606TR36
S002567;L0013902;C005064;D009;V029;A0092;10.01.2025;09.02.2025;3171000;financing;;WBA17HXRU8MYVBLSK
S001219;L0006457;C003143;D001;V029;A0012;17.06.2025;25.06.2025;3093000;cash;640000;WBALN27352MDGGMBW
S001159;L0006067;C005467;D001;V010;A0013;11.06.2025;26.06.2025;4470000;cash;;WBAL8M05RKF8X80WP
S001416;L0007687;C000976;D003;V033;A0033;12.05.2026;24.06.2026;4858000;financing;;WBAMVCJCBH5SNX9HP
S002504;L0013539;C004817;D009;V012;A0094;30.12.2025;03.02.2026;6603000;cash;;WBA3E82NN6D8J6KWL
S001528;L0008273;C002133;D005;V028;A0054;10.03.2025;28.03.2025;3824000;financing;;WBALPRBTC3MX8BEAW
S002694;L0014668;C002327;D002;V028;A0021;28.07.2026;05.08.2026;3839000;bank_transfer;;WBAY7W42U07T1D1KP
S001301;L0006974;C004491;D010;V003;A0104;14.05.2026;18.05.2026;4447000;cash;;WBA56VU05SKJ327SR
S002646;L0014359;C001219;D007;V002;A0074;26.03.2025;08.05.2025;3670000;financing;;WBA0A97FCR6YH2LE7
S001604;L0008760;C000707;D005;V031;A0054;30.10.2025;12.11.2025;10550000;bank_transfer;;WBAB3K1SVYHRYWFUG
S000161;L0000905;C001910;D008;V024;A0082;11.08.2025;30.08.2025;2616000;cash;;WBAXZ2R6MYUXZ1U0K
S001705;L0009228;C004023;D003;V018;A0033;30.03.2026;01.05.2026;4517000;cash;1100000;WBAJ99S8NT6NEGXSK
S000957;L0005049;C000219;D003;V027;A0034;01.06.2026;30.06.2026;3569000;cash;;WBAFLAWCS70VA8S0A
S002689;L0014626;C003464;D007;V028;A0074;10.08.2026;07.09.2026;3540000;financing;;WBAR7GEMREFU6598Y
S000878;L0004576;C001009;D007;V004;A0073;27.03.2025;12.04.2025;4836000;cash;;WBAMXZM24VKJC76VP
S001920;L9334289;C000726;D002;V020;A0024;27.10.2025;07.12.2025;6146000;financing;2400000;WBANXJD7FCYHX7XRT
S001885;L0010138;C000495;D002;V027;A0023;15.12.2025;20.01.2026;3465000;financing;;WBALW5H8NNWCNM2XX
S002201;L0011920;C002544;D010;V029;A0102;08.10.2025;15.11.2025;3171000;financing;;WBAME37PV3UVRVZZ6
S000099;L0000562;C003702;D011;V020;A0113;11.08.2026;24.09.2026;6495000;financing;;WBABV5H5CYFF8FC1T
S002717;L0014845;C000556;D001;V003;A0014;27.04.2026;04.06.2026;4628000;financing;;WBAS8Y2HKK2UEGS4F
S000254;L0001407;C002502;D007;V019;A0074;04.11.2024;16.11.2024;4398000;cash;1230000;WBA8SRDNV1FG3UM8B
S000104;L0000603;C004990;D001;V034;A0012;06.01.2026;01.02.2026;5684000;cash;;WBA7YXSF2UVJMLZVF
S001446;L0007829;C005606;D003;V009;A0031;09.11.2024;23.11.2024;4761000;financing;;WBAMZCNKY0UUAWB3B
S001444;L0007817;C005441;D013;V026;A0132;13.04.2026;18.04.2026;2756000;bank_transfer;1160000;WBAPP6SLLT2WPA21G
S001649;L0008975;C001150;D003;V029;A0031;23.01.2025;15.02.2025;3167000;financing;;WBAHRR1S6TU3K9Y5A
S000587;L0003076;C003432;D011;V025;A0114;02.03.2026;23.03.2026;2867000;financing;;WBAS1ZW46P4DNVZJA
S000628;L0003345;C005340;D002;V009;A0023;11.01.2025;29.01.2025;4704000;cash;;WBA5KJFDV2FDM57RR
S001697;L0009197;C004949;D005;V032;A0051;30.06.2025;30.07.2025;5587000;financing;2220000;WBA3726RZED32CM62
S002102;L0011354;C002540;D003;V028;A0033;10.03.2026;16.03.2026;3702000;cash;;WBAS1SYVJDU5KB4A7
S002200;L0011916;C001070;D008;V034;A0083;05.05.2026;21.05.2026;5796000;cash;;WBA2Y896CBUPGKR0S
S000404;L0002246;C004173;D004;V014;A0041;28.04.2025;18.05.2025;11854000;cash;;WBA4TC1N515ZSXZJP
S001155;L0006051;C002440;D006;V035;A0063;17.02.2025;26.02.2025;7548000;financing;;WBA8RT0TY10EPS9KU
S002256;L0012190;C005867;D010;V007;A0102;25.10.2025;10.11.2025;14500000;financing;3260000;WBADNLV49J2G20AFK
S001683;L0009133;C005577;D004;V011;A0042;24.11.2025;27.12.2025;5986000;cash;;WBAA4N4FL4KY80LLP
S002057;L0011101;C000058;D003;V019;A0033;05.05.2025;22.05.2025;4465000;financing;;WBA5J0J4KN2LXRW2V
S002627;L0014257;C004933;D002;V032;A0023;31.07.2026;26.08.2026;5984000;cash;1660000;WBAMVT81Y81TXCKC7
S000453;L0002479;C005867;D003;V027;A0031;24.10.2025;03.11.2025;3459000;financing;;WBAK3ESXKCYU3V6NK
S002302;L0012450;C003758;D002;V026;A0022;12.06.2026;26.06.2026;2668000;financing;1330000;WBAJFM55N553UTNYJ
S001328;L0007148;C003788;D009;V004;A0091;16.01.2026;08.02.2026;4923000;cash;;WBAK14K0WWYNJ7FN1
S002050;L0011053;C000531;D005;V018;A0054;23.07.2026;30.08.2026;4428000;cash;;WBA8MWHXJ6MDR6HU4
S000881;L0004585;C004949;D005;V008;A0054;08.07.2025;14.07.2025;4069000;financing;;WBAKU8KY7G9T1GC5N
S002691;L0014654;C000294;D003;V002;A0032;23.05.2026;11.06.2026;3654000;financing;1580000;WBAWZ4YCNKZZTP8K3
S000624;L0003327;C001309;D006;V011;A0064;03.08.2026;09.08.2026;6027000;financing;;WBA7M8MTZKN8A280Y
S002394;L0012983;C001541;D004;V008;A0044;16.07.2026;08.08.2026;3935000;financing;;WBAB4S6L4WFUU7T4N
S002561;L0013861;C001917;D007;V017;A0072;06.06.2025;14.07.2025;4100000;financing;;WBAKG35HMGWF89DGD
S001788;L0009571;C002640;D001;V014;A0014;28.05.2025;11.06.2025;11946000;cash;;WBA7E3G29MC9ELJA7
S000263;L0001459;C002051;D007;V020;A0072;29.12.2025;17.01.2026;6292000;financing;;WBA6EEHS1G2LXL1UR
S001635;L0008880;C000207;D001;V025;A0011;15.08.2025;18.08.2025;2916000;financing;660000;WBAZHXAJGP51CLC1E
S001439;L0007788;C004715;D010;V006;A0101;30.05.2026;06.07.2026;7118000;financing;1780000;WBA6569CTK3JJFRCD
S002199;L0011906;C002456;D014;V017;A0144;07.08.2025;12.09.2025;3948000;financing;;WBALB01HCM2JACAJW
S001970;L0010640;C000697;D004;V026;A0044;31.01.2026;15.02.2026;2736000;financing;;WBA2MU795PM4DGUF1
S002521;L0013648;C005324;D002;V008;A0023;01.12.2025;26.12.2025;3962000;bank_transfer;;WBA6LVK1JJ6C7WFCP
S001803;L0009634;C003285;D003;V026;A0034;31.10.2025;06.12.2025;2761000;bank_transfer;;WBAB6181X2ZX6SLJY
S000641;L0003450;C005761;D010;V028;A0104;27.06.2026;30.06.2026;3699000;cash;1980000;WBAZ21FAZB4LUKF4P
S002386;L0012947;C005552;D003;V027;A0033;10.11.2025;10.12.2025;3435000;cash;;WBA5PT54YGGL7MWMY
S002616;L0014198;C002074;D007;V026;A0072;06.01.2026;14.01.2026;2663000;cash;;WBAXRJDBPSKRJEL49
S001960;L0010588;C005620;D003;V019;A0033;11.04.2025;26.04.2025;4454000;cash;;WBA6MKWBR90NHEDGT
S000489;L0002658;C001288;D004;V035;A0043;01.01.2026;01.02.2026;7280000;financing;;WBABC0CE6AKD95BV1
S001844;L0009868;C005251;D010;V027;A0101;03.05.2025;10.05.2025;3587000;cash;;WBAHB7PZYHXCKYJFK
S001735;L0009326;C001695;D003;V019;A0034;02.08.2025;28.08.2025;4420000;financing;;WBALY74GWPWYP8XMW
S000147;L0000836;C006167;D006;V017;A0062;23.02.2026;27.02.2026;3732000;cash;1010000;WBA4NEUYYR4XWAHBD
S001535;L0008296;C001956;D007;V009;A0073;01.07.2024;25.08.2025;4780000;financing;1380000;WBABBPYLMS5MUS2A3
S001987;L0010729;C002935;D014;V001;A0142;08.06.2026;29.06.2026;3132000;cash;;WBAEEW70ZDBPLMYF3
S001370;L0007396;C000106;D011;V014;A0114;02.01.2026;12.01.2026;11590000;financing;;WBAK7355M8VBNFTCF
S002451;L0013268;C002349;D010;V022;A0102;08.06.2026;29.06.2026;9591000;cash;;WBAL01D34883JSZ5A
S002708;L0014777;C001148;D002;V010;A0022;11.06.2025;17.06.2025;4385000;cash;;WBA3Y3C37EG0Z54JS
S000660;L0003555;C001459;D003;V011;A0031;01.06.2026;09.07.2026;6086000;financing;3180000;WBAAG4REXK7FUWEDF
S001795;L0009601;C002278;D006;V001;A0064;31.01.2026;13.03.2026;3195000;cash;;WBA6MLGBCW9JMJP8E
S002512;L0013595;C003803;D001;V028;A0014;17.02.2025;18.03.2025;3788000;cash;1840000;WBAV0R60F9JAVYH4A
S000187;L0001045;C003116;D001;V005;A0011;05.01.2026;14.01.2026;6659000;financing;;WBAEKKHZB1S4Y9DX7
S001148;L0006021;C004349;D009;V022;A0091;25.05.2026;16.06.2026;8952000;bank_transfer;;WBAENDR2EE50WWMBM
S000609;L0003214;C002766;D007;V021;A0074;17.08.2026;13.09.2026;7039000;cash;1530000;WBAJ4B19VGSE2DG06
S002192;L0011886;C003836;D014;V029;A0141;12.12.2025;01.01.2026;2959000;financing;;WBAPEMBS73LEA636P
S001931;L0010365;C003953;D001;V017;A0011;15.11.2025;21.12.2025;3893000;financing;;WBAYMJ2Y5D3P5RSZ6
S000198;L0001101;C001421;D003;V029;A0031;25.06.2025;28.07.2025;3102000;financing;;WBALM7YYBN3PN5EF0
S002328;L0012575;C000986;D002;V028;A0022;20.02.2026;12.03.2026;3896000;financing;;WBA5SH3WBLZCJ5KCU
S000294;L0001658;C000358;D002;V026;A0022;03.08.2026;25.08.2026;2852000;bank_transfer;;WBAZ1VL9JNVUTSAJP
S000767;L0004045;C001094;D004;V011;A0044;03.09.2025;02.10.2025;6276000;bank_transfer;;WBA4KB893MAJVJJ56
S000401;L0002235;C000901;D006;V004;A0061;03.09.2025;12.10.2025;4679000;financing;;WBAFF56K9Z8P0EKU5
S000123;L0000701;C005724;D014;V026;A0143;18.04.2025;08.05.2025;2736000;financing;;WBAG2HPG9EW3NZNMS
S000203;L0001125;C001590;D005;V019;A0054;27.08.2026;11.09.2026;4314000;bank_transfer;;WBAHW91G7JAJLUVW6
S000836;L0004385;C000104;D008;V001;A0083;06.07.2026;13.07.2026;3318000;financing;;WBA7TCV3U6EWSJTSV
S002295;L0012433;C005973;D005;V027;A0054;10.07.2026;08.08.2026;3643000;cash;;WBAZPEE7SBN6TCSPP
S001440;L0007799;C003966;D009;V017;A0092;23.01.2025;17.02.2025;3804000;financing;;WBADYCCWKEJCVL6M3
S001734;L0009325;C004781;D003;V001;A0031;16.10.2025;02.11.2025;3333000;cash;1480000;WBA8YACBUFR8TKJCZ
S001696;L0009192;C004048;D002;V026;A0024;12.06.2026;24.06.2026;2755000;cash;;WBAX384V6YJTEH6FU
S001708;L0009233;C002662;D004;V012;A0043;28.05.2026;23.06.2026;6953000;bank_transfer;;WBA6EBYW2VYRAB5H8
S002687;L0014618;C001213;D004;V032;A0044;08.05.2026;30.05.2026;5690000;bank_transfer;;WBAP4YP6EZR1Y20VV
S001154;L0006049;C002767;D004;V028;A0043;17.06.2026;01.07.2026;4000000;financing;;WBAE61CHHWA9BFERL
S001662;L0009043;C002833;D001;V028;A0011;03.10.2024;24.10.2024;3620000;financing;;WBA5JWEWP2ZKMZC2L
S002433;L0013174;C001547;D002;V032;A0024;27.11.2024;06.01.2025;5926000;financing;2050000;WBAJ1NCPAW7Z76JSD
S001760;L0009445;C005941;D008;V018;A0084;06.04.2026;16.04.2026;4409000;financing;;WBA2WMJARZW36EN6L
S000855;L0004494;C004613;D007;V025;A0072;14.10.2024;18.11.2024;3037000;cash;660000;WBARG3G3UGZNZY55T
S001590;L0008686;C001072;D001;V026;A0014;07.05.2025;30.05.2025;2852000;financing;;WBAV2C3CDGCX3APL0
S002268;L0012255;C005480;D010;V025;A0104;25.11.2024;03.01.2025;2892000;financing;;WBA1R27E8KALLXDHT
S000642;L0003454;C005273;D006;V003;A0063;14.04.2025;13.05.2025;4455000;financing;;WBAGL1JN6MZ7W0V88
S000002;L0000006;C001322;D001;V008;A0013;23.12.2024;07.01.2025;4091000;financing;;WBAV810T089HRUZLV
S002161;L0011747;C003345;D006;V035;A0064;02.07.2026;09.07.2026;7817000;financing;;WBAGVUFKVUV5GKKPP
S000699;L0003769;C005030;D002;V004;A0023;10.08.2026;24.08.2026;4866000;bank_transfer;;WBA2ZYYEV5GUPXSAP
S001637;L0008888;C002009;D004;V032;A0044;21.01.2026;23.02.2026;5911000;financing;;WBAX6F6YK6A98H25X
S001292;L0006936;C002922;D005;V026;A0053;13.10.2025;12.11.2025;2758000;cash;;WBAFVBR4XYPM9TMY4
S002638;L0014333;C000873;D010;V006;A0103;04.06.2026;23.06.2026;7387000;cash;;WBAL5THHZ60M7HJBW
S002490;L0013468;C003125;D010;V031;A0104;30.01.2025;02.03.2025;10163000;bank_transfer;;WBASSP86CPAKPFNJK
S001521;L0008248;C003833;D001;V031;A0012;24.11.2025;07.01.2026;10763000;bank_transfer;;WBAMNF81C222YAGRJ
S001854;L9970755;C005608;D008;V008;A0083;04.11.2024;14.11.2024;3985000;financing;;WBAFHN2E2F8THRU6F
S001137;L0005972;C005724;D007;V008;A0071;06.08.2026;17.09.2026;4126000;cash;;WBAW89XT7UNZPENJM
S002673;L0014521;C000941;D013;V010;A0131;27.12.2025;08.01.2026;4495000;cash;930000;WBAWA46ADV87S9U06
S001632;L0008871;C000439;D001;V023;A0014;06.06.2025;01.07.2025;14355000;bank_transfer;;WBA9A9KEKMZP991VC
S001999;L0010784;C002841;D011;V017;A0114;28.04.2026;11.06.2026;3827000;bank_transfer;1960000;WBARCY0N4MEXNAL3U
S000664;L0003570;C001124;D012;V026;A0121;01.06.2026;06.06.2026;2710000;cash;660000;WBAL87YRJ79YZUBDM
S000684;L0003710;C005440;D001;V016;A0012;12.08.2026;21.08.2026;5036000;financing;;WBAA65M0BJGVCF2DK
S001258;L0006680;C000768;D002;V009;A0024;14.04.2025;24.04.2025;4583000;cash;;WBAP02H2UK6P9GAUV
S000318;L0001813;C003886;D002;V022;A0022;25.11.2024;06.12.2024;8640000;financing;4160000;WBA1AFKDMCT6MJ4U8
S000649;L0003494;C006105;D002;V026;A0022;15.10.2024;26.10.2024;2827000;financing;;WBACL0XZBASTML8GT
S001435;L0007749;C005838;D003;V026;A0032;22.12.2025;07.01.2026;2804000;cash;;WBAFYNM4ZP7VAZ6WF
S001480;L0008010;C001266;D004;V002;A0042;14.07.2025;19.08.2025;3635000;cash;;WBA37S5CKR1YFJ7MC
S000710;L0003817;C001237;D007;V019;A0072;16.04.2026;27.04.2026;4500000;financing;;WBABLD4FXK17T81BR
S001283;L0006880;C004883;D007;V029;A0071;07.04.2026;26.04.2026;3057000;financing;;WBA6XYSH4W5P8XJN2
S001769;L0009464;C001316;D007;V031;A0072;06.06.2026;14.06.2026;10193000;cash;4220000;WBAWT8E0KN03081VF
S000973;L0005122;C005871;D002;V019;A0023;22.12.2025;28.01.2026;4072000;financing;;WBANG0TYZXVEZSEHK
S001307;L0007046;C000263;D001;V025;A0013;26.02.2026;24.03.2026;3050000;financing;;WBA8BR1R8SCSZFGG7
S001401;L0007586;C004565;D007;V023;A0074;08.06.2026;29.06.2026;15129000;financing;;WBAH8RWZ29ZTD7M03
S001409;L0007649;C002869;D001;V002;A0014;10.07.2026;16.07.2026;3635000;bank_transfer;;WBA39CNZ2YMJW6C16
S002238;L0012096;C002780;D007;V019;A0071;14.07.2026;04.08.2026;4100000;financing;;WBACP6BVEFMN2K1PX
S001497;L0008110;C005635;D013;V001;A0132;12.05.2025;25.05.2025;3378000;financing;;WBAT8RKWDALXF6PST
S002039;L0010989;C002016;D001;V025;A0014;15.12.2025;13.01.2026;2939000;financing;;WBAACRY0ADGEYHZCJ
S001530;L0008280;C001107;D004;V020;A0043;18.08.2025;02.09.2025;6322000;financing;;WBAYHVU4VLGM3GRC3
S001664;L0009053;C005041;D007;V001;A0073;30.12.2024;22.01.2025;3192000;cash;;WBAW9AW3C2TKVX1JT
S001355;L0007297;C001178;D002;V001;A0023;22.07.2026;25.07.2026;3271000;bank_transfer;;WBAGY35G30MHV8UMZ
S002697;L0014693;C001090;D003;V009;A0032;08.08.2025;17.09.2025;4688000;financing;2100000;WBA5P8MUYEYYST5GT
S002716;L0014844;C003969;D001;V019;A0012;21.11.2025;03.01.2026;4330000;financing;;WBA7UA4JVL793Z57R
S001644;L0008930;C003267;D003;V027;A0034;07.07.2025;21.07.2025;3510000;financing;;WBAPZPFXSH1PF4GJ1
S001052;L0005526;C004483;D004;V008;A0043;20.07.2026;31.07.2026;4183000;bank_transfer;;WBA7BPJ2C5BFB57F5
S000796;L0004191;C004371;D007;V018;A0071;29.05.2025;09.06.2025;4364000;financing;;WBAPTLA789J1T4R85
S001598;L0008721;C001554;D011;V017;A0111;11.05.2026;26.05.2026;3999000;cash;1570000;WBA7U7Y4VZZXCC0EH
S002605;L0014116;C004475;D006;V017;A0064;22.12.2025;28.01.2026;3929000;cash;;WBAWSTEL4HLJRHTC4
S001820;L0009704;C002283;D008;V009;A0081;05.02.2026;11.03.2026;4735000;cash;;WBA7R3YDHDFAB5FTK
S001723;L0009285;C000930;D001;V008;A0014;20.03.2025;02.05.2025;3952000;financing;;WBALZZ4MAA3GB82T0
S001184;L0006208;C001413;D005;V035;A0051;09.04.2026;13.04.2026;7348000;cash;;WBA24T667A1EEXJJP
S002573;L0013932;C005767;D004;V018;A0042;31.07.2026;01.09.2026;4419000;financing;;WBALVGH0L6D4RKNDA
S001060;L0005563;C001428;D002;V014;A0021;20.05.2025;25.05.2025;11807000;financing;;WBAPTEG1P4VJLWMZ4
S000541;L0002897;C001804;D002;V034;A0021;14.03.2026;29.03.2026;5846000;cash;;WBAC5NCZ2WL6B4WLZ
S001679;L0009124;C001777;D013;V010;A0133;15.01.2026;27.02.2026;4510000;financing;;WBA15G4J6BAZT0X2D
S002663;L0014485;C003009;D004;V017;A0041;08.05.2025;13.05.2025;3680000;bank_transfer;;WBAM80HENDMHWHP3R
S002533;L0013712;C003176;D004;V028;A0042;19.03.2025;30.03.2025;3925000;financing;1450000;WBAT14KGV9P23LVP6
S001758;L0009436;C002904;D003;V022;A0034;13.12.2024;11.01.2025;9416000;cash;4210000;WBA0NUD0BJAACR5K2
S001924;L0010329;C001562;D004;V025;A0044;09.05.2026;05.06.2026;2962000;cash;1480000;WBAA2LSFXLDB3TZN4
S000096;L0000530;C004859;D008;V008;A0082;11.06.2025;15.06.2025;4023000;financing;;WBA9CVHC0VGZPHC7V
S001021;L0005422;C002799;D013;V025;A0132;15.12.2025;26.12.2025;2943000;financing;;WBA75XGA71577JEG9
S000564;L0002976;C002428;D009;V010;A0091;14.07.2026;28.07.2026;4454000;cash;;WBAS36PMRH8ZG6FTB
S000864;L0004533;C004781;D013;V026;A0131;13.11.2025;23.12.2025;2688000;financing;;WBARR1J8EXZB52PCM
S001485;L0008052;C005950;D001;V025;A0012;15.01.2026;01.02.2026;2868000;cash;670000;WBAKJDS8JDYT1VSTB
S001882;L0010129;C003669;D003;V020;A0033;19.02.2026;29.03.2026;6017000;bank_transfer;2230000;WBAYS7GKULTNRJ85G
S001039;L0005486;C005231;D002;V035;A0021;20.07.2026;27.07.2026;7646000;financing;1760000;WBAZX5N0NWZVBD06H
S000207;L0001151;C000445;D001;V010;A0014;01.11.2025;24.11.2025;4288000;financing;;WBARM6CZTY9PKXWDT
S000393;L0002195;C002297;D003;V016;A0031;06.04.2026;09.05.2026;5164000;cash;;WBAGJ2PZCE072J3EZ
S000871;L0004551;C003662;D002;V003;A0021;03.10.2025;04.11.2025;4429000;financing;;WBA8EDDEE9X9MT1KW
S000398;L0002220;C001473;D004;V019;A0041;22.06.2026;05.08.2026;4401000;financing;;WBAGHXEE6TRFSMZB9
S002657;L0014470;C003193;D001;V025;A0011;22.03.2025;26.03.2025;2882000;bank_transfer;1170000;WBARW577FF2FR9U49
S001029;L0005459;C001803;D007;V010;A0072;04.05.2026;12.05.2026;4322000;financing;;WBAG7Y1ADZ9196DPU
S001486;L0008054;C005547;D001;V024;A0011;26.10.2024;02.12.2024;2409000;cash;730000;WBAYFV5J4EBM9UH55
S000961;L0005070;C001394;D006;V020;A0064;08.01.2026;13.01.2026;6154000;cash;;WBAAG9SHPAKGHJ2DK
S001571;L0008501;C001699;D008;V026;A0083;11.04.2026;30.04.2026;2882000;bank_transfer;;WBA6MX18EZ5D3JGSD
S001896;L0010198;C005064;D009;V002;A0094;09.12.2025;20.01.2026;3653000;bank_transfer;;WBAY1BWYGHD0UB36Z
S002147;L0011652;C005061;D002;V004;A0024;09.11.2024;12.12.2024;5003000;cash;;WBASU1WRSLT8JMB6V
S000805;L0004218;C004476;D004;V020;A0041;30.01.2025;09.02.2025;6300000;cash;1130000;WBAJELDWPJ6H4L8HN
S001752;L0009406;C005243;D005;V004;A0054;01.03.2025;30.03.2025;4938000;financing;;WBAD7PTCHSVUCC8K7
S002455;L0013298;C002847;D003;V025;A0032;02.07.2026;22.07.2026;2893000;financing;;WBA3B731C4W0UF1UG
S000503;L0002711;C005864;D004;V028;A0044;04.07.2025;17.07.2025;3661000;bank_transfer;;WBA8A4MF5TWUA5VV3
S000780;L0004110;C001695;D001;V032;A0012;13.03.2026;28.03.2026;5858000;financing;;WBAYSJ94682UAP4VU
S001864;L9493666;C002088;D006;V017;A0061;14.02.2026;13.03.2026;4030000;cash;;WBAY9R07HEGV20T9V
S000201;L0001117;C002084;D001;V026;A0013;12.01.2026;19.01.2026;2706000;bank_transfer;;WBAZC7SJNA1WLTSBA
S002183;L0011841;C005025;D001;V018;A0014;13.04.2026;21.05.2026;4320000;cash;2250000;WBAWXCM42YUBSTNZH
S002089;L0011278;C005592;D012;V012;A0124;11.06.2026;22.06.2026;6890000;cash;3170000;WBAZRZ8JN2ECTYPX6
S002279;L0012345;C003600;D007;V029;A0072;04.08.2026;25.08.2026;3248000;financing;;WBA47483KXZW1600K
S001797;L0009603;C000910;D004;V012;A0043;29.10.2024;01.11.2024;6574000;bank_transfer;;WBAERGHSVBXXU2HE3
S000379;L0002110;C001037;D008;V017;A0081;25.11.2025;31.12.2025;3955000;financing;;WBABF99LRBT1GZAPN
S002337;L0012630;C002303;D011;V002;A0111;06.03.2025;04.04.2025;3886000;financing;;WBAA8E81ATVF5ULJV
S000419;L0002343;C003463;D003;V029;A0034;13.01.2026;18.02.2026;3065000;financing;600000;WBADCPCXG7GG5R93N
S001699;L0009201;C000549;D014;V009;A0141;02.04.2025;06.05.2025;4698000;bank_transfer;;WBAFYJ0CHLHCM0D6V
S000392;L0002187;C000213;D001;V020;A0011;15.11.2025;19.12.2025;6362000;financing;;WBA8RGH2RV7YNM4ED
S002641;L0014342;C003136;D005;V027;A0053;20.10.2025;26.10.2025;3529000;cash;;WBANVMDAXL72482TF
S001523;L0008252;C002293;D004;V002;A0044;17.01.2025;04.02.2025;3697000;cash;1420000;WBA6K9JTGRNFZJ1EC
S001163;L0006094;C005022;D014;V010;A0142;23.01.2026;25.02.2026;4349000;financing;;WBALKJ42EM70UV7Z3
S001496;L0008109;C001054;D002;V036;A0024;25.04.2026;10.05.2026;13500000;bank_transfer;;WBA050JVCDK9LAHTV
S002028;L0010919;C001298;D014;V028;A0144;09.07.2025;03.08.2025;3914000;financing;;WBA4R4WWF5GRWB3J4
S001153;L0006045;C000770;D013;V009;A0133;14.10.2025;27.10.2025;4639000;bank_transfer;;WBAKLS61A6WFCBTGV
S001368;L0007380;C005589;D002;V019;A0024;03.01.2025;16.02.2025;4093000;cash;;WBA3HF3CVS78BA43P
S002569;L0013920;C002115;D004;V029;A0042;23.11.2024;28.12.2024;3208000;cash;;WBA43BDPRUT794XV1
S000065;L0000377;C003143;D002;V027;A0022;25.06.2025;21.07.2025;3454000;cash;;WBAV07RJTFRFMNF7W
S002063;L0011129;C005519;D003;V029;A0031;07.10.2025;12.11.2025;3220000;financing;;WBATZCMPG6ZA1GJ13
S001181;L0006192;C005377;D003;V026;A0032;02.06.2026;24.06.2026;2835000;financing;1220000;WBAJ804G44J54Z5HJ
S000493;L0002674;C005404;D003;V020;A0033;02.07.2026;11.07.2026;6394000;financing;2730000;WBAJ2NG2FAG5V3L08
S000380;L0002112;C000052;D001;V010;A0014;20.08.2025;28.09.2025;4451000;financing;;WBA2M09K34U9L0Y8V
S002236;L0012092;C000825;D004;V018;A0042;15.05.2026;21.06.2026;4700000;financing;;WBAUE8DSRK4H8HC1N
S000764;L0004035;C001587;D002;V022;A0021;01.12.2025;08.01.2026;9091000;cash;;WBAXY9D5FUCA0CFCA
S002265;L0012236;C001619;D013;V034;A0133;02.07.2025;11.07.2025;6011000;cash;1370000;WBA4DA2LM1WJ32KK1
S000792;L0004175;C002895;D007;V028;A0074;18.08.2025;06.09.2025;3593000;cash;;WBABXRX5M95SRE6YD
S001077;L0005620;C000607;D008;V010;A0082;09.05.2026;27.05.2026;4452000;financing;;WBALN4VRY7XN11XCY
S000879;L0004580;C003178;D004;V027;A0041;06.05.2026;17.06.2026;3453000;cash;;WBAXD1LBB4ZVDYZWC
S000338;L0001921;C000993;D005;V026;A0051;17.12.2025;27.12.2025;2758000;financing;;WBALKTMHCD1TSP0ZF
S002344;L0012669;C001913;D014;V011;A0144;24.03.2026;04.04.2026;6156000;financing;;WBA6UD6E36HWX5HY3
S001017;L0005395;C000491;D006;V017;A0064;19.11.2024;03.12.2024;3934000;financing;;WBA4SYDU69PDPFRH0
S001276;L0006801;C000084;D001;V010;A0012;27.09.2024;01.11.2024;4526000;financing;;WBAKARXT8Y4CCK7P1
S000456;L0002490;C004576;D002;V010;A0021;05.06.2026;07.07.2026;4272000;cash;;WBA0FFZNTAVCREXDX
S000816;L0004290;C000095;D002;V032;A0023;09.10.2025;18.11.2025;5758000;financing;;WBAHEDLSY9335YCKY
S002318;L0012519;C003902;D001;V028;A0011;06.05.2025;18.05.2025;3820000;financing;1680000;WBADRFNX7AG1MBFGC
S000996;L0005241;C003144;D002;V029;A0022;30.09.2024;08.11.2024;3240000;financing;;WBAZA7DWRH8VVL5WP
S001982;L0010705;C002397;D001;V033;A0011;09.03.2026;07.04.2026;5150000;cash;;WBA3NG5RMME1UY1SJ
S000202;L0001123;C000824;D009;V018;A0093;13.10.2025;19.10.2025;4342000;cash;;WBAEP47RHAMGDU5SK
S000162;L0000906;C005698;D007;V003;A0074;25.12.2025;05.01.2026;4374000;bank_transfer;;WBA35GURL142W1WR5
S001580;L0008601;C000837;D006;V016;A0064;23.04.2025;16.05.2025;5198000;cash;;WBAA96X0XFVGX35CR
S002450;L0013257;C002694;D010;V010;A0102;12.06.2025;26.07.2025;4349000;bank_transfer;;WBASKU5XL6R6PP2DV
S000703;L0003785;C005092;D002;V020;A0024;29.08.2025;17.09.2025;6106000;cash;1720000;WBAKE1A2VAGKG0DZU
S001501;L0008125;C003932;D011;V009;A0114;30.03.2026;20.04.2026;4566000;financing;;WBAUHN3ZMASM26LVB
S001130;L0005927;C001279;D002;V028;A0023;10.04.2026;11.05.2026;3778000;financing;;WBA9GA86UCT93250X
S002614;L0014185;C002125;D001;V004;A0012;03.03.2026;03.04.2026;4880000;cash;;WBAX7NEN21STT3XSL
S001022;L0005423;C003322;D002;V028;A0023;02.06.2025;17.06.2025;3873000;financing;;WBALDJB4ED81PAJ5Z
S001586;L0008663;C002909;D001;V017;A0014;23.06.2026;10.07.2026;3809000;cash;1210000;WBA0UJXXYWB5DU2EP
S001956;L0010564;C005288;D001;V024;A0014;02.03.2026;16.03.2026;2608000;bank_transfer;;WBAZ3Y39A8F7SCF2Z
S002254;L0012183;C003328;D001;V008;A0012;14.03.2026;27.04.2026;4069000;financing;;WBAAFDX95F0LCKMXN
S000035;L0000185;C005370;D006;V007;A0064;09.07.2026;14.08.2026;13700000;financing;;WBA32PFXSW091472V
S000776;L0004095;C000305;D002;V029;A0022;28.04.2026;10.05.2026;3174000;financing;490000;WBASD77F83E833L8V
S002557;L0013849;C001307;D003;V035;A0034;24.05.2025;19.06.2025;7782000;bank_transfer;3700000;WBADSJFD177TPGK1J
S001479;L0008009;C001823;D001;V033;A0012;05.01.2026;13.01.2026;5075000;financing;;WBAM4C01EBPJBHVDR
S001391;L0007535;C001611;D001;V029;A0012;10.01.2025;12.02.2025;3171000;financing;;WBAZ2TRHN9KX52UR1
S002140;L0011608;C003858;D007;V027;A0073;28.04.2025;06.05.2025;3443000;cash;;WBA9VHBRAC78GCKFP
S001364;L0007376;C005240;D008;V010;A0082;29.09.2025;15.10.2025;4600000;financing;;WBA2XGJP69SS520AS
S002613;L0014175;C005226;D004;V002;A0041;09.10.2024;12.11.2024;3814000;financing;;WBAZ75A90M0DR5LGU
S002042;L0011006;C001644;D003;V035;A0032;18.07.2025;10.08.2025;7471000;financing;2020000;WBA7XCAPDLTMB3WN3
S000242;L0001321;C003628;D002;V010;A0024;27.01.2026;04.03.2026;4310000;cash;;WBAMG44DHASKJ6ZB9
S002062;L0011127;C005079;D007;V011;A0071;06.03.2026;09.03.2026;6079000;bank_transfer;;WBAYZH3X081K9L2BT
S002364;L0012808;C004385;D010;V004;A0102;05.01.2026;14.02.2026;4901000;cash;;WBANNPTM6CGZD0V5B
S000601;L0003151;C003697;D005;V025;A0052;23.04.2026;28.04.2026;2749000;bank_transfer;;WBAA7XB4KRBWNNR4F
S002436;L0013180;C005767;D004;V026;A0041;02.12.2024;13.01.2025;2813000;financing;;WBAFSP9WUKZ8ED7NX
S001298;L0006968;C004913;D009;V010;A0091;15.01.2026;01.02.2026;4312000;cash;;WBAEHC4SVD3AB0CE6
S002215;L0011985;C004759;D006;V031;A0061;02.06.2026;08.07.2026;10569000;cash;;WBAXFDJ64AMFJ2Z13
S002069;L0011153;C000572;D009;V034;A0093;10.04.2025;25.04.2025;5854000;financing;;WBA5ZM5H4HBGSSKVZ
S000647;L0003491;C005442;D003;V025;A0032;08.09.2025;20.09.2025;2960000;financing;;WBA4D28JRJ1ASTF8E
S001529;L0008278;C002504;D005;V023;A0054;02.01.2025;13.02.2025;15792000;financing;;WBA9UC2U2B89CVRRD
S001268;L0006753;C000647;D009;V004;A0094;26.08.2026;17.09.2026;4624000;cash;;WBANJA5238T7DV9WG
S001900;L0010219;C003263;D008;V004;A0084;08.03.2025;28.03.2025;4778000;financing;810000;WBAFE490JS2JARJMV
S000563;L0002975;C005274;D007;V036;A0073;06.08.2026;03.09.2026;12941000;cash;;WBAD133ZBVT1K8PJG
S000190;L0001052;C001081;D002;V017;A0024;11.02.2026;20.02.2026;3798000;bank_transfer;;WBA43AG88Z3PN2ENL
S001807;L0009645;C002616;D005;V026;A0053;18.09.2024;01.11.2024;2699000;cash;570000;WBANRZKABXEFDLG1M
S000976;L0005142;C005947;D002;V008;A0022;25.05.2026;22.06.2026;3978000;bank_transfer;;WBA43W9JGRZYKE3ZZ
S002048;L0011051;C001853;D003;V033;A0034;01.06.2026;25.06.2026;4797000;cash;1450000;WBAUZTFK9DFE34HMU
S002559;L0013855;C000192;D007;V024;A0073;27.12.2025;07.01.2026;2540000;financing;830000;WBASYZ9WLJM9MSKX3
S001083;L0005648;C004781;D001;V003;A0013;13.10.2025;11.11.2025;4353000;financing;;WBAWHW41Z7CJPA966
S000475;L0002589;C002268;D010;V026;A0101;02.06.2025;29.06.2025;2861000;financing;730000;WBARV6N7RWYWJC8YU
S000748;L0003968;C003846;D013;V008;A0134;04.07.2026;14.08.2026;4044000;cash;;WBAW1086GDWXX5L43
S002301;L0012449;C002271;D001;V029;A0011;31.05.2025;09.06.2025;3166000;cash;890000;WBAE2PJJZG53850KM
S000022;L0000112;C002138;D003;V024;A0031;22.10.2025;19.11.2025;2560000;cash;;WBAACGGYVVS9YWDBG
S000460;L0002515;C000368;D005;V017;A0051;29.07.2026;04.08.2026;3767000;cash;;WBAH7AEBAJESP3J4Y
S001185;L0006213;C002169;D004;V019;A0042;12.08.2026;21.09.2026;4309000;financing;;WBAVARANEZLGWEHV1
S002325;L0012557;C003891;D004;V016;A0044;30.07.2025;13.08.2025;4951000;financing;;WBA5KGNP5JZ7MB58G
S000956;L0005047;C001411;D012;V027;A0123;21.05.2025;26.05.2025;3454000;financing;;WBAZJ33DK39S1Y4PB
S001216;L0006444;C000986;D001;V008;A0012;06.07.2026;19.07.2026;4031000;financing;;WBAEE05VM8NVD2FAS
S002434;L0013175;C000234;D003;V021;A0031;23.03.2026;05.05.2026;7260000;financing;1390000;WBAPC7A82G509XAGJ
S001516;L0008217;C003621;D003;V027;A0034;29.10.2025;12.12.2025;3499000;cash;;WBA5Z2FHNSFHGH1FZ
S002392;L0012975;C000659;D010;V031;A0102;18.07.2025;12.08.2025;10358000;cash;;WBAPW1MCFA5SXT3K3
S000770;L0004054;C001993;D005;V019;A0054;04.07.2026;29.07.2026;4430000;cash;1850000;WBAMX6YF7NHB5JPTC
S001686;L0009150;C003708;D004;V032;A0044;16.06.2026;29.07.2026;5810000;cash;1700000;WBA9LY11ZJ4LJE4UF
S000131;L0000745;C001791;D006;V025;A0064;22.07.2025;26.07.2025;2912000;bank_transfer;1370000;WBA7A2SBTNV861W9R
S002136;L0011570;C005114;D008;V027;A0082;12.03.2025;18.04.2025;3609000;cash;;WBAD407KL6XU79N7N
S001483;L0008020;C004982;D009;V003;A0093;23.06.2026;19.07.2026;4395000;bank_transfer;;WBA7F2N6DG7JTD02U
S000331;L0001887;C002943;D003;V025;A0032;04.07.2026;24.07.2026;2954000;bank_transfer;;WBA7MNCVHCEAAE5E0
S001239;L0006593;C000603;D001;V022;A0011;10.05.2025;16.05.2025;9406000;financing;2580000;WBAW2CFB8KBNKPJ2W
S000467;L0002565;C004121;D003;V010;A0033;21.04.2025;24.05.2025;4361000;bank_transfer;;WBAH9CH64CD00NWAK
S002170;L0011769;C005660;D003;V019;A0033;08.03.2025;17.04.2025;4245000;bank_transfer;;WBA56RRRNNY1KWY8C
S001639;L0008893;C003360;D004;V002;A0041;10.05.2025;29.05.2025;3717000;financing;;WBANBKJFMVZKS4EU6
S001096;L0005731;C001258;D005;V003;A0053;20.01.2025;28.01.2025;4297000;cash;;WBAG6TFNEESBKH23Z
S001131;L0005935;C004220;D001;V008;A0011;07.03.2026;21.03.2026;3922000;bank_transfer;;WBAV0SDNE0G7PW70T
S001295;L0006950;C000994;D002;V025;A0021;28.02.2026;27.03.2026;3045000;cash;;WBA8BDGUCTZF3CX7G
S000861;L0004525;C005778;D001;V008;A0013;10.03.2025;26.03.2025;4002000;financing;;WBA0VJDWJRU2E4Y1S
