TEKLIF_NO;LEAD_ID;ARAC_KODU;BAYI_KODU;TEKLIF_TARIHI;LISTE_FIYATI;ISKONTO_ORANI;NET_FIYAT;FINANSMAN;GECERLILIK_TARIHI;TEKLIF_DURUMU
O000001;L0000004;V024;D008;13.04.2026;2650000;0,0;2650000;H;27.04.2026;accepted
O000002;L0000005;V030;D002;26.12.2024;11900000;2,49;11603000;E;09.01.2025;rejected
O000003;L0000006;V008;D001;10.12.2024;4200000;2,57;4091000;E;24.12.2024;accepted
O000004;L0000007;V018;D001;16.04.2025;4700000;6,55;4392000;H;30.04.2025;rejected
O000005;L0000008;V020;D006;24.06.2025;6600000;6,42;6176000;H;08.07.2025;rejected
O000006;L0000009;V010;D004;03.07.2025;4600000;0,8;4563000;H;17.07.2025;rejected
O000007;L0000011;V024;D013;19.08.2026;2650000;0,0;2650000;E;02.09.2026;accepted
O000008;L0000012;V019;D009;30.03.2026;4500000;2,16;4402000;E;13.04.2026;accepted
O000009;L0000014;V019;D009;17.12.2025;4500000;5,97;4231000;H;31.12.2025;rejected
O000010;L0000015;V033;D001;29.11.2025;5400000;1,53;5317000;H;13.12.2025;rejected
O000011;L0000016;V031;D003;13.07.2026;10800000;5,77;10176000;E;27.07.2026;accepted
O000012;L0000017;V025;D001;29.09.2025;3050000;5,45;2883000;H;13.10.2025;rejected
O000013;L0000018;V038;D003;16.06.2025;22000000;1,35;21703000;E;30.06.2025;rejected
O000014;L0000023;V025;D008;18.11.2024;3050000;5,2;2891000;H;02.12.2024;rejected
O000015;L0000025;V005;D005;08.08.2026;6900000;4,94;6559000;E;22.08.2026;rejected
O000016;L0000027;V019;D007;28.02.2025;4500000;7,24;4173000;H;14.03.2025;accepted
O000017;L0000029;V001;D014;23.02.2026;3450000;0,0;3450000;H;09.03.2026;rejected
O000018;L0000030;V013;D002;13.12.2025;11200000;4,31;10717000;H;27.12.2025;rejected
O000019;L0000031;V010;D006;07.04.2025;4600000;3,89;4420000;H;21.04.2025;accepted
O000020;L0000032;V024;D001;16.03.2026;2650000;7,43;2453000;E;30.03.2026;rejected
O000021;L0000033;V018;D013;24.06.2025;4700000;0,85;4660000;E;08.07.2025;rejected
O000022;L0000034;V025;D006;10.03.2026;3050000;2,74;2966000;H;24.03.2026;accepted
O000023;L0000036;V016;D003;28.04.2025;5300000;9,4;4802000;E;12.05.2025;accepted
O000024;L0000037;V013;D004;26.05.2025;11200000;7,25;10388000;E;09.06.2025;accepted
O000025;L0000040;V026;D011;28.05.2026;2900000;7,93;2670000;E;11.06.2026;accepted
O000026;L0000041;V033;D002;28.03.2026;5400000;4,71;5145000;E;11.04.2026;rejected
O000027;L0000043;V003;D009;28.07.2026;4650000;3,4;4491000;E;11.08.2026;rejected
O000028;L0000044;V028;D003;27.10.2025;4000000;7,09;3716000;E;10.11.2025;accepted
O000029;L0000045;V021;D004;18.11.2024;7400000;3,56;7136000;E;02.12.2024;rejected
O000030;L0000047;V019;D012;25.06.2026;4500000;5,89;4234000;E;09.07.2026;accepted
O000031;L0000050;V003;D004;10.07.2026;4650000;4,93;4420000;E;24.07.2026;rejected
O000032;L0000052;V019;D002;25.08.2026;4500000;6,06;4227000;H;08.09.2026;accepted
O000033;L0000055;V019;D003;25.08.2025;4500000;3,76;4330000;E;08.09.2025;rejected
O000034;L0000063;V033;D001;14.02.2026;5400000;5,46;5105000;E;28.02.2026;rejected
O000035;L0000065;V009;D002;01.06.2026;4900000;10,82;4369000;H;15.06.2026;rejected
O000036;L0000066;V016;D012;01.05.2026;5300000;2,52;5166000;E;15.05.2026;accepted
O000037;L0000067;V027;D009;04.08.2025;3700000;0,0;3700000;H;18.08.2025;rejected
O000038;L0000069;V010;D004;05.03.2026;4600000;7,03;4276000;E;19.03.2026;accepted
O000039;L0000071;V017;D006;18.12.2025;4100000;1,6;4034000;E;01.01.2026;rejected
O000040;L0000074;V005;D002;13.05.2026;6900000;7,64;6373000;H;27.05.2026;accepted
O000041;L0000075;V033;D011;30.06.2026;5400000;3,06;;H;14.07.2026;accepted
O000042;L0000079;V003;D002;25.05.2026;4650000;8,52;4253000;E;08.06.2026;accepted
O000043;L0000087;V024;D001;10.04.2026;2650000;4,87;2520000;E;24.04.2026;accepted
O000044;L0000091;V037;D001;04.06.2026;17500000;2,37;17084000;H;18.06.2026;rejected
O000045;L0000093;V019;D012;20.04.2026;4500000;3,21;4355000;E;04.05.2026;rejected
O000046;L0000098;V021;D003;18.05.2026;7400000;4,31;7081000;E;01.06.2026;rejected
O000047;L0000100;V029;D004;28.11.2025;3300000;7,16;3063000;H;12.12.2025;accepted
O000048;L0000104;V033;D001;26.08.2026;5400000;3,24;5225000;E;09.09.2026;open
O000049;L0000107;V032;D002;23.05.2025;6200000;5,92;5832000;H;06.06.2025;rejected
O000050;L0000108;V012;D010;01.09.2025;7100000;3,57;6846000;H;15.09.2025;rejected
O000051;L0000109;V025;D003;27.02.2026;3050000;4,78;2904000;H;13.03.2026;rejected
O000052;L0000110;V007;D008;16.09.2025;14500000;2,36;14158000;H;30.09.2025;rejected
O000053;L0000111;V008;D010;19.02.2026;4200000;2,11;4111000;H;05.03.2026;rejected
O000054;L0000112;V024;D003;11.10.2025;2650000;3,38;2560000;H;25.10.2025;accepted
O000055;L0000114;V032;D006;05.09.2025;6200000;2,49;6045000;H;19.09.2025;accepted
O000056;L0000116;V029;D006;16.01.2026;3300000;1,11;3263000;H;30.01.2026;rejected
O000057;L0000117;V001;D009;28.11.2024;3450000;1,79;3388000;E;12.12.2024;rejected
O000058;L0000118;V034;D012;06.12.2025;6100000;3,34;5896000;E;20.12.2025;rejected
O000059;L0000121;V019;D009;02.02.2026;4500000;1,22;4445000;E;16.02.2026;rejected
O000060;L0000123;V006;D007;22.09.2025;7800000;8,24;7156000;H;06.10.2025;accepted
O000061;L0000125;V011;D001;21.07.2025;6400000;3,96;6146000;H;04.08.2025;accepted
O000062;L0000126;V031;D005;04.11.2024;10800000;5,97;10154000;H;18.11.2024;rejected
O000063;L0000127;V026;D005;30.09.2025;2900000;4,04;2782000;H;14.10.2025;rejected
O000064;L0000128;V027;D001;21.01.2026;3700000;4,53;3532000;H;04.02.2026;rejected
O000065;L0000129;V027;D006;28.03.2025;3700000;0,0;3700000;H;11.04.2025;rejected
O000066;L0000130;V011;D003;04.08.2026;6400000;2,62;6232000;E;18.08.2026;rejected
O000067;L0000131;V026;D006;30.12.2024;2900000;0,54;2884000;E;13.01.2025;accepted
O000068;L0000136;V034;D007;20.03.2025;6100000;6,14;5725000;E;03.04.2025;rejected
O000069;L0000138;V029;D014;28.11.2025;3300000;5,95;3103000;E;12.12.2025;accepted
O000070;L0000139;V031;D002;20.04.2026;10800000;4,07;10360000;H;04.05.2026;accepted
O000071;L0000143;V026;D007;20.04.2026;2900000;5,69;2734000;H;04.05.2026;accepted
O000072;L0000144;V028;D002;21.12.2024;4000000;6,43;3742000;H;04.01.2025;rejected
O000073;L0000145;V024;D004;18.03.2026;2650000;7,78;2443000;H;01.04.2026;accepted
O000074;L0000146;V008;D008;05.09.2025;4200000;3,98;4032000;E;19.09.2025;rejected
O000075;L0000151;V032;D006;04.11.2025;6200000;7,31;5747000;H;18.11.2025;rejected
O000076;L0000156;V024;D002;18.05.2026;2650000;6,05;2489000;H;01.06.2026;accepted
O000077;L0000158;V026;D005;03.02.2026;2900000;5,49;;E;17.02.2026;accepted
O000078;L0000159;V026;D012;04.05.2026;2900000;5,77;2732000;H;18.05.2026;accepted
O000079;L0000160;V021;D003;04.08.2025;7400000;1,93;7257000;E;18.08.2025;rejected
O000080;L0000163;V028;D007;26.01.2026;4000000;5,36;3785000;H;09.02.2026;rejected
O000081;L0000165;V019;D004;26.05.2025;4500000;6,08;4226000;E;09.06.2025;rejected
O000082;L0000166;V026;D014;21.08.2026;2900000;9,04;2637000;H;04.09.2026;expired
O000083;L0000168;V028;D003;09.03.2026;4000000;5,78;3768000;H;23.03.2026;accepted
O000084;L0000173;V029;D003;25.01.2025;3300000;7,42;3055000;E;08.02.2025;rejected
O000085;L0000180;V003;D008;30.03.2026;4650000;4,68;4432000;E;13.04.2026;rejected
O000086;L0000184;V028;D004;10.08.2026;4000000;0,73;3970000;H;24.08.2026;rejected
O000087;L0000185;V007;D006;01.07.2026;14500000;5,51;13700000;E;15.07.2026;accepted
O000088;L0000186;V012;D008;05.08.2025;7100000;10,4;6361000;H;19.08.2025;rejected
O000089;L0000188;V008;D007;19.06.2026;4200000;9,49;3801000;H;03.07.2026;rejected
O000090;L0000190;V034;D004;02.01.2026;6100000;6,42;5708000;H;16.01.2026;rejected
O000091;L0000191;V009;D002;25.12.2025;4900000;3,55;4726000;E;08.01.2026;accepted
O000092;L0000193;V023;D001;13.11.2025;15900000;1,21;15707000;E;27.11.2025;rejected
O000093;L0000196;V013;D002;03.09.2025;11200000;3,89;10764000;H;17.09.2025;accepted
O000094;L0000198;V011;D001;19.12.2025;6400000;3,23;6193000;E;02.01.2026;rejected
O000095;L0000199;V031;D003;20.11.2025;10800000;2,4;10541000;H;04.12.2025;rejected
O000096;L0000201;V002;D003;24.09.2025;3900000;5,77;3674000;E;08.10.2025;rejected
O000097;L0000204;V005;D010;31.01.2026;6900000;6,04;6483000;H;14.02.2026;rejected
O000098;L0000207;V011;D006;03.01.2026;6400000;3,1;6201000;E;17.01.2026;rejected
O000099;L0000208;V010;D011;01.12.2025;4600000;9,24;4175000;E;15.12.2025;rejected
O000100;L0000209;V031;D004;15.06.2026;10800000;2,51;10529000;H;29.06.2026;rejected
O000101;L0000213;V032;D003;13.01.2026;6200000;2,51;6044000;H;27.01.2026;rejected
O000102;L0000218;V022;D003;26.02.2026;9800000;5,6;9251000;H;12.03.2026;rejected
O000103;L0000221;V026;D009;27.09.2025;2900000;6,34;2716000;E;11.10.2025;rejected
O000104;L0000222;V024;D006;29.01.2025;2650000;1,35;2614000;E;12.02.2025;rejected
O000105;L0000226;V017;D008;01.11.2024;4100000;2,35;4003000;H;15.11.2024;rejected
O000106;L0000228;V019;D005;19.12.2025;4500000;3,83;4327000;E;02.01.2026;accepted
O000107;L0000229;V010;D012;13.08.2026;4600000;2,67;4477000;H;27.08.2026;rejected
O000108;L0000230;V002;D006;21.12.2024;3900000;8,37;3573000;E;04.01.2025;accepted
O000109;L0000231;V033;D005;27.08.2026;5400000;7,03;5020000;E;10.09.2026;open
O000110;L0000232;V029;D006;06.12.2024;3300000;6,26;3093000;H;20.12.2024;accepted
O000111;L0000237;V021;D003;13.06.2026;7400000;2,38;7223000;E;27.06.2026;rejected
O000112;L0000241;V025;D009;04.08.2026;3050000;4,88;2901000;H;18.08.2026;accepted
O000113;L0000246;V024;D004;27.10.2025;2650000;5,72;2498000;E;10.11.2025;rejected
O000114;L0000248;V002;D013;06.10.2025;3900000;5,21;3696000;H;20.10.2025;rejected
O000115;L0000256;V015;D014;19.11.2025;16800000;2,67;16351000;H;03.12.2025;rejected
O000116;L0000259;V010;D001;06.06.2025;4600000;8,04;;H;20.06.2025;accepted
O000117;L0000267;V009;D001;30.03.2026;4900000;2,57;4773000;E;13.04.2026;accepted
O000118;L0000269;V014;D007;04.06.2026;12300000;5,65;11605000;E;18.06.2026;rejected
O000119;L0000271;V021;D006;15.04.2026;7400000;3,45;7144000;H;29.04.2026;rejected
O000120;L0000276;V003;D005;27.01.2025;4650000;2,63;4527000;E;10.02.2025;rejected
O000121;L0000277;V027;D004;12.05.2025;3700000;2,31;3614000;H;26.05.2025;rejected
O000122;L0000281;V015;D003;06.03.2026;16800000;4,12;16108000;H;20.03.2026;rejected
O000123;L0000282;V034;D014;20.04.2026;6100000;5,88;5741000;H;04.05.2026;rejected
O000124;L0000283;V026;D004;29.10.2024;2900000;8,1;2665000;H;12.11.2024;accepted
O000125;L0000290;V025;D002;22.09.2025;3050000;4,73;2905000;H;06.10.2025;accepted
O000126;L0000291;V010;D001;17.08.2026;4600000;4,22;4406000;E;31.08.2026;accepted
O000127;L0000295;V026;D003;14.08.2026;2900000;4,05;2782000;E;28.08.2026;accepted
O000128;L0000300;V019;D007;15.11.2025;4500000;1,03;4453000;H;29.11.2025;rejected
O000129;L0000301;V028;D008;15.04.2026;4000000;2,75;3890000;E;29.04.2026;rejected
O000130;L0000303;V028;D009;04.05.2026;4000000;0,0;4000000;E;18.05.2026;accepted
O000131;L0000307;V027;D003;20.03.2026;3700000;4,68;3526000;H;03.04.2026;accepted
O000132;L0000308;V027;D013;01.09.2025;3700000;4,9;3518000;E;15.09.2025;rejected
O000133;L0000310;V026;D010;25.10.2025;2900000;7,8;2673000;H;08.11.2025;rejected
O000134;L0000311;V027;D007;21.11.2025;3700000;3,86;3557000;E;05.12.2025;rejected
O000135;L0000312;V004;D003;15.06.2026;5100000;0,0;5100000;H;29.06.2026;rejected
O000136;L0000313;V010;D008;14.01.2025;4600000;7,78;4242000;H;28.01.2025;accepted
O000137;L0000314;V023;D003;10.08.2026;15900000;1,85;15606000;H;24.08.2026;accepted
O000138;L0000317;V027;D008;28.07.2025;3700000;2,1;3622000;E;11.08.2025;accepted
O000139;L0000318;V001;D009;07.08.2026;3450000;2,71;3356000;E;21.08.2026;accepted
O000140;L0000320;V027;D010;01.12.2025;3700000;7,61;3418000;E;15.12.2025;accepted
O000141;L0000321;V028;D011;31.12.2024;4000000;8,67;3653000;H;14.01.2025;accepted
O000142;L0000323;V028;D001;15.02.2025;4000000;6,33;3746000;H;01.03.2025;rejected
O000143;L0000324;V008;D003;12.09.2025;4200000;4,35;4017000;H;26.09.2025;rejected
O000144;L0000325;V002;D004;30.01.2026;3900000;5,87;3670000;E;13.02.2026;rejected
O000145;L0000328;V021;D012;05.08.2026;7400000;2,84;7189000;E;19.08.2026;rejected
O000146;L0000329;V004;D005;18.01.2025;5100000;2,41;4977000;H;01.02.2025;rejected
O000147;L0000333;V006;D001;15.12.2025;7800000;8,23;7158000;H;29.12.2025;accepted
O000148;L0000335;V013;D010;17.12.2025;11200000;6,49;10473000;H;31.12.2025;accepted
O000149;L0000337;V020;D004;17.02.2026;6600000;8,41;6045000;E;03.03.2026;accepted
O000150;L0000339;V034;D005;07.04.2025;6100000;6,63;5695000;H;21.04.2025;rejected
O000151;L0000345;V011;D004;19.08.2025;6400000;2,55;6236000;H;02.09.2025;accepted
O000152;L0000347;V018;D008;20.11.2024;4700000;4,91;4469000;E;04.12.2024;accepted
O000153;L0000348;V035;D011;21.06.2025;7900000;1,72;7764000;H;05.07.2025;rejected
O000154;L0000349;V033;D008;10.02.2026;5400000;5,72;5090000;E;24.02.2026;rejected
O000155;L0000351;V003;D013;03.10.2025;4650000;3,05;4508000;H;17.10.2025;rejected
O000156;L0000353;V034;D008;25.06.2026;6100000;5,36;5772000;H;09.07.2026;accepted
O000157;L0000355;V024;D007;01.02.2025;2650000;2,2;2591000;H;15.02.2025;accepted
O000158;L0000358;V025;D014;05.05.2026;3050000;4,12;2924000;H;19.05.2026;rejected
O000159;L0000361;V028;D002;20.08.2025;4000000;2,99;3880000;E;03.09.2025;rejected
O000160;L0000365;V031;D004;12.03.2025;10800000;4,81;10280000;H;26.03.2025;accepted
O000161;L0000367;V016;D011;24.08.2026;5300000;5,44;5011000;H;07.09.2026;open
O000162;L0000368;V019;D001;29.08.2026;4500000;0,0;4500000;E;12.09.2026;open
O000163;L0000372;V019;D004;13.07.2026;4500000;3,41;4346000;H;27.07.2026;accepted
O000164;L0000377;V027;D002;16.06.2025;3700000;6,65;3454000;H;30.06.2025;accepted
O000165;L0000378;V019;D010;21.07.2025;4500000;6,07;4226000;H;04.08.2025;accepted
O000166;L0000379;V012;D003;07.08.2026;7100000;8,31;6510000;H;21.08.2026;rejected
O000167;L0000380;V026;D008;16.06.2025;2900000;0,56;2883000;E;30.06.2025;accepted
O000168;L0000381;V001;D003;06.11.2025;3450000;7,01;3208000;H;20.11.2025;accepted
O000169;L0000382;V017;D001;14.02.2026;4100000;4,01;3935000;E;28.02.2026;rejected
O000170;L0000385;V026;D007;02.07.2026;2900000;6,13;2722000;E;16.07.2026;accepted
O000171;L0000388;V026;D004;26.03.2026;2900000;4,11;2780000;H;09.04.2026;rejected
O000172;L0000391;V009;D011;22.04.2026;4900000;2,9;;H;06.05.2026;rejected
O000173;L0000393;V017;D006;26.10.2024;4100000;2,18;4010000;E;09.11.2024;rejected
O000174;L0000394;V008;D002;15.11.2025;4200000;9,6;3796000;E;29.11.2025;rejected
O000175;L0000395;V014;D004;13.07.2026;12300000;2,93;11939000;E;27.07.2026;rejected
O000176;L0000398;V001;D003;02.07.2026;3450000;0,0;3450000;H;16.07.2026;rejected
O000177;L0000400;V036;D009;10.02.2025;14200000;1,99;13917000;H;24.02.2025;rejected
O000178;L0000402;V008;D012;30.10.2024;4200000;4,16;4025000;H;13.11.2024;rejected
O000179;L0000403;V004;D003;19.07.2025;5100000;3,6;4916000;H;02.08.2025;rejected
O000180;L0000407;V036;D003;19.09.2025;14200000;2,69;13817000;E;03.10.2025;rejected
O000181;L0000410;V010;D001;31.07.2026;4600000;3,2;4452000;E;14.08.2026;accepted
O000182;L0000411;V035;D005;06.05.2026;7900000;6,75;7366000;E;20.05.2026;rejected
O000183;L0000412;V026;D002;17.11.2025;2900000;2,74;2820000;H;01.12.2025;accepted
O000184;L0000413;V006;D014;08.09.2025;7800000;1,65;7671000;H;22.09.2025;rejected
O000185;L0000419;V034;D006;11.02.2026;6100000;2,29;5960000;H;25.02.2026;accepted
O000186;L0000420;V010;D011;29.08.2026;4600000;4,37;4398000;H;12.09.2026;expired
O000187;L0000421;V011;D010;11.02.2025;6400000;0,0;6400000;H;25.02.2025;rejected
O000188;L0000424;V012;D003;25.04.2026;7100000;7,06;6598000;E;09.05.2026;rejected
O000189;L0000425;V038;D002;25.09.2024;22000000;3,54;21221000;H;09.10.2024;rejected
O000190;L0000428;V010;D003;27.04.2026;4600000;2,08;4504000;H;11.05.2026;rejected
O000191;L0000429;V018;D002;16.03.2026;4700000;2,46;4584000;H;30.03.2026;rejected
O000192;L0000431;V017;D010;31.03.2026;4100000;3,71;3947000;H;14.04.2026;accepted
O000193;L0000432;V024;D003;19.01.2026;2650000;4,66;2526000;E;02.02.2026;accepted
O000194;L0000433;V035;D001;24.02.2025;7900000;3,22;7645000;H;10.03.2025;rejected
O000195;L0000438;V026;D001;16.06.2025;2900000;6,27;2718000;H;30.06.2025;accepted
O000196;L0000439;V035;D001;29.05.2026;7900000;6,71;7370000;H;12.06.2026;accepted
O000197;L0000440;V017;D007;31.07.2026;4100000;11,66;3622000;H;14.08.2026;accepted
O000198;L0000441;V019;D004;02.10.2024;4500000;7,17;4177000;E;16.10.2024;accepted
O000199;L0000442;V022;D004;12.04.2025;9800000;0,17;9783000;E;26.04.2025;rejected
O000200;L0000444;V010;D006;05.03.2025;4600000;2,99;4462000;E;19.03.2025;accepted
O000201;L0000445;V004;D004;04.05.2026;5100000;0,0;5100000;E;18.05.2026;rejected
O000202;L0000446;V028;D005;15.08.2026;4000000;2,33;3906000;H;29.08.2026;rejected
O000203;L0000447;V020;D005;23.05.2026;6600000;4,79;6283000;H;06.06.2026;accepted
O000204;L0000450;V019;D003;09.08.2025;4500000;5,25;4263000;E;23.08.2025;rejected
O000205;L0000453;V033;D003;10.04.2025;5400000;5,69;5092000;E;24.04.2025;rejected
O000206;L0000456;V005;D003;20.01.2026;6900000;7,58;6377000;H;03.02.2026;accepted
O000207;L0000458;V017;D005;19.06.2026;4100000;7,07;3810000;H;03.07.2026;rejected
O000208;L0000459;V028;D010;15.09.2025;4000000;3,06;3877000;E;29.09.2025;rejected
O000209;L0000460;V024;D003;21.04.2026;2650000;5,85;2495000;H;05.05.2026;rejected
O000210;L0000464;V022;D003;13.12.2025;9800000;3,59;9448000;H;27.12.2025;accepted
O000211;L0000465;V018;D009;22.12.2025;4700000;8,76;4288000;E;05.01.2026;accepted
O000212;L0000466;V012;D001;23.06.2025;7100000;2,47;6924000;H;07.07.2025;rejected
O000213;L0000467;V010;D001;03.02.2026;4600000;1,54;4529000;H;17.02.2026;rejected
O000214;L0000468;V019;D006;20.08.2025;4500000;0,65;4470000;H;03.09.2025;accepted
O000215;L0000469;V026;D011;16.10.2024;2900000;2,99;2813000;E;30.10.2024;accepted
O000216;L0000472;V025;D001;13.04.2026;3050000;6,9;2839000;H;27.04.2026;accepted
O000217;L0000474;V027;D010;28.08.2026;3700000;4,89;3519000;H;11.09.2026;open
O000218;L0000475;V028;D005;21.10.2024;4000000;1,18;3952000;H;04.11.2024;rejected
O000219;L0000482;V017;D002;02.06.2025;4100000;3,38;3961000;H;16.06.2025;rejected
O000220;L0000483;V011;D009;15.07.2025;6400000;3,45;6179000;E;29.07.2025;accepted
O000221;L0000485;V034;D008;23.03.2026;6100000;4,46;5827000;E;06.04.2026;rejected
O000222;L0000488;V006;D001;14.05.2026;7800000;5,53;7368000;E;28.05.2026;accepted
O000223;L0000491;V019;D001;13.01.2025;4500000;2,92;4368000;E;27.01.2025;rejected
O000224;L0000493;V028;D001;13.10.2025;4000000;5,54;3778000;H;27.10.2025;rejected
O000225;L0000494;V031;D013;26.08.2025;10800000;5,41;10215000;H;09.09.2025;rejected
O000226;L0000496;V021;D007;11.11.2024;7400000;6,25;6937000;H;25.11.2024;accepted
O000227;L0000497;V017;D013;24.06.2025;4100000;9,26;3720000;H;08.07.2025;accepted
O000228;L0000499;V008;D002;22.06.2026;4200000;7,03;3904000;H;06.07.2026;accepted
O000229;L0000505;V013;D011;12.05.2025;11200000;4,15;10735000;H;26.05.2025;rejected
O000230;L0000508;V029;D008;06.08.2025;3300000;5,01;3134000;E;20.08.2025;rejected
O000231;L0000510;V010;D009;02.06.2026;4600000;4,96;4371000;H;16.06.2026;rejected
O000232;L0000512;V037;D003;23.05.2025;17500000;4,17;16770000;E;06.06.2025;accepted
O000233;L0000515;V025;D004;06.02.2025;3050000;2,25;2981000;E;20.02.2025;accepted
O000234;L0000518;V023;D002;15.08.2026;15900000;8,4;14565000;E;29.08.2026;rejected
O000235;L0000519;V027;D002;29.10.2025;3700000;5,69;3489000;H;12.11.2025;rejected
O000236;L0000524;V004;D001;15.05.2025;5100000;2,96;4949000;H;29.05.2025;rejected
O000237;L0000525;V027;D004;17.02.2026;3700000;3,21;3581000;H;03.03.2026;accepted
O000238;L0000526;V004;D003;17.11.2025;5100000;5,69;4809000;E;01.12.2025;accepted
O000239;L0000527;V017;D001;17.08.2026;4100000;9,58;3707000;E;31.08.2026;open
O000240;L0000528;V028;D001;24.03.2026;4000000;1,45;;E;07.04.2026;rejected
O000241;L0000530;V008;D008;02.06.2025;4200000;4,21;4023000;E;16.06.2025;accepted
O000242;L0000531;V012;D006;04.12.2024;7100000;9,39;6433000;E;18.12.2024;rejected
O000243;L0000534;V002;D006;28.07.2025;3900000;2,36;3807000;H;11.08.2025;rejected
O000244;L0000535;V026;D007;06.07.2026;2900000;4,21;2777000;H;20.07.2026;rejected
O000245;L0000536;V026;D008;16.01.2026;2900000;2,18;2836000;E;30.01.2026;rejected
O000246;L0000538;V026;D011;13.07.2026;2900000;4,67;2764000;E;27.07.2026;rejected
O000247;L0000540;V032;D009;09.02.2026;6200000;3,54;5980000;E;23.02.2026;rejected
O000248;L0000547;V035;D008;17.02.2025;7900000;2,36;7713000;E;03.03.2025;rejected
O000249;L0000548;V034;D007;28.05.2025;6100000;7,32;5653000;E;11.06.2025;rejected
O000250;L0000550;V024;D001;04.05.2026;2650000;4,4;2533000;E;18.05.2026;accepted
O000251;L0000553;V033;D002;11.08.2025;5400000;1,32;5328000;H;25.08.2025;rejected
O000252;L0000555;V016;D007;28.06.2025;5300000;5,07;5031000;E;12.07.2025;accepted
O000253;L0000559;V033;D012;02.08.2025;5400000;7,12;5015000;H;16.08.2025;rejected
O000254;L0000560;V011;D007;20.07.2026;6400000;1,58;6299000;E;03.08.2026;rejected
O000255;L0000562;V020;D011;04.08.2026;6600000;1,58;6495000;E;18.08.2026;accepted
O000256;L0000564;V020;D005;12.12.2025;6600000;5,29;6251000;H;26.12.2025;rejected
O000257;L0000569;V003;D003;21.04.2025;4650000;7,72;4291000;H;05.05.2025;rejected
O000258;L0000571;V034;D007;25.08.2026;6100000;4,2;5844000;E;08.09.2026;accepted
O000259;L0000572;V020;D010;19.01.2026;6600000;8,42;6044000;H;02.02.2026;rejected
O000260;L0000573;V002;D012;20.07.2026;3900000;99,0;3745000;H;03.08.2026;rejected
O000261;L0000575;V022;D007;13.04.2026;9800000;3,58;9448000;E;27.04.2026;accepted
O000262;L0000578;V011;D002;17.02.2025;6400000;5,07;6075000;E;03.03.2025;rejected
O000263;L0000579;V028;D001;03.06.2026;4000000;6,87;3725000;E;17.06.2026;rejected
O000264;L0000582;V018;D014;04.08.2025;4700000;1,97;4607000;E;18.08.2025;accepted
O000265;L0000584;V018;D002;14.10.2025;4700000;5,9;4422000;E;28.10.2025;accepted
O000266;L0000588;V036;D002;28.08.2026;14200000;3,66;13680000;H;11.09.2026;open
O000267;L0000589;V035;D005;04.08.2026;7900000;7,39;7316000;H;18.08.2026;rejected
O000268;L0000591;V026;D007;07.03.2026;2900000;2,02;2841000;E;21.03.2026;rejected
O000269;L0000592;V034;D004;25.12.2024;6100000;6,27;5717000;H;08.01.2025;rejected
O000270;L0000596;V028;D004;29.05.2026;4000000;3,25;3869000;H;12.06.2026;rejected
O000271;L0000597;V006;D002;22.12.2025;7800000;2,67;7591000;E;05.01.2026;rejected
O000272;L0000599;V034;D004;13.02.2026;6100000;3,86;5864000;E;27.02.2026;rejected
O000273;L0000603;V034;D001;23.12.2025;6100000;6,81;5684000;H;06.01.2026;accepted
O000274;L0000604;V008;D003;11.02.2025;4200000;1,47;4138000;E;25.02.2025;rejected
O000275;L0000606;V019;D001;02.11.2024;4500000;6,99;4185000;H;16.11.2024;rejected
O000276;L0000608;V034;D004;24.05.2025;6100000;3,76;5870000;E;07.06.2025;accepted
O000277;L0000609;V013;D004;10.11.2025;11200000;4,2;10729000;H;24.11.2025;rejected
O000278;L0000612;V009;D007;23.02.2026;4900000;8,29;4493000;H;09.03.2026;rejected
O000279;L0000613;V026;D007;26.12.2025;2900000;1,86;;H;09.01.2026;accepted
O000280;L0000614;V017;D005;07.10.2024;4100000;2,24;4008000;H;21.10.2024;rejected
O000281;L0000615;V018;D004;25.08.2025;4700000;4,42;4492000;E;08.09.2025;accepted
O000282;L0000620;V017;D003;16.06.2026;4100000;3,67;3949000;H;30.06.2026;accepted
O000283;L0000621;V021;D001;21.10.2024;7400000;4,77;7047000;E;04.11.2024;rejected
O000284;L0000622;V027;D002;20.10.2025;3700000;3,01;3588000;E;03.11.2025;rejected
O000285;L0000623;V003;D002;29.06.2026;4650000;8,45;4257000;H;13.07.2026;rejected
O000286;L0000632;V004;D001;03.01.2025;5100000;2,69;4962000;E;17.01.2025;accepted
O000287;L0000634;V018;D005;20.10.2025;4700000;0,0;4700000;E;03.11.2025;accepted
O000288;L0000635;V026;D005;24.04.2026;2900000;5,62;2736000;H;08.05.2026;rejected
O000289;L0000636;V033;D006;28.07.2025;5400000;4,02;5182000;H;11.08.2025;rejected
O000290;L0000637;V025;D014;23.09.2025;3050000;4,81;2903000;H;07.10.2025;accepted
O000291;L0000638;V035;D003;11.12.2025;7900000;0,0;7900000;E;25.12.2025;accepted
O000292;L0000639;V034;D005;18.12.2025;6100000;4,49;5825000;H;01.01.2026;accepted
O000293;L0000642;V017;D011;30.07.2026;4100000;2,6;;H;13.08.2026;rejected
O000294;L0000643;V033;D004;06.06.2026;5400000;5,77;5088000;E;20.06.2026;rejected
O000295;L0000644;V026;D004;04.07.2025;2900000;0,0;2900000;H;18.07.2025;rejected
O000296;L0000646;V028;D006;06.12.2025;4000000;3,85;3846000;H;20.12.2025;rejected
O000297;L0000649;V030;D001;19.01.2026;11900000;6,79;11091000;H;02.02.2026;rejected
O000298;L0000651;V029;D003;31.01.2025;3300000;6,68;3079000;E;14.02.2025;rejected
O000299;L0000652;V019;D002;06.05.2026;4500000;7,33;4170000;H;20.05.2026;rejected
O000300;L0000654;V006;D009;20.05.2026;7800000;6,13;;H;03.06.2026;rejected
O000301;L0000655;V024;D008;03.07.2026;2650000;3,48;2557000;E;17.07.2026;rejected
O000302;L0000657;V017;D006;13.04.2026;4100000;5,76;3863000;H;27.04.2026;rejected
O000303;L0000659;V026;D010;02.01.2026;2900000;0,0;2900000;H;16.01.2026;rejected
O000304;L0000662;V030;D010;23.06.2025;11900000;5,87;11201000;H;07.07.2025;accepted
O000305;L0000667;V024;D014;08.11.2025;2650000;4,17;2539000;E;22.11.2025;rejected
O000306;L0000668;V025;D006;01.09.2025;3050000;1,69;2998000;E;15.09.2025;rejected
O000307;L0000669;V037;D001;22.09.2025;17500000;5,74;16495000;H;06.10.2025;accepted
O000308;L0000671;V033;D005;02.07.2026;5400000;4,69;5146000;H;16.07.2026;accepted
O000309;L0000674;V018;D001;05.11.2025;4700000;5,02;4463000;H;19.11.2025;accepted
O000310;L0000675;V024;D008;17.02.2026;2650000;3,41;2559000;H;03.03.2026;rejected
O000311;L0000677;V002;D001;25.03.2026;3900000;2,15;3816000;H;08.04.2026;rejected
O000312;L0000678;V026;D001;12.07.2025;2900000;6,81;2702000;E;26.07.2025;accepted
O000313;L0000682;V011;D009;01.06.2026;6400000;2,68;6228000;H;15.06.2026;rejected
O000314;L0000684;V010;D008;21.04.2026;4600000;6,18;4315000;E;05.05.2026;rejected
O000315;L0000686;V032;D006;31.01.2025;6200000;3,71;5969000;H;14.02.2025;accepted
O000316;L0000687;V033;D009;18.03.2025;5400000;4,31;5167000;E;01.04.2025;rejected
O000317;L0000688;V016;D002;06.01.2025;5300000;1,4;5225000;E;20.01.2025;accepted
O000318;L0000689;V032;D007;09.12.2024;6200000;6,32;5808000;E;23.12.2024;rejected
O000319;L0000692;V037;D006;20.01.2025;17500000;7,07;16262000;H;03.02.2025;accepted
O000320;L0000694;V026;D002;01.05.2026;2900000;2,4;2830000;H;15.05.2026;rejected
O000321;L0000696;V027;D007;08.10.2024;3700000;5,37;3501000;E;22.10.2024;rejected
O000322;L0000698;V032;D005;06.06.2026;6200000;2,57;6040000;H;20.06.2026;rejected
O000323;L0000699;V013;D001;09.10.2025;11200000;3,87;10766000;E;23.10.2025;accepted
O000324;L0000701;V026;D014;14.04.2025;2900000;5,62;2736000;E;28.04.2025;accepted
O000325;L0000702;V001;D010;22.11.2024;3450000;5,48;3261000;H;06.12.2024;rejected
O000326;L0000703;V008;D001;22.12.2025;4200000;5,71;3960000;E;05.01.2026;rejected
O000327;L0000704;V017;D006;01.01.2026;4100000;5,32;3881000;E;15.01.2026;rejected
O000328;L0000705;V033;D009;14.08.2026;5400000;4,46;5159000;E;28.08.2026;rejected
O000329;L0000707;V008;D003;18.08.2026;4200000;8,08;3860000;H;01.09.2026;accepted
O000330;L0000708;V028;D002;30.06.2025;4000000;5,56;3777000;E;14.07.2025;rejected
O000331;L0000709;V012;D006;28.09.2024;7100000;0,0;7100000;H;12.10.2024;rejected
O000332;L0000715;V011;D010;07.05.2026;6400000;2,34;6250000;H;21.05.2026;rejected
O000333;L0000716;V031;D003;13.08.2026;10800000;7,61;9977000;E;27.08.2026;rejected
O000334;L0000725;V018;D004;17.04.2026;4700000;7,37;4353000;H;01.05.2026;rejected
O000335;L0000727;V036;D001;18.02.2026;14200000;3,07;13763000;H;04.03.2026;rejected
O000336;L0000729;V009;D004;20.06.2025;4900000;3,83;4712000;H;04.07.2025;rejected
O000337;L0000730;V025;D005;04.05.2026;3050000;1,39;3007000;E;18.05.2026;accepted
O000338;L0000731;V024;D004;16.07.2026;2650000;5,17;2513000;E;30.07.2026;accepted
O000339;L0000732;V028;D010;26.03.2025;4000000;0,98;3960000;H;09.04.2025;accepted
O000340;L0000736;V027;D009;22.10.2025;3700000;4,46;3535000;H;05.11.2025;accepted
O000341;L0000738;V011;D004;05.08.2026;6400000;6,04;6013000;H;19.08.2026;accepted
O000342;L0000742;V004;D002;17.02.2025;5100000;2,34;4980000;H;03.03.2025;accepted
O000343;L0000745;V025;D006;15.07.2025;3050000;4,51;2912000;H;29.07.2025;accepted
O000344;L0000746;V019;D007;23.06.2025;4500000;2,02;4409000;H;07.07.2025;accepted
O000345;L0000750;V017;D004;22.04.2026;4100000;2,77;3986000;H;06.05.2026;rejected
O000346;L0000754;V022;D008;24.04.2025;9800000;3,24;9482000;E;08.05.2025;rejected
O000347;L0000757;V008;D006;15.11.2025;4200000;0,0;4200000;H;29.11.2025;rejected
O000348;L0000764;V002;D004;20.05.2025;3900000;0,0;3900000;E;03.06.2025;rejected
O000349;L0000765;V008;D003;26.08.2026;4200000;3,75;4042000;H;09.09.2026;accepted
O000350;L0000767;V017;D008;24.12.2025;4100000;5,13;3889000;E;07.01.2026;accepted
O000351;L0000772;V002;D004;16.01.2026;3900000;7,19;3619000;E;30.01.2026;rejected
O000352;L0000773;V008;D001;07.07.2025;4200000;7,44;3887000;H;21.07.2025;accepted
O000353;L0000776;V001;D007;31.12.2025;3450000;4,88;3281000;H;14.01.2026;rejected
O000354;L0000777;V033;D002;29.10.2025;5400000;0,06;5396000;H;12.11.2025;accepted
O000355;L0000780;V026;D002;04.02.2025;2900000;3,25;2805000;H;18.02.2025;accepted
O000356;L0000781;V014;D005;17.02.2026;12300000;0,53;12234000;H;03.03.2026;rejected
O000357;L0000782;V009;D007;12.01.2026;4900000;0,05;4897000;H;26.01.2026;rejected
O000358;L0000785;V013;D003;02.04.2026;11200000;4,54;10691000;H;16.04.2026;rejected
O000359;L0000787;V033;D008;17.04.2026;5400000;6,97;5023000;H;01.05.2026;accepted
O000360;L0000790;V029;D005;25.01.2025;3300000;2,4;3220000;H;08.02.2025;rejected
O000361;L0000791;V009;D007;10.08.2026;4900000;1,11;4845000;E;24.08.2026;rejected
O000362;L0000798;V019;D006;04.06.2026;4500000;2,9;4369000;H;18.06.2026;rejected
O000363;L0000800;V033;D002;18.05.2026;5400000;5,32;5112000;E;01.06.2026;accepted
O000364;L0000801;V017;D002;13.01.2026;4100000;4,1;3931000;H;27.01.2026;accepted
O000365;L0000803;V024;D006;06.08.2026;2650000;7,93;2439000;E;20.08.2026;accepted
O000366;L0000806;V020;D001;22.12.2025;6600000;2,74;6419000;H;05.01.2026;accepted
O000367;L0000807;V024;D001;03.04.2026;2650000;4,9;2520000;H;17.04.2026;rejected
O000368;L0000808;V034;D002;20.03.2026;6100000;0,35;6078000;H;03.04.2026;accepted
O000369;L0000810;V020;D009;11.09.2025;6600000;3,36;6377000;E;25.09.2025;rejected
O000370;L0000811;V026;D002;27.05.2026;2900000;4,37;2773000;H;10.06.2026;rejected
O000371;L0000813;V002;D002;22.01.2026;3900000;6,3;3654000;H;05.02.2026;accepted
O000372;L0000815;V020;D009;12.01.2026;6600000;1,73;6485000;H;26.01.2026;rejected
O000373;L0000816;V013;D001;16.12.2024;11200000;4,36;10711000;E;30.12.2024;accepted
O000374;L0000817;V017;D009;15.06.2026;4100000;2,63;3992000;H;29.06.2026;rejected
O000375;L0000820;V020;D001;29.11.2025;6600000;3,14;6392000;H;13.12.2025;rejected
O000376;L0000821;V008;D007;06.04.2026;4200000;0,39;4183000;E;20.04.2026;accepted
O000377;L0000825;V003;D009;24.03.2025;4650000;3,67;4479000;E;07.04.2025;rejected
O000378;L0000827;V018;D013;03.12.2025;4700000;4,84;4472000;H;17.12.2025;rejected
O000379;L0000829;V004;D001;21.08.2025;5100000;10,8;4549000;H;04.09.2025;rejected
O000380;L0000831;V019;D001;09.08.2025;4500000;0,0;4500000;E;23.08.2025;rejected
O000381;L0000833;V016;D003;27.04.2026;5300000;0,0;5300000;E;11.05.2026;rejected
O000382;L0000836;V017;D006;18.02.2026;4100000;8,97;3732000;H;04.03.2026;accepted
O000383;L0000837;V027;D001;26.11.2025;3700000;2,25;3616000;E;10.12.2025;accepted
O000384;L0000839;V019;D013;10.01.2026;4500000;3,62;4337000;E;24.01.2026;accepted
O000385;L0000840;V025;D003;24.08.2026;3050000;7,29;2827000;E;07.09.2026;accepted
O000386;L0000842;V024;D005;13.07.2026;2650000;4,89;2520000;E;27.07.2026;rejected
O000387;L0000843;V001;D002;31.07.2026;3450000;4,4;3298000;H;14.08.2026;accepted
O000388;L0000845;V032;D008;08.06.2026;6200000;6,52;5795000;H;22.06.2026;rejected
O000389;L0000847;V022;D001;19.03.2026;9800000;2,57;9548000;H;02.04.2026;rejected
O000390;L0000850;V010;D002;23.06.2026;4600000;5,76;4334000;E;07.07.2026;accepted
O000391;L0000851;V007;D009;27.01.2026;14500000;5,31;13730000;E;10.02.2026;rejected
O000392;L0000857;V025;D005;04.06.2026;3050000;5,5;2882000;E;18.06.2026;rejected
O000393;L0000862;V020;D014;25.07.2025;6600000;4,98;6271000;H;08.08.2025;rejected
O000394;L0000866;V002;D007;08.07.2025;3900000;4,07;3741000;H;22.07.2025;accepted
O000395;L0000867;V037;D012;28.05.2026;17500000;8,77;15964000;E;11.06.2026;rejected
O000396;L0000869;V013;D004;25.08.2026;11200000;5,61;10571000;H;08.09.2026;open
O000397;L0000870;V017;D007;10.02.2025;4100000;7,5;3792000;H;24.02.2025;accepted
O000398;L0000871;V002;D014;29.11.2025;3900000;2,8;3790000;E;13.12.2025;accepted
O000399;L0000873;V017;D014;30.03.2026;4100000;2,44;3999000;H;13.04.2026;accepted
O000400;L0000874;V024;D003;05.06.2026;2650000;4,44;2532000;E;19.06.2026;rejected
O000401;L0000875;V014;D006;20.10.2025;12300000;5,17;11664000;H;03.11.2025;rejected
O000402;L0000876;V009;D008;19.09.2025;4900000;0,0;4900000;H;03.10.2025;rejected
O000403;L0000880;V016;D004;24.02.2025;5300000;7,39;4908000;H;10.03.2025;rejected
O000404;L0000882;V024;D003;09.06.2026;2650000;4,03;2543000;H;23.06.2026;accepted
O000405;L0000884;V036;D006;05.05.2026;14200000;6,08;13336000;H;19.05.2026;rejected
O000406;L0000885;V008;D003;31.12.2025;4200000;5,81;3955000;E;14.01.2026;accepted
O000407;L0000887;V016;D004;03.06.2025;5300000;6,09;4977000;H;17.06.2025;accepted
O000408;L0000888;V016;D002;01.12.2025;5300000;4,96;5037000;E;15.12.2025;rejected
O000409;L0000892;V023;D001;31.07.2026;15900000;5,99;14947000;E;14.08.2026;rejected
O000410;L0000893;V032;D005;15.07.2025;6200000;6,83;5776000;E;29.07.2025;rejected
O000411;L0000895;V017;D009;22.11.2025;4100000;1,98;4018000;H;06.12.2025;rejected
O000412;L0000897;V025;D007;16.08.2025;3050000;2,16;2984000;E;30.08.2025;rejected
O000413;L0000899;V001;D003;13.09.2025;3450000;2,48;3364000;H;27.09.2025;rejected
O000414;L0000900;V004;D002;27.03.2026;5100000;-5,0;4940000;H;10.04.2026;rejected
O000415;L0000902;V026;D006;18.03.2026;2900000;4,88;2758000;E;01.04.2026;rejected
O000416;L0000904;V001;D010;11.04.2025;3450000;8,79;3146000;H;25.04.2025;accepted
O000417;L0000905;V024;D008;05.08.2025;2650000;1,27;2616000;H;19.08.2025;accepted
O000418;L0000906;V003;D007;12.12.2025;4650000;5,92;4374000;H;26.12.2025;accepted
O000419;L0000908;V032;D001;24.12.2024;6200000;2,43;6049000;E;07.01.2025;rejected
O000420;L0000912;V019;D004;01.05.2026;4500000;0,1;4495000;H;15.05.2026;accepted
O000421;L0000914;V004;D004;17.11.2025;5100000;5,79;4804000;H;01.12.2025;rejected
O000422;L0000915;V020;D012;05.12.2025;6600000;0,0;6600000;H;19.12.2025;rejected
O000423;L0000917;V009;D007;20.10.2025;4900000;2,75;4765000;H;03.11.2025;rejected
O000424;L0000918;V029;D002;28.04.2026;3300000;9,31;2992000;E;12.05.2026;accepted
O000425;L0000919;V028;D006;13.01.2026;4000000;1,8;3928000;E;27.01.2026;rejected
O000426;L0000923;V029;D007;23.02.2026;3300000;4,69;3145000;E;09.03.2026;accepted
O000427;L0000925;V024;D004;27.01.2025;2650000;6,47;2478000;H;10.02.2025;rejected
O000428;L0000929;V024;D011;25.08.2026;2650000;3,35;2561000;H;08.09.2026;open
O000429;L0000935;V032;D002;18.12.2025;6200000;7,53;5732000;H;01.01.2026;rejected
O000430;L0000936;V026;D006;24.12.2024;2900000;5,09;2752000;E;07.01.2025;rejected
O000431;L0000937;V027;D014;03.03.2025;3700000;2,97;3589000;E;17.03.2025;accepted
O000432;L0000938;V011;D010;06.02.2026;6400000;4,3;6125000;E;20.02.2026;rejected
O000433;L0000940;V025;D007;20.01.2026;3050000;6,01;2866000;E;03.02.2026;accepted
O000434;L0000941;V025;D002;05.11.2025;3050000;5,13;2893000;H;19.11.2025;rejected
O000435;L0000942;V028;D004;17.07.2026;4000000;4,87;3805000;E;31.07.2026;rejected
O000436;L0000943;V028;D007;09.01.2026;4000000;4,24;3830000;E;23.01.2026;accepted
O000437;L0000946;V017;D004;30.09.2024;4100000;9,15;3725000;H;14.10.2024;rejected
O000438;L0000947;V032;D014;25.01.2025;6200000;5,9;5833000;H;08.02.2025;accepted
O000439;L0000948;V019;D002;10.08.2026;4500000;3,3;4351000;H;24.08.2026;expired
O000440;L0000950;V031;D005;20.10.2025;10800000;6,53;10094000;E;03.11.2025;accepted
O000441;L0000951;V027;D002;21.07.2025;3700000;4,06;3549000;E;04.08.2025;accepted
O000442;L0000952;V029;D006;10.01.2025;3300000;0,0;3300000;E;24.01.2025;accepted
O000443;L0000953;V028;D007;06.06.2026;4000000;2,58;3896000;H;20.06.2026;rejected
O000444;L0000955;V024;D004;06.11.2024;2650000;4,65;2526000;E;20.11.2024;rejected
O000445;L0000956;V001;D007;04.07.2025;3450000;5,72;3252000;H;18.07.2025;accepted
O000446;L0000958;V024;D003;23.03.2026;2650000;0,0;2650000;E;06.04.2026;accepted
O000447;L0000963;V019;D007;14.10.2025;4500000;7,51;4162000;H;28.10.2025;rejected
O000448;L0000966;V016;D003;02.02.2026;5300000;2,13;5187000;H;16.02.2026;accepted
O000449;L0000968;V024;D007;28.02.2026;2650000;6,51;2477000;H;14.03.2026;rejected
O000450;L0000969;V029;D008;27.04.2026;3300000;7,78;3043000;H;11.05.2026;rejected
O000451;L0000970;V006;D008;20.12.2025;7800000;7,14;7243000;E;03.01.2026;rejected
O000452;L0000971;V033;D004;26.02.2026;5400000;3,1;5232000;E;12.03.2026;rejected
O000453;L0000972;V003;D007;09.11.2024;4650000;0,57;4623000;H;23.11.2024;rejected
O000454;L0000975;V017;D004;10.12.2025;4100000;1,71;4029000;E;24.12.2025;rejected
O000455;L0000977;V027;D005;16.09.2025;3700000;8,42;3388000;E;30.09.2025;rejected
O000456;L0000980;V017;D004;27.10.2025;4100000;3,03;3975000;H;10.11.2025;rejected
O000457;L0000985;V012;D003;11.09.2025;7100000;2,94;6891000;H;25.09.2025;rejected
O000458;L0000988;V026;D004;23.10.2025;2900000;6,13;2722000;H;06.11.2025;rejected
O000459;L0000993;V017;D012;10.01.2026;4100000;7,79;3780000;H;24.01.2026;rejected
O000460;L0000997;V029;D002;01.11.2025;3300000;0,0;3300000;H;15.11.2025;accepted
O000461;L0000998;V019;D004;17.11.2025;4500000;7,47;4163000;H;01.12.2025;rejected
O000462;L0001002;V029;D012;23.06.2026;3300000;10,64;2948000;E;07.07.2026;accepted
O000463;L0001005;V017;D001;14.02.2026;4100000;5,17;3888000;H;28.02.2026;rejected
O000464;L0001006;V033;D003;24.07.2025;5400000;5,35;5111000;H;07.08.2025;accepted
O000465;L0001007;V012;D002;25.08.2025;7100000;3,07;6882000;E;08.09.2025;accepted
O000466;L0001012;V009;D009;15.01.2025;4900000;3,7;4718000;H;29.01.2025;accepted
O000467;L0001013;V006;D012;18.12.2024;7800000;6,99;7254000;E;01.01.2025;accepted
O000468;L0001016;V001;D007;31.03.2026;3450000;3,92;3314000;H;14.04.2026;rejected
O000469;L0001019;V032;D004;23.04.2026;6200000;8,86;5650000;E;07.05.2026;rejected
O000470;L0001021;V009;D009;13.01.2026;4900000;1,17;4842000;E;27.01.2026;rejected
O000471;L0001022;V020;D008;10.02.2026;6600000;9,93;5944000;H;24.02.2026;accepted
O000472;L0001024;V029;D009;06.03.2025;3300000;5,09;3132000;H;20.03.2025;rejected
O000473;L0001026;V003;D006;24.02.2026;4650000;8,28;4265000;H;10.03.2026;accepted
O000474;L0001027;V017;D009;16.07.2025;4100000;7,09;3809000;H;30.07.2025;rejected
O000475;L0001029;V018;D002;29.05.2025;4700000;4,95;4467000;H;12.06.2025;rejected
O000476;L0001031;V034;D001;19.05.2026;6100000;6,23;5719000;H;02.06.2026;accepted
O000477;L0001032;V016;D002;19.08.2026;5300000;7,5;4902000;H;02.09.2026;open
O000478;L0001034;V032;D013;07.03.2026;6200000;1,81;6087000;E;21.03.2026;rejected
O000479;L0001035;V019;D001;01.08.2026;4500000;8,15;4133000;E;15.08.2026;rejected
O000480;L0001036;V006;D005;08.05.2025;7800000;2,68;7591000;H;22.05.2025;rejected
O000481;L0001037;V011;D008;16.12.2025;6400000;4,22;6129000;E;30.12.2025;accepted
O000482;L0001038;V020;D013;06.03.2025;6600000;0,93;6538000;H;20.03.2025;rejected
O000483;L0001042;V012;D004;16.12.2025;7100000;5,08;6739000;H;30.12.2025;accepted
O000484;L0001045;V005;D001;30.12.2025;6900000;3,49;6659000;E;13.01.2026;accepted
O000485;L0001047;V021;D008;21.07.2026;7400000;1,36;7299000;E;04.08.2026;rejected
O000486;L0001048;V002;D001;19.05.2025;3900000;7,02;3626000;E;02.06.2025;accepted
O000487;L0001049;V017;D006;16.01.2026;4100000;5,24;3885000;H;30.01.2026;rejected
O000488;L0001051;V024;D006;26.01.2026;2650000;4,53;2529000;H;09.02.2026;accepted
O000489;L0001052;V017;D002;29.01.2026;4100000;7,35;3798000;H;12.02.2026;accepted
O000490;L0001053;V035;D002;20.08.2025;7900000;6,07;7420000;H;03.09.2025;rejected
O000491;L0001058;V029;D007;20.06.2026;3300000;3,11;3197000;E;04.07.2026;rejected
O000492;L0001060;V017;D001;11.11.2025;4100000;0,95;4061000;H;25.11.2025;accepted
O000493;L0001061;V008;D014;19.04.2025;4200000;3,24;4063000;H;03.05.2025;rejected
O000494;L0001065;V024;D009;26.01.2026;2650000;6,0;2490000;H;09.02.2026;rejected
O000495;L0001068;V006;D004;01.01.2026;7800000;6,39;7301000;H;15.01.2026;rejected
O000496;L0001069;V005;D003;01.11.2025;6900000;6,27;6467000;H;15.11.2025;rejected
O000497;L0001071;V018;D008;23.05.2026;4700000;6,23;4407000;E;06.06.2026;rejected
O000498;L0001072;V009;D004;03.11.2025;4900000;5,22;4643000;E;17.11.2025;rejected
O000499;L0001073;V018;D001;28.11.2025;4700000;1,14;4646000;H;12.12.2025;accepted
O000500;L0001074;V021;D009;10.12.2025;7400000;5,35;7004000;E;24.12.2025;rejected
O000501;L0001076;V015;D005;28.02.2026;16800000;5,49;15877000;H;14.03.2026;rejected
O000502;L0001077;V005;D014;04.09.2025;6900000;7,96;6350000;H;18.09.2025;rejected
O000503;L0001078;V034;D010;21.04.2026;6100000;2,24;5963000;H;05.05.2026;accepted
O000504;L0001083;V033;D005;16.04.2026;5400000;3,4;5216000;E;30.04.2026;accepted
O000505;L0001084;V001;D002;20.10.2025;3450000;2,31;3370000;E;03.11.2025;rejected
O000506;L0001086;V022;D014;08.05.2026;9800000;2,44;9560000;H;22.05.2026;accepted
O000507;L0001087;V024;D009;27.10.2025;2650000;5,24;2511000;H;10.11.2025;accepted
O000508;L0001088;V019;D007;21.04.2025;4500000;1,95;4412000;E;05.05.2025;rejected
O000509;L0001089;V033;D001;07.02.2026;5400000;5,17;5120000;E;21.02.2026;rejected
O000510;L0001090;V024;D004;31.07.2026;2650000;0,89;2626000;E;14.08.2026;rejected
O000511;L0001092;V008;D012;22.01.2026;4200000;2,98;4074000;H;05.02.2026;rejected
O000512;L0001095;V008;D002;02.04.2025;4200000;6,66;3920000;H;16.04.2025;rejected
O000513;L0001098;V001;D007;06.05.2025;3450000;1,87;3385000;H;20.05.2025;accepted
O000514;L0001099;V001;D009;19.12.2025;3450000;1,59;3395000;E;02.01.2026;rejected
O000515;L0001101;V029;D003;21.06.2025;3300000;5,98;3102000;E;05.07.2025;accepted
O000516;L0001103;V010;D002;02.06.2025;4600000;0,0;4600000;E;16.06.2025;rejected
O000517;L0001104;V004;D001;01.11.2024;5100000;4,85;4852000;H;15.11.2024;accepted
O000518;L0001105;V028;D003;26.03.2026;4000000;0,0;4000000;H;09.04.2026;rejected
O000519;L0001106;V028;D001;27.04.2026;4000000;3,83;3846000;E;11.05.2026;rejected
O000520;L0001109;V011;D007;26.08.2026;6400000;3,87;6152000;H;09.09.2026;open
O000521;L0001111;V004;D007;11.05.2026;5100000;2,82;4956000;H;25.05.2026;accepted
O000522;L0001112;V026;D006;16.08.2025;2900000;4,35;2773000;E;30.08.2025;rejected
O000523;L0001117;V026;D001;02.01.2026;2900000;6,68;2706000;H;16.01.2026;accepted
O000524;L0001123;V018;D009;02.10.2025;4700000;7,61;4342000;H;16.10.2025;accepted
O000525;L0001124;V001;D003;22.07.2026;3450000;5,53;3259000;E;05.08.2026;rejected
O000526;L0001125;V019;D005;24.08.2026;4500000;4,13;4314000;H;07.09.2026;accepted
O000527;L0001126;V008;D008;10.01.2026;4200000;6,08;3944000;E;24.01.2026;rejected
O000528;L0001127;V018;D012;04.11.2024;4700000;4,21;4502000;E;18.11.2024;accepted
O000529;L0001130;V017;D003;11.01.2025;4100000;4,6;3911000;H;25.01.2025;rejected
O000530;L0001136;V001;D013;17.07.2026;3450000;1,45;3399000;E;31.07.2026;rejected
O000531;L0001140;V001;D003;04.08.2026;3450000;3,08;3343000;H;18.08.2026;rejected
O000532;L0001141;V018;D013;16.04.2026;4700000;3,25;4547000;H;30.04.2026;rejected
O000533;L0001143;V002;D009;28.02.2026;3900000;5,38;3690000;H;14.03.2026;rejected
O000534;L0001144;V027;D012;01.05.2026;3700000;6,56;3457000;E;15.05.2026;accepted
O000535;L0001149;V017;D009;13.06.2026;4100000;5,37;3879000;H;27.06.2026;accepted
O000536;L0001151;V010;D001;25.10.2025;4600000;6,78;4288000;E;08.11.2025;accepted
O000537;L0001152;V026;D014;08.08.2026;2900000;0,51;2885000;H;22.08.2026;rejected
O000538;L0001154;V031;D006;27.06.2026;10800000;2,98;10478000;E;11.07.2026;rejected
O000539;L0001155;V019;D006;22.07.2025;4500000;3,82;4328000;H;05.08.2025;rejected
O000540;L0001157;V015;D003;20.06.2026;16800000;1,89;16483000;H;04.07.2026;rejected
O000541;L0001159;V029;D013;04.08.2025;3300000;8,23;3028000;H;18.08.2025;rejected
O000542;L0001160;V003;D001;13.11.2025;4650000;8,8;4240000;H;27.11.2025;accepted
O000543;L0001161;V006;D001;30.07.2026;7800000;2,3;7620000;H;13.08.2026;rejected
O000544;L0001162;V028;D005;24.11.2025;4000000;3,6;3855000;E;08.12.2025;rejected
O000545;L0001163;V017;D009;16.12.2025;4100000;0,0;4100000;H;30.12.2025;rejected
O000546;L0001164;V019;D002;23.04.2025;4500000;10,01;4049000;H;07.05.2025;accepted
O000547;L0001165;V005;D002;04.06.2026;6900000;3,07;6687000;E;18.06.2026;rejected
O000548;L0001166;V025;D010;27.10.2025;3050000;6,37;2855000;H;10.11.2025;rejected
O000549;L0001167;V019;D009;13.03.2026;4500000;3,79;4329000;E;27.03.2026;rejected
O000550;L0001169;V035;D004;18.08.2026;7900000;0,0;7900000;E;01.09.2026;accepted
O000551;L0001170;V003;D009;22.12.2025;4650000;6,23;4360000;E;05.01.2026;rejected
O000552;L0001171;V025;D002;20.07.2026;3050000;5,37;2886000;E;03.08.2026;rejected
O000553;L0001173;V017;D005;01.09.2025;4100000;4,53;3914000;H;15.09.2025;accepted
O000554;L0001174;V024;D013;26.03.2025;2650000;4,84;2521000;H;09.04.2025;rejected
O000555;L0001175;V011;D002;19.03.2026;6400000;4,08;6138000;H;02.04.2026;rejected
O000556;L0001176;V029;D005;16.09.2025;3300000;4,78;3142000;H;30.09.2025;accepted
O000557;L0001177;V025;D009;11.04.2026;3050000;6,95;2838000;E;25.04.2026;rejected
O000558;L0001178;V032;D007;19.12.2025;6200000;5,8;5840000;E;02.01.2026;accepted
O000559;L0001180;V014;D002;01.04.2026;12300000;5,36;11640000;H;15.04.2026;rejected
O000560;L0001184;V009;D006;31.12.2025;4900000;0,0;4900000;H;14.01.2026;accepted
O000561;L0001188;V006;D008;04.11.2025;7800000;2,98;7567000;H;18.11.2025;rejected
O000562;L0001191;V008;D003;09.02.2026;4200000;5,79;3956000;H;23.02.2026;rejected
O000563;L0001193;V026;D012;20.05.2026;2900000;5,97;2726000;E;03.06.2026;rejected
O000564;L0001195;V009;D009;04.12.2025;4900000;5,68;4621000;H;18.12.2025;rejected
O000565;L0001198;V008;D007;21.01.2026;4200000;6,03;3946000;E;04.02.2026;accepted
O000566;L0001200;V004;D007;08.02.2025;5100000;6,11;4788000;E;22.02.2025;rejected
O000567;L0001202;V028;D006;02.12.2025;4000000;2,37;3905000;E;16.12.2025;accepted
O000568;L0001204;V013;D006;25.05.2026;11200000;6,86;10431000;H;08.06.2026;rejected
O000569;L0001207;V021;D010;03.10.2025;7400000;3,61;7132000;E;17.10.2025;rejected
O000570;L0001208;V001;D004;04.02.2026;3450000;1,91;3384000;E;18.02.2026;accepted
O000571;L0001209;V001;D006;12.06.2026;3450000;1,41;3401000;H;26.06.2026;accepted
O000572;L0001211;V026;D003;01.06.2026;2900000;7,88;2671000;H;15.06.2026;rejected
O000573;L0001212;V028;D004;16.12.2024;4000000;2,0;3920000;E;30.12.2024;accepted
O000574;L0001213;V004;D001;08.09.2025;5100000;2,94;4949000;E;22.09.2025;accepted
O000575;L0001215;V029;D010;15.12.2025;3300000;6,58;3082000;H;29.12.2025;rejected
O000576;L0001219;V027;D001;17.12.2025;3700000;4,92;3517000;H;31.12.2025;accepted
O000577;L0001220;V018;D006;06.06.2026;4700000;6,79;4380000;E;20.06.2026;rejected
O000578;L0001221;V004;D003;06.10.2025;5100000;4,71;4859000;H;20.10.2025;accepted
O000579;L0001223;V008;D003;03.06.2025;4200000;7,92;3867000;E;17.06.2025;accepted
O000580;L0001227;V024;D008;08.09.2025;2650000;5,35;2508000;H;22.09.2025;rejected
O000581;L0001228;V016;D004;11.02.2026;5300000;1,77;5206000;E;25.02.2026;rejected
O000582;L0001235;V028;D014;07.12.2024;4000000;3,57;3857000;H;21.12.2024;accepted
O000583;L0001236;V002;D011;13.10.2025;3900000;5,95;3668000;H;27.10.2025;accepted
O000584;L0001237;V024;D003;10.01.2026;2650000;6,29;2483000;H;24.01.2026;accepted
O000585;L0001240;V034;D006;20.04.2026;6100000;7,86;5620000;H;04.05.2026;rejected
O000586;L0001242;V008;D005;11.08.2025;4200000;3,95;4033000;H;25.08.2025;accepted
O000587;L0001246;V035;D007;20.08.2026;7900000;1,33;7795000;H;03.09.2026;accepted
O000588;L0001247;V017;D002;19.05.2025;4100000;6,76;3822000;E;02.06.2025;accepted
O000589;L0001253;V028;D002;15.08.2025;4000000;4,26;3829000;H;29.08.2025;accepted
O000590;L0001255;V020;D007;12.06.2026;6600000;5,21;6256000;H;26.06.2026;rejected
O000591;L0001259;V001;D007;16.12.2024;3450000;4,98;3278000;E;30.12.2024;accepted
O000592;L0001261;V017;D003;05.02.2026;4100000;0,21;4091000;H;19.02.2026;rejected
O000593;L0001262;V011;D009;18.09.2025;6400000;4,03;6141000;H;02.10.2025;accepted
O000594;L0001265;V001;D004;11.05.2026;3450000;3,9;3315000;H;25.05.2026;accepted
O000595;L0001266;V016;D003;23.02.2026;5300000;1,46;5222000;E;09.03.2026;rejected
O000596;L0001273;V016;D004;25.07.2026;5300000;5,05;5032000;E;08.08.2026;accepted
O000597;L0001276;V026;D001;15.08.2026;2900000;2,18;2836000;H;29.08.2026;accepted
O000598;L0001281;V019;D002;23.04.2025;4500000;6,67;4199000;H;07.05.2025;accepted
O000599;L0001283;V022;D001;23.10.2025;9800000;6,38;9175000;H;06.11.2025;rejected
O000600;L0001284;V030;D004;06.02.2026;11900000;6,64;11110000;H;20.02.2026;accepted
O000601;L0001286;V023;D001;13.08.2025;15900000;1,65;15638000;H;27.08.2025;rejected
O000602;L0001290;V010;D009;22.05.2026;4600000;7,72;4245000;H;05.06.2026;rejected
O000603;L0001291;V004;D013;22.05.2025;5100000;2,05;4995000;H;05.06.2025;rejected
O000604;L0001293;V029;D002;26.12.2025;3300000;4,78;3142000;H;09.01.2026;accepted
O000605;L0001297;V018;D002;26.07.2025;4700000;10,73;4195000;H;09.08.2025;rejected
O000606;L0001298;V008;D006;11.09.2025;4200000;2,23;4106000;E;25.09.2025;rejected
O000607;L0001299;V001;D013;30.09.2024;3450000;5,85;3248000;H;14.10.2024;accepted
O000608;L0001303;V013;D008;20.11.2025;11200000;8,53;10244000;H;04.12.2025;rejected
O000609;L0001307;V018;D002;24.08.2026;4700000;3,51;4534000;E;07.09.2026;open
O000610;L0001308;V034;D009;02.12.2024;6100000;7,64;5634000;E;16.12.2024;accepted
O000611;L0001310;V021;D007;25.10.2025;7400000;1,86;7262000;H;08.11.2025;rejected
O000612;L0001315;V019;D009;24.10.2025;4500000;8,97;4096000;H;07.11.2025;rejected
O000613;L0001318;V026;D003;19.03.2025;2900000;2,46;2828000;H;02.04.2025;rejected
O000614;L0001319;V001;D002;10.08.2026;3450000;7,26;3199000;H;24.08.2026;rejected
O000615;L0001320;V033;D008;25.09.2025;5400000;1,72;5307000;H;09.10.2025;accepted
O000616;L0001321;V010;D002;09.01.2026;4600000;6,29;4310000;H;23.01.2026;accepted
O000617;L0001326;V014;D001;25.06.2026;12300000;0,59;12226000;H;09.07.2026;rejected
O000618;L0001328;V027;D003;27.01.2025;3700000;5,3;3503000;H;10.02.2025;rejected
O000619;L0001331;V031;D001;18.02.2025;10800000;4,78;10284000;H;04.03.2025;rejected
O000620;L0001333;V028;D007;20.10.2025;4000000;3,01;3879000;H;03.11.2025;rejected
O000621;L0001334;V024;D003;12.06.2025;2650000;1,96;2597000;E;26.06.2025;accepted
O000622;L0001335;V005;D008;27.07.2026;6900000;1,69;6783000;E;10.08.2026;rejected
O000623;L0001337;V033;D013;02.03.2026;5400000;5,81;5086000;E;16.03.2026;rejected
O000624;L0001340;V029;D005;28.08.2026;3300000;3,48;3185000;H;11.09.2026;open
O000625;L0001341;V026;D009;11.07.2025;2900000;4,72;2763000;H;25.07.2025;rejected
O000626;L0001343;V034;D002;06.06.2026;6100000;3,45;5889000;E;20.06.2026;rejected
O000627;L0001344;V017;D004;27.12.2025;4100000;3,63;3951000;H;10.01.2026;accepted
O000628;L0001345;V017;D006;01.06.2026;4100000;3,78;3945000;E;15.06.2026;rejected
O000629;L0001349;V026;D005;17.07.2026;2900000;5,0;2754000;E;31.07.2026;rejected
O000630;L0001353;V005;D014;03.01.2026;6900000;0,0;6900000;H;17.01.2026;rejected
O000631;L0001354;V037;D002;13.04.2026;17500000;2,12;17129000;H;27.04.2026;rejected
O000632;L0001355;V029;D001;20.04.2026;3300000;2,73;3209000;H;04.05.2026;rejected
O000633;L0001358;V026;D014;13.06.2025;2900000;4,61;2766000;H;27.06.2025;rejected
O000634;L0001363;V028;D010;03.11.2025;4000000;7,39;3704000;H;17.11.2025;rejected
O000635;L0001368;V019;D006;30.11.2024;4500000;1,55;4430000;E;14.12.2024;accepted
O000636;L0001370;V024;D003;02.01.2026;2650000;4,64;2526000;E;16.01.2026;rejected
O000637;L0001372;V008;D003;02.07.2026;4200000;4,56;4008000;E;16.07.2026;accepted
O000638;L0001373;V034;D005;13.12.2025;6100000;4,6;5819000;H;27.12.2025;accepted
O000639;L0001374;V028;D012;10.08.2026;4000000;6,52;3739000;E;24.08.2026;rejected
O000640;L0001382;V029;D003;05.05.2025;3300000;0,0;3300000;E;19.05.2025;rejected
O000641;L0001383;V007;D008;07.04.2025;14500000;2,33;14162000;E;21.04.2025;rejected
O000642;L0001384;V027;D006;18.03.2026;3700000;8,35;3391000;H;01.04.2026;accepted
O000643;L0001389;V025;D012;09.02.2026;3050000;6,25;2859000;E;23.02.2026;rejected
O000644;L0001391;V001;D010;07.10.2025;3450000;5,55;3258000;H;21.10.2025;accepted
O000645;L0001396;V026;D011;17.11.2025;2900000;6,2;2720000;E;01.12.2025;accepted
O000646;L0001398;V001;D006;21.07.2025;3450000;0,76;3423000;E;04.08.2025;rejected
O000647;L0001400;V002;D001;05.01.2026;3900000;6,56;3644000;H;19.01.2026;accepted
O000648;L0001402;V018;D002;20.07.2026;4700000;6,0;4417000;H;03.08.2026;rejected
O000649;L0001403;V027;D009;19.01.2026;3700000;4,39;3537000;E;02.02.2026;accepted
O000650;L0001404;V022;D008;17.12.2025;9800000;4,77;9332000;H;31.12.2025;accepted
O000651;L0001407;V019;D007;30.10.2024;4500000;2,25;4398000;H;13.11.2024;accepted
O000652;L0001409;V002;D002;09.05.2026;3900000;4,72;3715000;H;23.05.2026;rejected
O000653;L0001410;V010;D009;11.07.2025;4600000;9,38;4168000;H;25.07.2025;rejected
O000654;L0001412;V025;D001;21.11.2025;3050000;5,66;2877000;H;05.12.2025;rejected
O000655;L0001413;V020;D009;14.08.2025;6600000;6,55;6167000;H;28.08.2025;accepted
O000656;L0001415;V026;D011;10.11.2025;2900000;1,1;2868000;H;24.11.2025;accepted
O000657;L0001419;V019;D011;15.12.2025;4500000;4,19;4311000;E;29.12.2025;accepted
O000658;L0001420;V005;D002;01.01.2026;6900000;0,0;6900000;E;15.01.2026;rejected
O000659;L0001426;V025;D004;05.02.2025;3050000;2,03;2988000;H;19.02.2025;rejected
O000660;L0001433;V018;D002;03.04.2026;4700000;3,85;4519000;E;17.04.2026;rejected
O000661;L0001435;V003;D004;15.12.2025;4650000;5,67;4386000;E;29.12.2025;accepted
O000662;L0001436;V018;D003;07.03.2026;4700000;2,92;4562000;E;21.03.2026;rejected
O000663;L0001437;V020;D006;01.01.2026;6600000;8,35;6049000;E;15.01.2026;accepted
O000664;L0001438;V021;D001;01.05.2026;7400000;1,19;7311000;E;15.05.2026;rejected
O000665;L0001439;V012;D009;04.09.2025;7100000;5,84;6685000;H;18.09.2025;rejected
O000666;L0001442;V034;D006;30.03.2026;6100000;5,11;5788000;E;13.04.2026;rejected
O000667;L0001444;V018;D004;25.06.2026;4700000;1,89;4611000;H;09.07.2026;accepted
O000668;L0001446;V029;D004;22.08.2026;3300000;3,3;3191000;E;05.09.2026;open
O000669;L0001447;V006;D002;15.08.2026;7800000;4,88;7419000;H;29.08.2026;rejected
O000670;L0001449;V008;D007;12.03.2026;4200000;3,39;4057000;H;26.03.2026;rejected
O000671;L0001450;V002;D007;01.06.2026;3900000;3,28;3772000;E;15.06.2026;rejected
O000672;L0001451;V017;D004;03.05.2025;4100000;2,97;3978000;E;17.05.2025;rejected
O000673;L0001452;V032;D004;23.06.2025;6200000;2,78;6027000;E;07.07.2025;accepted
O000674;L0001453;V028;D005;19.03.2026;4000000;0,0;4000000;H;02.04.2026;accepted
O000675;L0001454;V006;D007;22.06.2026;7800000;7,73;7197000;H;06.07.2026;rejected
O000676;L0001459;V020;D007;22.12.2025;6600000;4,66;6292000;E;05.01.2026;accepted
O000677;L0001460;V022;D004;31.07.2026;9800000;8,32;8984000;E;14.08.2026;accepted
O000678;L0001461;V034;D001;23.06.2025;6100000;9,04;5548000;H;07.07.2025;rejected
O000679;L0001465;V021;D001;31.03.2025;7400000;3,71;7125000;H;14.04.2025;accepted
O000680;L0001468;V001;D001;05.05.2025;3450000;1,69;3391000;E;19.05.2025;rejected
O000681;L0001470;V009;D006;01.05.2026;4900000;5,01;4654000;E;15.05.2026;rejected
O000682;L0001471;V024;D009;27.01.2025;2650000;2,83;2574000;E;10.02.2025;rejected
O000683;L0001476;V027;D005;23.02.2026;3700000;3,11;3584000;E;09.03.2026;accepted
O000684;L0001481;V022;D010;30.03.2026;9800000;3,53;9454000;H;13.04.2026;accepted
O000685;L0001482;V021;D004;18.06.2025;7400000;6,43;6924000;H;02.07.2025;rejected
O000686;L0001485;V016;D008;22.10.2025;5300000;7,87;4883000;E;05.11.2025;rejected
O000687;L0001488;V025;D006;14.07.2025;3050000;4,94;2899000;E;28.07.2025;accepted
O000688;L0001489;V035;D003;30.04.2026;7900000;1,34;7794000;E;14.05.2026;accepted
O000689;L0001492;V027;D002;14.02.2026;3700000;5,5;3496000;E;28.02.2026;rejected
O000690;L0001493;V026;D002;25.03.2026;2900000;1,45;2857000;H;08.04.2026;rejected
O000691;L0001494;V027;D003;17.11.2025;3700000;4,73;3524000;E;01.12.2025;rejected
O000692;L0001499;V029;D003;01.11.2025;3300000;6,68;3079000;H;15.11.2025;accepted
O000693;L0001500;V020;D001;31.12.2024;6600000;8,86;6015000;H;14.01.2025;rejected
O000694;L0001504;V022;D004;19.05.2026;9800000;7,3;9084000;H;02.06.2026;accepted
O000695;L0001506;V012;D007;27.06.2026;7100000;5,05;6741000;H;11.07.2026;rejected
O000696;L0001508;V020;D001;20.09.2025;6600000;6,63;6162000;H;04.10.2025;accepted
O000697;L0001509;V019;D008;10.08.2026;4500000;4,21;4310000;H;24.08.2026;open
O000698;L0001510;V009;D002;11.04.2025;4900000;6,64;4574000;H;25.04.2025;rejected
O000699;L0001511;V031;D007;25.08.2026;10800000;1,78;10607000;H;08.09.2026;open
O000700;L0001513;V025;D001;06.07.2026;3050000;4,55;2911000;E;20.07.2026;accepted
O000701;L0001514;V010;D007;23.03.2026;4600000;4,13;4409000;H;06.04.2026;accepted
O000702;L0001517;V022;D002;20.10.2025;9800000;8,99;8919000;E;03.11.2025;accepted
O000703;L0001518;V030;D002;26.08.2025;11900000;8,65;10870000;H;09.09.2025;rejected
O000704;L0001519;V029;D001;27.12.2024;3300000;2,22;3226000;E;10.01.2025;accepted
O000705;L0001521;V027;D004;02.12.2024;3700000;3,74;3561000;H;16.12.2024;accepted
O000706;L0001524;V004;D001;23.12.2025;5100000;6,3;4778000;H;06.01.2026;rejected
O000707;L0001529;V007;D014;17.08.2026;14500000;6,98;13487000;H;31.08.2026;rejected
O000708;L0001543;V033;D012;16.10.2025;5400000;6,43;5052000;E;30.10.2025;rejected
O000709;L0001545;V031;D005;10.06.2026;10800000;4,47;10316000;H;24.06.2026;rejected
O000710;L0001546;V008;D005;19.05.2025;4200000;2,97;4075000;H;02.06.2025;accepted
O000711;L0001548;V017;D008;31.01.2026;4100000;2,63;3992000;H;14.02.2026;accepted
O000712;L0001550;V008;D002;02.12.2024;4200000;3,51;4052000;E;16.12.2024;accepted
O000713;L0001553;V029;D008;18.08.2025;3300000;6,75;3077000;H;01.09.2025;rejected
O000714;L0001554;V001;D010;06.12.2024;3450000;3,2;3339000;H;20.12.2024;rejected
O000715;L0001555;V033;D003;07.10.2025;5400000;5,15;5121000;H;21.10.2025;rejected
O000716;L0001556;V017;D009;25.03.2025;4100000;3,11;3972000;H;08.04.2025;rejected
O000717;L0001561;V016;D006;29.08.2026;5300000;4,95;5037000;E;12.09.2026;open
O000718;L0001563;V028;D003;17.07.2025;4000000;1,22;3951000;H;31.07.2025;rejected
O000719;L0001564;V033;D001;15.07.2025;5400000;4,78;5141000;E;29.07.2025;accepted
O000720;L0001565;V020;D014;15.03.2025;6600000;6,81;6150000;H;29.03.2025;rejected
O000721;L0001566;V032;D003;18.03.2026;6200000;3,9;5958000;E;01.04.2026;rejected
O000722;L0001568;V018;D004;31.10.2025;4700000;4,54;4486000;H;14.11.2025;accepted
O000723;L0001569;V033;D005;18.07.2026;5400000;5,26;5115000;E;01.08.2026;accepted
O000724;L0001570;V015;D009;01.06.2026;16800000;7,71;15504000;H;15.06.2026;rejected
O000725;L0001571;V034;D005;17.12.2025;6100000;4,74;5811000;H;31.12.2025;accepted
O000726;L0001573;V028;D003;08.05.2026;4000000;7,42;3703000;H;22.05.2026;accepted
O000727;L0001574;V024;D004;25.12.2024;2650000;8,57;2422000;H;08.01.2025;rejected
O000728;L0001576;V019;D009;16.09.2024;4500000;3,4;4346000;H;30.09.2024;rejected
O000729;L0001582;V033;D009;05.12.2025;5400000;1,55;5316000;H;19.12.2025;rejected
O000730;L0001583;V009;D002;17.11.2025;4900000;5,53;4628000;H;01.12.2025;accepted
O000731;L0001586;V031;D001;01.05.2026;10800000;6,61;10085000;H;15.05.2026;rejected
O000732;L0001587;V028;D001;22.03.2025;4000000;0,89;3964000;H;05.04.2025;accepted
O000733;L0001588;V028;D002;23.12.2025;4000000;0,86;3965000;H;06.01.2026;rejected
O000734;L0001593;V021;D002;05.02.2026;7400000;1,52;7287000;E;19.02.2026;rejected
O000735;L0001594;V005;D001;03.09.2025;6900000;1,89;6769000;E;17.09.2025;accepted
O000736;L0001597;V025;D004;29.12.2025;3050000;4,59;2910000;H;12.01.2026;rejected
O000737;L0001599;V035;D002;25.09.2024;7900000;4,89;7513000;H;09.10.2024;rejected
O000738;L0001601;V018;D007;18.08.2025;4700000;12,0;4136000;H;01.09.2025;accepted
O000739;L0001604;V018;D006;06.07.2026;4700000;6,97;4372000;E;20.07.2026;rejected
O000740;L0001605;V031;D007;18.09.2025;10800000;4,98;10261000;H;02.10.2025;rejected
O000741;L0001609;V017;D009;28.11.2024;4100000;3,51;3956000;H;12.12.2024;rejected
O000742;L0001611;V008;D003;10.01.2025;4200000;2,66;4088000;E;24.01.2025;rejected
O000743;L0001612;V016;D004;05.09.2025;5300000;8,32;4858000;E;19.09.2025;rejected
O000744;L0001614;V029;D009;26.03.2026;3300000;0,35;3288000;H;09.04.2026;rejected
O000745;L0001616;V025;D007;20.09.2025;3050000;0,92;3021000;E;04.10.2025;rejected
O000746;L0001617;V012;D004;19.03.2026;7100000;7,41;6573000;E;02.04.2026;rejected
O000747;L0001619;V011;D007;08.10.2025;6400000;6,14;6007000;E;22.10.2025;rejected
O000748;L0001625;V035;D010;27.05.2025;7900000;4,87;7514000;E;10.06.2025;rejected
O000749;L0001626;V012;D007;06.06.2026;7100000;2,83;6898000;E;20.06.2026;accepted
O000750;L0001631;V019;D012;21.08.2026;4500000;2,04;4408000;H;04.09.2026;open
O000751;L0001632;V024;D012;14.07.2025;2650000;0,49;2637000;H;28.07.2025;rejected
O000752;L0001633;V029;D010;19.06.2026;3300000;7,39;3056000;E;03.07.2026;rejected
O000753;L0001635;V034;D007;24.09.2024;6100000;1,57;6004000;H;08.10.2024;accepted
O000754;L0001638;V010;D008;13.08.2026;4600000;3,16;4454000;E;27.08.2026;rejected
O000755;L0001639;V032;D001;31.12.2024;6200000;6,66;5787000;H;14.01.2025;rejected
O000756;L0001640;V006;D011;22.12.2025;7800000;4,92;7416000;H;05.01.2026;accepted
O000757;L0001641;V016;D004;22.04.2026;5300000;3,87;5094000;E;06.05.2026;rejected
O000758;L0001642;V028;D003;25.11.2024;4000000;5,35;3786000;H;09.12.2024;rejected
O000759;L0001644;V029;D009;23.02.2026;3300000;5,66;3113000;E;09.03.2026;rejected
O000760;L0001647;V024;D003;17.07.2025;2650000;4,5;2530000;H;31.07.2025;rejected
O000761;L0001648;V033;D002;13.08.2025;5400000;2,14;5284000;E;27.08.2025;rejected
O000762;L0001649;V028;D005;10.11.2025;4000000;0,0;4000000;H;24.11.2025;rejected
O000763;L0001657;V025;D001;21.07.2026;3050000;2,74;2966000;H;04.08.2026;accepted
O000764;L0001658;V026;D002;17.07.2026;2900000;1,65;2852000;H;31.07.2026;accepted
O000765;L0001659;V017;D010;27.04.2026;4100000;3,44;3959000;E;11.05.2026;rejected
O000766;L0001662;V033;D002;27.03.2025;5400000;2,31;5275000;H;10.04.2025;rejected
O000767;L0001664;V020;D007;16.08.2025;6600000;3,4;6375000;H;30.08.2025;rejected
O000768;L0001665;V022;D014;01.06.2026;9800000;6,77;9136000;H;15.06.2026;rejected
O000769;L0001667;V018;D002;30.12.2025;4700000;7,2;4361000;E;13.01.2026;rejected
O000770;L0001669;V002;D014;27.07.2026;3900000;3,45;3765000;H;10.08.2026;accepted
O000771;L0001672;V006;D007;14.11.2025;7800000;3,72;7510000;H;28.11.2025;accepted
O000772;L0001673;V035;D003;01.06.2026;7900000;3,59;7616000;H;15.06.2026;rejected
O000773;L0001675;V012;D005;07.04.2025;7100000;4,28;6796000;H;21.04.2025;accepted
O000774;L0001676;V011;D005;10.03.2026;6400000;3,65;6166000;H;24.03.2026;rejected
O000775;L0001677;V019;D001;23.01.2026;4500000;5,28;4262000;H;06.02.2026;rejected
O000776;L0001679;V024;D002;11.09.2025;2650000;2,21;2591000;H;25.09.2025;rejected
O000777;L0001681;V019;D006;04.03.2025;4500000;4,25;4308000;H;18.03.2025;accepted
O000778;L0001683;V008;D004;15.05.2026;4200000;5,13;3984000;H;29.05.2026;rejected
O000779;L0001687;V004;D005;02.07.2026;5100000;5,87;4800000;E;16.07.2026;rejected
O000780;L0001694;V026;D001;05.05.2026;2900000;5,23;2748000;E;19.05.2026;rejected
O000781;L0001695;V019;D001;07.01.2025;4500000;2,81;4373000;H;21.01.2025;accepted
O000782;L0001697;V006;D001;05.01.2026;7800000;4,43;7454000;H;19.01.2026;rejected
O000783;L0001699;V018;D011;13.07.2026;4700000;8,43;4303000;H;27.07.2026;rejected
O000784;L0001700;V017;D006;02.11.2024;4100000;0,0;4100000;H;16.11.2024;rejected
O000785;L0001701;V019;D007;31.03.2025;4500000;2,65;4380000;E;14.04.2025;accepted
O000786;L0001702;V033;D003;15.09.2025;5400000;5,45;5105000;H;29.09.2025;rejected
O000787;L0001703;V035;D001;24.03.2026;7900000;2,42;7709000;H;07.04.2026;accepted
O000788;L0001709;V018;D005;23.05.2026;4700000;6,35;4401000;E;06.06.2026;accepted
O000789;L0001713;V034;D010;28.05.2026;6100000;5,03;5793000;H;11.06.2026;rejected
O000790;L0001714;V013;D007;29.09.2025;11200000;4,99;10641000;E;13.10.2025;rejected
O000791;L0001715;V011;D008;06.11.2025;6400000;6,65;5974000;H;20.11.2025;rejected
O000792;L0001716;V013;D014;13.07.2026;11200000;3,26;10834000;E;27.07.2026;rejected
O000793;L0001717;V011;D004;27.05.2026;6400000;6,14;6006000;E;10.06.2026;accepted
O000794;L0001722;V012;D004;26.06.2025;7100000;3,97;6818000;E;10.07.2025;rejected
O000795;L0001723;V008;D005;09.09.2024;4200000;6,37;3932000;H;23.09.2024;rejected
O000796;L0001725;V001;D007;29.10.2025;3450000;2,93;3349000;E;12.11.2025;rejected
O000797;L0001727;V037;D006;21.01.2026;17500000;3,14;16949000;H;04.02.2026;rejected
O000798;L0001730;V022;D011;21.10.2024;9800000;5,69;9242000;H;04.11.2024;accepted
O000799;L0001736;V016;D007;03.10.2024;5300000;1,69;5210000;E;17.10.2024;accepted
O000800;L0001737;V004;D002;07.01.2026;5100000;6,6;4763000;E;21.01.2026;accepted
O000801;L0001740;V028;D014;06.03.2025;4000000;2,97;3881000;H;20.03.2025;rejected
O000802;L0001743;V012;D004;17.03.2026;7100000;6,68;;E;31.03.2026;accepted
O000803;L0001744;V030;D005;01.01.2026;11900000;4,57;11355000;H;15.01.2026;rejected
O000804;L0001746;V024;D004;05.03.2025;2650000;7,87;2441000;E;19.03.2025;rejected
O000805;L0001747;V025;D003;14.10.2025;3050000;2,92;2960000;E;28.10.2025;rejected
O000806;L0001748;V018;D014;26.05.2025;4700000;4,09;4507000;E;09.06.2025;rejected
O000807;L0001749;V025;D002;10.03.2026;3050000;4,17;2922000;E;24.03.2026;accepted
O000808;L0001751;V027;D001;20.07.2026;3700000;1,19;3656000;E;03.08.2026;open
O000809;L0001753;V010;D002;04.11.2025;4600000;4,89;4375000;H;18.11.2025;rejected
O000810;L0001758;V005;D007;10.06.2026;6900000;0,0;6900000;H;24.06.2026;rejected
O000811;L0001759;V024;D001;12.12.2024;2650000;4,1;2541000;E;26.12.2024;rejected
O000812;L0001760;V029;D001;29.01.2026;3300000;6,88;3073000;E;12.02.2026;rejected
O000813;L0001762;V021;D005;07.07.2026;7400000;5,71;6977000;H;21.07.2026;accepted
O000814;L0001764;V009;D014;04.03.2026;4900000;0,24;4888000;E;18.03.2026;rejected
O000815;L0001765;V028;D007;30.04.2025;4000000;5,34;3786000;H;14.05.2025;accepted
O000816;L0001766;V028;D003;24.02.2025;4000000;0,0;4000000;H;10.03.2025;accepted
O000817;L0001768;V002;D010;05.04.2025;3900000;7,39;3611000;H;19.04.2025;rejected
O000818;L0001771;V033;D002;30.08.2025;5400000;3,59;5206000;E;13.09.2025;accepted
O000819;L0001773;V022;D001;05.12.2024;9800000;6,21;9191000;H;19.12.2024;rejected
O000820;L0001775;V019;D003;11.11.2025;4500000;5,06;4272000;E;25.11.2025;accepted
O000821;L0001779;V001;D002;13.04.2026;3450000;5,87;3247000;E;27.04.2026;accepted
O000822;L0001782;V025;D007;22.09.2025;3050000;5,99;2867000;H;06.10.2025;rejected
O000823;L0001785;V017;D009;19.09.2024;4100000;5,03;3893000;E;03.10.2024;accepted
O000824;L0001793;V020;D007;01.01.2026;6600000;7,44;6108000;H;15.01.2026;accepted
O000825;L0001795;V034;D012;10.04.2025;6100000;5,41;5769000;E;24.04.2025;accepted
O000826;L0001796;V017;D007;29.05.2026;4100000;5,48;3875000;H;12.06.2026;rejected
O000827;L0001805;V023;D012;15.05.2026;15900000;7,72;14672000;E;29.05.2026;rejected
O000828;L0001806;V027;D004;15.04.2026;3700000;4,07;3549000;E;29.04.2026;rejected
O000829;L0001807;V032;D002;01.06.2026;6200000;5,3;5871000;E;15.06.2026;rejected
O000830;L0001808;V015;D003;29.07.2025;16800000;4,1;16110000;E;12.08.2025;rejected
O000831;L0001811;V023;D004;27.03.2026;15900000;1,65;15638000;H;10.04.2026;rejected
O000832;L0001813;V022;D002;21.11.2024;9800000;11,83;8640000;E;05.12.2024;accepted
O000833;L0001814;V019;D004;02.05.2026;4500000;1,9;4414000;E;16.05.2026;rejected
O000834;L0001815;V033;D005;21.02.2026;5400000;3,81;5194000;E;07.03.2026;rejected
O000835;L0001817;V018;D013;08.12.2025;4700000;4,37;4494000;E;22.12.2025;accepted
O000836;L0001824;V029;D003;17.06.2026;3300000;8,3;3026000;E;01.07.2026;accepted
O000837;L0001825;V029;D002;30.05.2026;3300000;5,67;3112000;E;13.06.2026;rejected
O000838;L0001827;V003;D006;17.06.2026;4650000;1,87;4563000;E;01.07.2026;rejected
O000839;L0001828;V005;D003;24.08.2026;6900000;8,65;6303000;H;07.09.2026;open
O000840;L0001833;V028;D007;03.11.2025;4000000;4,67;3813000;H;17.11.2025;accepted
O000841;L0001837;V001;D002;23.07.2025;3450000;0,73;3424000;E;06.08.2025;accepted
O000842;L0001838;V012;D007;27.04.2026;7100000;0,38;7073000;H;11.05.2026;rejected
O000843;L0001839;V013;D010;16.05.2026;11200000;3,44;10814000;E;30.05.2026;rejected
O000844;L0001840;V018;D005;10.12.2025;4700000;7,42;4351000;H;24.12.2025;rejected
O000845;L0001841;V024;D003;01.08.2026;2650000;5,72;2498000;H;15.08.2026;rejected
O000846;L0001842;V003;D008;19.01.2026;4650000;6,32;4356000;H;02.02.2026;rejected
O000847;L0001844;V010;D007;25.06.2026;4600000;8,11;4226000;E;09.07.2026;accepted
O000848;L0001845;V003;D004;10.02.2026;4650000;5,67;4386000;H;24.02.2026;rejected
O000849;L0001850;V026;D006;24.02.2026;2900000;3,09;2810000;E;10.03.2026;rejected
O000850;L0001854;V012;D001;09.05.2025;7100000;7,04;6600000;E;23.05.2025;rejected
O000851;L0001856;V017;D006;13.08.2026;4100000;9,26;3720000;E;27.08.2026;accepted
O000852;L0001857;V019;D004;21.11.2025;4500000;4,39;4302000;H;05.12.2025;rejected
O000853;L0001858;V027;D008;28.04.2025;3700000;0,0;3700000;H;12.05.2025;rejected
O000854;L0001860;V028;D007;07.11.2025;4000000;99,0;3805000;E;21.11.2025;accepted
O000855;L0001862;V010;D008;18.06.2026;4600000;4,55;4390000;H;02.07.2026;accepted
O000856;L0001866;V006;D007;21.03.2025;7800000;1,76;7662000;E;04.04.2025;accepted
O000857;L0001870;V008;D011;07.03.2026;4200000;5,86;3953000;H;21.03.2026;rejected
O000858;L0001871;V029;D003;21.07.2026;3300000;6,37;3089000;E;04.08.2026;rejected
O000859;L0001872;V016;D008;06.05.2026;5300000;2,37;5174000;E;20.05.2026;rejected
O000860;L0001873;V027;D002;05.08.2026;3700000;6,81;3448000;H;19.08.2026;accepted
O000861;L0001874;V008;D006;26.03.2026;4200000;5,81;3956000;H;09.04.2026;accepted
O000862;L0001876;V001;D001;04.08.2025;3450000;4,18;3305000;H;18.08.2025;accepted
O000863;L0001877;V024;D004;26.05.2026;2650000;4,83;2522000;H;09.06.2026;rejected
O000864;L0001881;V019;D011;07.03.2026;4500000;0,0;4500000;H;21.03.2026;rejected
O000865;L0001884;V036;D005;13.11.2024;14200000;11,72;12535000;H;27.11.2024;rejected
O000866;L0001886;V005;D010;28.08.2025;6900000;1,73;6780000;E;11.09.2025;rejected
O000867;L0001887;V025;D003;15.06.2026;3050000;3,15;2954000;H;29.06.2026;accepted
O000868;L0001889;V034;D006;14.07.2026;6100000;6,59;5697000;H;28.07.2026;accepted
O000869;L0001892;V025;D008;29.07.2025;3050000;7,98;;E;12.08.2025;rejected
O000870;L0001895;V012;D001;06.07.2026;7100000;5,01;6744000;E;20.07.2026;accepted
O000871;L0001896;V010;D002;21.06.2025;4600000;0,27;4587000;E;05.07.2025;rejected
O000872;L0001897;V026;D012;19.12.2024;2900000;11,01;2580000;H;02.01.2025;rejected
O000873;L0001898;V021;D002;18.11.2024;7400000;0,04;7397000;H;02.12.2024;rejected
O000874;L0001902;V024;D004;30.05.2026;2650000;0,34;2640000;H;13.06.2026;accepted
O000875;L0001903;V029;D010;30.04.2025;3300000;2,2;3227000;H;14.05.2025;rejected
O000876;L0001904;V001;D004;06.04.2026;3450000;4,9;3280000;E;20.04.2026;rejected
O000877;L0001905;V003;D002;13.06.2026;4650000;5,63;4388000;H;27.06.2026;accepted
O000878;L0001909;V019;D003;16.02.2026;4500000;2,31;4396000;E;02.03.2026;accepted
O000879;L0001913;V031;D003;08.03.2025;10800000;3,8;10389000;E;22.03.2025;accepted
O000880;L0001914;V027;D005;19.05.2026;3700000;4,16;3546000;E;02.06.2026;rejected
O000881;L0001915;V017;D002;20.04.2026;4100000;3,26;3966000;E;04.05.2026;rejected
O000882;L0001916;V038;D002;21.10.2024;22000000;6,87;20488000;H;04.11.2024;rejected
O000883;L0001918;V025;D002;11.04.2026;3050000;7,32;2826000;H;25.04.2026;rejected
O000884;L0001919;V032;D004;23.05.2026;6200000;2,16;6065000;H;06.06.2026;rejected
O000885;L0001921;V026;D005;09.12.2025;2900000;4,9;2758000;E;23.12.2025;accepted
O000886;L0001922;V025;D005;21.05.2026;3050000;8,48;2791000;H;04.06.2026;accepted
O000887;L0001923;V016;D005;10.08.2026;5300000;4,44;5064000;H;24.08.2026;open
O000888;L0001927;V002;D012;15.12.2025;3900000;3,73;3754000;H;29.12.2025;accepted
O000889;L0001928;V018;D002;08.12.2025;4700000;5,59;4437000;E;22.12.2025;rejected
O000890;L0001932;V029;D002;11.08.2025;3300000;5,57;3116000;H;25.08.2025;accepted
O000891;L0001934;V035;D004;23.04.2026;7900000;4,01;7583000;E;07.05.2026;rejected
O000892;L0001936;V018;D007;25.07.2025;4700000;5,67;4433000;E;08.08.2025;rejected
O000893;L0001940;V025;D005;02.10.2024;3050000;0,84;3024000;E;16.10.2024;accepted
O000894;L0001941;V002;D002;20.08.2026;3900000;9,04;3547000;H;03.09.2026;rejected
O000895;L0001942;V029;D001;09.02.2026;3300000;5,24;3126000;E;23.02.2026;rejected
O000896;L0001943;V017;D004;17.07.2026;4100000;2,48;;E;31.07.2026;rejected
O000897;L0001944;V028;D001;10.02.2026;4000000;7,64;3694000;H;24.02.2026;rejected
O000898;L0001945;V011;D006;19.08.2026;6400000;2,96;6210000;E;02.09.2026;rejected
O000899;L0001949;V025;D008;07.10.2024;3050000;1,11;3016000;E;21.10.2024;accepted
O000900;L0001953;V016;D002;20.03.2026;5300000;4,03;5086000;H;03.04.2026;accepted
O000901;L0001954;V001;D011;21.06.2025;3450000;2,61;3359000;E;05.07.2025;rejected
O000902;L0001955;V008;D002;27.01.2026;4200000;5,06;3987000;E;10.02.2026;accepted
O000903;L0001956;V009;D013;21.08.2026;4900000;5,17;4646000;H;04.09.2026;accepted
O000904;L0001958;V018;D010;26.01.2026;4700000;4,65;4481000;E;09.02.2026;rejected
O000905;L0001963;V015;D001;06.06.2026;16800000;1,92;16476000;H;20.06.2026;rejected
O000906;L0001964;V020;D002;06.06.2026;6600000;5,05;6266000;H;20.06.2026;accepted
O000907;L0001966;V009;D008;13.12.2025;4900000;3,72;4717000;H;27.12.2025;rejected
O000908;L0001967;V030;D008;16.05.2026;11900000;4,25;11394000;H;30.05.2026;accepted
O000909;L0001972;V028;D007;10.04.2026;4000000;3,32;3867000;E;24.04.2026;rejected
O000910;L0001973;V031;D007;06.12.2025;10800000;5,13;10246000;E;20.12.2025;rejected
O000911;L0001974;V003;D002;03.11.2025;4650000;5,32;4402000;E;17.11.2025;rejected
O000912;L0001976;V033;D007;07.04.2025;5400000;7,58;4990000;H;21.04.2025;rejected
O000913;L0001980;V026;D007;04.06.2026;2900000;0,89;2874000;E;18.06.2026;rejected
O000914;L0001982;V008;D006;05.06.2025;4200000;5,63;3963000;H;19.06.2025;rejected
O000915;L0001985;V026;D002;01.09.2025;2900000;0,0;2900000;E;15.09.2025;rejected
O000916;L0001987;V030;D004;12.06.2026;11900000;9,91;10720000;H;26.06.2026;rejected
O000917;L0001988;V035;D007;22.05.2026;7900000;1,83;7755000;H;05.06.2026;accepted
O000918;L0001989;V022;D001;14.08.2025;9800000;7,44;9071000;H;28.08.2025;accepted
O000919;L0001990;V001;D004;23.04.2026;3450000;0,21;3442000;H;07.05.2026;rejected
O000920;L0001991;V009;D004;06.02.2026;4900000;8,26;4495000;H;20.02.2026;rejected
O000921;L0001993;V002;D008;05.12.2024;3900000;5,8;3673000;H;19.12.2024;rejected
O000922;L0001994;V022;D011;16.06.2026;9800000;2,19;9584000;E;30.06.2026;accepted
O000923;L0001996;V033;D008;01.04.2026;5400000;5,56;5099000;H;15.04.2026;rejected
O000924;L0001997;V026;D007;22.12.2025;2900000;5,0;2754000;E;05.01.2026;accepted
O000925;L0001999;V005;D014;25.12.2025;6900000;9,15;6268000;H;08.01.2026;accepted
O000926;L0002000;V001;D003;02.04.2026;3450000;4,63;3290000;H;16.04.2026;rejected
O000927;L0002002;V025;D001;01.12.2025;3050000;8,78;2782000;H;15.12.2025;accepted
O000928;L0002004;V001;D002;06.10.2025;3450000;3,46;3330000;H;20.10.2025;accepted
O000929;L0002005;V020;D001;20.11.2025;6600000;0,0;6600000;H;04.12.2025;rejected
O000930;L0002007;V010;D002;31.03.2025;4600000;4,41;4397000;E;14.04.2025;accepted
O000931;L0002010;V034;D001;03.04.2026;6100000;9,61;5513000;H;17.04.2026;rejected
O000932;L0002011;V034;D002;24.04.2026;6100000;6,64;5694000;E;08.05.2026;accepted
O000933;L0002017;V010;D002;22.11.2025;4600000;7,7;4245000;E;06.12.2025;rejected
O000934;L0002018;V003;D004;29.12.2025;4650000;7,27;4312000;H;12.01.2026;rejected
O000935;L0002019;V034;D005;06.01.2025;6100000;5,92;5738000;E;20.01.2025;accepted
O000936;L0002021;V025;D014;29.07.2026;3050000;8,54;2789000;H;12.08.2026;accepted
O000937;L0002024;V024;D001;04.04.2026;2650000;2,76;2576000;E;18.04.2026;accepted
O000938;L0002025;V018;D006;05.08.2026;4700000;2,9;4563000;H;19.08.2026;rejected
O000939;L0002026;V008;D005;09.02.2026;4200000;2,37;4100000;E;23.02.2026;rejected
O000940;L0002030;V027;D002;08.11.2025;3700000;5,64;3491000;E;22.11.2025;accepted
O000941;L0002033;V018;D003;03.10.2024;4700000;8,63;4294000;H;17.10.2024;accepted
O000942;L0002034;V004;D003;06.01.2026;5100000;5,88;4799000;E;20.01.2026;accepted
O000943;L0002039;V037;D002;02.07.2025;17500000;4,11;16781000;E;16.07.2025;rejected
O000944;L0002046;V025;D005;05.08.2025;3050000;4,69;2906000;H;19.08.2025;accepted
O000945;L0002048;V024;D006;22.08.2025;2650000;4,94;2519000;H;05.09.2025;accepted
O000946;L0002049;V025;D011;07.12.2024;3050000;2,85;2963000;H;21.12.2024;accepted
O000947;L0002051;V003;D001;19.02.2025;4650000;4,17;4456000;H;05.03.2025;rejected
O000948;L0002053;V028;D007;02.08.2025;4000000;9,37;3625000;H;16.08.2025;rejected
O000949;L0002054;V024;D007;12.07.2025;2650000;3,49;2557000;H;26.07.2025;accepted
O000950;L0002056;V019;D009;13.12.2025;4500000;2,18;4402000;E;27.12.2025;rejected
O000951;L0002057;V025;D004;11.02.2025;3050000;0,0;3050000;E;25.02.2025;rejected
O000952;L0002062;V018;D009;17.10.2024;4700000;3,45;4537000;H;31.10.2024;accepted
O000953;L0002063;V032;D008;21.08.2026;6200000;1,85;6085000;H;04.09.2026;accepted
O000954;L0002066;V034;D001;19.12.2025;6100000;4,05;5852000;E;02.01.2026;accepted
O000955;L0002067;V002;D013;05.06.2025;3900000;5,36;3691000;H;19.06.2025;accepted
O000956;L0002068;V017;D001;21.05.2026;4100000;6,03;3852000;H;04.06.2026;rejected
O000957;L0002071;V019;D009;25.11.2024;4500000;2,51;4386000;E;09.12.2024;accepted
O000958;L0002072;V027;D001;08.10.2025;3700000;4,8;3522000;H;22.10.2025;rejected
O000959;L0002073;V009;D002;27.07.2026;4900000;7,26;4544000;E;10.08.2026;rejected
O000960;L0002076;V022;D007;07.04.2025;9800000;5,32;9278000;E;21.04.2025;accepted
O000961;L0002078;V031;D008;20.05.2026;10800000;6,64;10083000;H;03.06.2026;rejected
O000962;L0002079;V017;D005;18.08.2025;4100000;5,62;3869000;E;01.09.2025;rejected
O000963;L0002080;V019;D002;28.10.2025;4500000;10,5;4027000;H;11.11.2025;rejected
O000964;L0002081;V032;D002;01.12.2025;6200000;5,75;5843000;H;15.12.2025;rejected
O000965;L0002082;V028;D001;17.08.2026;4000000;4,02;3839000;H;31.08.2026;open
O000966;L0002087;V002;D002;04.04.2025;3900000;0,0;3900000;E;18.04.2025;rejected
O000967;L0002088;V024;D007;31.03.2026;2650000;3,92;2546000;E;14.04.2026;accepted
O000968;L0002089;V028;D013;06.06.2025;4000000;4,55;3817000;H;20.06.2025;rejected
O000969;L0002090;V008;D012;12.03.2026;4200000;4,29;4019000;E;26.03.2026;rejected
O000970;L0002091;V001;D006;01.01.2026;3450000;6,16;3237000;E;15.01.2026;rejected
O000971;L0002092;V017;D008;11.10.2025;4100000;2,37;4002000;H;25.10.2025;rejected
O000972;L0002093;V024;D007;18.05.2026;2650000;6,34;2482000;E;01.06.2026;accepted
O000973;L0002094;V001;D005;25.07.2026;3450000;5,14;3272000;H;08.08.2026;rejected
O000974;L0002095;V002;D002;14.06.2025;3900000;0,0;3900000;E;28.06.2025;accepted
O000975;L0002096;V019;D003;10.02.2026;4500000;3,92;4323000;E;24.02.2026;rejected
O000976;L0002099;V025;D009;17.02.2025;3050000;99,0;2956000;H;03.03.2025;accepted
O000977;L0002101;V030;D007;10.04.2026;11900000;3,69;11460000;H;24.04.2026;rejected
O000978;L0002103;V019;D003;04.08.2026;4500000;4,27;4308000;H;18.08.2026;open
O000979;L0002106;V004;D005;20.03.2026;5100000;5,46;4821000;H;03.04.2026;accepted
O000980;L0002110;V017;D008;14.11.2025;4100000;3,52;3955000;E;28.11.2025;accepted
O000981;L0002112;V010;D001;12.08.2025;4600000;3,24;4451000;E;26.08.2025;accepted
O000982;L0002120;V028;D001;24.04.2026;4000000;4,34;3826000;E;08.05.2026;rejected
O000983;L0002121;V001;D006;03.02.2026;3450000;4,74;3286000;E;17.02.2026;rejected
O000984;L0002122;V026;D009;16.06.2025;2900000;7,94;2669000;H;30.06.2025;rejected
O000985;L0002123;V027;D003;28.05.2026;3700000;5,1;3511000;H;11.06.2026;accepted
O000986;L0002125;V029;D011;27.11.2025;3300000;2,94;3203000;H;11.12.2025;rejected
O000987;L0002128;V008;D008;06.10.2025;4200000;1,92;4119000;H;20.10.2025;rejected
O000988;L0002137;V024;D011;04.07.2026;2650000;3,25;2563000;E;18.07.2026;rejected
O000989;L0002138;V005;D003;19.05.2025;6900000;3,0;6692000;E;02.06.2025;accepted
O000990;L0002139;V029;D009;09.05.2025;3300000;3,28;3191000;E;23.05.2025;rejected
O000991;L0002140;V026;D004;06.12.2025;2900000;3,88;2787000;E;20.12.2025;rejected
O000992;L0002142;V001;D010;31.03.2025;3450000;3,25;3337000;H;14.04.2025;rejected
O000993;L0002143;V012;D005;30.04.2026;7100000;7,65;6556000;H;14.05.2026;rejected
O000994;L0002144;V034;D002;19.08.2026;6100000;3,11;5910000;H;02.09.2026;open
O000995;L0002145;V020;D008;08.06.2026;6600000;4,94;6273000;E;22.06.2026;accepted
O000996;L0002151;V019;D008;06.06.2026;4500000;0,0;4500000;E;20.06.2026;accepted
O000997;L0002153;V026;D014;02.02.2026;2900000;1,15;2866000;E;16.02.2026;accepted
O000998;L0002154;V004;D007;05.01.2026;5100000;3,39;4927000;E;19.01.2026;accepted
O000999;L0002156;V024;D006;04.06.2026;2650000;2,08;2594000;H;18.06.2026;rejected
O001000;L0002159;V010;D001;28.06.2025;4600000;6,16;4316000;E;12.07.2025;rejected
O001001;L0002162;V028;D004;16.09.2024;4000000;3,66;3853000;H;30.09.2024;rejected
O001002;L0002164;V005;D003;19.08.2025;6900000;0,0;6900000;H;02.09.2025;rejected
O001003;L0002167;V027;D003;03.12.2025;3700000;3,38;3574000;E;17.12.2025;accepted
O001004;L0002168;V035;D002;08.01.2025;7900000;2,87;7673000;H;22.01.2025;rejected
O001005;L0002169;V028;D004;27.11.2024;4000000;6,01;3759000;E;11.12.2024;accepted
O001006;L0002170;V008;D013;11.09.2025;4200000;3,93;4035000;E;25.09.2025;accepted
O001007;L0002171;V013;D007;24.09.2025;11200000;9,09;10181000;H;08.10.2025;accepted
O001008;L0002174;V021;D004;24.10.2025;7400000;3,36;7151000;H;07.11.2025;rejected
O001009;L0002176;V002;D002;16.10.2024;3900000;2,96;3784000;H;30.10.2024;accepted
O001010;L0002178;V027;D009;09.07.2026;3700000;1,83;3632000;H;23.07.2026;rejected
O001011;L0002179;V001;D013;02.12.2025;3450000;4,3;3301000;E;16.12.2025;rejected
O001012;L0002181;V025;D009;24.09.2025;3050000;2,28;2980000;H;08.10.2025;rejected
O001013;L0002182;V006;D004;29.08.2026;7800000;6,94;7258000;E;12.09.2026;open
O001014;L0002184;V017;D003;03.11.2025;4100000;1,95;4020000;E;17.11.2025;rejected
O001015;L0002187;V020;D001;11.11.2025;6600000;3,59;6362000;E;25.11.2025;accepted
O001016;L0002188;V028;D013;26.05.2025;4000000;3,2;3872000;E;09.06.2025;rejected
O001017;L0002189;V036;D004;03.08.2026;14200000;2,16;13893000;H;17.08.2026;rejected
O001018;L0002191;V025;D001;21.04.2026;3050000;2,56;2971000;H;05.05.2026;rejected
O001019;L0002194;V010;D008;05.05.2025;4600000;1,88;4513000;E;19.05.2025;rejected
O001020;L0002195;V016;D003;01.04.2026;5300000;2,55;5164000;H;15.04.2026;accepted
O001021;L0002199;V026;D004;01.09.2025;2900000;1,31;2861000;E;15.09.2025;accepted
O001022;L0002200;V011;D014;31.05.2025;6400000;0,21;6386000;H;14.06.2025;accepted
O001023;L0002201;V002;D007;18.11.2025;3900000;4,6;3720000;H;02.12.2025;rejected
O001024;L0002202;V024;D005;21.04.2026;2650000;2,0;2596000;H;05.05.2026;accepted
O001025;L0002203;V010;D012;14.02.2026;4600000;2,06;4505000;H;28.02.2026;rejected
O001026;L0002204;V002;D014;07.08.2026;3900000;1,05;3858000;E;21.08.2026;rejected
O001027;L0002206;V027;D005;22.12.2025;3700000;5,83;3484000;E;05.01.2026;accepted
O001028;L0002215;V010;D002;08.05.2026;4600000;6,47;4302000;E;22.05.2026;rejected
O001029;L0002217;V018;D008;30.10.2025;4700000;7,97;4325000;E;13.11.2025;rejected
O001030;L0002220;V019;D004;18.06.2026;4500000;2,2;4401000;E;02.07.2026;accepted
O001031;L0002221;V012;D006;25.08.2026;7100000;7,76;6549000;H;08.09.2026;accepted
O001032;L0002222;V017;D003;07.07.2025;4100000;4,19;3928000;H;21.07.2025;rejected
O001033;L0002223;V021;D002;08.10.2025;7400000;6,95;6885000;H;22.10.2025;rejected
O001034;L0002226;V004;D004;02.02.2026;5100000;8,71;4655000;H;16.02.2026;rejected
O001035;L0002229;V001;D010;10.04.2025;3450000;1,88;3385000;H;24.04.2025;accepted
O001036;L0002230;V024;D012;28.07.2026;2650000;3,93;2545000;H;11.08.2026;rejected
O001037;L0002231;V008;D001;12.03.2025;4200000;5,11;3985000;E;26.03.2025;rejected
O001038;L0002235;V004;D006;25.08.2025;5100000;8,24;4679000;E;08.09.2025;accepted
O001039;L0002237;V026;D014;30.03.2026;2900000;8,39;2656000;E;13.04.2026;accepted
O001040;L0002239;V035;D006;05.02.2026;7900000;3,27;7641000;E;19.02.2026;rejected
O001041;L0002241;V017;D007;25.05.2026;4100000;10,08;3686000;E;08.06.2026;accepted
O001042;L0002243;V005;D007;08.08.2026;6900000;6,51;6450000;E;22.08.2026;rejected
O001043;L0002246;V014;D004;15.04.2025;12300000;3,62;11854000;H;29.04.2025;accepted
O001044;L0002248;V002;D001;12.01.2026;3900000;6,86;3632000;H;26.01.2026;accepted
O001045;L0002252;V027;D001;02.07.2026;3700000;5,53;3495000;H;16.07.2026;accepted
O001046;L0002254;V017;D006;11.09.2025;4100000;1,56;4036000;H;25.09.2025;rejected
O001047;L0002255;V002;D008;31.03.2025;3900000;6,39;3650000;H;14.04.2025;rejected
O001048;L0002256;V027;D004;29.05.2026;3700000;2,99;3589000;H;12.06.2026;rejected
O001049;L0002257;V012;D006;17.11.2025;7100000;3,78;6831000;H;01.12.2025;rejected
O001050;L0002259;V025;D008;15.08.2026;3050000;4,29;2919000;E;29.08.2026;accepted
O001051;L0002260;V019;D006;13.11.2024;4500000;2,47;4388000;H;27.11.2024;rejected
O001052;L0002265;V008;D009;17.02.2025;4200000;0,42;4182000;H;03.03.2025;rejected
O001053;L0002267;V018;D002;30.06.2026;4700000;4,69;4479000;H;14.07.2026;rejected
O001054;L0002268;V025;D008;28.02.2026;3050000;5,13;2893000;H;14.03.2026;rejected
O001055;L0002269;V004;D005;10.04.2026;5100000;3,53;4920000;E;24.04.2026;rejected
O001056;L0002270;V033;D005;13.03.2026;5400000;6,01;5075000;H;27.03.2026;rejected
O001057;L0002271;V004;D012;01.05.2025;5100000;7,01;4742000;H;15.05.2025;rejected
O001058;L0002272;V020;D013;03.08.2026;6600000;9,79;5953000;H;17.08.2026;accepted
O001059;L0002276;V002;D003;17.10.2025;3900000;3,61;3759000;H;31.10.2025;rejected
O001060;L0002283;V003;D004;01.01.2026;4650000;5,69;4385000;H;15.01.2026;accepted
O001061;L0002288;V001;D012;01.06.2026;3450000;1,29;3405000;E;15.06.2026;rejected
O001062;L0002290;V021;D007;19.11.2025;7400000;5,47;6995000;H;03.12.2025;rejected
O001063;L0002291;V016;D007;13.11.2024;5300000;8,75;4836000;E;27.11.2024;rejected
O001064;L0002292;V006;D002;30.10.2025;7800000;6,23;7313000;H;13.11.2025;accepted
O001065;L0002293;V021;D002;06.12.2025;7400000;5,65;6982000;H;20.12.2025;accepted
O001066;L0002294;V018;D001;11.10.2024;4700000;5,59;4437000;E;25.10.2024;rejected
O001067;L0002295;V025;D004;10.02.2025;3050000;7,1;2833000;E;24.02.2025;rejected
O001068;L0002297;V009;D006;11.03.2026;4900000;150,0;4830000;H;25.03.2026;rejected
O001069;L0002301;V018;D003;18.09.2024;4700000;1,61;4624000;H;02.10.2024;rejected
O001070;L0002302;V025;D012;26.02.2025;3050000;3,76;2935000;E;12.03.2025;rejected
O001071;L0002303;V033;D006;18.03.2025;5400000;6,86;5029000;H;01.04.2025;accepted
O001072;L0002305;V012;D013;25.12.2025;7100000;9,7;6410000;H;08.01.2026;accepted
O001073;L0002307;V020;D007;09.01.2026;6600000;2,46;6437000;H;23.01.2026;accepted
O001074;L0002308;V028;D007;20.05.2026;4000000;7,57;3697000;H;03.06.2026;accepted
O001075;L0002309;V008;D001;18.02.2026;4200000;4,79;3998000;E;04.03.2026;rejected
O001076;L0002312;V028;D004;15.03.2025;4000000;2,38;3904000;E;29.03.2025;accepted
O001077;L0002316;V024;D006;10.09.2025;2650000;3,05;2569000;E;24.09.2025;rejected
O001078;L0002318;V024;D005;13.12.2024;2650000;7,53;2450000;H;27.12.2024;rejected
O001079;L0002319;V024;D007;06.07.2026;2650000;2,26;2590000;H;20.07.2026;rejected
O001080;L0002328;V005;D004;19.09.2025;6900000;8,13;6338000;H;03.10.2025;accepted
O001081;L0002330;V016;D008;20.02.2026;5300000;5,0;5034000;E;06.03.2026;rejected
O001082;L0002331;V020;D008;26.09.2025;6600000;7,91;6077000;H;10.10.2025;accepted
O001083;L0002332;V010;D001;23.02.2026;4600000;4,9;4374000;E;09.03.2026;rejected
O001084;L0002333;V012;D004;31.05.2025;7100000;0,98;7030000;H;14.06.2025;rejected
O001085;L0002334;V018;D008;23.04.2025;4700000;1,59;4625000;E;07.05.2025;rejected
O001086;L0002335;V026;D012;20.06.2026;2900000;4,6;2766000;E;04.07.2026;rejected
O001087;L0002338;V019;D006;28.03.2026;4500000;1,28;4442000;H;11.04.2026;rejected
O001088;L0002339;V012;D010;06.03.2026;7100000;2,6;6915000;H;20.03.2026;rejected
O001089;L0002341;V033;D007;27.06.2026;5400000;7,29;5006000;H;11.07.2026;rejected
O001090;L0002342;V019;D004;05.01.2026;4500000;6,06;4227000;H;19.01.2026;rejected
O001091;L0002343;V029;D003;05.01.2026;3300000;7,1;3065000;E;19.01.2026;accepted
O001092;L0002344;V017;D003;23.02.2026;4100000;6,47;;H;09.03.2026;rejected
O001093;L0002345;V028;D009;26.03.2026;4000000;5,52;3779000;E;09.04.2026;accepted
O001094;L0002348;V027;D010;23.09.2024;3700000;9,31;;H;07.10.2024;accepted
O001095;L0002349;V037;D004;22.06.2026;17500000;5,37;16559000;E;06.07.2026;rejected
O001096;L0002352;V005;D005;21.04.2025;6900000;4,67;6577000;H;05.05.2025;rejected
O001097;L0002355;V023;D001;20.05.2026;15900000;6,63;14845000;E;03.06.2026;rejected
O001098;L0002360;V027;D006;20.01.2026;3700000;2,47;3608000;E;03.02.2026;rejected
O001099;L0002363;V032;D005;29.08.2025;6200000;3,75;5967000;H;12.09.2025;accepted
O001100;L0002364;V015;D003;13.07.2026;16800000;1,81;16495000;H;27.07.2026;rejected
O001101;L0002369;V026;D002;15.07.2026;2900000;3,27;2805000;E;29.07.2026;rejected
O001102;L0002370;V004;D011;27.04.2026;5100000;1,98;4999000;H;11.05.2026;accepted
O001103;L0002371;V025;D003;21.05.2025;3050000;5,57;2880000;E;04.06.2025;accepted
O001104;L0002372;V001;D004;31.10.2025;3450000;6,23;3235000;E;14.11.2025;accepted
O001105;L0002375;V016;D008;27.04.2026;5300000;4,55;5058000;E;11.05.2026;accepted
O001106;L0002377;V010;D006;05.07.2025;4600000;0,84;4561000;H;19.07.2025;rejected
O001107;L0002378;V008;D002;09.05.2026;4200000;5,88;3952000;H;23.05.2026;rejected
O001108;L0002379;V035;D005;30.05.2026;7900000;0,0;7900000;E;13.06.2026;accepted
O001109;L0002380;V002;D001;03.06.2026;3900000;6,24;3656000;E;17.06.2026;accepted
O001110;L0002383;V029;D004;05.07.2025;3300000;5,69;3112000;E;19.07.2025;accepted
O001111;L0002384;V018;D009;18.07.2026;4700000;6,58;4390000;E;01.08.2026;accepted
O001112;L0002385;V001;D002;22.08.2026;3450000;1,01;3415000;E;05.09.2026;rejected
O001113;L0002391;V016;D003;25.09.2025;5300000;3,24;5128000;E;09.10.2025;accepted
O001114;L0002392;V026;D007;22.08.2026;2900000;4,26;;E;05.09.2026;accepted
O001115;L0002393;V026;D006;10.11.2025;2900000;3,96;2785000;H;24.11.2025;accepted
O001116;L0002395;V032;D013;28.03.2026;6200000;4,78;5903000;H;11.04.2026;accepted
O001117;L0002397;V009;D001;05.04.2025;4900000;5,69;4621000;E;19.04.2025;rejected
O001118;L0002398;V017;D007;27.05.2026;4100000;1,64;4032000;H;10.06.2026;accepted
O001119;L0002402;V022;D002;25.08.2026;9800000;1,04;9697000;E;08.09.2026;expired
O001120;L0002403;V010;D006;10.07.2026;4600000;3,51;4438000;H;24.07.2026;rejected
O001121;L0002405;V004;D003;10.04.2025;5100000;3,91;4900000;E;24.04.2025;accepted
O001122;L0002406;V036;D001;15.08.2025;14200000;3,2;13745000;E;29.08.2025;rejected
O001123;L0002408;V025;D007;11.08.2025;3050000;4,84;2902000;E;25.08.2025;accepted
O001124;L0002410;V003;D008;16.03.2026;4650000;0,02;;H;30.03.2026;rejected
O001125;L0002411;V003;D001;14.08.2025;4650000;5,43;4397000;E;28.08.2025;accepted
O001126;L0002412;V002;D004;10.04.2026;3900000;3,58;3760000;E;24.04.2026;accepted
O001127;L0002415;V012;D006;06.12.2025;7100000;1,52;6992000;H;20.12.2025;rejected
O001128;L0002416;V027;D013;10.11.2025;3700000;6,42;3462000;H;24.11.2025;rejected
O001129;L0002417;V027;D006;10.02.2025;3700000;3,74;3561000;H;24.02.2025;rejected
O001130;L0002418;V009;D004;10.02.2025;4900000;3,64;4721000;E;24.02.2025;rejected
O001131;L0002424;V033;D007;23.07.2025;5400000;5,84;5084000;H;06.08.2025;accepted
O001132;L0002425;V026;D003;06.05.2026;2900000;0,6;2882000;H;20.05.2026;rejected
O001133;L0002426;V009;D012;06.08.2026;4900000;6,56;4578000;H;20.08.2026;rejected
O001134;L0002427;V014;D006;19.06.2025;12300000;5,47;11626000;H;03.07.2025;rejected
O001135;L0002428;V005;D001;17.12.2024;6900000;4,5;6589000;H;31.12.2024;accepted
O001136;L0002429;V035;D007;21.10.2025;7900000;-5,0;7606000;H;04.11.2025;rejected
O001137;L0002436;V026;D002;19.05.2026;2900000;6,71;2705000;E;02.06.2026;accepted
O001138;L0002439;V032;D002;14.05.2026;6200000;3,39;5989000;E;28.05.2026;accepted
O001139;L0002443;V017;D001;05.07.2025;4100000;2,69;3989000;E;19.07.2025;accepted
O001140;L0002444;V029;D009;19.05.2025;3300000;10,01;2969000;H;02.06.2025;rejected
O001141;L0002446;V010;D008;27.09.2025;4600000;6,29;4310000;E;11.10.2025;rejected
O001142;L0002448;V026;D005;05.11.2025;2900000;4,77;2761000;H;19.11.2025;accepted
O001143;L0002449;V034;D002;06.07.2026;6100000;2,61;5940000;E;20.07.2026;accepted
O001144;L0002450;V009;D007;22.06.2026;4900000;6,43;4584000;H;06.07.2026;rejected
O001145;L0002452;V018;D007;06.10.2025;4700000;3,72;4525000;H;20.10.2025;rejected
O001146;L0002453;V019;D004;13.05.2025;4500000;4,14;4313000;E;27.05.2025;accepted
O001147;L0002454;V033;D001;10.11.2025;5400000;3,67;5201000;H;24.11.2025;rejected
O001148;L0002455;V024;D013;07.10.2025;2650000;4,42;2532000;E;21.10.2025;accepted
O001149;L0002456;V034;D003;24.06.2026;6100000;4,28;5838000;E;08.07.2026;rejected
O001150;L0002459;V029;D013;17.09.2025;3300000;5,1;3131000;E;01.10.2025;rejected
O001151;L0002461;V018;D007;04.12.2024;4700000;4,85;4471000;E;18.12.2024;rejected
O001152;L0002462;V001;D003;18.12.2025;3450000;4,75;3286000;H;01.01.2026;accepted
O001153;L0002464;V028;D004;12.03.2025;4000000;5,24;3790000;H;26.03.2025;rejected
O001154;L0002465;V033;D001;31.10.2025;5400000;5,1;5124000;E;14.11.2025;rejected
O001155;L0002466;V009;D006;28.01.2025;4900000;5,97;4607000;E;11.02.2025;rejected
O001156;L0002467;V033;D005;02.10.2024;5400000;4,62;5150000;E;16.10.2024;accepted
O001157;L0002472;V033;D004;03.07.2026;5400000;7,37;5002000;H;17.07.2026;rejected
O001158;L0002475;V006;D010;23.06.2026;7800000;150,0;7482000;E;07.07.2026;rejected
O001159;L0002476;V024;D002;12.12.2025;2650000;4,28;2536000;H;26.12.2025;accepted
O001160;L0002477;V019;D014;07.04.2026;4500000;5,95;4232000;H;21.04.2026;accepted
O001161;L0002479;V027;D003;22.10.2025;3700000;6,51;3459000;E;05.11.2025;accepted
O001162;L0002487;V004;D008;24.03.2025;5100000;8,13;4685000;E;07.04.2025;accepted
O001163;L0002489;V009;D002;16.11.2024;4900000;5,21;4644000;E;30.11.2024;accepted
O001164;L0002490;V010;D002;27.05.2026;4600000;7,12;4272000;H;10.06.2026;accepted
O001165;L0002491;V036;D007;17.11.2025;14200000;6,39;13292000;H;01.12.2025;rejected
O001166;L0002495;V028;D003;06.06.2026;4000000;4,25;3830000;E;20.06.2026;rejected
O001167;L0002499;V026;D010;27.11.2025;2900000;5,33;2745000;H;11.12.2025;accepted
O001168;L0002505;V033;D013;16.10.2025;5400000;7,97;4969000;E;30.10.2025;accepted
O001169;L0002506;V010;D009;05.08.2025;4600000;3,38;4444000;E;19.08.2025;rejected
O001170;L0002508;V011;D001;16.01.2026;6400000;2,11;6264000;H;30.01.2026;rejected
O001171;L0002509;V010;D012;21.07.2025;4600000;7,96;4233000;E;04.08.2025;accepted
O001172;L0002511;V027;D007;12.06.2026;3700000;6,2;3470000;H;26.06.2026;rejected
O001173;L0002512;V036;D005;18.07.2026;14200000;6,37;13294000;E;01.08.2026;rejected
O001174;L0002513;V026;D001;21.03.2026;2900000;0,7;2879000;E;04.04.2026;rejected
O001175;L0002514;V016;D008;13.04.2026;5300000;2,74;5154000;E;27.04.2026;rejected
O001176;L0002515;V017;D005;25.07.2026;4100000;8,1;3767000;H;08.08.2026;accepted
O001177;L0002517;V015;D009;13.04.2026;16800000;2,68;16349000;H;27.04.2026;rejected
O001178;L0002518;V028;D006;11.08.2026;4000000;6,42;3743000;H;25.08.2026;rejected
O001179;L0002520;V018;D014;06.04.2026;4700000;0,0;4700000;H;20.04.2026;rejected
O001180;L0002521;V028;D007;03.10.2025;4000000;5,7;3771000;H;17.10.2025;rejected
O001181;L0002523;V025;D006;10.03.2025;3050000;4,99;2897000;E;24.03.2025;accepted
O001182;L0002527;V003;D010;02.02.2026;4650000;7,65;4294000;H;16.02.2026;accepted
O001183;L0002528;V037;D001;23.10.2025;17500000;7,61;16168000;E;06.11.2025;rejected
O001184;L0002529;V035;D001;27.01.2026;7900000;8,05;7263000;E;10.02.2026;rejected
O001185;L0002534;V029;D007;30.10.2025;3300000;8,47;3020000;H;13.11.2025;rejected
O001186;L0002535;V032;D010;03.01.2026;6200000;6,47;5798000;E;17.01.2026;rejected
O001187;L0002536;V029;D009;06.04.2026;3300000;6,42;3088000;E;20.04.2026;rejected
O001188;L0002537;V036;D002;13.05.2025;14200000;1,81;13942000;H;27.05.2025;rejected
O001189;L0002538;V008;D008;18.05.2026;4200000;7,71;3876000;H;01.06.2026;rejected
O001190;L0002541;V024;D011;08.01.2026;2650000;4,2;2538000;H;22.01.2026;rejected
O001191;L0002544;V024;D011;18.07.2026;2650000;4,92;2519000;H;01.08.2026;open
O001192;L0002546;V018;D004;19.04.2025;4700000;6,38;4400000;H;03.05.2025;rejected
O001193;L0002550;V019;D006;26.11.2024;4500000;4,93;4278000;E;10.12.2024;rejected
O001194;L0002551;V017;D001;26.02.2025;4100000;2,23;4008000;E;12.03.2025;accepted
O001195;L0002552;V034;D012;24.10.2024;6100000;0,0;6100000;H;07.11.2024;rejected
O001196;L0002555;V035;D001;23.02.2026;7900000;3,16;7650000;H;09.03.2026;rejected
O001197;L0002556;V003;D007;06.09.2025;4650000;2,69;4524000;H;20.09.2025;rejected
O001198;L0002557;V018;D010;23.08.2025;4700000;7,28;4357000;H;06.09.2025;accepted
O001199;L0002558;V002;D004;22.12.2025;3900000;3,31;3771000;E;05.01.2026;accepted
O001200;L0002559;V002;D003;13.08.2026;3900000;0,0;3900000;H;27.08.2026;open
O001201;L0002560;V003;D007;10.04.2026;4650000;3,85;4471000;H;24.04.2026;accepted
O001202;L0002565;V010;D003;12.04.2025;4600000;5,17;4361000;H;26.04.2025;accepted
O001203;L0002566;V028;D001;29.05.2026;4000000;6,69;3732000;E;12.06.2026;accepted
O001204;L0002569;V025;D002;04.06.2026;3050000;5,61;2878000;H;18.06.2026;accepted
O001205;L0002572;V022;D006;17.06.2026;9800000;5,94;9218000;E;01.07.2026;accepted
O001206;L0002578;V001;D009;30.09.2024;3450000;4,48;3295000;E;14.10.2024;rejected
O001207;L0002581;V035;D008;13.10.2025;7900000;5,26;7484000;H;27.10.2025;accepted
O001208;L0002582;V018;D005;04.06.2025;4700000;3,21;4548000;H;18.06.2025;accepted
O001209;L0002584;V029;D003;06.01.2026;3300000;7,84;3041000;E;20.01.2026;accepted
O001210;L0002585;V016;D008;10.04.2025;5300000;2,42;5171000;H;24.04.2025;rejected
O001211;L0002587;V005;D005;18.10.2024;6900000;3,76;6640000;E;01.11.2024;accepted
O001212;L0002589;V026;D010;30.05.2025;2900000;1,31;2861000;E;13.06.2025;accepted
O001213;L0002591;V016;D002;30.11.2024;5300000;3,9;5093000;E;14.12.2024;rejected
O001214;L0002593;V026;D002;27.04.2026;2900000;2,2;2836000;E;11.05.2026;rejected
O001215;L0002596;V032;D003;05.05.2025;6200000;5,96;5830000;H;19.05.2025;accepted
O001216;L0002597;V026;D006;23.07.2026;2900000;1,24;2863000;E;06.08.2026;accepted
O001217;L0002600;V027;D004;06.07.2026;3700000;4,4;3537000;H;20.07.2026;rejected
O001218;L0002601;V018;D006;02.06.2026;4700000;4,41;4492000;H;16.06.2026;rejected
O001219;L0002604;V026;D005;07.05.2025;2900000;7,17;2692000;H;21.05.2025;rejected
O001220;L0002607;V032;D002;09.03.2026;6200000;3,36;5991000;H;23.03.2026;rejected
O001221;L0002608;V026;D004;28.11.2025;2900000;4,11;2780000;H;12.12.2025;rejected
O001222;L0002609;V010;D001;19.01.2026;4600000;6,6;4296000;H;02.02.2026;rejected
O001223;L0002613;V018;D008;30.06.2026;4700000;4,93;4468000;H;14.07.2026;rejected
O001224;L0002615;V011;D008;27.04.2026;6400000;2,71;6226000;E;11.05.2026;accepted
O001225;L0002622;V022;D014;26.05.2025;9800000;4,07;9400000;H;09.06.2025;rejected
O001226;L0002624;V024;D007;25.05.2026;2650000;7,01;2464000;E;08.06.2026;accepted
O001227;L0002625;V009;D007;20.03.2025;4900000;3,88;4709000;H;03.04.2025;rejected
O001228;L0002626;V034;D003;20.02.2025;6100000;4,49;5826000;E;06.03.2025;rejected
O001229;L0002627;V015;D008;26.05.2025;16800000;9,32;15233000;H;09.06.2025;accepted
O001230;L0002628;V020;D005;31.03.2025;6600000;7,97;6073000;E;14.04.2025;accepted
O001231;L0002629;V012;D002;17.11.2025;7100000;6,74;6621000;H;01.12.2025;accepted
O001232;L0002630;V027;D001;17.08.2026;3700000;8,95;3368000;H;31.08.2026;accepted
O001233;L0002631;V035;D003;30.01.2026;7900000;0,52;7858000;H;13.02.2026;rejected
O001234;L0002632;V005;D010;26.09.2025;6900000;4,41;6595000;H;10.10.2025;accepted
O001235;L0002633;V002;D009;20.07.2026;3900000;7,1;3623000;E;03.08.2026;rejected
O001236;L0002636;V004;D001;08.06.2026;5100000;2,82;4956000;E;22.06.2026;rejected
O001237;L0002640;V034;D008;23.11.2024;6100000;2,62;5939000;H;07.12.2024;accepted
O001238;L0002642;V027;D009;17.10.2024;3700000;3,42;3573000;E;31.10.2024;accepted
O001239;L0002649;V025;D002;11.03.2025;3050000;4,17;2922000;H;25.03.2025;rejected
O001240;L0002651;V035;D007;02.05.2025;7900000;0,0;7900000;E;16.05.2025;accepted
O001241;L0002653;V028;D003;25.08.2026;4000000;3,0;3880000;H;08.09.2026;rejected
O001242;L0002654;V034;D001;15.11.2025;6100000;1,64;5999000;H;29.11.2025;rejected
O001243;L0002657;V025;D003;30.10.2024;3050000;3,3;2949000;E;13.11.2024;accepted
O001244;L0002658;V035;D004;22.12.2025;7900000;7,84;7280000;E;05.01.2026;accepted
O001245;L0002660;V010;D011;13.11.2025;4600000;5,65;4339000;E;27.11.2025;rejected
O001246;L0002661;V029;D004;23.02.2026;3300000;2,33;3223000;H;09.03.2026;rejected
O001247;L0002663;V015;D010;10.09.2024;16800000;2,45;16387000;H;24.09.2024;rejected
O001248;L0002666;V026;D005;02.01.2026;2900000;8,45;2654000;H;16.01.2026;accepted
O001249;L0002668;V026;D006;11.10.2025;2900000;5,0;2754000;H;25.10.2025;accepted
O001250;L0002669;V020;D001;21.05.2026;6600000;5,43;6241000;E;04.06.2026;accepted
O001251;L0002673;V034;D006;13.03.2026;6100000;7,04;5670000;H;27.03.2026;rejected
O001252;L0002674;V020;D003;27.06.2026;6600000;3,12;6394000;E;11.07.2026;accepted
O001253;L0002675;V001;D002;24.06.2025;3450000;2,64;3358000;H;08.07.2025;accepted
O001254;L0002678;V006;D008;06.01.2026;7800000;8,94;7102000;H;20.01.2026;rejected
O001255;L0002679;V018;D001;30.06.2026;4700000;3,98;4512000;H;14.07.2026;rejected
O001256;L0002680;V005;D003;10.10.2025;6900000;4,33;6601000;H;24.10.2025;accepted
O001257;L0002682;V009;D002;02.07.2026;4900000;4,97;4656000;H;16.07.2026;accepted
O001258;L0002684;V036;D014;11.08.2025;14200000;3,16;13751000;H;25.08.2025;rejected
O001259;L0002686;V003;D005;06.05.2025;4650000;3,78;4474000;E;20.05.2025;accepted
O001260;L0002688;V028;D002;03.02.2025;4000000;5,67;3773000;H;17.02.2025;rejected
O001261;L0002690;V034;D001;13.08.2025;6100000;9,05;5547000;E;27.08.2025;rejected
O001262;L0002694;V006;D001;27.01.2026;7800000;6,21;7315000;E;10.02.2026;accepted
O001263;L0002695;V032;D001;06.01.2026;6200000;0,0;6200000;E;20.01.2026;accepted
O001264;L0002700;V026;D008;13.07.2026;2900000;7,83;2672000;E;27.07.2026;accepted
O001265;L0002706;V011;D003;18.12.2025;6400000;0,85;6345000;H;01.01.2026;accepted
O001266;L0002708;V008;D005;18.07.2025;4200000;4,86;3996000;H;01.08.2025;rejected
O001267;L0002710;V009;D004;25.02.2025;4900000;3,38;4734000;H;11.03.2025;accepted
O001268;L0002711;V028;D004;28.06.2025;4000000;8,46;3661000;H;12.07.2025;accepted
O001269;L0002712;V024;D011;16.06.2025;2650000;0,0;2650000;H;30.06.2025;rejected
O001270;L0002714;V014;D006;04.07.2025;12300000;12,0;10824000;E;18.07.2025;accepted
O001271;L0002715;V009;D011;22.04.2026;4900000;0,0;4900000;H;06.05.2026;accepted
O001272;L0002719;V002;D004;23.06.2025;3900000;2,82;3790000;H;07.07.2025;accepted
O001273;L0002720;V029;D003;22.11.2025;3300000;3,47;;H;06.12.2025;rejected
O001274;L0002723;V017;D005;07.07.2025;4100000;8,03;3770000;H;21.07.2025;rejected
O001275;L0002726;V028;D005;14.01.2026;4000000;1,5;3939000;E;28.01.2026;accepted
O001276;L0002728;V025;D001;03.08.2026;3050000;0,0;3050000;H;17.08.2026;accepted
O001277;L0002729;V026;D002;08.06.2026;2900000;4,78;2761000;H;22.06.2026;rejected
O001278;L0002731;V008;D002;16.04.2026;4200000;2,77;4083000;E;30.04.2026;accepted
O001279;L0002733;V019;D003;29.01.2026;4500000;2,67;4379000;E;12.02.2026;accepted
O001280;L0002735;V034;D004;14.04.2025;6100000;1,47;6010000;E;28.04.2025;rejected
O001281;L0002736;V002;D004;13.08.2026;3900000;11,45;3453000;E;27.08.2026;accepted
O001282;L0002738;V033;D001;21.01.2025;5400000;3,21;5226000;E;04.02.2025;accepted
O001283;L0002740;V017;D003;28.08.2026;4100000;2,19;4010000;E;11.09.2026;expired
O001284;L0002744;V017;D005;20.02.2025;4100000;4,29;3923000;H;06.03.2025;rejected
O001285;L0002745;V008;D006;27.10.2025;4200000;5,47;3970000;H;10.11.2025;accepted
O001286;L0002746;V029;D002;24.03.2026;3300000;4,87;3139000;H;07.04.2026;rejected
O001287;L0002747;V009;D009;15.07.2026;4900000;7,45;4534000;E;29.07.2026;rejected
O001288;L0002748;V024;D013;16.09.2025;2650000;6,56;2476000;E;30.09.2025;accepted
O001289;L0002751;V029;D001;27.08.2026;3300000;7,54;3051000;H;10.09.2026;open
O001290;L0002752;V034;D007;01.12.2025;6100000;8,33;5592000;H;15.12.2025;accepted
O001291;L0002757;V017;D007;14.07.2025;4100000;0,0;4100000;E;28.07.2025;rejected
O001292;L0002758;V011;D004;21.04.2025;6400000;0,73;6353000;H;05.05.2025;accepted
O001293;L0002761;V034;D006;18.07.2025;6100000;7,66;5632000;H;01.08.2025;rejected
O001294;L0002763;V007;D002;12.10.2024;14500000;5,47;13707000;H;26.10.2024;rejected
O001295;L0002764;V024;D008;02.06.2026;2650000;7,05;2463000;H;16.06.2026;accepted
O001296;L0002765;V027;D004;26.02.2026;3700000;4,39;3537000;H;12.03.2026;rejected
O001297;L0002766;V029;D004;21.10.2024;3300000;10,68;2947000;H;04.11.2024;rejected
O001298;L0002768;V005;D005;03.08.2026;6900000;3,88;6632000;E;17.08.2026;rejected
O001299;L0002771;V025;D004;02.06.2026;3050000;6,32;2857000;H;16.06.2026;accepted
O001300;L0002773;V008;D006;12.06.2025;4200000;3,87;4037000;E;26.06.2025;rejected
O001301;L0002774;V033;D009;09.01.2025;5400000;0,0;5400000;E;23.01.2025;accepted
O001302;L0002776;V021;D001;16.12.2024;7400000;8,39;6778000;H;30.12.2024;rejected
O001303;L0002777;V019;D014;17.03.2025;4500000;3,78;4329000;E;31.03.2025;rejected
O001304;L0002779;V033;D001;04.12.2025;5400000;1,9;5297000;E;18.12.2025;rejected
O001305;L0002780;V009;D001;02.12.2024;4900000;2,84;4760000;H;16.12.2024;rejected
O001306;L0002781;V009;D011;22.03.2025;4900000;3,16;4745000;E;05.04.2025;rejected
O001307;L0002782;V037;D010;13.05.2026;17500000;4,15;16774000;H;27.05.2026;rejected
O001308;L0002783;V022;D007;18.08.2025;9800000;0,0;9800000;H;01.09.2025;rejected
O001309;L0002784;V025;D007;19.04.2025;3050000;3,2;2952000;E;03.05.2025;rejected
O001310;L0002785;V011;D004;20.05.2026;6400000;0,0;6400000;E;03.06.2026;rejected
O001311;L0002787;V008;D002;22.04.2026;4200000;2,58;4091000;E;06.05.2026;rejected
O001312;L0002790;V033;D007;27.06.2025;5400000;4,44;;H;11.07.2025;rejected
O001313;L0002791;V020;D009;13.06.2026;6600000;6,02;6202000;E;27.06.2026;rejected
O001314;L0002795;V029;D010;16.03.2026;3300000;8,19;3029000;H;30.03.2026;accepted
O001315;L0002796;V025;D004;24.02.2025;3050000;7,4;2824000;H;10.03.2025;rejected
O001316;L0002798;V005;D002;11.08.2025;6900000;4,54;6586000;E;25.08.2025;rejected
O001317;L0002799;V012;D004;23.10.2025;7100000;5,53;6707000;H;06.11.2025;rejected
O001318;L0002800;V019;D013;12.08.2026;4500000;7,82;4148000;E;26.08.2026;rejected
O001319;L0002802;V005;D006;17.08.2026;6900000;5,68;6508000;H;31.08.2026;rejected
O001320;L0002806;V002;D003;11.01.2025;3900000;2,94;3785000;H;25.01.2025;rejected
O001321;L0002808;V027;D007;14.04.2026;3700000;4,05;3549000;H;28.04.2026;rejected
O001322;L0002811;V003;D005;26.11.2024;4650000;5,04;4415000;H;10.12.2024;rejected
O001323;L0002812;V003;D003;17.04.2026;4650000;2,4;4538000;H;01.05.2026;accepted
O001324;L0002813;V028;D001;23.04.2025;4000000;1,9;3924000;H;07.05.2025;rejected
O001325;L0002815;V018;D014;19.11.2024;4700000;5,61;4436000;E;03.12.2024;accepted
O001326;L0002816;V018;D001;10.03.2026;4700000;2,13;4599000;E;24.03.2026;accepted
O001327;L0002817;V034;D011;25.10.2025;6100000;5,97;5735000;E;08.11.2025;accepted
O001328;L0002818;V027;D003;08.04.2026;3700000;2,4;3611000;E;22.04.2026;rejected
O001329;L0002820;V024;D006;13.06.2026;2650000;3,95;2545000;H;27.06.2026;rejected
O001330;L0002822;V004;D007;09.07.2026;5100000;1,48;5024000;H;23.07.2026;rejected
O001331;L0002823;V024;D005;25.11.2024;2650000;2,26;2590000;H;09.12.2024;accepted
O001332;L0002825;V016;D001;19.03.2025;5300000;6,54;4953000;E;02.04.2025;rejected
O001333;L0002826;V018;D002;29.12.2025;4700000;5,11;4459000;H;12.01.2026;rejected
O001334;L0002827;V019;D001;11.12.2025;4500000;0,74;4466000;H;25.12.2025;accepted
O001335;L0002828;V010;D010;03.01.2026;4600000;1,08;4550000;H;17.01.2026;accepted
O001336;L0002829;V013;D004;27.01.2026;11200000;0,77;11113000;H;10.02.2026;accepted
O001337;L0002831;V024;D004;08.12.2025;2650000;0,0;2650000;E;22.12.2025;rejected
O001338;L0002837;V004;D009;22.07.2026;5100000;4,85;4852000;E;05.08.2026;accepted
O001339;L0002839;V017;D002;06.02.2025;4100000;8,42;3754000;E;20.02.2025;rejected
O001340;L0002840;V012;D005;18.10.2025;7100000;3,22;6871000;E;01.11.2025;rejected
O001341;L0002843;V025;D005;25.09.2025;3050000;6,04;2865000;H;09.10.2025;accepted
O001342;L0002844;V004;D010;23.05.2025;5100000;3,47;4923000;H;06.06.2025;accepted
O001343;L0002845;V018;D005;07.07.2025;4700000;7,04;4369000;H;21.07.2025;accepted
O001344;L0002847;V024;D013;13.12.2024;2650000;3,97;2544000;H;27.12.2024;rejected
O001345;L0002849;V003;D009;02.11.2024;4650000;7,79;4287000;H;16.11.2024;rejected
O001346;L0002850;V029;D001;04.07.2026;3300000;4,29;3158000;E;18.07.2026;accepted
O001347;L0002851;V020;D008;06.02.2026;6600000;3,0;6401000;E;20.02.2026;rejected
O001348;L0002852;V008;D002;12.12.2025;4200000;0,0;4200000;H;26.12.2025;rejected
O001349;L0002853;V017;D006;11.08.2025;4100000;2,66;3990000;H;25.08.2025;rejected
O001350;L0002855;V028;D002;17.03.2026;4000000;3,13;3874000;H;31.03.2026;rejected
O001351;L0002856;V030;D005;20.08.2026;11900000;5,35;11263000;H;03.09.2026;accepted
O001352;L0002862;V027;D006;16.07.2026;3700000;1,99;3626000;E;30.07.2026;accepted
O001353;L0002863;V032;D001;04.09.2025;6200000;6,77;5780000;E;18.09.2025;rejected
O001354;L0002864;V031;D001;23.10.2025;10800000;0,19;10780000;H;06.11.2025;rejected
O001355;L0002865;V020;D003;01.02.2025;6600000;5,92;6209000;H;15.02.2025;rejected
O001356;L0002866;V008;D011;19.03.2026;4200000;7,91;3867000;E;02.04.2026;rejected
O001357;L0002873;V026;D008;18.10.2024;2900000;0,31;2890000;E;01.11.2024;rejected
O001358;L0002876;V002;D010;23.02.2026;3900000;2,46;3803000;E;09.03.2026;rejected
O001359;L0002877;V028;D006;03.11.2025;4000000;2,04;;H;17.11.2025;accepted
O001360;L0002880;V019;D005;20.05.2026;4500000;1,25;4443000;E;03.06.2026;rejected
O001361;L0002882;V028;D011;22.07.2026;4000000;5,96;3761000;E;05.08.2026;rejected
O001362;L0002883;V024;D012;30.10.2025;2650000;3,36;2561000;E;13.11.2025;accepted
O001363;L0002884;V011;D007;01.06.2026;6400000;8,36;5865000;H;15.06.2026;accepted
O001364;L0002885;V022;D003;17.07.2026;9800000;1,85;9619000;H;31.07.2026;accepted
O001365;L0002892;V004;D003;06.06.2025;5100000;7,09;4738000;H;20.06.2025;accepted
O001366;L0002897;V034;D002;02.03.2026;6100000;4,15;5846000;H;16.03.2026;accepted
O001367;L0002899;V025;D004;02.06.2025;3050000;4,22;2921000;E;16.06.2025;rejected
O001368;L0002901;V001;D003;19.03.2025;3450000;6,3;3232000;H;02.04.2025;accepted
O001369;L0002903;V017;D006;02.06.2025;4100000;7,44;3794000;H;16.06.2025;accepted
O001370;L0002904;V020;D001;21.06.2025;6600000;6,95;6141000;H;05.07.2025;rejected
O001371;L0002905;V011;D007;21.04.2026;6400000;6,4;5990000;E;05.05.2026;accepted
O001372;L0002907;V010;D003;12.11.2025;4600000;3,96;4417000;E;26.11.2025;accepted
O001373;L0002909;V025;D003;29.05.2025;3050000;1,37;3008000;E;12.06.2025;rejected
O001374;L0002910;V019;D004;30.01.2026;4500000;1,64;4426000;H;13.02.2026;rejected
O001375;L0002911;V016;D006;16.03.2026;5300000;6,01;4981000;H;30.03.2026;accepted
O001376;L0002915;V002;D001;29.07.2025;3900000;5,58;3682000;H;12.08.2025;rejected
O001377;L0002918;V001;D004;25.03.2025;3450000;5,82;3249000;E;08.04.2025;accepted
O001378;L0002920;V024;D002;06.03.2026;2650000;1,37;2613000;H;20.03.2026;accepted
O001379;L0002922;V001;D002;02.06.2026;3450000;2,95;3348000;H;16.06.2026;rejected
O001380;L0002925;V026;D005;14.04.2026;2900000;4,05;2782000;E;28.04.2026;accepted
O001381;L0002927;V017;D008;20.11.2024;4100000;0,62;4074000;E;04.12.2024;accepted
O001382;L0002930;V027;D008;09.08.2025;3700000;5,54;3495000;E;23.08.2025;accepted
O001383;L0002932;V011;D009;13.04.2026;6400000;3,06;6204000;E;27.04.2026;accepted
O001384;L0002933;V002;D004;21.12.2024;3900000;2,37;3807000;H;04.01.2025;accepted
O001385;L0002935;V031;D005;22.11.2025;10800000;7,05;10038000;H;06.12.2025;rejected
O001386;L0002937;V019;D003;16.02.2026;4500000;1,65;4425000;H;02.03.2026;rejected
O001387;L0002942;V005;D008;22.01.2025;6900000;1,52;6795000;E;05.02.2025;rejected
O001388;L0002943;V036;D002;24.08.2026;14200000;7,13;13188000;H;07.09.2026;rejected
O001389;L0002945;V034;D004;30.12.2025;6100000;2,88;5924000;H;13.01.2026;rejected
O001390;L0002947;V026;D002;11.03.2025;2900000;8,8;2644000;E;25.03.2025;accepted
O001391;L0002948;V004;D013;07.03.2026;5100000;6,72;4757000;H;21.03.2026;accepted
O001392;L0002952;V008;D003;12.05.2026;4200000;5,64;3963000;E;26.05.2026;accepted
O001393;L0002953;V027;D008;01.04.2025;3700000;2,55;3605000;E;15.04.2025;accepted
O001394;L0002954;V021;D008;11.06.2026;7400000;3,36;7151000;H;25.06.2026;rejected
O001395;L0002956;V001;D007;22.09.2025;3450000;5,96;3244000;H;06.10.2025;rejected
O001396;L0002957;V013;D002;30.04.2026;11200000;7,25;10387000;E;14.05.2026;rejected
O001397;L0002958;V009;D008;28.03.2026;4900000;4,68;4670000;E;11.04.2026;accepted
O001398;L0002960;V028;D010;14.08.2026;4000000;2,26;3909000;E;28.08.2026;accepted
O001399;L0002961;V026;D003;25.08.2025;2900000;5,31;2746000;E;08.09.2025;rejected
O001400;L0002962;V006;D010;03.02.2026;7800000;3,52;7525000;H;17.02.2026;accepted
O001401;L0002963;V024;D001;15.06.2026;2650000;6,87;2467000;E;29.06.2026;rejected
O001402;L0002964;V017;D008;27.05.2026;4100000;0,92;4062000;E;10.06.2026;accepted
O001403;L0002965;V019;D001;19.06.2026;4500000;4,08;4316000;H;03.07.2026;rejected
O001404;L0002969;V029;D001;11.11.2024;3300000;2,25;3225000;E;25.11.2024;accepted
O001405;L0002974;V038;D004;01.06.2026;22000000;6,88;20487000;H;15.06.2026;rejected
O001406;L0002975;V036;D007;31.07.2026;14200000;8,86;12941000;H;14.08.2026;accepted
O001407;L0002976;V010;D009;29.06.2026;4600000;3,16;4454000;H;13.07.2026;accepted
O001408;L0002979;V034;D001;11.10.2025;6100000;0,86;6047000;H;25.10.2025;rejected
O001409;L0002982;V017;D006;30.07.2026;4100000;2,34;4003000;E;13.08.2026;rejected
O001410;L0002983;V007;D002;28.11.2025;14500000;-5,0;14500000;H;12.12.2025;rejected
O001411;L0002985;V029;D007;30.11.2024;3300000;4,06;3166000;H;14.12.2024;rejected
O001412;L0002988;V017;D004;15.09.2025;4100000;9,07;3728000;H;29.09.2025;rejected
O001413;L0002991;V024;D008;01.05.2026;2650000;5,01;2517000;E;15.05.2026;accepted
O001414;L0002993;V028;D002;16.07.2025;4000000;2,35;3905000;E;30.07.2025;rejected
O001415;L0002994;V013;D008;01.06.2026;11200000;0,62;11130000;E;15.06.2026;accepted
O001416;L0002995;V025;D007;12.03.2025;3050000;6,7;2845000;E;26.03.2025;accepted
O001417;L0002999;V027;D007;26.08.2026;3700000;5,38;3500000;H;09.09.2026;open
O001418;L0003000;V017;D005;04.07.2026;4100000;0,0;4100000;E;18.07.2026;rejected
O001419;L0003003;V032;D001;23.09.2024;6200000;9,59;5605000;H;07.10.2024;accepted
O001420;L0003006;V028;D004;10.02.2025;4000000;4,6;3816000;H;24.02.2025;accepted
O001421;L0003007;V002;D008;14.08.2026;3900000;4,64;3719000;H;28.08.2026;accepted
O001422;L0003010;V016;D002;24.03.2025;5300000;4,62;;E;07.04.2025;accepted
O001423;L0003013;V007;D006;24.08.2026;14500000;3,39;14008000;H;07.09.2026;rejected
O001424;L0003015;V002;D007;09.08.2025;3900000;3,3;3771000;H;23.08.2025;accepted
O001425;L0003017;V008;D003;15.09.2025;4200000;0,94;4160000;E;29.09.2025;accepted
O001426;L0003018;V024;D008;25.08.2026;2650000;4,65;2526000;H;08.09.2026;open
O001427;L0003019;V008;D001;18.12.2024;4200000;4,66;4004000;H;01.01.2025;accepted
O001428;L0003021;V026;D003;26.04.2025;2900000;1,68;2851000;E;10.05.2025;accepted
O001429;L0003022;V015;D007;19.06.2025;16800000;2,64;16356000;H;03.07.2025;rejected
O001430;L0003023;V028;D001;07.03.2026;4000000;2,68;3892000;E;21.03.2026;rejected
O001431;L0003025;V002;D005;26.06.2025;3900000;3,59;3760000;H;10.07.2025;accepted
O001432;L0003027;V008;D007;08.10.2025;4200000;1,87;4121000;H;22.10.2025;rejected
O001433;L0003029;V035;D005;15.08.2025;7900000;3,94;7588000;E;29.08.2025;accepted
O001434;L0003031;V005;D003;25.03.2026;6900000;5,11;6547000;E;08.04.2026;rejected
O001435;L0003032;V026;D003;11.12.2025;2900000;5,65;2736000;H;25.12.2025;accepted
O001436;L0003033;V032;D002;05.08.2026;6200000;7,49;5735000;H;19.08.2026;open
O001437;L0003034;V010;D009;05.10.2024;4600000;3,94;4418000;E;19.10.2024;rejected
O001438;L0003036;V020;D014;30.05.2025;6600000;3,51;6368000;H;13.06.2025;rejected
O001439;L0003038;V002;D014;20.09.2024;3900000;6,64;3641000;E;04.10.2024;accepted
O001440;L0003042;V002;D009;11.07.2026;3900000;4,02;3743000;E;25.07.2026;rejected
O001441;L0003043;V014;D005;29.10.2025;12300000;6,99;11440000;H;12.11.2025;accepted
O001442;L0003044;V006;D003;11.05.2026;7800000;6,22;7314000;H;25.05.2026;accepted
O001443;L0003045;V018;D009;07.07.2025;4700000;1,72;4618000;H;21.07.2025;accepted
O001444;L0003051;V017;D008;25.04.2026;4100000;0,39;4083000;H;09.05.2026;rejected
O001445;L0003053;V011;D004;31.07.2026;6400000;7,52;5918000;H;14.08.2026;rejected
O001446;L0003055;V028;D004;01.06.2026;4000000;4,66;3813000;E;15.06.2026;rejected
O001447;L0003056;V028;D006;26.04.2025;4000000;6,84;3726000;H;10.05.2025;accepted
O001448;L0003059;V009;D004;06.03.2026;4900000;3,41;4733000;E;20.03.2026;rejected
O001449;L0003060;V019;D001;19.12.2025;4500000;6,72;4197000;H;02.01.2026;rejected
O001450;L0003061;V016;D009;02.06.2026;5300000;8,18;4866000;E;16.06.2026;rejected
O001451;L0003062;V009;D014;29.01.2025;4900000;4,28;4690000;H;12.02.2025;accepted
O001452;L0003063;V027;D006;11.04.2026;3700000;5,15;3509000;H;25.04.2026;rejected
O001453;L0003064;V005;D013;24.03.2025;6900000;6,27;6467000;H;07.04.2025;accepted
O001454;L0003068;V029;D009;11.12.2025;3300000;3,16;3195000;E;25.12.2025;rejected
O001455;L0003069;V005;D002;14.02.2026;6900000;2,32;6740000;E;28.02.2026;rejected
O001456;L0003070;V020;D004;03.02.2026;6600000;10,09;5933000;H;17.02.2026;rejected
O001457;L0003073;V003;D004;13.05.2026;4650000;8,24;4266000;H;27.05.2026;accepted
O001458;L0003076;V025;D011;23.02.2026;3050000;5,98;2867000;E;09.03.2026;accepted
O001459;L0003077;V029;D006;22.07.2025;3300000;1,55;3248000;H;05.08.2025;accepted
O001460;L0003078;V021;D002;30.05.2026;7400000;2,19;7237000;E;13.06.2026;rejected
O001461;L0003079;V021;D007;16.06.2026;7400000;4,0;7104000;H;30.06.2026;accepted
O001462;L0003080;V010;D012;06.12.2024;4600000;1,31;4539000;H;20.12.2024;rejected
O001463;L0003081;V027;D001;22.12.2025;3700000;8,49;3385000;H;05.01.2026;rejected
O001464;L0003083;V017;D004;18.07.2025;4100000;9,06;3728000;E;01.08.2025;rejected
O001465;L0003089;V029;D005;24.03.2026;3300000;8,18;3029000;H;07.04.2026;rejected
O001466;L0003090;V002;D003;30.11.2024;3900000;2,52;3801000;H;14.12.2024;rejected
O001467;L0003093;V033;D004;06.04.2026;5400000;0,0;5400000;H;20.04.2026;rejected
O001468;L0003094;V010;D002;06.04.2026;4600000;1,95;4510000;E;20.04.2026;accepted
O001469;L0003095;V017;D009;20.06.2026;4100000;7,9;3776000;E;04.07.2026;accepted
O001470;L0003096;V001;D005;23.01.2026;3450000;4,43;3297000;H;06.02.2026;rejected
O001471;L0003098;V034;D004;06.12.2025;6100000;7,45;5645000;E;20.12.2025;accepted
O001472;L0003101;V017;D012;25.10.2024;4100000;3,42;3959000;H;08.11.2024;rejected
O001473;L0003102;V026;D013;29.05.2026;2900000;3,95;2785000;H;12.06.2026;accepted
O001474;L0003103;V033;D009;31.12.2025;5400000;5,11;5123000;E;14.01.2026;accepted
O001475;L0003107;V021;D010;18.06.2026;7400000;1,86;7262000;E;02.07.2026;accepted
O001476;L0003108;V029;D003;01.12.2025;3300000;5,3;3125000;E;15.12.2025;rejected
O001477;L0003109;V025;D006;20.12.2024;3050000;9,01;2775000;E;03.01.2025;accepted
O001478;L0003114;V026;D014;13.09.2025;2900000;8,95;2640000;H;27.09.2025;accepted
O001479;L0003115;V001;D011;11.03.2025;3450000;5,59;3257000;E;25.03.2025;rejected
O001480;L0003116;V036;D005;02.06.2026;14200000;5,58;13406000;E;16.06.2026;rejected
O001481;L0003118;V028;D003;01.05.2025;4000000;150,0;3860000;E;15.05.2025;rejected
O001482;L0003121;V032;D012;14.09.2024;6200000;2,08;6071000;H;28.09.2024;rejected
O001483;L0003122;V011;D001;22.08.2026;6400000;7,64;5910000;E;05.09.2026;open
O001484;L0003123;V027;D005;11.04.2026;3700000;6,96;3442000;E;25.04.2026;rejected
O001485;L0003127;V004;D014;07.07.2025;5100000;4,31;4880000;E;21.07.2025;rejected
O001486;L0003129;V028;D011;15.05.2026;4000000;4,15;3834000;E;29.05.2026;accepted
O001487;L0003130;V034;D007;13.02.2025;6100000;1,89;5984000;H;27.02.2025;rejected
O001488;L0003131;V029;D004;18.11.2024;3300000;4,74;3143000;H;02.12.2024;rejected
O001489;L0003134;V015;D005;17.11.2025;16800000;0,69;16684000;E;01.12.2025;rejected
O001490;L0003135;V001;D003;10.08.2026;3450000;6,96;3209000;H;24.08.2026;open
O001491;L0003136;V035;D009;30.05.2026;7900000;3,75;7603000;E;13.06.2026;rejected
O001492;L0003138;V024;D005;21.04.2026;2650000;2,35;;E;05.05.2026;accepted
O001493;L0003147;V019;D009;01.08.2026;4500000;3,41;4346000;E;15.08.2026;accepted
O001494;L0003150;V025;D010;23.02.2026;3050000;9,41;2762000;H;09.03.2026;rejected
O001495;L0003151;V025;D005;20.04.2026;3050000;9,84;2749000;H;04.05.2026;accepted
O001496;L0003152;V010;D004;29.06.2026;4600000;2,5;4485000;E;13.07.2026;rejected
O001497;L0003153;V008;D006;12.08.2026;4200000;3,81;4039000;E;26.08.2026;rejected
O001498;L0003154;V016;D001;11.10.2025;5300000;0,0;5300000;E;25.10.2025;rejected
O001499;L0003156;V003;D002;12.05.2025;4650000;5,16;4410000;H;26.05.2025;accepted
O001500;L0003157;V022;D005;16.09.2025;9800000;4,66;9342000;H;30.09.2025;accepted
O001501;L0003161;V032;D012;25.08.2026;6200000;5,37;5866000;E;08.09.2026;open
O001502;L0003162;V008;D001;21.10.2024;4200000;5,59;3965000;H;04.11.2024;accepted
O001503;L0003165;V002;D001;20.11.2024;3900000;5,19;3697000;H;04.12.2024;rejected
O001504;L0003168;V030;D002;08.11.2025;11900000;3,59;11473000;E;22.11.2025;rejected
O001505;L0003172;V004;D004;14.05.2025;5100000;4,63;4863000;E;28.05.2025;rejected
O001506;L0003173;V004;D006;30.03.2026;5100000;6,88;4749000;H;13.04.2026;accepted
O001507;L0003177;V029;D005;03.04.2026;3300000;2,27;3224000;H;17.04.2026;rejected
O001508;L0003178;V034;D007;24.12.2025;6100000;4,11;5849000;H;07.01.2026;rejected
O001509;L0003179;V019;D013;12.06.2026;4500000;2,34;4394000;E;26.06.2026;rejected
O001510;L0003180;V020;D003;15.11.2025;6600000;5,03;6267000;H;29.11.2025;rejected
O001511;L0003183;V024;D002;27.03.2026;2650000;6,0;2491000;H;10.04.2026;rejected
O001512;L0003185;V026;D004;16.06.2025;2900000;3,31;2804000;E;30.06.2025;rejected
O001513;L0003187;V004;D013;10.06.2026;5100000;0,0;5100000;H;24.06.2026;rejected
O001514;L0003188;V009;D006;14.04.2026;4900000;4,84;4662000;E;28.04.2026;rejected
O001515;L0003189;V003;D009;27.05.2025;4650000;2,68;4525000;E;10.06.2025;rejected
O001516;L0003193;V019;D001;21.11.2025;4500000;2,77;4375000;H;05.12.2025;accepted
O001517;L0003200;V025;D007;16.09.2025;3050000;5,07;2895000;E;30.09.2025;rejected
O001518;L0003201;V019;D008;10.02.2025;4500000;5,6;4247000;E;24.02.2025;accepted
O001519;L0003203;V003;D012;07.04.2026;4650000;5,35;4401000;H;21.04.2026;rejected
O001520;L0003206;V028;D007;02.09.2025;4000000;4,65;3813000;H;16.09.2025;rejected
O001521;L0003207;V033;D002;24.07.2026;5400000;3,1;5232000;E;07.08.2026;rejected
O001522;L0003208;V018;D002;22.01.2026;4700000;4,15;4505000;H;05.02.2026;rejected
O001523;L0003210;V032;D005;22.05.2025;6200000;5,85;5837000;H;05.06.2025;accepted
O001524;L0003212;V030;D002;05.05.2025;11900000;4,21;11398000;E;19.05.2025;rejected
O001525;L0003214;V021;D007;14.08.2026;7400000;4,87;7039000;H;28.08.2026;accepted
O001526;L0003215;V024;D006;11.12.2025;2650000;6,62;2474000;H;25.12.2025;rejected
O001527;L0003216;V009;D007;27.09.2025;4900000;4,6;4674000;H;11.10.2025;accepted
O001528;L0003217;V030;D002;05.03.2026;11900000;4,68;11343000;H;19.03.2026;rejected
O001529;L0003226;V024;D003;19.03.2026;2650000;6,77;2470000;H;02.04.2026;accepted
O001530;L0003227;V020;D006;28.09.2024;6600000;2,63;6426000;E;12.10.2024;rejected
O001531;L0003229;V033;D008;07.04.2026;5400000;6,3;5059000;E;21.04.2026;rejected
O001532;L0003233;V033;D004;01.06.2026;5400000;6,05;5073000;H;15.06.2026;accepted
O001533;L0003239;V025;D013;04.07.2026;3050000;6,95;2837000;E;18.07.2026;rejected
O001534;L0003240;V032;D002;26.02.2025;6200000;3,06;6010000;E;12.03.2025;rejected
O001535;L0003246;V028;D006;02.09.2025;4000000;6,86;3725000;H;16.09.2025;rejected
O001536;L0003249;V021;D006;24.09.2025;7400000;6,19;6942000;H;08.10.2025;rejected
O001537;L0003250;V024;D002;17.12.2025;2650000;7,72;2445000;H;31.12.2025;rejected
O001538;L0003251;V009;D007;10.11.2025;4900000;7,54;4530000;H;24.11.2025;rejected
O001539;L0003252;V037;D002;24.08.2026;17500000;7,18;16244000;H;07.09.2026;rejected
O001540;L0003254;V016;D006;20.04.2026;5300000;9,62;4790000;E;04.05.2026;accepted
O001541;L0003256;V001;D002;09.07.2026;3450000;5,34;3265000;H;23.07.2026;rejected
O001542;L0003257;V014;D005;29.06.2026;12300000;7,95;11322000;E;13.07.2026;accepted
O001543;L0003258;V010;D001;30.12.2025;4600000;8,63;4203000;H;13.01.2026;rejected
O001544;L0003259;V014;D009;16.04.2026;12300000;6,34;11519000;E;30.04.2026;accepted
O001545;L0003261;V019;D012;29.08.2026;4500000;7,16;4177000;E;12.09.2026;open
O001546;L0003264;V010;D005;10.08.2026;4600000;4,56;4390000;H;24.08.2026;rejected
O001547;L0003265;V034;D002;13.03.2026;6100000;6,99;5673000;H;27.03.2026;rejected
O001548;L0003267;V001;D002;21.08.2026;3450000;5,59;3257000;E;04.09.2026;open
O001549;L0003268;V024;D003;20.12.2025;2650000;3,96;2545000;H;03.01.2026;rejected
O001550;L0003269;V013;D001;08.12.2025;11200000;4,28;10720000;H;22.12.2025;accepted
O001551;L0003280;V027;D006;15.08.2026;3700000;1,53;3643000;E;29.08.2026;expired
O001552;L0003281;V013;D004;04.08.2026;11200000;1,66;11013000;H;18.08.2026;rejected
O001553;L0003285;V018;D002;12.05.2025;4700000;7,17;4363000;E;26.05.2025;accepted
O001554;L0003286;V037;D006;23.04.2026;17500000;5,76;16491000;H;07.05.2026;rejected
O001555;L0003287;V010;D005;09.06.2026;4600000;5,61;4341000;E;23.06.2026;rejected
O001556;L0003288;V026;D012;23.05.2026;2900000;5,1;2752000;H;06.06.2026;rejected
O001557;L0003289;V008;D007;15.06.2026;4200000;4,99;3990000;H;29.06.2026;rejected
O001558;L0003290;V009;D003;28.07.2026;4900000;6,31;4590000;H;11.08.2026;rejected
O001559;L0003292;V001;D009;28.02.2026;3450000;7,49;3191000;E;14.03.2026;accepted
O001560;L0003294;V027;D009;25.09.2025;3700000;4,6;3529000;E;09.10.2025;accepted
O001561;L0003295;V035;D003;03.07.2026;7900000;3,98;7585000;H;17.07.2026;accepted
O001562;L0003296;V019;D011;31.05.2025;4500000;1,06;4452000;H;14.06.2025;accepted
O001563;L0003297;V006;D013;05.08.2026;7800000;4,28;7466000;H;19.08.2026;rejected
O001564;L0003298;V029;D010;08.01.2025;3300000;6,0;3101000;H;22.01.2025;rejected
O001565;L0003301;V022;D014;23.12.2025;9800000;0,85;9716000;H;06.01.2026;rejected
O001566;L0003305;V035;D003;18.10.2025;7900000;7,55;7303000;H;01.11.2025;rejected
O001567;L0003310;V029;D003;18.04.2025;3300000;2,56;3215000;E;02.05.2025;rejected
O001568;L0003312;V026;D014;07.11.2025;2900000;9,78;2616000;H;21.11.2025;rejected
O001569;L0003317;V001;D003;16.07.2026;3450000;3,7;3322000;E;30.07.2026;accepted
O001570;L0003320;V020;D004;19.06.2026;6600000;6,88;6146000;E;03.07.2026;accepted
O001571;L0003321;V034;D007;09.04.2025;6100000;2,24;5963000;H;23.04.2025;rejected
O001572;L0003325;V020;D007;28.05.2025;6600000;4,98;6271000;E;11.06.2025;rejected
O001573;L0003327;V011;D006;27.07.2026;6400000;5,82;6027000;E;10.08.2026;accepted
O001574;L0003328;V015;D003;04.07.2025;16800000;2,5;16379000;E;18.07.2025;rejected
O001575;L0003329;V016;D002;22.07.2025;5300000;7,23;4916000;E;05.08.2025;rejected
O001576;L0003332;V002;D001;19.06.2026;3900000;4,24;3734000;H;03.07.2026;accepted
O001577;L0003334;V029;D007;29.04.2025;3300000;1,24;3259000;H;13.05.2025;accepted
O001578;L0003335;V010;D010;10.10.2024;4600000;0,0;4600000;E;24.10.2024;rejected
O001579;L0003336;V017;D003;30.07.2025;4100000;3,57;3953000;H;13.08.2025;accepted
O001580;L0003337;V032;D001;23.04.2025;6200000;7,45;5737000;E;07.05.2025;rejected
O001581;L0003341;V036;D004;19.01.2026;14200000;0,67;;E;02.02.2026;rejected
O001582;L0003342;V011;D007;12.01.2026;6400000;2,14;6263000;H;26.01.2026;rejected
O001583;L0003345;V009;D002;25.12.2024;4900000;3,99;4704000;H;08.01.2025;accepted
O001584;L0003352;V008;D013;29.10.2025;4200000;9,91;3783000;E;12.11.2025;rejected
O001585;L0003353;V028;D009;18.08.2025;4000000;2,29;3908000;E;01.09.2025;rejected
O001586;L0003355;V026;D008;23.09.2024;2900000;4,25;2776000;H;07.10.2024;accepted
O001587;L0003358;V007;D004;17.11.2025;14500000;6,83;13510000;E;01.12.2025;accepted
O001588;L0003360;V025;D009;01.08.2025;3050000;7,47;2822000;H;15.08.2025;accepted
O001589;L0003361;V017;D004;20.04.2026;4100000;6,33;3840000;E;04.05.2026;rejected
O001590;L0003362;V025;D005;14.02.2026;3050000;3,78;2934000;H;28.02.2026;rejected
O001591;L0003364;V009;D006;03.10.2025;4900000;3,25;4740000;E;17.10.2025;rejected
O001592;L0003365;V022;D009;12.06.2026;9800000;2,21;9582000;H;26.06.2026;rejected
O001593;L0003367;V036;D003;28.07.2026;14200000;2,05;13908000;E;11.08.2026;accepted
O001594;L0003368;V036;D002;23.06.2026;14200000;2,42;13856000;H;07.07.2026;accepted
O001595;L0003370;V034;D001;30.03.2026;6100000;3,31;5898000;H;13.04.2026;rejected
O001596;L0003376;V001;D002;10.03.2025;3450000;2,21;3373000;H;24.03.2025;rejected
O001597;L0003379;V034;D007;19.03.2026;6100000;5,79;5747000;H;02.04.2026;rejected
O001598;L0003380;V019;D006;12.03.2025;4500000;7,74;4151000;H;26.03.2025;rejected
O001599;L0003385;V027;D010;20.02.2026;3700000;2,8;3596000;E;06.03.2026;accepted
O001600;L0003387;V005;D002;13.09.2025;6900000;4,39;6596000;E;27.09.2025;accepted
O001601;L0003388;V031;D010;01.02.2025;10800000;0,43;10753000;H;15.02.2025;rejected
O001602;L0003389;V001;D003;22.08.2026;3450000;4,71;3287000;E;05.09.2026;accepted
O001603;L0003391;V001;D009;03.07.2026;3450000;9,11;3135000;E;17.07.2026;rejected
O001604;L0003393;V028;D001;18.06.2026;4000000;3,17;3873000;E;02.07.2026;rejected
O001605;L0003394;V018;D003;29.03.2025;4700000;5,71;4431000;E;12.04.2025;rejected
O001606;L0003397;V010;D003;21.03.2025;4600000;2,03;4506000;E;04.04.2025;rejected
O001607;L0003398;V028;D005;06.06.2026;4000000;6,45;3742000;E;20.06.2026;rejected
O001608;L0003399;V001;D007;22.06.2026;3450000;4,54;3293000;H;06.07.2026;accepted
O001609;L0003400;V024;D014;07.05.2026;2650000;6,96;2465000;E;21.05.2026;rejected
O001610;L0003404;V008;D004;25.11.2025;4200000;1,62;4132000;E;09.12.2025;rejected
O001611;L0003407;V030;D009;17.08.2026;11900000;7,52;11005000;E;31.08.2026;expired
O001612;L0003411;V010;D003;17.03.2025;4600000;1,19;4545000;E;31.03.2025;rejected
O001613;L0003413;V002;D007;29.05.2025;3900000;5,0;3704000;E;12.06.2025;rejected
O001614;L0003414;V002;D009;22.06.2026;3900000;0,02;3899000;H;06.07.2026;rejected
O001615;L0003415;V012;D004;23.10.2025;7100000;3,78;6831000;E;06.11.2025;accepted
O001616;L0003416;V012;D003;03.06.2026;7100000;2,6;6915000;E;17.06.2026;rejected
O001617;L0003417;V029;D006;30.07.2026;3300000;5,99;3102000;H;13.08.2026;rejected
O001618;L0003421;V006;D010;18.11.2024;7800000;4,72;7431000;E;02.12.2024;rejected
O001619;L0003422;V025;D003;29.08.2025;3050000;2,27;2980000;H;12.09.2025;rejected
O001620;L0003429;V027;D009;11.03.2026;3700000;3,97;3552000;E;25.03.2026;rejected
O001621;L0003430;V027;D001;05.12.2024;3700000;3,72;3562000;H;19.12.2024;rejected
O001622;L0003432;V001;D001;07.08.2026;3450000;3,41;3332000;H;21.08.2026;accepted
O001623;L0003435;V005;D007;04.07.2025;6900000;3,7;6644000;E;18.07.2025;rejected
O001624;L0003436;V026;D009;01.09.2025;2900000;4,18;2778000;H;15.09.2025;rejected
O001625;L0003437;V025;D003;22.09.2025;3050000;7,47;2822000;H;06.10.2025;accepted
O001626;L0003444;V026;D007;02.03.2026;2900000;4,99;2755000;H;16.03.2026;rejected
O001627;L0003445;V024;D003;26.09.2025;2650000;4,77;2523000;E;10.10.2025;rejected
O001628;L0003447;V003;D002;05.01.2026;4650000;5,28;4404000;H;19.01.2026;rejected
O001629;L0003450;V028;D010;25.06.2026;4000000;7,52;3699000;H;09.07.2026;accepted
O001630;L0003451;V034;D007;30.03.2026;6100000;7,95;5615000;E;13.04.2026;rejected
O001631;L0003452;V026;D004;30.03.2026;2900000;8,08;2665000;E;13.04.2026;rejected
O001632;L0003454;V003;D006;12.04.2025;4650000;4,18;4455000;E;26.04.2025;accepted
O001633;L0003455;V035;D006;20.03.2026;7900000;3,58;7616000;H;03.04.2026;rejected
O001634;L0003456;V009;D006;03.03.2026;4900000;7,09;4552000;H;17.03.2026;accepted
O001635;L0003458;V026;D002;03.04.2026;2900000;4,48;2770000;E;17.04.2026;accepted
O001636;L0003459;V027;D002;11.03.2026;3700000;0,88;3667000;H;25.03.2026;rejected
O001637;L0003465;V004;D007;10.08.2026;5100000;0,0;5100000;H;24.08.2026;rejected
O001638;L0003467;V003;D009;18.09.2025;4650000;6,4;4352000;H;02.10.2025;accepted
O001639;L0003468;V034;D002;06.08.2025;6100000;3,89;5862000;E;20.08.2025;accepted
O001640;L0003470;V024;D001;21.07.2026;2650000;4,54;2529000;H;04.08.2026;rejected
O001641;L0003475;V022;D008;19.06.2026;9800000;1,14;9687000;E;03.07.2026;rejected
O001642;L0003477;V033;D001;10.04.2026;5400000;6,19;5065000;H;24.04.2026;rejected
O001643;L0003479;V030;D009;11.08.2025;11900000;1,45;11727000;H;25.08.2025;rejected
O001644;L0003481;V029;D009;09.03.2026;3300000;3,18;3195000;E;23.03.2026;rejected
O001645;L0003483;V011;D008;09.03.2026;6400000;8,16;5877000;H;23.03.2026;rejected
O001646;L0003485;V001;D005;25.10.2024;3450000;3,82;3318000;H;08.11.2024;rejected
O001647;L0003486;V003;D004;25.03.2026;4650000;6,56;4344000;E;08.04.2026;rejected
O001648;L0003490;V028;D007;06.06.2025;4000000;6,07;3757000;E;20.06.2025;rejected
O001649;L0003491;V025;D003;01.09.2025;3050000;2,93;2960000;E;15.09.2025;accepted
O001650;L0003492;V026;D005;09.03.2026;2900000;4,24;2777000;H;23.03.2026;accepted
O001651;L0003493;V020;D008;06.12.2025;6600000;3,83;6347000;H;20.12.2025;rejected
O001652;L0003494;V026;D002;07.10.2024;2900000;2,51;2827000;E;21.10.2024;accepted
O001653;L0003495;V001;D004;06.11.2025;3450000;6,01;3242000;E;20.11.2025;accepted
O001654;L0003496;V008;D001;21.04.2026;4200000;2,05;4114000;H;05.05.2026;accepted
O001655;L0003500;V029;D001;27.10.2025;3300000;4,76;3143000;E;10.11.2025;rejected
O001656;L0003502;V028;D005;29.11.2025;4000000;0,96;3961000;H;13.12.2025;accepted
O001657;L0003504;V029;D002;22.05.2026;3300000;4,86;3139000;H;05.06.2026;accepted
O001658;L0003505;V029;D011;22.05.2026;3300000;6,42;3088000;E;05.06.2026;rejected
O001659;L0003515;V034;D003;08.08.2026;6100000;3,85;5865000;E;22.08.2026;rejected
O001660;L0003516;V008;D010;05.08.2026;4200000;3,91;4035000;H;19.08.2026;rejected
O001661;L0003517;V017;D002;24.03.2025;4100000;2,16;4011000;E;07.04.2025;rejected
O001662;L0003518;V029;D006;22.05.2026;3300000;4,21;3161000;H;05.06.2026;accepted
O001663;L0003519;V033;D001;08.07.2026;5400000;99,0;5215000;H;22.07.2026;rejected
O001664;L0003520;V032;D009;22.01.2026;6200000;4,26;5935000;H;05.02.2026;accepted
O001665;L0003521;V026;D005;11.04.2026;2900000;3,53;;E;25.04.2026;accepted
O001666;L0003522;V003;D002;12.02.2026;4650000;4,11;4458000;H;26.02.2026;rejected
O001667;L0003523;V033;D003;15.06.2026;5400000;1,54;5316000;H;29.06.2026;rejected
O001668;L0003525;V020;D002;23.02.2026;6600000;7,74;6088000;H;09.03.2026;rejected
O001669;L0003528;V010;D006;20.01.2026;4600000;0,13;4594000;H;03.02.2026;rejected
O001670;L0003529;V029;D004;24.06.2025;3300000;2,8;3207000;H;08.07.2025;accepted
O001671;L0003533;V003;D012;06.10.2025;4650000;7,25;4313000;H;20.10.2025;rejected
O001672;L0003534;V002;D007;23.10.2025;3900000;7,3;3615000;H;06.11.2025;rejected
O001673;L0003536;V014;D003;29.10.2025;12300000;7,63;11361000;H;12.11.2025;accepted
O001674;L0003543;V034;D001;02.05.2026;6100000;2,72;5933000;E;16.05.2026;rejected
O001675;L0003544;V014;D004;27.05.2026;12300000;6,32;11523000;H;10.06.2026;rejected
O001676;L0003545;V026;D011;03.04.2026;2900000;2,47;2828000;H;17.04.2026;rejected
O001677;L0003548;V010;D002;13.01.2025;4600000;6,56;4298000;E;27.01.2025;rejected
O001678;L0003549;V010;D004;17.12.2025;4600000;2,2;4498000;H;31.12.2025;accepted
O001679;L0003551;V019;D002;07.02.2026;4500000;4,65;4290000;E;21.02.2026;rejected
O001680;L0003552;V002;D007;05.03.2026;3900000;0,0;3900000;H;19.03.2026;rejected
O001681;L0003553;V016;D002;23.01.2026;5300000;4,52;5060000;H;06.02.2026;rejected
O001682;L0003554;V018;D001;01.01.2026;4700000;6,09;4413000;E;15.01.2026;rejected
O001683;L0003555;V011;D003;22.05.2026;6400000;4,9;6086000;E;05.06.2026;accepted
O001684;L0003556;V017;D007;17.02.2025;4100000;8,23;3762000;H;03.03.2025;rejected
O001685;L0003560;V033;D002;19.08.2025;5400000;4,71;5145000;H;02.09.2025;accepted
O001686;L0003562;V030;D008;13.03.2026;11900000;0,87;11796000;H;27.03.2026;rejected
O001687;L0003564;V025;D007;01.01.2025;3050000;5,03;2896000;H;15.01.2025;rejected
O001688;L0003566;V008;D011;24.06.2025;4200000;0,0;4200000;H;08.07.2025;accepted
O001689;L0003567;V025;D005;23.07.2026;3050000;6,66;2846000;E;06.08.2026;rejected
O001690;L0003568;V028;D012;14.03.2026;4000000;5,28;3788000;E;28.03.2026;accepted
O001691;L0003570;V026;D012;26.05.2026;2900000;6,55;2710000;H;09.06.2026;accepted
O001692;L0003573;V024;D008;08.01.2026;2650000;3,74;2550000;H;22.01.2026;rejected
O001693;L0003574;V005;D008;13.06.2026;6900000;7,25;6399000;E;27.06.2026;rejected
O001694;L0003577;V024;D001;18.05.2026;2650000;3,02;2570000;E;01.06.2026;rejected
O001695;L0003579;V022;D006;12.08.2026;9800000;1,36;9667000;H;26.08.2026;rejected
O001696;L0003580;V017;D002;15.10.2024;4100000;0,0;4100000;H;29.10.2024;accepted
O001697;L0003581;V026;D005;09.08.2025;2900000;6,46;2712000;E;23.08.2025;accepted
O001698;L0003583;V001;D004;12.01.2026;3450000;5,75;3251000;H;26.01.2026;rejected
O001699;L0003585;V005;D004;06.10.2025;6900000;6,29;6465000;H;20.10.2025;rejected
O001700;L0003587;V020;D006;13.10.2025;6600000;0,0;6600000;E;27.10.2025;accepted
O001701;L0003588;V027;D012;05.05.2026;3700000;4,85;3520000;H;19.05.2026;rejected
O001702;L0003590;V021;D006;20.07.2026;7400000;3,42;7147000;E;03.08.2026;rejected
O001703;L0003592;V030;D005;12.02.2025;11900000;5,09;11294000;H;26.02.2025;rejected
O001704;L0003595;V005;D006;26.05.2025;6900000;2,76;6709000;E;09.06.2025;rejected
O001705;L0003598;V019;D008;25.05.2026;4500000;1,92;4413000;E;08.06.2026;accepted
O001706;L0003600;V003;D001;17.06.2025;4650000;6,33;4355000;E;01.07.2025;accepted
O001707;L0003601;V034;D013;12.04.2025;6100000;2,38;5954000;H;26.04.2025;rejected
O001708;L0003602;V027;D007;20.06.2025;3700000;3,55;3568000;E;04.07.2025;accepted
O001709;L0003603;V033;D007;23.07.2026;5400000;0,0;5400000;H;06.08.2026;rejected
O001710;L0003605;V009;D004;09.01.2026;4900000;8,08;4504000;E;23.01.2026;accepted
O001711;L0003607;V027;D008;04.07.2025;3700000;2,27;3616000;H;18.07.2025;rejected
O001712;L0003612;V003;D003;20.12.2025;4650000;1,2;4594000;H;03.01.2026;rejected
O001713;L0003613;V003;D004;14.07.2026;4650000;3,6;4482000;H;28.07.2026;rejected
O001714;L0003614;V018;D003;11.04.2025;4700000;5,61;4436000;E;25.04.2025;accepted
O001715;L0003615;V036;D001;06.12.2025;14200000;6,34;13299000;H;20.12.2025;accepted
O001716;L0003617;V005;D004;20.09.2024;6900000;5,55;6517000;E;04.10.2024;accepted
O001717;L0003621;V002;D001;18.02.2026;3900000;1,94;3824000;H;04.03.2026;rejected
O001718;L0003623;V016;D005;07.11.2025;5300000;1,34;5228000;H;21.11.2025;rejected
O001719;L0003626;V018;D003;05.06.2026;4700000;5,21;4454000;E;19.06.2026;accepted
O001720;L0003627;V011;D007;24.08.2026;6400000;2,74;6224000;E;07.09.2026;open
O001721;L0003628;V013;D008;10.12.2025;11200000;4,38;10709000;H;24.12.2025;rejected
O001722;L0003630;V013;D002;24.12.2025;11200000;2,48;10921000;H;07.01.2026;accepted
O001723;L0003631;V035;D012;23.08.2025;7900000;5,29;7481000;H;06.09.2025;rejected
O001724;L0003632;V028;D004;29.01.2025;4000000;2,52;3899000;H;12.02.2025;rejected
O001725;L0003634;V011;D002;15.11.2025;6400000;1,4;6310000;H;29.11.2025;rejected
O001726;L0003635;V007;D006;24.11.2025;14500000;3,97;13924000;H;08.12.2025;rejected
O001727;L0003639;V029;D009;02.12.2025;3300000;5,29;3125000;H;16.12.2025;rejected
O001728;L0003643;V018;D010;06.05.2025;4700000;3,91;4516000;H;20.05.2025;rejected
O001729;L0003648;V025;D007;15.06.2026;3050000;5,08;2895000;H;29.06.2026;rejected
O001730;L0003650;V033;D009;08.12.2025;5400000;9,79;4871000;H;22.12.2025;accepted
O001731;L0003651;V030;D005;26.08.2025;11900000;4,19;11401000;E;09.09.2025;rejected
O001732;L0003652;V002;D002;07.02.2026;3900000;3,84;3750000;E;21.02.2026;accepted
O001733;L0003653;V019;D004;29.01.2026;4500000;5,25;4263000;E;12.02.2026;rejected
O001734;L0003655;V030;D003;01.04.2026;11900000;9,15;10810000;E;15.04.2026;rejected
O001735;L0003656;V012;D001;30.01.2026;7100000;1,84;6969000;E;13.02.2026;rejected
O001736;L0003657;V012;D009;05.06.2025;7100000;5,47;6711000;E;19.06.2025;rejected
O001737;L0003659;V029;D011;07.05.2025;3300000;4,11;3164000;E;21.05.2025;rejected
O001738;L0003662;V016;D003;23.12.2025;5300000;2,73;5155000;E;06.01.2026;rejected
O001739;L0003668;V019;D005;22.11.2025;4500000;0,0;4500000;E;06.12.2025;rejected
O001740;L0003669;V022;D003;04.06.2026;9800000;5,85;9226000;H;18.06.2026;rejected
O001741;L0003670;V027;D001;30.07.2025;3700000;5,7;3489000;H;13.08.2025;accepted
O001742;L0003675;V036;D002;20.05.2026;14200000;5,19;13463000;E;03.06.2026;accepted
O001743;L0003676;V027;D006;21.07.2025;3700000;4,01;3551000;H;04.08.2025;rejected
O001744;L0003677;V028;D009;28.03.2025;4000000;7,21;3711000;H;11.04.2025;rejected
O001745;L0003680;V036;D002;29.10.2024;14200000;5,24;13456000;H;12.11.2024;rejected
O001746;L0003681;V018;D002;28.05.2026;4700000;8,46;4302000;E;11.06.2026;rejected
O001747;L0003683;V010;D007;25.08.2026;4600000;4,23;4405000;E;08.09.2026;open
O001748;L0003684;V034;D014;21.11.2024;6100000;3,66;5876000;H;05.12.2024;rejected
O001749;L0003685;V009;D011;15.03.2025;4900000;0,33;4883000;H;29.03.2025;accepted
O001750;L0003686;V024;D014;27.02.2025;2650000;4,63;2527000;E;13.03.2025;rejected
O001751;L0003688;V025;D008;27.06.2025;3050000;5,35;2886000;H;11.07.2025;accepted
O001752;L0003692;V024;D007;01.01.2026;2650000;1,33;2614000;H;15.01.2026;rejected
O001753;L0003694;V027;D009;31.01.2025;3700000;9,23;3358000;E;14.02.2025;rejected
O001754;L0003695;V010;D006;18.09.2025;4600000;5,68;4338000;E;02.10.2025;rejected
O001755;L0003700;V020;D002;29.10.2024;6600000;3,42;6374000;E;12.11.2024;rejected
O001756;L0003701;V008;D004;08.05.2026;4200000;7,56;3882000;E;22.05.2026;rejected
O001757;L0003707;V029;D001;31.01.2025;3300000;3,11;3197000;E;14.02.2025;accepted
O001758;L0003708;V025;D010;13.12.2025;3050000;2,72;2967000;H;27.12.2025;rejected
O001759;L0003710;V016;D001;11.08.2026;5300000;4,98;5036000;E;25.08.2026;accepted
O001760;L0003714;V024;D001;18.06.2026;2650000;4,28;2536000;E;02.07.2026;accepted
O001761;L0003716;V002;D014;30.06.2025;3900000;1,66;3835000;E;14.07.2025;accepted
O001762;L0003718;V010;D004;14.07.2025;4600000;5,61;4341000;H;28.07.2025;rejected
O001763;L0003719;V001;D005;09.04.2026;3450000;3,45;3330000;H;23.04.2026;accepted
O001764;L0003720;V013;D006;03.03.2025;11200000;4,97;10643000;E;17.03.2025;rejected
O001765;L0003722;V011;D006;07.02.2026;6400000;6,39;5990000;H;21.02.2026;rejected
O001766;L0003723;V027;D007;13.09.2025;3700000;3,49;3570000;E;27.09.2025;rejected
O001767;L0003724;V001;D001;18.12.2025;3450000;0,96;3416000;H;01.01.2026;accepted
O001768;L0003725;V021;D006;13.08.2026;7400000;0,0;7400000;H;27.08.2026;expired
O001769;L0003726;V009;D011;11.04.2026;4900000;6,15;4598000;H;25.04.2026;rejected
O001770;L0003730;V028;D003;30.03.2026;4000000;1,13;3954000;H;13.04.2026;rejected
O001771;L0003731;V010;D008;28.07.2025;4600000;6,3;4310000;E;11.08.2025;accepted
O001772;L0003733;V005;D001;18.07.2025;6900000;2,8;6706000;E;01.08.2025;accepted
O001773;L0003736;V024;D014;02.08.2025;2650000;7,83;2442000;H;16.08.2025;rejected
O001774;L0003740;V017;D001;14.08.2025;4100000;5,57;3871000;H;28.08.2025;rejected
O001775;L0003743;V017;D012;28.07.2026;4100000;2,84;3983000;E;11.08.2026;accepted
O001776;L0003744;V011;D009;09.04.2026;6400000;4,73;6097000;H;23.04.2026;rejected
O001777;L0003748;V023;D003;19.03.2026;15900000;4,17;15237000;H;02.04.2026;accepted
O001778;L0003749;V035;D005;14.02.2026;7900000;4,06;7578000;E;28.02.2026;rejected
O001779;L0003750;V035;D003;07.06.2025;7900000;7,28;7324000;H;21.06.2025;rejected
O001780;L0003751;V020;D004;15.04.2026;6600000;6,95;6141000;E;29.04.2026;accepted
O001781;L0003752;V024;D005;09.07.2026;2650000;3,29;2562000;H;23.07.2026;accepted
O001782;L0003755;V017;D013;20.10.2025;4100000;8,31;3759000;E;03.11.2025;rejected
O001783;L0003756;V011;D004;20.11.2025;6400000;2,98;6209000;E;04.12.2025;accepted
O001784;L0003757;V018;D014;23.12.2025;4700000;6,57;4391000;H;06.01.2026;rejected
O001785;L0003759;V025;D014;26.08.2025;3050000;0,0;3050000;H;09.09.2025;rejected
O001786;L0003760;V025;D008;10.03.2025;3050000;3,11;2955000;E;24.03.2025;rejected
O001787;L0003761;V017;D008;24.09.2024;4100000;0,0;4100000;H;08.10.2024;rejected
O001788;L0003762;V024;D009;05.09.2025;2650000;5,01;2517000;H;19.09.2025;rejected
O001789;L0003763;V010;D001;08.05.2025;4600000;2,55;4482000;H;22.05.2025;rejected
O001790;L0003764;V020;D001;28.05.2025;6600000;5,5;6237000;H;11.06.2025;accepted
O001791;L0003765;V021;D007;12.02.2025;7400000;2,55;7211000;E;26.02.2025;rejected
O001792;L0003767;V025;D011;09.04.2025;3050000;3,82;2933000;H;23.04.2025;accepted
O001793;L0003768;V033;D006;16.07.2025;5400000;4,55;5154000;H;30.07.2025;accepted
O001794;L0003769;V004;D002;31.07.2026;5100000;4,58;4866000;H;14.08.2026;accepted
O001795;L0003773;V025;D001;10.10.2025;3050000;9,23;2768000;E;24.10.2025;accepted
O001796;L0003774;V019;D003;05.09.2025;4500000;7,76;4150000;H;19.09.2025;rejected
O001797;L0003775;V017;D003;05.05.2026;4100000;6,7;3825000;E;19.05.2026;accepted
O001798;L0003776;V003;D008;19.01.2026;4650000;5,85;4377000;E;02.02.2026;rejected
O001799;L0003780;V027;D003;28.05.2026;3700000;1,57;3641000;E;11.06.2026;accepted
O001800;L0003785;V020;D002;21.08.2025;6600000;7,48;6106000;H;04.09.2025;accepted
O001801;L0003786;V028;D002;10.09.2025;4000000;4,92;3803000;H;24.09.2025;accepted
O001802;L0003787;V010;D001;01.07.2025;4600000;0,58;4573000;H;15.07.2025;accepted
O001803;L0003791;V027;D003;10.10.2025;3700000;1,29;;E;24.10.2025;rejected
O001804;L0003792;V026;D004;10.03.2026;2900000;6,03;2725000;H;24.03.2026;rejected
O001805;L0003793;V035;D007;07.01.2026;7900000;9,33;7163000;E;21.01.2026;rejected
O001806;L0003794;V008;D007;22.08.2025;4200000;4,43;4014000;H;05.09.2025;rejected
O001807;L0003796;V017;D014;16.05.2026;4100000;5,09;3891000;E;30.05.2026;rejected
O001808;L0003797;V002;D009;08.10.2025;3900000;7,45;3609000;E;22.10.2025;accepted
O001809;L0003800;V027;D006;03.11.2025;3700000;3,28;3578000;E;17.11.2025;accepted
O001810;L0003801;V008;D014;15.05.2025;4200000;1,05;4155000;H;29.05.2025;accepted
O001811;L0003804;V024;D013;29.01.2026;2650000;2,19;2591000;E;12.02.2026;accepted
O001812;L0003807;V029;D011;03.08.2026;3300000;3,5;3184000;H;17.08.2026;rejected
O001813;L0003810;V027;D008;09.10.2024;3700000;6,19;3471000;E;23.10.2024;rejected
O001814;L0003812;V002;D002;25.03.2026;3900000;2,01;3821000;E;08.04.2026;rejected
O001815;L0003817;V019;D007;15.04.2026;4500000;0,0;4500000;E;29.04.2026;accepted
O001816;L0003818;V026;D007;11.03.2026;2900000;2,03;2841000;H;25.03.2026;rejected
O001817;L0003819;V016;D004;16.02.2026;5300000;7,27;4914000;E;02.03.2026;rejected
O001818;L0003820;V034;D007;30.03.2026;6100000;3,8;5868000;H;13.04.2026;accepted
O001819;L0003822;V027;D004;16.06.2026;3700000;5,59;3493000;H;30.06.2026;accepted
O001820;L0003824;V025;D003;11.04.2026;3050000;7,88;2809000;H;25.04.2026;accepted
O001821;L0003825;V032;D009;03.07.2025;6200000;7,17;5755000;E;17.07.2025;rejected
O001822;L0003826;V002;D014;23.02.2026;3900000;0,75;3870000;H;09.03.2026;accepted
O001823;L0003827;V025;D004;04.06.2026;3050000;8,5;2790000;H;18.06.2026;accepted
O001824;L0003829;V032;D014;02.05.2026;6200000;3,68;5971000;E;16.05.2026;rejected
O001825;L0003831;V036;D007;10.08.2026;14200000;8,26;13027000;H;24.08.2026;rejected
O001826;L0003832;V001;D008;03.06.2025;3450000;4,04;3310000;E;17.06.2025;rejected
O001827;L0003834;V010;D005;11.06.2025;4600000;3,78;4426000;H;25.06.2025;accepted
O001828;L0003835;V029;D005;14.01.2026;3300000;0,68;3277000;E;28.01.2026;accepted
O001829;L0003836;V013;D001;27.04.2026;11200000;8,78;10216000;E;11.05.2026;accepted
O001830;L0003838;V008;D001;25.04.2026;4200000;2,41;4098000;H;09.05.2026;rejected
O001831;L0003840;V001;D009;13.07.2026;3450000;6,04;3241000;H;27.07.2026;rejected
O001832;L0003841;V009;D002;25.11.2024;4900000;4,71;4669000;H;09.12.2024;rejected
O001833;L0003844;V024;D008;17.12.2025;2650000;0,15;2646000;H;31.12.2025;rejected
O001834;L0003845;V024;D013;29.06.2026;2650000;6,52;2477000;E;13.07.2026;accepted
O001835;L0003846;V019;D005;03.06.2026;4500000;2,07;4406000;H;17.06.2026;rejected
O001836;L0003847;V018;D004;14.02.2026;4700000;5,71;4431000;H;28.02.2026;accepted
O001837;L0003849;V011;D014;14.09.2024;6400000;3,57;6171000;H;28.09.2024;rejected
O001838;L0003850;V028;D003;19.05.2025;4000000;4,82;3807000;E;02.06.2025;rejected
O001839;L0003851;V030;D007;14.12.2024;11900000;0,0;11900000;E;28.12.2024;rejected
O001840;L0003852;V020;D006;22.08.2025;6600000;6,1;6197000;H;05.09.2025;rejected
O001841;L0003853;V037;D001;05.05.2025;17500000;5,73;16497000;E;19.05.2025;accepted
O001842;L0003855;V023;D013;17.12.2025;15900000;6,44;14875000;E;31.12.2025;rejected
O001843;L0003856;V030;D010;07.07.2025;11900000;3,52;11481000;H;21.07.2025;rejected
O001844;L0003858;V028;D007;10.07.2026;4000000;3,24;3870000;E;24.07.2026;accepted
O001845;L0003859;V031;D004;02.12.2025;10800000;4,79;10282000;E;16.12.2025;accepted
O001846;L0003867;V033;D007;11.02.2026;5400000;7,63;4987000;E;25.02.2026;rejected
O001847;L0003871;V006;D001;06.08.2025;7800000;1,15;7710000;H;20.08.2025;rejected
O001848;L0003872;V020;D010;05.12.2025;6600000;7,44;6109000;H;19.12.2025;accepted
O001849;L0003874;V006;D008;21.07.2025;7800000;5,9;7340000;H;04.08.2025;accepted
O001850;L0003877;V027;D009;19.10.2024;3700000;5,66;3490000;H;02.11.2024;accepted
O001851;L0003878;V021;D008;23.09.2025;7400000;9,04;6730000;H;07.10.2025;rejected
O001852;L0003879;V012;D004;05.06.2026;7100000;5,22;6729000;H;19.06.2026;rejected
O001853;L0003881;V034;D002;29.01.2026;6100000;5,84;5743000;E;12.02.2026;accepted
O001854;L0003882;V028;D008;27.02.2025;4000000;7,29;3708000;H;13.03.2025;rejected
O001855;L0003883;V032;D014;22.01.2026;6200000;8,37;5681000;H;05.02.2026;accepted
O001856;L0003884;V008;D008;01.06.2026;4200000;4,61;4006000;E;15.06.2026;accepted
O001857;L0003886;V026;D003;19.06.2025;2900000;6,44;2713000;E;03.07.2025;accepted
O001858;L0003888;V029;D011;24.12.2025;3300000;2,69;3211000;H;07.01.2026;rejected
O001859;L0003894;V029;D005;09.05.2026;3300000;4,89;3138000;H;23.05.2026;rejected
O001860;L0003896;V004;D002;14.07.2025;5100000;5,19;4835000;E;28.07.2025;accepted
O001861;L0003900;V028;D004;19.06.2026;4000000;4,76;3809000;E;03.07.2026;accepted
O001862;L0003903;V024;D008;25.08.2026;2650000;8,07;2436000;E;08.09.2026;open
O001863;L0003904;V030;D014;13.12.2025;11900000;4,2;11399000;E;27.12.2025;rejected
O001864;L0003907;V031;D005;01.12.2025;10800000;8,35;9898000;E;15.12.2025;rejected
O001865;L0003909;V026;D001;14.04.2026;2900000;2,94;2814000;H;28.04.2026;rejected
O001866;L0003910;V019;D001;02.02.2026;4500000;6,88;4190000;E;16.02.2026;accepted
O001867;L0003911;V024;D002;15.08.2026;2650000;0,55;2635000;H;29.08.2026;accepted
O001868;L0003914;V025;D001;18.05.2026;3050000;7,71;2814000;H;01.06.2026;accepted
O001869;L0003915;V028;D001;11.06.2026;4000000;1,27;3949000;H;25.06.2026;rejected
O001870;L0003916;V026;D002;27.06.2026;2900000;3,44;2800000;E;11.07.2026;accepted
O001871;L0003918;V016;D002;02.02.2026;5300000;5,71;4997000;H;16.02.2026;rejected
O001872;L0003921;V025;D009;02.06.2025;3050000;9,23;2768000;E;16.06.2025;rejected
O001873;L0003924;V026;D003;17.02.2025;2900000;5,77;2732000;E;03.03.2025;accepted
O001874;L0003925;V004;D002;03.02.2026;5100000;3,47;4922000;E;17.02.2026;accepted
O001875;L0003927;V018;D007;17.10.2025;4700000;3,48;4536000;E;31.10.2025;rejected
O001876;L0003930;V020;D004;15.11.2025;6600000;4,93;6274000;H;29.11.2025;rejected
O001877;L0003932;V028;D012;07.12.2024;4000000;4,56;3817000;H;21.12.2024;accepted
O001878;L0003933;V019;D003;08.10.2024;4500000;2,26;4398000;H;22.10.2024;accepted
O001879;L0003934;V016;D008;12.12.2025;5300000;6,31;4965000;H;26.12.2025;accepted
O001880;L0003935;V022;D002;04.05.2026;9800000;8,38;8978000;E;18.05.2026;rejected
O001881;L0003936;V025;D007;03.04.2026;3050000;5,89;2870000;H;17.04.2026;accepted
O001882;L0003940;V020;D002;21.08.2026;6600000;2,72;6420000;H;04.09.2026;accepted
O001883;L0003941;V034;D007;05.03.2026;6100000;5,53;5762000;E;19.03.2026;rejected
O001884;L0003945;V022;D003;24.02.2025;9800000;3,46;9461000;H;10.03.2025;accepted
O001885;L0003948;V003;D014;07.07.2025;4650000;2,48;4534000;H;21.07.2025;rejected
O001886;L0003951;V012;D010;06.07.2026;7100000;6,0;6673000;E;20.07.2026;accepted
O001887;L0003955;V027;D010;03.09.2025;3700000;11,1;3289000;E;17.09.2025;rejected
O001888;L0003957;V002;D003;25.07.2026;3900000;3,59;3759000;H;08.08.2026;rejected
O001889;L0003962;V018;D002;15.10.2024;4700000;2,86;4565000;E;29.10.2024;rejected
O001890;L0003963;V033;D001;17.11.2025;5400000;6,39;5054000;H;01.12.2025;accepted
O001891;L0003964;V027;D002;10.09.2025;3700000;6,2;3470000;H;24.09.2025;rejected
O001892;L0003966;V028;D009;07.01.2026;4000000;2,91;3883000;E;21.01.2026;rejected
O001893;L0003967;V028;D004;05.02.2026;4000000;5,71;3771000;H;19.02.2026;accepted
O001894;L0003968;V008;D013;20.06.2026;4200000;3,71;4044000;H;04.07.2026;accepted
O001895;L0003969;V032;D002;17.08.2026;6200000;5,94;5831000;H;31.08.2026;accepted
O001896;L0003970;V003;D010;23.05.2026;4650000;3,24;4499000;H;06.06.2026;rejected
O001897;L0003971;V003;D005;22.01.2026;4650000;2,5;4533000;E;05.02.2026;accepted
O001898;L0003972;V003;D011;11.06.2025;4650000;7,62;4295000;E;25.06.2025;accepted
O001899;L0003975;V018;D008;10.11.2025;4700000;5,99;4418000;H;24.11.2025;accepted
O001900;L0003977;V035;D003;28.06.2025;7900000;1,75;7761000;H;12.07.2025;accepted
O001901;L0003979;V017;D006;04.07.2026;4100000;4,93;3897000;E;18.07.2026;accepted
O001902;L0003980;V004;D002;21.01.2026;5100000;3,61;4915000;E;04.02.2026;rejected
O001903;L0003986;V020;D011;10.12.2025;6600000;3,49;6369000;H;24.12.2025;rejected
O001904;L0003991;V026;D001;11.05.2026;2900000;9,6;2621000;E;25.05.2026;rejected
O001905;L0003992;V029;D001;13.05.2026;3300000;1,23;3259000;H;27.05.2026;rejected
O001906;L0003994;V001;D004;21.08.2026;3450000;6,76;;H;04.09.2026;rejected
O001907;L0003997;V034;D008;04.04.2025;6100000;1,98;5979000;H;18.04.2025;rejected
O001908;L0003998;V025;D003;17.11.2025;3050000;6,4;2854000;H;01.12.2025;rejected
O001909;L0004000;V004;D002;29.10.2024;5100000;3,34;4929000;H;12.11.2024;rejected
O001910;L0004002;V027;D002;27.01.2026;3700000;9,31;3355000;H;10.02.2026;accepted
O001911;L0004003;V004;D011;17.01.2025;5100000;7,05;4740000;H;31.01.2025;rejected
O001912;L0004004;V020;D002;13.07.2026;6600000;1,57;6496000;H;27.07.2026;rejected
O001913;L0004005;V015;D007;07.01.2026;16800000;6,13;15770000;E;21.01.2026;accepted
O001914;L0004007;V021;D009;12.01.2026;7400000;4,17;7091000;H;26.01.2026;rejected
O001915;L0004010;V015;D007;12.05.2025;16800000;4,66;16016000;E;26.05.2025;accepted
O001916;L0004014;V010;D004;23.11.2024;4600000;2,41;4489000;H;07.12.2024;rejected
O001917;L0004015;V016;D002;29.05.2025;5300000;4,58;5057000;H;12.06.2025;accepted
O001918;L0004018;V008;D003;25.06.2025;4200000;4,98;3990000;H;09.07.2025;accepted
O001919;L0004019;V019;D011;18.07.2026;4500000;4,45;4299000;H;01.08.2026;accepted
O001920;L0004020;V031;D001;11.08.2026;10800000;4,74;10287000;E;25.08.2026;rejected
O001921;L0004021;V009;D011;14.10.2025;4900000;3,28;4739000;H;28.10.2025;rejected
O001922;L0004023;V012;D005;18.04.2026;7100000;0,84;7040000;H;02.05.2026;rejected
O001923;L0004024;V018;D001;05.04.2025;4700000;1,49;4629000;H;19.04.2025;rejected
O001924;L0004025;V018;D001;30.01.2026;4700000;7,76;4335000;H;13.02.2026;accepted
O001925;L0004028;V027;D001;15.04.2026;3700000;3,64;3565000;E;29.04.2026;accepted
O001926;L0004029;V037;D008;08.06.2026;17500000;7,01;16273000;E;22.06.2026;rejected
O001927;L0004030;V035;D002;17.12.2025;7900000;6,16;7413000;E;31.12.2025;rejected
O001928;L0004033;V008;D002;24.03.2026;4200000;3,72;4043000;E;07.04.2026;accepted
O001929;L0004034;V033;D007;09.09.2025;5400000;9,19;4903000;H;23.09.2025;rejected
O001930;L0004035;V022;D002;17.11.2025;9800000;7,23;9091000;H;01.12.2025;accepted
O001931;L0004036;V001;D011;09.02.2026;3450000;2,78;3354000;E;23.02.2026;rejected
O001932;L0004041;V002;D001;22.06.2026;3900000;3,3;3771000;H;06.07.2026;rejected
O001933;L0004042;V020;D003;25.04.2026;6600000;7,19;;E;09.05.2026;accepted
O001934;L0004043;V029;D010;19.06.2025;3300000;4,22;3160000;E;03.07.2025;accepted
O001935;L0004045;V011;D004;26.08.2025;6400000;1,93;6276000;H;09.09.2025;accepted
O001936;L0004046;V034;D009;08.04.2026;6100000;9,94;5493000;H;22.04.2026;accepted
O001937;L0004047;V021;D003;10.06.2026;7400000;9,27;6713000;E;24.06.2026;accepted
O001938;L0004048;V020;D003;18.08.2026;6600000;2,65;6424000;H;01.09.2026;open
O001939;L0004050;V010;D009;25.12.2025;4600000;2,19;4499000;H;08.01.2026;rejected
O001940;L0004054;V019;D005;29.06.2026;4500000;1,54;4430000;H;13.07.2026;accepted
O001941;L0004055;V006;D012;31.05.2025;7800000;6,04;7328000;E;14.06.2025;rejected
O001942;L0004056;V007;D003;23.03.2026;14500000;7,62;13395000;H;06.04.2026;accepted
O001943;L0004059;V010;D003;09.06.2026;4600000;5,97;4325000;H;23.06.2026;accepted
O001944;L0004064;V029;D008;02.02.2026;3300000;7,03;3068000;H;16.02.2026;rejected
O001945;L0004066;V025;D008;01.01.2026;3050000;9,0;2775000;H;15.01.2026;rejected
O001946;L0004067;V010;D007;13.03.2025;4600000;2,6;4480000;E;27.03.2025;accepted
O001947;L0004069;V010;D001;10.11.2025;4600000;5,01;4369000;E;24.11.2025;rejected
O001948;L0004070;V027;D014;15.10.2025;3700000;3,66;3564000;H;29.10.2025;accepted
O001949;L0004073;V025;D002;05.01.2026;3050000;2,08;2986000;E;19.01.2026;rejected
O001950;L0004074;V029;D002;29.07.2026;3300000;5,68;3112000;H;12.08.2026;rejected
O001951;L0004076;V008;D004;02.05.2025;4200000;6,49;3927000;E;16.05.2025;accepted
O001952;L0004078;V034;D007;02.10.2025;6100000;2,55;5944000;H;16.10.2025;rejected
O001953;L0004079;V025;D001;13.06.2026;3050000;1,43;3006000;E;27.06.2026;rejected
O001954;L0004082;V035;D003;27.08.2026;7900000;8,29;7244000;H;10.09.2026;rejected
O001955;L0004085;V012;D006;17.03.2025;7100000;3,76;6832000;H;31.03.2025;rejected
O001956;L0004087;V028;D005;06.02.2025;4000000;5,46;3781000;H;20.02.2025;rejected
O001957;L0004089;V031;D002;01.10.2025;10800000;7,67;9971000;H;15.10.2025;rejected
O001958;L0004090;V026;D006;16.09.2024;2900000;4,95;2756000;H;30.09.2024;rejected
O001959;L0004091;V029;D013;09.06.2025;3300000;5,19;3128000;H;23.06.2025;rejected
O001960;L0004093;V024;D007;13.01.2025;2650000;4,2;2538000;H;27.01.2025;rejected
O001961;L0004094;V036;D008;21.10.2024;14200000;5,66;13395000;E;04.11.2024;rejected
O001962;L0004095;V029;D002;16.04.2026;3300000;3,82;3174000;E;30.04.2026;accepted
O001963;L0004096;V025;D007;18.04.2025;3050000;1,38;3007000;E;02.05.2025;accepted
O001964;L0004098;V008;D004;05.11.2025;4200000;4,02;4031000;H;19.11.2025;accepted
O001965;L0004102;V029;D001;01.05.2026;3300000;4,69;3145000;H;15.05.2026;rejected
O001966;L0004104;V025;D001;17.12.2025;3050000;6,8;2842000;H;31.12.2025;accepted
O001967;L0004107;V033;D004;17.05.2025;5400000;7,78;4979000;H;31.05.2025;rejected
O001968;L0004108;V027;D009;01.10.2025;3700000;7,53;3421000;H;15.10.2025;rejected
O001969;L0004109;V033;D004;18.06.2025;5400000;8,08;4963000;E;02.07.2025;rejected
O001970;L0004110;V032;D001;09.03.2026;6200000;5,51;5858000;E;23.03.2026;accepted
O001971;L0004111;V001;D005;23.04.2025;3450000;4,34;3300000;H;07.05.2025;accepted
O001972;L0004114;V020;D002;11.08.2025;6600000;3,42;6374000;E;25.08.2025;rejected
O001973;L0004116;V027;D003;06.05.2026;3700000;2,46;3608000;H;20.05.2026;rejected
O001974;L0004119;V031;D004;10.02.2026;10800000;1,42;10647000;H;24.02.2026;rejected
O001975;L0004120;V003;D010;10.11.2025;4650000;0,74;4615000;E;24.11.2025;rejected
O001976;L0004121;V015;D002;16.07.2026;16800000;6,71;15672000;H;30.07.2026;accepted
O001977;L0004122;V015;D010;04.03.2026;16800000;2,62;16359000;H;18.03.2026;rejected
O001978;L0004123;V001;D003;20.06.2025;3450000;0,85;3420000;E;04.07.2025;accepted
O001979;L0004124;V029;D010;03.11.2025;3300000;4,56;3149000;H;17.11.2025;accepted
O001980;L0004125;V035;D014;24.10.2025;7900000;5,51;7464000;H;07.11.2025;accepted
O001981;L0004126;V024;D003;27.07.2026;2650000;2,86;2574000;E;10.08.2026;accepted
O001982;L0004131;V020;D011;02.04.2026;6600000;4,55;6299000;H;16.04.2026;rejected
O001983;L0004135;V008;D001;01.05.2026;4200000;5,01;3989000;H;15.05.2026;rejected
O001984;L0004137;V005;D002;13.05.2025;6900000;0,83;6842000;H;27.05.2025;accepted
O001985;L0004140;V011;D006;18.06.2025;6400000;3,47;6178000;H;02.07.2025;accepted
O001986;L0004141;V017;D002;11.03.2025;4100000;5,03;3893000;H;25.03.2025;accepted
O001987;L0004143;V021;D009;09.09.2024;7400000;6,77;6898000;H;23.09.2024;rejected
O001988;L0004145;V004;D009;01.06.2026;5100000;3,48;4922000;E;15.06.2026;rejected
O001989;L0004148;V001;D002;20.05.2025;3450000;2,63;3359000;H;03.06.2025;accepted
O001990;L0004156;V020;D006;16.03.2026;6600000;6,77;6153000;E;30.03.2026;rejected
O001991;L0004162;V029;D001;24.04.2026;3300000;9,88;2973000;E;08.05.2026;rejected
O001992;L0004163;V028;D009;13.03.2026;4000000;8,86;3645000;H;27.03.2026;rejected
O001993;L0004164;V026;D013;07.07.2026;2900000;4,22;2777000;E;21.07.2026;rejected
O001994;L0004165;V033;D004;15.08.2026;5400000;5,06;5126000;E;29.08.2026;open
O001995;L0004172;V021;D001;23.05.2026;7400000;9,23;6716000;E;06.06.2026;rejected
O001996;L0004173;V018;D004;25.10.2025;4700000;2,95;4561000;H;08.11.2025;rejected
O001997;L0004174;V032;D003;12.11.2024;6200000;5,77;5842000;E;26.11.2024;accepted
O001998;L0004175;V028;D007;12.08.2025;4000000;10,16;3593000;H;26.08.2025;accepted
O001999;L0004176;V029;D005;25.08.2026;3300000;6,31;3091000;E;08.09.2026;accepted
O002000;L0004178;V003;D006;29.01.2026;4650000;4,45;4442000;H;12.02.2026;accepted
O002001;L0004181;V033;D004;13.11.2025;5400000;2,57;5261000;E;27.11.2025;rejected
O002002;L0004182;V018;D004;31.12.2025;4700000;2,24;4594000;E;14.01.2026;rejected
O002003;L0004184;V028;D002;10.10.2025;4000000;8,09;3676000;H;24.10.2025;rejected
O002004;L0004185;V024;D010;14.05.2026;2650000;2,63;2580000;H;28.05.2026;accepted
O002005;L0004187;V031;D002;24.06.2026;10800000;8,37;9895000;H;08.07.2026;rejected
O002006;L0004188;V031;D014;14.07.2026;10800000;1,68;10618000;H;28.07.2026;rejected
O002007;L0004191;V018;D007;26.05.2025;4700000;7,14;4364000;E;09.06.2025;accepted
O002008;L0004194;V003;D001;28.04.2025;4650000;2,14;4550000;E;12.05.2025;rejected
O002009;L0004195;V027;D003;08.08.2026;3700000;8,5;3385000;H;22.08.2026;open
O002010;L0004196;V028;D003;12.05.2025;4000000;6,05;3758000;E;26.05.2025;rejected
O002011;L0004198;V019;D003;26.07.2025;4500000;5,27;4262000;H;09.08.2025;accepted
O002012;L0004200;V035;D002;08.03.2025;7900000;5,1;7497000;H;22.03.2025;accepted
O002013;L0004201;V028;D008;18.06.2026;4000000;7,8;3687000;H;02.07.2026;accepted
O002014;L0004203;V001;D001;01.05.2026;3450000;3,85;3317000;E;15.05.2026;accepted
O002015;L0004204;V025;D003;19.01.2026;3050000;1,53;3003000;H;02.02.2026;rejected
O002016;L0004205;V019;D006;11.12.2024;4500000;4,41;4301000;E;25.12.2024;accepted
O002017;L0004206;V033;D001;23.06.2025;5400000;4,04;5181000;H;07.07.2025;accepted
O002018;L0004208;V009;D009;07.10.2025;4900000;7,88;4513000;H;21.10.2025;rejected
O002019;L0004210;V016;D002;26.03.2025;5300000;3,19;5130000;H;09.04.2025;rejected
O002020;L0004213;V026;D003;09.12.2024;2900000;2,23;;H;23.12.2024;accepted
O002021;L0004214;V026;D001;29.12.2025;2900000;3,15;2808000;H;12.01.2026;accepted
O002022;L0004216;V018;D009;07.02.2025;4700000;5,14;4458000;E;21.02.2025;rejected
O002023;L0004217;V024;D006;27.08.2025;2650000;3,25;2563000;E;10.09.2025;rejected
O002024;L0004218;V020;D004;10.01.2025;6600000;4,54;6300000;H;24.01.2025;accepted
O002025;L0004224;V002;D014;21.05.2025;3900000;5,38;3690000;H;04.06.2025;rejected
O002026;L0004225;V036;D003;23.01.2026;14200000;3,69;13676000;E;06.02.2026;rejected
O002027;L0004226;V030;D002;02.06.2025;11900000;6,98;11069000;E;16.06.2025;rejected
O002028;L0004228;V015;D009;23.12.2024;16800000;5,02;15956000;E;06.01.2025;rejected
O002029;L0004230;V011;D003;19.06.2026;6400000;3,28;6190000;H;03.07.2026;rejected
O002030;L0004234;V018;D003;02.05.2025;4700000;0,17;4691000;H;16.05.2025;accepted
O002031;L0004236;V024;D001;25.11.2024;2650000;5,09;2515000;H;09.12.2024;accepted
O002032;L0004244;V011;D005;13.09.2025;6400000;6,24;6000000;H;27.09.2025;accepted
O002033;L0004245;V002;D011;27.03.2026;3900000;4,88;3709000;E;10.04.2026;rejected
O002034;L0004246;V033;D014;03.04.2026;5400000;3,6;5205000;E;17.04.2026;rejected
O002035;L0004248;V024;D010;15.12.2025;2650000;2,83;2574000;E;29.12.2025;accepted
O002036;L0004249;V008;D002;12.08.2025;4200000;0,12;4194000;H;26.08.2025;rejected
O002037;L0004251;V004;D002;11.06.2025;5100000;7,07;4739000;H;25.06.2025;rejected
O002038;L0004254;V009;D013;14.04.2026;4900000;1,61;4821000;H;28.04.2026;rejected
O002039;L0004256;V019;D002;09.11.2024;4500000;1,87;4415000;H;23.11.2024;accepted
O002040;L0004257;V027;D003;16.10.2025;3700000;3,2;3581000;H;30.10.2025;rejected
O002041;L0004261;V022;D006;17.07.2026;9800000;6,15;9197000;E;31.07.2026;accepted
O002042;L0004263;V009;D001;03.03.2026;4900000;5,53;4628000;E;17.03.2026;rejected
O002043;L0004264;V027;D005;21.11.2025;3700000;7,89;3408000;H;05.12.2025;rejected
O002044;L0004267;V006;D011;31.10.2025;7800000;2,88;7575000;H;14.11.2025;rejected
O002045;L0004268;V029;D014;07.04.2026;3300000;3,35;3189000;H;21.04.2026;rejected
O002046;L0004269;V018;D010;04.03.2025;4700000;6,65;4387000;H;18.03.2025;accepted
O002047;L0004270;V029;D008;15.11.2025;3300000;3,6;3181000;E;29.11.2025;accepted
O002048;L0004273;V024;D011;10.04.2026;2650000;0,0;2650000;H;24.04.2026;rejected
O002049;L0004275;V026;D003;06.08.2026;2900000;3,38;2801000;H;20.08.2026;rejected
O002050;L0004276;V024;D011;14.04.2026;2650000;0,15;2645000;H;28.04.2026;rejected
O002051;L0004278;V038;D001;30.04.2025;22000000;4,87;20929000;H;14.05.2025;rejected
O002052;L0004281;V026;D001;23.10.2025;2900000;3,42;2800000;E;06.11.2025;accepted
O002053;L0004285;V001;D013;05.08.2026;3450000;2,22;3373000;H;19.08.2026;accepted
O002054;L0004286;V008;D007;23.06.2025;4200000;0,0;4200000;H;07.07.2025;rejected
O002055;L0004290;V032;D002;18.09.2025;6200000;7,13;5758000;E;02.10.2025;accepted
O002056;L0004291;V008;D005;03.12.2024;4200000;3,41;4056000;H;17.12.2024;accepted
O002057;L0004292;V002;D008;31.03.2026;3900000;4,51;3723000;E;14.04.2026;rejected
O002058;L0004295;V008;D003;18.08.2025;4200000;4,7;4002000;H;01.09.2025;accepted
O002059;L0004296;V012;D002;04.06.2026;7100000;0,0;7100000;E;18.06.2026;rejected
O002060;L0004297;V029;D007;25.10.2025;3300000;3,93;3170000;H;08.11.2025;accepted
O002061;L0004298;V018;D002;01.08.2026;4700000;4,43;4492000;H;15.08.2026;rejected
O002062;L0004300;V009;D004;30.01.2026;4900000;3,37;4734000;E;13.02.2026;rejected
O002063;L0004301;V008;D002;09.07.2025;4200000;7,17;3898000;E;23.07.2025;rejected
O002064;L0004305;V033;D002;10.08.2026;5400000;8,73;4928000;H;24.08.2026;rejected
O002065;L0004311;V024;D003;08.08.2025;2650000;2,8;2575000;E;22.08.2025;rejected
O002066;L0004312;V001;D014;20.04.2026;3450000;1,25;3406000;H;04.05.2026;accepted
O002067;L0004313;V029;D013;04.02.2026;3300000;5,55;3117000;H;18.02.2026;rejected
O002068;L0004317;V028;D011;04.08.2025;4000000;5,64;3774000;H;18.08.2025;accepted
O002069;L0004321;V026;D005;08.07.2026;2900000;8,24;2661000;E;22.07.2026;accepted
O002070;L0004323;V018;D004;05.05.2025;4700000;7,28;4357000;H;19.05.2025;rejected
O002071;L0004324;V023;D010;27.12.2024;15900000;3,46;15349000;E;10.01.2025;rejected
O002072;L0004326;V009;D003;05.09.2025;4900000;2,54;4775000;H;19.09.2025;rejected
O002073;L0004329;V034;D009;03.06.2026;6100000;5,05;5792000;E;17.06.2026;accepted
O002074;L0004330;V017;D008;02.02.2026;4100000;5,77;3863000;H;16.02.2026;rejected
O002075;L0004332;V026;D004;10.09.2024;2900000;2,25;2834000;H;24.09.2024;rejected
O002076;L0004333;V022;D011;02.01.2026;9800000;4,62;9346000;H;16.01.2026;rejected
O002077;L0004334;V013;D007;13.03.2025;11200000;5,9;10538000;E;27.03.2025;accepted
O002078;L0004336;V032;D008;09.03.2026;6200000;5,93;5832000;E;23.03.2026;rejected
O002079;L0004342;V008;D002;15.11.2025;4200000;6,51;3926000;E;29.11.2025;accepted
O002080;L0004343;V029;D012;01.03.2025;3300000;11,7;2913000;H;15.03.2025;rejected
O002081;L0004346;V017;D009;09.04.2025;4100000;4,49;3915000;E;23.04.2025;accepted
O002082;L0004347;V035;D009;30.04.2025;7900000;3,3;7639000;H;14.05.2025;rejected
O002083;L0004349;V021;D007;30.10.2025;7400000;4,84;7041000;E;13.11.2025;rejected
O002084;L0004350;V036;D001;09.04.2026;14200000;4,64;13540000;E;23.04.2026;rejected
O002085;L0004352;V027;D003;02.07.2025;3700000;9,0;3366000;H;16.07.2025;accepted
O002086;L0004354;V026;D002;25.05.2026;2900000;0,65;2881000;H;08.06.2026;rejected
O002087;L0004356;V019;D001;16.07.2025;4500000;5,55;4250000;E;30.07.2025;rejected
O002088;L0004358;V033;D004;21.04.2025;5400000;6,58;5044000;H;05.05.2025;accepted
O002089;L0004359;V025;D005;02.12.2025;3050000;0,0;3050000;E;16.12.2025;accepted
O002090;L0004363;V024;D003;21.08.2026;2650000;5,3;2509000;E;04.09.2026;expired
O002091;L0004365;V015;D001;18.10.2024;16800000;6,14;15767000;H;01.11.2024;rejected
O002092;L0004366;V028;D007;15.10.2025;4000000;-5,0;3806000;E;29.10.2025;rejected
O002093;L0004370;V024;D009;19.11.2024;2650000;4,83;2522000;E;03.12.2024;accepted
O002094;L0004371;V002;D011;06.09.2024;3900000;4,34;3730000;H;20.09.2024;rejected
O002095;L0004372;V034;D007;12.12.2025;6100000;1,74;5993000;H;26.12.2025;accepted
O002096;L0004373;V033;D002;22.08.2026;5400000;3,11;5232000;H;05.09.2026;rejected
O002097;L0004375;V015;D001;25.06.2026;16800000;4,23;16089000;H;09.07.2026;rejected
O002098;L0004377;V002;D002;12.05.2026;3900000;7,19;3619000;E;26.05.2026;accepted
O002099;L0004378;V016;D014;19.05.2026;5300000;1,38;5226000;H;02.06.2026;accepted
O002100;L0004380;V010;D009;24.01.2026;4600000;2,31;4493000;H;07.02.2026;rejected
O002101;L0004381;V026;D010;17.06.2025;2900000;4,51;2769000;E;01.07.2025;accepted
O002102;L0004382;V012;D002;03.10.2024;7100000;3,26;6868000;E;17.10.2024;rejected
O002103;L0004384;V017;D006;19.07.2025;4100000;4,18;3928000;E;02.08.2025;accepted
O002104;L0004385;V001;D008;01.07.2026;3450000;3,8;3318000;E;15.07.2026;accepted
O002105;L0004386;V034;D014;17.04.2026;6100000;6,35;5712000;H;01.05.2026;rejected
O002106;L0004391;V009;D007;05.02.2026;4900000;3,45;4731000;E;19.02.2026;rejected
O002107;L0004395;V026;D009;23.06.2025;2900000;2,24;2835000;H;07.07.2025;rejected
O002108;L0004398;V028;D001;03.10.2024;4000000;3,66;3853000;H;17.10.2024;accepted
O002109;L0004400;V020;D012;02.12.2024;6600000;1,12;6526000;E;16.12.2024;rejected
O002110;L0004401;V020;D001;09.03.2026;6600000;3,21;6387000;H;23.03.2026;rejected
O002111;L0004402;V011;D014;06.04.2026;6400000;6,0;6015000;H;20.04.2026;accepted
O002112;L0004403;V019;D003;14.08.2026;4500000;3,64;4336000;H;28.08.2026;rejected
O002113;L0004404;V026;D008;15.12.2025;2900000;4,68;2764000;E;29.12.2025;accepted
O002114;L0004411;V008;D002;20.11.2025;4200000;6,3;3935000;H;04.12.2025;rejected
O002115;L0004415;V003;D003;03.01.2026;4650000;1,79;4566000;H;17.01.2026;accepted
O002116;L0004416;V019;D003;07.11.2025;4500000;7,06;4182000;H;21.11.2025;accepted
O002117;L0004418;V020;D005;08.01.2026;6600000;7,79;6086000;E;22.01.2026;rejected
O002118;L0004419;V005;D010;16.02.2026;6900000;5,14;6545000;H;02.03.2026;rejected
O002119;L0004420;V018;D001;29.01.2025;4700000;0,0;4700000;H;12.02.2025;rejected
O002120;L0004421;V012;D003;01.10.2024;7100000;3,39;6859000;H;15.10.2024;accepted
O002121;L0004422;V012;D003;23.05.2026;7100000;4,55;6776000;E;06.06.2026;rejected
O002122;L0004424;V010;D003;24.09.2024;4600000;1,79;4517000;E;08.10.2024;accepted
O002123;L0004426;V009;D004;12.01.2026;4900000;0,4;4880000;H;26.01.2026;rejected
O002124;L0004427;V009;D001;25.03.2026;4900000;4,17;4695000;H;08.04.2026;accepted
O002125;L0004428;V026;D006;28.08.2026;2900000;2,28;2833000;E;11.09.2026;open
O002126;L0004429;V017;D001;08.12.2025;4100000;5,26;3884000;E;22.12.2025;rejected
O002127;L0004431;V026;D002;18.08.2026;2900000;3,99;2784000;H;01.09.2026;accepted
O002128;L0004433;V016;D009;24.01.2026;5300000;2,32;5177000;E;07.02.2026;rejected
O002129;L0004435;V026;D008;16.04.2025;2900000;1,25;2863000;E;30.04.2025;accepted
O002130;L0004439;V035;D002;20.07.2026;7900000;2,67;7689000;H;03.08.2026;accepted
O002131;L0004440;V010;D003;10.11.2025;4600000;3,01;4461000;E;24.11.2025;rejected
O002132;L0004441;V021;D006;22.03.2025;7400000;1,02;7324000;H;05.04.2025;accepted
O002133;L0004443;V017;D001;05.10.2024;4100000;8,11;3767000;H;19.10.2024;rejected
O002134;L0004444;V003;D007;27.06.2026;4650000;5,18;;H;11.07.2026;rejected
O002135;L0004445;V013;D007;15.04.2026;11200000;5,04;10635000;E;29.04.2026;rejected
O002136;L0004447;V020;D003;12.06.2026;6600000;2,13;6459000;H;26.06.2026;accepted
O002137;L0004453;V001;D001;10.02.2026;3450000;6,65;3220000;E;24.02.2026;accepted
O002138;L0004456;V027;D003;08.01.2026;3700000;4,94;3517000;H;22.01.2026;rejected
O002139;L0004458;V017;D007;28.04.2026;4100000;5,79;;H;12.05.2026;rejected
O002140;L0004462;V026;D006;24.07.2025;2900000;7,29;2688000;H;07.08.2025;rejected
O002141;L0004463;V031;D004;03.04.2026;10800000;4,4;10324000;H;17.04.2026;accepted
O002142;L0004466;V018;D004;07.08.2026;4700000;4,67;4480000;H;21.08.2026;expired
O002143;L0004467;V020;D003;14.12.2024;6600000;1,89;6475000;E;28.12.2024;rejected
O002144;L0004469;V016;D006;14.10.2025;5300000;3,43;5118000;H;28.10.2025;accepted
O002145;L0004470;V018;D003;29.08.2026;4700000;5,85;4425000;E;12.09.2026;open
O002146;L0004471;V019;D003;27.12.2024;4500000;7,69;4154000;H;10.01.2025;rejected
O002147;L0004472;V014;D009;03.03.2025;12300000;2,63;11976000;E;17.03.2025;rejected
O002148;L0004474;V018;D010;30.10.2025;4700000;4,42;4492000;H;13.11.2025;accepted
O002149;L0004477;V031;D002;21.08.2026;10800000;8,08;9926000;H;04.09.2026;rejected
O002150;L0004481;V033;D003;10.12.2025;5400000;4,01;5183000;H;24.12.2025;accepted
O002151;L0004485;V033;D003;30.03.2026;5400000;3,87;5191000;H;13.04.2026;rejected
O002152;L0004489;V005;D011;22.04.2026;6900000;0,99;6831000;H;06.05.2026;rejected
O002153;L0004492;V018;D002;29.11.2025;4700000;9,44;4256000;H;13.12.2025;rejected
O002154;L0004493;V008;D004;30.05.2025;4200000;4,03;4030000;E;13.06.2025;rejected
O002155;L0004494;V025;D007;08.10.2024;3050000;0,42;3037000;H;22.10.2024;accepted
O002156;L0004497;V028;D003;16.08.2025;4000000;2,53;3898000;E;30.08.2025;rejected
O002157;L0004498;V032;D007;10.07.2026;6200000;3,63;5974000;H;24.07.2026;rejected
O002158;L0004500;V034;D013;02.10.2025;6100000;5,14;5786000;H;16.10.2025;accepted
O002159;L0004502;V027;D006;03.08.2026;3700000;8,97;3368000;E;17.08.2026;rejected
O002160;L0004503;V008;D010;11.08.2025;4200000;0,64;4173000;H;25.08.2025;accepted
O002161;L0004507;V033;D010;26.12.2025;5400000;1,54;5316000;E;09.01.2026;accepted
O002162;L0004508;V010;D013;02.10.2024;4600000;3,65;4432000;H;16.10.2024;accepted
O002163;L0004509;V002;D005;30.09.2024;3900000;2,66;3796000;E;14.10.2024;rejected
O002164;L0004514;V017;D003;29.01.2026;4100000;4,77;3904000;H;12.02.2026;rejected
O002165;L0004515;V011;D005;10.07.2026;6400000;4,22;6129000;H;24.07.2026;rejected
O002166;L0004516;V009;D002;13.11.2025;4900000;7,61;4527000;H;27.11.2025;rejected
O002167;L0004517;V029;D004;04.02.2026;3300000;4,06;3166000;E;18.02.2026;rejected
O002168;L0004519;V026;D004;03.08.2026;2900000;4,39;2772000;H;17.08.2026;rejected
O002169;L0004520;V024;D001;07.10.2025;2650000;9,96;2386000;E;21.10.2025;accepted
O002170;L0004521;V009;D006;29.06.2026;4900000;7,56;4529000;H;13.07.2026;rejected
O002171;L0004525;V008;D001;10.03.2025;4200000;4,69;4002000;E;24.03.2025;accepted
O002172;L0004526;V033;D007;27.04.2026;5400000;3,99;5184000;H;11.05.2026;accepted
O002173;L0004528;V002;D005;27.09.2025;3900000;3,89;3748000;E;11.10.2025;accepted
O002174;L0004529;V022;D003;30.09.2025;9800000;3,77;9430000;E;14.10.2025;rejected
O002175;L0004530;V004;D003;13.11.2025;5100000;3,05;4944000;H;27.11.2025;rejected
O002176;L0004531;V018;D013;06.01.2026;4700000;5,34;4449000;H;20.01.2026;rejected
O002177;L0004533;V026;D013;03.11.2025;2900000;7,29;2688000;E;17.11.2025;accepted
O002178;L0004534;V026;D003;13.01.2026;2900000;2,01;2841000;E;27.01.2026;accepted
O002179;L0004535;V009;D001;13.06.2026;4900000;4,28;4690000;H;27.06.2026;accepted
O002180;L0004537;V019;D009;07.04.2026;4500000;4,32;4305000;H;21.04.2026;accepted
O002181;L0004541;V024;D006;02.11.2024;2650000;5,95;2492000;H;16.11.2024;accepted
O002182;L0004542;V009;D002;06.06.2025;4900000;1,9;4806000;E;20.06.2025;accepted
O002183;L0004544;V033;D014;15.06.2026;5400000;4,98;5131000;E;29.06.2026;accepted
O002184;L0004545;V002;D006;06.11.2025;3900000;3,6;3759000;E;20.11.2025;rejected
O002185;L0004548;V028;D002;05.12.2025;4000000;4,15;3833000;H;19.12.2025;rejected
O002186;L0004551;V003;D002;19.09.2025;4650000;4,73;4429000;E;03.10.2025;accepted
O002187;L0004552;V032;D002;21.10.2025;6200000;2,93;6018000;H;04.11.2025;rejected
O002188;L0004553;V035;D003;30.12.2024;7900000;6,94;7351000;H;13.01.2025;accepted
O002189;L0004555;V019;D002;20.04.2026;4500000;2,55;4385000;H;04.05.2026;accepted
O002190;L0004557;V023;D002;05.06.2026;15900000;5,3;15057000;H;19.06.2026;accepted
O002191;L0004558;V019;D004;08.01.2026;4500000;0,53;4476000;H;22.01.2026;rejected
O002192;L0004560;V018;D008;14.04.2026;4700000;4,79;4474000;E;28.04.2026;accepted
O002193;L0004561;V001;D009;28.11.2025;3450000;4,48;3295000;H;12.12.2025;accepted
O002194;L0004563;V020;D003;20.12.2025;6600000;5,95;;H;03.01.2026;rejected
O002195;L0004564;V003;D008;03.05.2025;4650000;1,53;4578000;E;17.05.2025;rejected
O002196;L0004567;V017;D010;20.08.2026;4100000;4,87;3900000;H;03.09.2026;open
O002197;L0004569;V034;D001;23.06.2025;6100000;5,5;5764000;E;07.07.2025;accepted
O002198;L0004572;V035;D005;24.07.2026;7900000;5,25;7485000;E;07.08.2026;rejected
O002199;L0004576;V004;D007;25.03.2025;5100000;5,17;4836000;H;08.04.2025;accepted
O002200;L0004577;V025;D002;25.07.2025;3050000;3,89;2931000;H;08.08.2025;rejected
O002201;L0004580;V027;D004;04.05.2026;3700000;6,67;3453000;H;18.05.2026;accepted
O002202;L0004581;V036;D001;12.01.2026;14200000;4,69;13533000;E;26.01.2026;rejected
O002203;L0004582;V008;D011;10.01.2025;4200000;7,49;3885000;H;24.01.2025;accepted
O002204;L0004584;V007;D002;25.12.2025;14500000;5,17;13750000;E;08.01.2026;rejected
O002205;L0004585;V008;D005;23.06.2025;4200000;3,1;4069000;E;07.07.2025;accepted
O002206;L0004586;V026;D007;25.05.2026;2900000;7,85;2672000;E;08.06.2026;rejected
O002207;L0004587;V029;D002;06.09.2025;3300000;5,43;3120000;H;20.09.2025;rejected
O002208;L0004589;V035;D001;24.01.2026;7900000;5,95;7430000;E;07.02.2026;rejected
O002209;L0004592;V032;D001;03.08.2026;6200000;5,18;5878000;H;17.08.2026;rejected
O002210;L0004593;V034;D010;03.04.2026;6100000;3,69;5874000;H;17.04.2026;rejected
O002211;L0004594;V024;D002;30.03.2026;2650000;0,0;2650000;E;13.04.2026;accepted
O002212;L0004595;V018;D007;14.11.2025;4700000;6,28;4404000;H;28.11.2025;accepted
O002213;L0004598;V027;D001;04.04.2025;3700000;5,13;3510000;H;18.04.2025;rejected
O002214;L0004603;V009;D008;11.05.2026;4900000;2,76;4764000;E;25.05.2026;rejected
O002215;L0004604;V020;D004;11.12.2025;6600000;7,53;6103000;E;25.12.2025;accepted
O002216;L0004606;V026;D010;27.02.2026;2900000;3,91;2786000;H;13.03.2026;rejected
O002217;L0004607;V028;D001;30.08.2025;4000000;5,59;3776000;H;13.09.2025;accepted
O002218;L0004608;V032;D011;06.06.2025;6200000;5,94;5831000;H;20.06.2025;accepted
O002219;L0004609;V017;D003;26.03.2026;4100000;0,5;4079000;E;09.04.2026;rejected
O002220;L0004610;V030;D010;23.03.2026;11900000;4,53;11360000;H;06.04.2026;rejected
O002221;L0004611;V029;D012;03.04.2026;3300000;4,32;3157000;E;17.04.2026;rejected
O002222;L0004612;V006;D007;10.12.2025;7800000;5,95;7335000;E;24.12.2025;accepted
O002223;L0004615;V010;D009;30.03.2026;4600000;2,85;4468000;H;13.04.2026;rejected
O002224;L0004616;V025;D002;19.02.2025;3050000;3,28;2950000;H;05.03.2025;accepted
O002225;L0004617;V017;D003;25.06.2026;4100000;6,37;3839000;E;09.07.2026;rejected
O002226;L0004620;V010;D009;27.11.2025;4600000;6,13;4317000;H;11.12.2025;rejected
O002227;L0004623;V012;D004;26.03.2026;7100000;4,62;6771000;H;09.04.2026;rejected
O002228;L0004624;V026;D002;24.11.2025;2900000;6,41;2714000;H;08.12.2025;rejected
O002229;L0004626;V018;D012;15.07.2026;4700000;7,45;4349000;H;29.07.2026;rejected
O002230;L0004627;V010;D008;06.10.2025;4600000;7,76;4243000;H;20.10.2025;accepted
O002231;L0004630;V005;D013;07.05.2025;6900000;7,39;6389000;H;21.05.2025;rejected
O002232;L0004631;V025;D009;29.12.2025;3050000;5,13;2893000;E;12.01.2026;rejected
O002233;L0004632;V012;D003;15.01.2026;7100000;3,21;6872000;H;29.01.2026;accepted
O002234;L0004634;V011;D014;09.06.2025;6400000;7,76;5903000;E;23.06.2025;rejected
O002235;L0004636;V003;D011;05.06.2025;4650000;2,22;4546000;E;19.06.2025;rejected
O002236;L0004637;V024;D005;15.06.2026;2650000;1,83;2601000;E;29.06.2026;rejected
O002237;L0004638;V018;D011;01.12.2025;4700000;4,73;4477000;H;15.12.2025;rejected
O002238;L0004642;V028;D003;08.06.2026;4000000;8,37;3665000;H;22.06.2026;rejected
O002239;L0004644;V024;D002;06.01.2026;2650000;5,85;2495000;H;20.01.2026;rejected
O002240;L0004646;V026;D009;26.03.2025;2900000;0,0;2900000;E;09.04.2025;rejected
O002241;L0004649;V031;D006;20.01.2025;10800000;3,43;10429000;H;03.02.2025;rejected
O002242;L0004653;V017;D004;16.05.2026;4100000;5,86;3859000;H;30.05.2026;rejected
O002243;L0004654;V002;D003;07.10.2025;3900000;8,6;3564000;H;21.10.2025;rejected
O002244;L0004655;V025;D012;26.07.2025;3050000;5,28;;H;09.08.2025;accepted
O002245;L0004656;V020;D004;18.11.2024;6600000;6,54;6168000;E;02.12.2024;rejected
O002246;L0004663;V026;D007;18.06.2026;2900000;4,72;2763000;H;02.07.2026;rejected
O002247;L0004664;V020;D001;14.10.2024;6600000;1,32;6513000;H;28.10.2024;rejected
O002248;L0004665;V028;D004;18.07.2026;4000000;3,02;3879000;H;01.08.2026;rejected
O002249;L0004666;V028;D007;09.01.2026;4000000;8,17;3673000;E;23.01.2026;rejected
O002250;L0004669;V017;D003;29.11.2025;4100000;3,3;3964000;E;13.12.2025;accepted
O002251;L0004672;V030;D004;12.01.2026;11900000;3,94;11430000;E;26.01.2026;rejected
O002252;L0004682;V019;D009;14.05.2026;4500000;5,82;4237000;H;28.05.2026;rejected
O002253;L0004685;V021;D011;18.08.2026;7400000;5,57;6987000;H;01.09.2026;rejected
O002254;L0004687;V017;D001;02.06.2025;4100000;4,77;3904000;E;16.06.2025;accepted
O002255;L0004693;V011;D006;05.02.2026;6400000;6,19;6004000;H;19.02.2026;rejected
O002256;L0004694;V008;D001;11.11.2025;4200000;0,0;4200000;H;25.11.2025;rejected
O002257;L0004695;V029;D005;09.09.2024;3300000;4,56;3149000;E;23.09.2024;rejected
O002258;L0004696;V032;D010;11.11.2024;6200000;5,78;5841000;E;25.11.2024;rejected
O002259;L0004697;V032;D002;02.12.2025;6200000;3,12;6006000;H;16.12.2025;rejected
O002260;L0004699;V002;D010;08.10.2025;3900000;0,0;3900000;E;22.10.2025;rejected
O002261;L0004700;V010;D004;13.08.2026;4600000;2,87;4467000;H;27.08.2026;open
O002262;L0004702;V017;D006;14.03.2026;4100000;6,3;3841000;E;28.03.2026;accepted
O002263;L0004705;V028;D001;20.02.2026;4000000;4,05;3837000;E;06.03.2026;accepted
O002264;L0004706;V033;D001;10.10.2025;5400000;2,96;5240000;H;24.10.2025;rejected
O002265;L0004713;V019;D001;26.01.2026;4500000;3,92;4323000;H;09.02.2026;rejected
O002266;L0004715;V017;D001;04.12.2025;4100000;6,74;3823000;H;18.12.2025;accepted
O002267;L0004716;V024;D007;06.07.2026;2650000;1,27;2616000;H;20.07.2026;rejected
O002268;L0004717;V025;D001;17.04.2025;3050000;6,66;2846000;H;01.05.2025;accepted
O002269;L0004718;V024;D011;30.09.2025;2650000;5,14;2513000;E;14.10.2025;rejected
O002270;L0004720;V029;D004;08.09.2025;3300000;4,41;3154000;H;22.09.2025;accepted
O002271;L0004722;V014;D004;20.02.2026;12300000;8,02;11313000;H;06.03.2026;accepted
O002272;L0004723;V024;D007;09.10.2025;2650000;6,57;2475000;E;23.10.2025;accepted
O002273;L0004725;V001;D003;10.07.2026;3450000;5,71;3252000;E;24.07.2026;accepted
O002274;L0004727;V005;D003;22.01.2026;6900000;8,28;6328000;E;05.02.2026;accepted
O002275;L0004729;V020;D002;26.09.2025;6600000;4,45;6306000;H;10.10.2025;rejected
O002276;L0004731;V016;D002;02.04.2025;5300000;5,91;4986000;H;16.04.2025;rejected
O002277;L0004732;V035;D005;16.09.2025;7900000;2,86;7673000;H;30.09.2025;rejected
O002278;L0004734;V035;D005;14.12.2024;7900000;2,77;7680000;H;28.12.2024;rejected
O002279;L0004736;V009;D003;17.09.2025;4900000;6,3;4591000;H;01.10.2025;accepted
O002280;L0004741;V019;D011;16.03.2026;4500000;3,8;4329000;H;30.03.2026;rejected
O002281;L0004742;V010;D008;20.07.2026;4600000;7,14;4271000;H;03.08.2026;accepted
O002282;L0004743;V008;D010;29.10.2025;4200000;4,72;4001000;E;12.11.2025;rejected
O002283;L0004750;V001;D003;23.04.2026;3450000;5,39;3264000;E;07.05.2026;accepted
O002284;L0004751;V029;D001;18.03.2026;3300000;2,11;3230000;H;01.04.2026;rejected
O002285;L0004752;V019;D008;25.06.2025;4500000;0,31;4485000;H;09.07.2025;accepted
O002286;L0004760;V018;D010;18.02.2026;4700000;6,06;4415000;E;04.03.2026;rejected
O002287;L0004761;V028;D006;29.03.2025;4000000;6,02;3759000;E;12.04.2025;accepted
O002288;L0004763;V001;D006;14.08.2026;3450000;2,36;3368000;E;28.08.2026;accepted
O002289;L0004764;V009;D007;26.02.2026;4900000;7,04;4554000;H;12.03.2026;rejected
O002290;L0004766;V027;D006;08.08.2025;3700000;7,44;3424000;H;22.08.2025;accepted
O002291;L0004767;V028;D005;28.05.2026;4000000;4,52;3819000;H;11.06.2026;accepted
O002292;L0004768;V014;D012;07.10.2025;12300000;6,03;11557000;H;21.10.2025;rejected
O002293;L0004770;V002;D004;23.06.2025;3900000;3,94;3746000;H;07.07.2025;accepted
O002294;L0004772;V029;D006;03.01.2026;3300000;2,64;3212000;H;17.01.2026;accepted
O002295;L0004781;V011;D007;06.06.2026;6400000;3,45;6179000;E;20.06.2026;accepted
O002296;L0004784;V009;D002;28.06.2025;4900000;0,0;4900000;E;12.07.2025;accepted
O002297;L0004786;V002;D005;17.03.2025;3900000;2,72;3794000;H;31.03.2025;rejected
O002298;L0004787;V031;D002;12.05.2025;10800000;2,79;10498000;H;26.05.2025;rejected
O002299;L0004789;V020;D005;08.06.2026;6600000;4,02;6334000;H;22.06.2026;rejected
O002300;L0004790;V025;D005;07.11.2025;3050000;5,38;2885000;E;21.11.2025;rejected
O002301;L0004791;V028;D004;18.04.2026;4000000;3,78;3848000;E;02.05.2026;rejected
O002302;L0004792;V029;D014;24.08.2026;3300000;1,59;3247000;H;07.09.2026;open
O002303;L0004794;V025;D005;13.01.2025;3050000;2,56;2971000;E;27.01.2025;accepted
O002304;L0004796;V025;D003;04.11.2025;3050000;4,9;2900000;H;18.11.2025;rejected
O002305;L0004797;V017;D001;16.03.2026;4100000;1,84;4024000;H;30.03.2026;rejected
O002306;L0004802;V013;D007;26.07.2025;11200000;7,65;10342000;H;09.08.2025;accepted
O002307;L0004805;V028;D012;08.01.2026;4000000;1,97;3921000;H;22.01.2026;rejected
O002308;L0004808;V027;D002;21.10.2025;3700000;3,78;3560000;E;04.11.2025;accepted
O002309;L0004809;V004;D002;03.02.2026;5100000;6,48;4769000;E;17.02.2026;accepted
O002310;L0004812;V011;D007;05.01.2026;6400000;7,1;5945000;H;19.01.2026;accepted
O002311;L0004813;V011;D011;31.03.2025;6400000;1,18;6324000;E;14.04.2025;accepted
O002312;L0004814;V025;D014;27.06.2026;3050000;3,67;2938000;H;11.07.2026;accepted
O002313;L0004816;V033;D001;19.12.2024;5400000;6,33;5058000;H;02.01.2025;accepted
O002314;L0004819;V004;D002;30.07.2025;5100000;6,66;4760000;H;13.08.2025;rejected
O002315;L0004820;V021;D003;11.04.2025;7400000;2,21;7236000;H;25.04.2025;rejected
O002316;L0004821;V016;D010;25.03.2026;5300000;4,83;5044000;E;08.04.2026;accepted
O002317;L0004824;V016;D001;30.06.2026;5300000;1,27;5232000;E;14.07.2026;rejected
O002318;L0004826;V003;D012;16.05.2025;4650000;2,52;4533000;E;30.05.2025;rejected
O002319;L0004827;V015;D011;02.10.2025;16800000;2,68;16349000;H;16.10.2025;accepted
O002320;L0004830;V002;D007;17.09.2025;3900000;5,55;3683000;H;01.10.2025;accepted
O002321;L0004831;V025;D013;22.04.2026;3050000;4,48;2913000;E;06.05.2026;accepted
O002322;L0004832;V001;D001;10.08.2026;3450000;3,18;3340000;H;24.08.2026;accepted
O002323;L0004834;V017;D007;15.07.2026;4100000;3,55;3954000;H;29.07.2026;accepted
O002324;L0004835;V013;D001;03.06.2025;11200000;1,22;11062000;H;17.06.2025;rejected
O002325;L0004840;V027;D009;09.01.2025;3700000;1,71;3636000;H;23.01.2025;accepted
O002326;L0004842;V027;D003;23.02.2026;3700000;5,15;3509000;E;09.03.2026;rejected
O002327;L0004846;V026;D012;06.07.2026;2900000;6,42;2713000;H;20.07.2026;rejected
O002328;L0004850;V026;D010;18.12.2025;2900000;6,45;2713000;E;01.01.2026;rejected
O002329;L0004851;V014;D005;24.09.2025;12300000;3,39;11882000;H;08.10.2025;rejected
O002330;L0004853;V028;D005;17.12.2024;4000000;7,32;3707000;E;31.12.2024;accepted
O002331;L0004854;V023;D002;25.04.2026;15900000;4,27;15221000;H;09.05.2026;rejected
O002332;L0004857;V001;D010;22.12.2025;3450000;5,93;3245000;E;05.01.2026;accepted
O002333;L0004861;V033;D002;24.08.2026;5400000;6,69;5039000;E;07.09.2026;expired
O002334;L0004862;V020;D003;17.06.2026;6600000;6,78;6152000;H;01.07.2026;rejected
O002335;L0004863;V008;D010;30.03.2026;4200000;5,45;3971000;E;13.04.2026;accepted
O002336;L0004864;V028;D009;16.05.2026;4000000;0,82;3967000;H;30.05.2026;rejected
O002337;L0004867;V020;D014;16.09.2025;6600000;2,05;6464000;H;30.09.2025;accepted
O002338;L0004871;V019;D001;09.10.2024;4500000;3,36;4348000;E;23.10.2024;rejected
O002339;L0004874;V038;D004;21.08.2025;22000000;4,12;21092000;H;04.09.2025;rejected
O002340;L0004875;V002;D006;01.10.2024;3900000;4,5;;H;15.10.2024;rejected
O002341;L0004877;V028;D010;02.06.2025;4000000;1,14;3954000;H;16.06.2025;accepted
O002342;L0004880;V024;D006;24.12.2025;2650000;7,51;2451000;H;07.01.2026;rejected
O002343;L0004882;V035;D002;01.05.2026;7900000;7,53;7304000;H;15.05.2026;accepted
O002344;L0004883;V015;D004;06.07.2026;16800000;1,56;16537000;E;20.07.2026;rejected
O002345;L0004884;V018;D007;17.03.2025;4700000;5,22;4454000;H;31.03.2025;rejected
O002346;L0004886;V017;D002;11.07.2025;4100000;3,2;3968000;H;25.07.2025;rejected
O002347;L0004889;V017;D011;30.10.2025;4100000;4,54;3913000;E;13.11.2025;rejected
O002348;L0004891;V026;D002;06.09.2025;2900000;4,08;2781000;E;20.09.2025;rejected
O002349;L0004892;V003;D010;23.06.2026;4650000;8,94;4234000;H;07.07.2026;rejected
O002350;L0004895;V017;D007;04.02.2026;4100000;2,15;4011000;H;18.02.2026;rejected
O002351;L0004901;V016;D002;21.07.2026;5300000;6,68;4945000;E;04.08.2026;rejected
O002352;L0004903;V010;D005;13.04.2026;4600000;5,55;4344000;E;27.04.2026;accepted
O002353;L0004905;V021;D010;11.06.2026;7400000;6,1;6948000;H;25.06.2026;rejected
O002354;L0004915;V001;D007;06.06.2025;3450000;7,0;3208000;H;20.06.2025;rejected
O002355;L0004918;V035;D003;23.04.2026;7900000;5,56;7461000;E;07.05.2026;rejected
O002356;L0004919;V024;D005;06.04.2026;2650000;6,79;2470000;E;20.04.2026;accepted
O002357;L0004921;V020;D004;31.10.2024;6600000;4,86;6279000;E;14.11.2024;accepted
O002358;L0004922;V017;D002;28.06.2025;4100000;3,56;3954000;H;12.07.2025;rejected
O002359;L0004925;V016;D005;01.01.2025;5300000;2,77;5153000;E;15.01.2025;rejected
O002360;L0004928;V001;D002;02.02.2026;3450000;7,36;3196000;H;16.02.2026;accepted
O002361;L0004929;V001;D006;19.05.2025;3450000;4,74;3286000;E;02.06.2025;rejected
O002362;L0004931;V010;D006;24.11.2025;4600000;5,93;4327000;H;08.12.2025;rejected
O002363;L0004933;V027;D002;20.02.2025;3700000;1,55;3642000;H;06.03.2025;rejected
O002364;L0004936;V005;D006;23.01.2026;6900000;5,79;6500000;E;06.02.2026;rejected
O002365;L0004939;V025;D006;02.06.2025;3050000;5,69;2876000;E;16.06.2025;rejected
O002366;L0004941;V008;D006;28.01.2026;4200000;2,31;4103000;H;11.02.2026;rejected
O002367;L0004942;V025;D012;15.08.2025;3050000;5,6;2879000;H;29.08.2025;rejected
O002368;L0004944;V027;D001;04.02.2026;3700000;3,89;3556000;H;18.02.2026;rejected
O002369;L0004946;V024;D009;04.08.2025;2650000;5,81;2496000;H;18.08.2025;accepted
O002370;L0004948;V001;D003;14.06.2025;3450000;4,92;3280000;E;28.06.2025;rejected
O002371;L0004951;V003;D014;22.04.2025;4650000;7,39;4306000;H;06.05.2025;accepted
O002372;L0004952;V026;D010;26.09.2025;2900000;0,04;2898000;E;10.10.2025;accepted
O002373;L0004953;V004;D009;16.06.2026;5100000;5,02;4843000;H;30.06.2026;rejected
O002374;L0004959;V029;D010;21.07.2025;3300000;4,79;3141000;E;04.08.2025;rejected
O002375;L0004964;V019;D011;25.08.2025;4500000;1,73;4422000;E;08.09.2025;rejected
O002376;L0004970;V019;D009;23.06.2025;4500000;6,81;4193000;H;07.07.2025;accepted
O002377;L0004971;V017;D011;15.01.2026;4100000;5,42;3877000;E;29.01.2026;accepted
O002378;L0004973;V015;D007;08.12.2025;16800000;7,71;15504000;H;22.12.2025;rejected
O002379;L0004974;V002;D009;22.07.2026;3900000;3,07;3780000;H;05.08.2026;accepted
O002380;L0004976;V002;D009;14.03.2026;3900000;4,23;3735000;H;28.03.2026;rejected
O002381;L0004978;V005;D001;23.03.2026;6900000;3,81;6637000;E;06.04.2026;accepted
O002382;L0004981;V012;D008;20.11.2025;7100000;4,8;6758000;H;04.12.2025;rejected
O002383;L0004982;V019;D002;30.06.2026;4500000;0,12;4494000;H;14.07.2026;rejected
O002384;L0004983;V019;D003;22.02.2025;4500000;0,0;4500000;H;08.03.2025;rejected
O002385;L0004984;V004;D008;09.06.2025;5100000;1,54;5021000;H;23.06.2025;rejected
O002386;L0004987;V033;D002;15.08.2025;5400000;9,16;4905000;E;29.08.2025;rejected
O002387;L0004988;V035;D005;15.04.2026;7900000;5,58;7459000;E;29.04.2026;rejected
O002388;L0004989;V038;D001;20.08.2026;22000000;4,98;20905000;E;03.09.2026;rejected
O002389;L0004993;V032;D007;08.06.2026;6200000;3,18;6002000;H;22.06.2026;rejected
O002390;L0004994;V010;D010;22.08.2026;4600000;9,57;4159000;E;05.09.2026;accepted
O002391;L0004995;V003;D006;14.10.2025;4650000;6,93;4327000;E;28.10.2025;rejected
O002392;L0004998;V035;D011;02.06.2025;7900000;0,0;7900000;E;16.06.2025;rejected
O002393;L0005000;V033;D005;18.05.2026;5400000;3,74;5197000;H;01.06.2026;rejected
O002394;L0005002;V024;D004;03.07.2025;2650000;3,78;2549000;E;17.07.2025;rejected
O002395;L0005003;V032;D002;08.06.2026;6200000;1,89;6082000;H;22.06.2026;accepted
O002396;L0005004;V012;D003;05.09.2025;7100000;4,99;6745000;H;19.09.2025;rejected
O002397;L0005012;V004;D006;30.07.2026;5100000;6,22;4782000;E;13.08.2026;rejected
O002398;L0005013;V034;D013;06.12.2024;6100000;7,28;5656000;H;20.12.2024;rejected
O002399;L0005015;V029;D004;18.07.2026;3300000;7,92;3038000;E;01.08.2026;accepted
O002400;L0005018;V021;D009;05.11.2025;7400000;10,03;6657000;E;19.11.2025;rejected
O002401;L0005020;V034;D004;03.07.2025;6100000;6,74;5688000;H;17.07.2025;accepted
O002402;L0005023;V001;D003;13.05.2025;3450000;4,81;3283000;H;27.05.2025;accepted
O002403;L0005024;V030;D007;18.10.2025;11900000;2,86;11559000;E;01.11.2025;rejected
O002404;L0005026;V001;D008;15.12.2025;3450000;7,13;3203000;H;29.12.2025;accepted
O002405;L0005027;V010;D002;14.04.2026;4600000;-5,0;4500000;E;28.04.2026;rejected
O002406;L0005030;V029;D002;28.08.2026;3300000;2,96;3202000;H;11.09.2026;open
O002407;L0005033;V024;D008;02.01.2026;2650000;7,29;2456000;H;16.01.2026;accepted
O002408;L0005035;V028;D007;11.07.2026;4000000;3,23;3870000;H;25.07.2026;accepted
O002409;L0005039;V029;D002;03.09.2025;3300000;0,0;3300000;E;17.09.2025;rejected
O002410;L0005040;V014;D007;10.07.2025;12300000;0,88;12192000;H;24.07.2025;rejected
O002411;L0005044;V028;D013;03.06.2026;4000000;5,73;3770000;E;17.06.2026;rejected
O002412;L0005046;V018;D001;02.05.2025;4700000;3,71;4525000;H;16.05.2025;accepted
O002413;L0005047;V027;D012;20.05.2025;3700000;6,64;3454000;E;03.06.2025;accepted
O002414;L0005048;V015;D002;17.10.2025;16800000;5,04;15953000;H;31.10.2025;rejected
O002415;L0005049;V027;D003;18.05.2026;3700000;3,52;3569000;H;01.06.2026;accepted
O002416;L0005050;V034;D003;19.06.2026;6100000;0,0;6100000;H;03.07.2026;rejected
O002417;L0005051;V017;D014;03.03.2025;4100000;3,07;3974000;H;17.03.2025;rejected
O002418;L0005052;V026;D002;12.05.2026;2900000;9,96;2611000;H;26.05.2026;rejected
O002419;L0005053;V028;D003;17.11.2025;4000000;3,96;;H;01.12.2025;rejected
O002420;L0005054;V004;D001;19.05.2026;5100000;5,34;4827000;E;02.06.2026;rejected
O002421;L0005057;V033;D007;27.08.2026;5400000;5,81;5086000;H;10.09.2026;open
O002422;L0005061;V005;D006;26.07.2025;6900000;9,0;6278000;E;09.08.2025;rejected
O002423;L0005062;V017;D012;03.06.2026;4100000;6,04;3852000;E;17.06.2026;rejected
O002424;L0005064;V027;D014;31.03.2025;3700000;8,08;3401000;E;14.04.2025;accepted
O002425;L0005066;V029;D001;20.12.2024;3300000;8,86;3007000;E;03.01.2025;accepted
O002426;L0005067;V026;D004;30.03.2026;2900000;8,63;2649000;H;13.04.2026;rejected
O002427;L0005068;V001;D004;02.04.2026;3450000;3,91;3315000;H;16.04.2026;rejected
O002428;L0005069;V026;D008;28.07.2026;2900000;5,63;2736000;E;11.08.2026;accepted
O002429;L0005070;V020;D006;20.12.2025;6600000;6,76;6154000;H;03.01.2026;accepted
O002430;L0005071;V018;D002;12.05.2026;4700000;3,27;4546000;H;26.05.2026;accepted
O002431;L0005072;V034;D010;17.09.2025;6100000;4,32;5836000;H;01.10.2025;accepted
O002432;L0005074;V024;D001;16.06.2026;2650000;5,77;2497000;H;30.06.2026;accepted
O002433;L0005076;V019;D006;27.10.2025;4500000;3,1;4360000;H;10.11.2025;rejected
O002434;L0005080;V032;D006;05.12.2024;6200000;7,94;5707000;H;19.12.2024;rejected
O002435;L0005081;V006;D001;02.01.2026;7800000;5,8;7347000;E;16.01.2026;accepted
O002436;L0005089;V026;D009;13.03.2026;2900000;5,68;2735000;H;27.03.2026;accepted
O002437;L0005091;V017;D005;12.05.2025;4100000;2,89;3981000;H;26.05.2025;rejected
O002438;L0005093;V014;D001;07.08.2026;12300000;10,52;11006000;H;21.08.2026;accepted
O002439;L0005097;V026;D002;14.05.2026;2900000;3,79;2790000;H;28.05.2026;rejected
O002440;L0005100;V026;D003;02.07.2026;2900000;7,91;2670000;E;16.07.2026;rejected
O002441;L0005104;V019;D007;05.06.2025;4500000;7,95;4142000;E;19.06.2025;rejected
O002442;L0005105;V026;D001;28.04.2026;2900000;4,51;2769000;H;12.05.2026;accepted
O002443;L0005106;V022;D002;19.03.2026;9800000;5,59;9251000;E;02.04.2026;rejected
O002444;L0005108;V021;D007;17.06.2026;7400000;3,94;7108000;H;01.07.2026;accepted
O002445;L0005109;V025;D009;03.06.2026;3050000;1,32;3009000;H;17.06.2026;rejected
O002446;L0005115;V037;D007;23.06.2026;17500000;1,95;17158000;E;07.07.2026;accepted
O002447;L0005116;V019;D013;04.07.2026;4500000;5,3;4261000;E;18.07.2026;rejected
O002448;L0005117;V025;D002;07.03.2026;3050000;6,85;2841000;H;21.03.2026;accepted
O002449;L0005118;V020;D008;11.03.2026;6600000;4,3;6316000;E;25.03.2026;rejected
O002450;L0005119;V033;D001;12.01.2026;5400000;1,6;5313000;H;26.01.2026;accepted
O002451;L0005122;V019;D002;12.12.2025;4500000;9,51;4072000;E;26.12.2025;accepted
O002452;L0005125;V006;D010;22.07.2025;7800000;2,61;7596000;H;05.08.2025;rejected
O002453;L0005126;V004;D004;25.07.2025;5100000;5,54;4817000;H;08.08.2025;rejected
O002454;L0005130;V018;D002;20.05.2025;4700000;4,35;4495000;E;03.06.2025;accepted
O002455;L0005134;V016;D004;18.10.2025;5300000;5,29;5019000;E;01.11.2025;rejected
O002456;L0005135;V029;D001;21.11.2025;3300000;6,73;3077000;E;05.12.2025;accepted
O002457;L0005138;V018;D014;25.02.2026;4700000;3,83;4519000;H;11.03.2026;rejected
O002458;L0005141;V025;D001;23.06.2025;3050000;1,42;3006000;H;07.07.2025;rejected
O002459;L0005142;V008;D002;04.05.2026;4200000;5,28;3978000;H;18.05.2026;accepted
O002460;L0005147;V035;D014;29.08.2025;7900000;4,56;7539000;H;12.09.2025;rejected
O002461;L0005149;V021;D003;20.09.2024;7400000;8,91;6740000;E;04.10.2024;accepted
O002462;L0005150;V032;D004;20.10.2025;6200000;0,73;6154000;E;03.11.2025;rejected
O002463;L0005151;V008;D011;24.04.2026;4200000;7,39;3889000;E;08.05.2026;rejected
O002464;L0005152;V029;D007;11.08.2025;3300000;2,07;3231000;H;25.08.2025;rejected
O002465;L0005155;V017;D005;14.07.2025;4100000;0,83;4065000;E;28.07.2025;rejected
O002466;L0005159;V027;D013;22.08.2025;3700000;2,26;3616000;E;05.09.2025;rejected
O002467;L0005161;V021;D001;03.09.2025;7400000;0,77;7343000;H;17.09.2025;accepted
O002468;L0005162;V025;D001;02.02.2026;3050000;3,09;2955000;H;16.02.2026;rejected
O002469;L0005163;V019;D001;23.05.2026;4500000;3,67;4334000;H;06.06.2026;accepted
O002470;L0005165;V011;D003;26.10.2024;6400000;1,52;6302000;H;09.11.2024;rejected
O002471;L0005166;V026;D014;27.07.2026;2900000;1,54;2855000;H;10.08.2026;rejected
O002472;L0005170;V032;D002;08.04.2026;6200000;3,52;5981000;H;22.04.2026;rejected
O002473;L0005172;V033;D002;31.01.2026;5400000;4,2;5173000;E;14.02.2026;rejected
O002474;L0005173;V008;D007;06.12.2025;4200000;4,53;4009000;E;20.12.2025;rejected
O002475;L0005175;V031;D001;24.03.2025;10800000;4,56;10307000;H;07.04.2025;accepted
O002476;L0005176;V005;D007;16.02.2026;6900000;2,59;6721000;E;02.03.2026;rejected
O002477;L0005177;V028;D010;22.04.2026;4000000;3,95;3842000;H;06.05.2026;accepted
O002478;L0005178;V002;D005;26.10.2024;3900000;1,62;3836000;E;09.11.2024;rejected
O002479;L0005181;V002;D002;14.07.2025;3900000;3,98;3744000;H;28.07.2025;accepted
O002480;L0005183;V026;D007;08.09.2025;2900000;2,94;2814000;H;22.09.2025;rejected
O002481;L0005187;V025;D002;14.11.2025;3050000;4,11;2924000;E;28.11.2025;accepted
O002482;L0005188;V004;D009;08.07.2026;5100000;9,84;4598000;H;22.07.2026;accepted
O002483;L0005192;V026;D006;29.01.2026;2900000;3,07;2810000;H;12.02.2026;accepted
O002484;L0005194;V017;D003;08.12.2025;4100000;2,24;4008000;E;22.12.2025;rejected
O002485;L0005197;V025;D012;04.03.2026;3050000;0,28;3041000;H;18.03.2026;rejected
O002486;L0005199;V004;D009;09.01.2026;5100000;4,45;4872000;E;23.01.2026;accepted
O002487;L0005200;V024;D007;13.05.2025;2650000;3,76;2550000;E;27.05.2025;accepted
O002488;L0005201;V025;D006;19.01.2026;3050000;3,65;2938000;E;02.02.2026;rejected
O002489;L0005204;V018;D006;15.06.2026;4700000;4,93;4468000;E;29.06.2026;rejected
O002490;L0005205;V017;D012;05.01.2026;4100000;5,09;3891000;E;19.01.2026;accepted
O002491;L0005210;V028;D003;12.03.2025;4000000;6,75;;H;26.03.2025;rejected
O002492;L0005211;V029;D002;27.05.2026;3300000;5,75;3110000;H;10.06.2026;rejected
O002493;L0005212;V005;D002;14.11.2024;6900000;8,17;6336000;H;28.11.2024;accepted
O002494;L0005213;V026;D010;23.11.2024;2900000;3,41;2801000;E;07.12.2024;rejected
O002495;L0005214;V019;D007;04.03.2026;4500000;6,8;4194000;E;18.03.2026;rejected
O002496;L0005215;V002;D009;18.10.2024;3900000;4,15;3737000;H;01.11.2024;rejected
O002497;L0005218;V018;D009;23.08.2025;4700000;0,79;4662000;E;06.09.2025;accepted
O002498;L0005222;V028;D001;19.05.2025;4000000;8,36;3665000;E;02.06.2025;accepted
O002499;L0005225;V017;D007;31.07.2026;4100000;4,25;3925000;H;14.08.2026;rejected
O002500;L0005226;V034;D011;02.01.2026;6100000;6,86;5681000;E;16.01.2026;accepted
O002501;L0005228;V034;D003;02.09.2025;6100000;5,51;5763000;H;16.09.2025;rejected
O002502;L0005231;V006;D013;10.06.2025;7800000;5,11;7401000;E;24.06.2025;accepted
O002503;L0005233;V008;D009;08.09.2025;4200000;6,6;3922000;H;22.09.2025;rejected
O002504;L0005235;V017;D004;19.08.2026;4100000;5,45;3876000;H;02.09.2026;open
O002505;L0005237;V030;D005;27.04.2026;11900000;7,59;10997000;H;11.05.2026;rejected
O002506;L0005238;V016;D005;23.06.2026;5300000;5,36;5015000;H;07.07.2026;accepted
O002507;L0005239;V024;D009;17.12.2025;2650000;5,39;2507000;E;31.12.2025;rejected
O002508;L0005240;V003;D008;06.06.2026;4650000;2,66;4526000;E;20.06.2026;accepted
O002509;L0005241;V029;D002;24.09.2024;3300000;1,79;3240000;E;08.10.2024;accepted
O002510;L0005242;V004;D007;22.08.2026;5100000;6,64;4761000;E;05.09.2026;open
O002511;L0005243;V001;D002;24.07.2026;3450000;2,24;3372000;H;07.08.2026;rejected
O002512;L0005245;V025;D010;14.04.2026;3050000;3,76;2935000;H;28.04.2026;rejected
O002513;L0005251;V021;D002;14.08.2026;7400000;2,74;7197000;H;28.08.2026;rejected
O002514;L0005255;V026;D002;22.07.2026;2900000;3,12;2809000;H;05.08.2026;rejected
O002515;L0005256;V028;D012;02.06.2026;4000000;6,13;3754000;E;16.06.2026;rejected
O002516;L0005259;V010;D005;01.02.2025;4600000;6,66;4293000;E;15.02.2025;accepted
O002517;L0005263;V009;D008;18.05.2026;4900000;2,12;4795000;H;01.06.2026;rejected
O002518;L0005264;V031;D002;30.04.2025;10800000;3,18;10456000;H;14.05.2025;rejected
O002519;L0005265;V008;D014;13.11.2025;4200000;10,43;3761000;H;27.11.2025;accepted
O002520;L0005267;V028;D001;04.08.2025;4000000;150,0;3707000;E;18.08.2025;accepted
O002521;L0005270;V020;D005;23.08.2025;6600000;3,35;6378000;E;06.09.2025;rejected
O002522;L0005271;V018;D014;01.04.2026;4700000;5,78;4428000;H;15.04.2026;accepted
O002523;L0005272;V011;D005;24.07.2026;6400000;3,02;6206000;E;07.08.2026;rejected
O002524;L0005275;V028;D007;31.12.2025;4000000;4,79;3808000;E;14.01.2026;rejected
O002525;L0005276;V025;D010;11.05.2026;3050000;1,53;3003000;E;25.05.2026;rejected
O002526;L0005277;V024;D012;13.04.2026;2650000;5,15;2513000;E;27.04.2026;accepted
O002527;L0005278;V010;D003;26.12.2025;4600000;6,93;4281000;H;09.01.2026;accepted
O002528;L0005281;V012;D010;19.07.2025;7100000;6,6;6631000;E;02.08.2025;rejected
O002529;L0005282;V008;D001;06.06.2026;4200000;5,57;3965000;H;20.06.2026;rejected
O002530;L0005284;V015;D006;23.01.2026;16800000;4,33;16072000;H;06.02.2026;rejected
O002531;L0005288;V010;D004;07.10.2025;4600000;3,99;4416000;H;21.10.2025;rejected
O002532;L0005292;V012;D002;13.05.2026;7100000;3,57;6846000;H;27.05.2026;rejected
O002533;L0005294;V029;D003;25.05.2026;3300000;6,18;3095000;H;08.06.2026;rejected
O002534;L0005295;V016;D005;02.12.2025;5300000;9,1;4817000;H;16.12.2025;rejected
O002535;L0005296;V034;D002;24.02.2026;6100000;6,49;5704000;H;10.03.2026;rejected
O002536;L0005297;V023;D008;08.12.2025;15900000;7,78;14662000;H;22.12.2025;rejected
O002537;L0005299;V024;D005;25.07.2026;2650000;5,07;2515000;H;08.08.2026;accepted
O002538;L0005300;V019;D014;24.08.2026;4500000;0,0;4500000;E;07.09.2026;open
O002539;L0005302;V008;D001;28.01.2025;4200000;1,19;4149000;E;11.02.2025;accepted
O002540;L0005303;V028;D013;05.05.2026;4000000;5,72;3771000;E;19.05.2026;accepted
O002541;L0005304;V019;D010;10.06.2025;4500000;8,48;4118000;E;24.06.2025;rejected
O002542;L0005309;V032;D003;07.04.2026;6200000;0,41;6174000;H;21.04.2026;rejected
O002543;L0005311;V002;D009;25.04.2025;3900000;8,62;3563000;H;09.05.2025;rejected
O002544;L0005312;V013;D004;18.05.2026;11200000;3,62;10794000;H;01.06.2026;rejected
O002545;L0005313;V016;D007;26.05.2025;5300000;5,26;5021000;E;09.06.2025;accepted
O002546;L0005314;V002;D011;14.08.2026;3900000;6,61;3642000;H;28.08.2026;rejected
O002547;L0005316;V026;D005;09.12.2024;2900000;4,28;2775000;E;23.12.2024;rejected
O002548;L0005317;V033;D013;06.12.2025;5400000;9,24;4900000;E;20.12.2025;rejected
O002549;L0005322;V025;D008;20.10.2025;3050000;2,75;;E;03.11.2025;accepted
O002550;L0005324;V014;D001;15.08.2026;12300000;4,99;11686000;E;29.08.2026;expired
O002551;L0005326;V018;D001;14.07.2026;4700000;7,16;4363000;H;28.07.2026;rejected
O002552;L0005330;V034;D001;20.01.2025;6100000;4,34;5835000;H;03.02.2025;rejected
O002553;L0005332;V024;D006;11.11.2025;2650000;0,0;2650000;H;25.11.2025;accepted
O002554;L0005334;V028;D013;13.08.2026;4000000;-5,0;3843000;E;27.08.2026;rejected
O002555;L0005335;V001;D002;05.02.2025;3450000;3,16;3341000;H;19.02.2025;accepted
O002556;L0005337;V010;D004;22.10.2024;4600000;5,07;4366000;E;05.11.2024;rejected
O002557;L0005340;V027;D007;05.03.2025;3700000;4,86;3520000;H;19.03.2025;rejected
O002558;L0005341;V017;D002;09.09.2025;4100000;1,39;4042000;E;23.09.2025;accepted
O002559;L0005345;V026;D005;06.05.2026;2900000;9,29;2630000;H;20.05.2026;rejected
O002560;L0005346;V029;D007;31.05.2025;3300000;6,0;3102000;H;14.06.2025;rejected
O002561;L0005350;V027;D005;06.08.2026;3700000;6,86;3446000;E;20.08.2026;rejected
O002562;L0005356;V022;D010;04.06.2025;9800000;4,34;9375000;E;18.06.2025;rejected
O002563;L0005357;V020;D004;06.12.2025;6600000;9,58;5967000;E;20.12.2025;accepted
O002564;L0005359;V010;D002;11.08.2026;4600000;9,78;4150000;H;25.08.2026;rejected
O002565;L0005366;V020;D001;08.05.2026;6600000;7,22;6123000;E;22.05.2026;accepted
O002566;L0005373;V028;D002;10.11.2025;4000000;8,25;3670000;H;24.11.2025;rejected
O002567;L0005378;V029;D008;27.10.2025;3300000;5,5;3118000;H;10.11.2025;rejected
O002568;L0005379;V017;D003;22.09.2025;4100000;1,13;4053000;E;06.10.2025;rejected
O002569;L0005380;V005;D005;14.02.2025;6900000;5,28;6535000;H;28.02.2025;rejected
O002570;L0005381;V029;D006;05.07.2025;3300000;3,79;3174000;H;19.07.2025;rejected
O002571;L0005383;V026;D007;03.10.2025;2900000;4,3;2775000;H;17.10.2025;accepted
O002572;L0005385;V024;D004;15.01.2026;2650000;3,16;2566000;E;29.01.2026;accepted
O002573;L0005386;V027;D009;19.06.2025;3700000;1,6;3640000;H;03.07.2025;rejected
O002574;L0005388;V002;D009;28.04.2025;3900000;5,99;3666000;H;12.05.2025;accepted
O002575;L0005391;V028;D001;10.03.2026;4000000;7,24;3710000;H;24.03.2026;rejected
O002576;L0005394;V020;D008;09.05.2026;6600000;8,12;;E;23.05.2026;accepted
O002577;L0005395;V017;D006;11.11.2024;4100000;4,04;3934000;E;25.11.2024;accepted
O002578;L0005396;V013;D001;10.06.2026;11200000;1,46;11036000;E;24.06.2026;rejected
O002579;L0005399;V028;D010;21.07.2025;4000000;6,61;3735000;E;04.08.2025;accepted
O002580;L0005400;V019;D001;25.05.2026;4500000;8,63;4111000;E;08.06.2026;rejected
O002581;L0005401;V016;D010;12.07.2025;5300000;3,92;5092000;H;26.07.2025;rejected
O002582;L0005402;V035;D009;27.03.2025;7900000;5,76;7444000;H;10.04.2025;rejected
O002583;L0005403;V016;D002;23.06.2026;5300000;4,18;5078000;H;07.07.2026;accepted
O002584;L0005405;V010;D004;24.02.2026;4600000;4,29;4402000;E;10.03.2026;rejected
O002585;L0005406;V018;D003;08.12.2025;4700000;1,16;4645000;E;22.12.2025;rejected
O002586;L0005407;V025;D002;23.01.2025;3050000;3,57;2941000;E;06.02.2025;rejected
O002587;L0005409;V026;D001;19.06.2026;2900000;2,42;2829000;H;03.07.2026;accepted
O002588;L0005411;V036;D004;29.05.2026;14200000;9,94;12789000;E;12.06.2026;rejected
O002589;L0005414;V019;D012;26.12.2025;4500000;6,14;4223000;E;09.01.2026;rejected
O002590;L0005415;V029;D001;12.11.2025;3300000;4,37;3155000;H;26.11.2025;rejected
O002591;L0005418;V017;D007;15.08.2026;4100000;4,77;3904000;H;29.08.2026;rejected
O002592;L0005420;V008;D001;25.06.2025;4200000;1,94;4118000;E;09.07.2025;rejected
O002593;L0005422;V025;D013;28.11.2025;3050000;3,48;2943000;E;12.12.2025;accepted
O002594;L0005423;V028;D002;24.05.2025;4000000;3,15;3873000;E;07.06.2025;accepted
O002595;L0005427;V013;D014;16.03.2026;11200000;1,19;11066000;H;30.03.2026;accepted
O002596;L0005428;V001;D004;12.08.2026;3450000;3,51;3328000;H;26.08.2026;rejected
O002597;L0005429;V035;D009;15.10.2024;7900000;4,82;7519000;H;29.10.2024;rejected
O002598;L0005430;V013;D001;16.02.2026;11200000;6,5;10471000;E;02.03.2026;accepted
O002599;L0005431;V032;D001;28.08.2026;6200000;2,81;6025000;E;11.09.2026;expired
O002600;L0005432;V009;D007;20.06.2026;4900000;4,08;4699000;E;04.07.2026;accepted
O002601;L0005434;V029;D001;12.08.2026;3300000;6,51;3085000;H;26.08.2026;rejected
O002602;L0005436;V018;D008;13.05.2025;4700000;2,2;4596000;E;27.05.2025;accepted
O002603;L0005437;V008;D010;20.04.2026;4200000;0,02;4199000;H;04.05.2026;rejected
O002604;L0005438;V027;D008;30.12.2024;3700000;4,48;3534000;E;13.01.2025;accepted
O002605;L0005439;V022;D005;06.04.2026;9800000;2,6;9545000;H;20.04.2026;accepted
O002606;L0005445;V024;D001;29.05.2026;2650000;5,51;2504000;H;12.06.2026;rejected
O002607;L0005448;V036;D004;02.02.2026;14200000;6,18;13322000;E;16.02.2026;rejected
O002608;L0005451;V019;D005;26.02.2026;4500000;5,46;4254000;H;12.03.2026;rejected
O002609;L0005453;V024;D011;16.06.2025;2650000;5,64;2500000;E;30.06.2025;rejected
O002610;L0005454;V032;D005;07.01.2026;6200000;7,42;5739000;H;21.01.2026;rejected
O002611;L0005456;V005;D001;28.06.2025;6900000;1,24;6814000;E;12.07.2025;rejected
O002612;L0005457;V031;D006;27.07.2026;10800000;1,47;10641000;H;10.08.2026;rejected
O002613;L0005459;V010;D007;29.04.2026;4600000;6,03;4322000;E;13.05.2026;accepted
O002614;L0005462;V009;D007;20.07.2026;4900000;0,0;4900000;H;03.08.2026;accepted
O002615;L0005463;V008;D001;02.07.2025;4200000;6,47;3928000;E;16.07.2025;accepted
O002616;L0005464;V024;D003;08.01.2026;2650000;5,04;2516000;E;22.01.2026;rejected
O002617;L0005465;V022;D004;05.02.2026;9800000;3,18;9488000;H;19.02.2026;rejected
O002618;L0005467;V008;D003;12.08.2026;4200000;4,19;4024000;H;26.08.2026;accepted
O002619;L0005469;V005;D001;29.08.2026;6900000;8,64;6304000;H;12.09.2026;expired
O002620;L0005471;V026;D003;25.05.2026;2900000;2,82;2818000;E;08.06.2026;accepted
O002621;L0005476;V029;D010;01.10.2025;3300000;5,25;3126000;H;15.10.2025;rejected
O002622;L0005477;V013;D014;24.12.2024;11200000;4,78;10665000;E;07.01.2025;accepted
O002623;L0005480;V019;D009;08.10.2025;4500000;6,66;4200000;E;22.10.2025;accepted
O002624;L0005482;V017;D009;09.09.2025;4100000;2,84;3983000;E;23.09.2025;accepted
O002625;L0005483;V019;D005;10.10.2025;4500000;3,64;4336000;H;24.10.2025;rejected
O002626;L0005484;V001;D001;11.10.2025;3450000;5,08;3274000;H;25.10.2025;accepted
O002627;L0005485;V028;D014;15.08.2026;4000000;6,43;3742000;H;29.08.2026;accepted
O002628;L0005486;V035;D002;16.07.2026;7900000;3,2;7646000;E;30.07.2026;accepted
O002629;L0005489;V011;D004;03.01.2026;6400000;4,54;6109000;E;17.01.2026;accepted
O002630;L0005491;V013;D001;15.08.2026;11200000;3,84;10770000;H;29.08.2026;accepted
O002631;L0005492;V024;D006;10.07.2026;2650000;6,09;2488000;H;24.07.2026;accepted
O002632;L0005493;V003;D002;09.02.2026;4650000;5,94;4373000;H;23.02.2026;rejected
O002633;L0005494;V010;D001;07.01.2026;4600000;5,11;4364000;H;21.01.2026;accepted
O002634;L0005495;V034;D003;14.01.2025;6100000;4,8;5807000;E;28.01.2025;accepted
O002635;L0005496;V029;D014;18.07.2026;3300000;7,72;3045000;H;01.08.2026;accepted
O002636;L0005497;V028;D007;16.02.2026;4000000;1,21;3951000;H;02.03.2026;rejected
O002637;L0005498;V012;D003;01.11.2024;7100000;1,68;6980000;E;15.11.2024;rejected
O002638;L0005500;V031;D003;23.06.2026;10800000;2,74;10504000;H;07.07.2026;accepted
O002639;L0005502;V016;D013;23.05.2025;5300000;3,87;5095000;E;06.06.2025;accepted
O002640;L0005503;V029;D006;28.04.2025;3300000;7,03;3068000;E;12.05.2025;rejected
O002641;L0005510;V033;D012;28.09.2024;5400000;5,62;5096000;H;12.10.2024;accepted
O002642;L0005511;V017;D003;01.05.2026;4100000;6,34;3840000;H;15.05.2026;accepted
O002643;L0005512;V019;D003;06.12.2025;4500000;0,0;4500000;H;20.12.2025;rejected
O002644;L0005516;V011;D001;25.02.2025;6400000;4,79;6093000;E;11.03.2025;rejected
O002645;L0005519;V002;D011;16.07.2025;3900000;5,58;3682000;E;30.07.2025;accepted
O002646;L0005522;V017;D003;02.06.2026;4100000;4,21;3927000;E;16.06.2026;rejected
O002647;L0005524;V002;D013;28.07.2026;3900000;0,33;3886000;H;11.08.2026;rejected
O002648;L0005525;V002;D005;26.12.2024;3900000;4,23;3735000;E;09.01.2025;accepted
O002649;L0005526;V008;D004;14.07.2026;4200000;0,39;4183000;H;28.07.2026;accepted
O002650;L0005528;V016;D008;31.01.2026;5300000;4,38;5068000;E;14.02.2026;rejected
O002651;L0005529;V024;D012;10.02.2026;2650000;3,37;2560000;H;24.02.2026;accepted
O002652;L0005533;V036;D001;11.08.2025;14200000;1,61;13971000;E;25.08.2025;accepted
O002653;L0005534;V005;D007;19.08.2025;6900000;6,74;6434000;H;02.09.2025;rejected
O002654;L0005538;V025;D008;17.07.2026;3050000;2,7;2967000;E;31.07.2026;rejected
O002655;L0005540;V017;D003;01.08.2025;4100000;3,13;3971000;E;15.08.2025;rejected
O002656;L0005542;V027;D001;18.01.2025;3700000;6,98;3441000;E;01.02.2025;accepted
O002657;L0005544;V028;D002;18.04.2026;4000000;1,56;3937000;E;02.05.2026;accepted
O002658;L0005545;V008;D005;23.12.2024;4200000;5,63;3963000;E;06.01.2025;rejected
O002659;L0005546;V021;D005;15.08.2026;7400000;6,45;6922000;H;29.08.2026;rejected
O002660;L0005547;V026;D006;30.03.2026;2900000;2,04;2840000;H;13.04.2026;rejected
O002661;L0005548;V006;D001;01.01.2025;7800000;6,41;7300000;H;15.01.2025;accepted
O002662;L0005550;V030;D012;08.08.2026;11900000;1,19;11758000;H;22.08.2026;rejected
O002663;L0005552;V035;D001;11.04.2025;7900000;4,04;7580000;H;25.04.2025;rejected
O002664;L0005554;V025;D004;29.04.2026;3050000;4,57;2910000;E;13.05.2026;rejected
O002665;L0005559;V008;D004;20.04.2026;4200000;1,46;4138000;H;04.05.2026;accepted
O002666;L0005561;V018;D002;21.04.2026;4700000;4,09;4507000;E;05.05.2026;accepted
O002667;L0005562;V002;D005;06.12.2025;3900000;8,58;3565000;E;20.12.2025;rejected
O002668;L0005563;V014;D002;17.05.2025;12300000;4,01;11807000;E;31.05.2025;accepted
O002669;L0005564;V033;D013;21.02.2025;5400000;7,26;5007000;H;07.03.2025;rejected
O002670;L0005565;V018;D009;15.07.2026;4700000;5,38;4447000;E;29.07.2026;rejected
O002671;L0005566;V004;D003;03.02.2026;5100000;3,81;4905000;H;17.02.2026;rejected
O002672;L0005567;V026;D007;01.04.2025;2900000;5,93;2727000;H;15.04.2025;accepted
O002673;L0005568;V017;D007;19.03.2026;4100000;3,23;3967000;E;02.04.2026;rejected
O002674;L0005570;V001;D002;18.10.2025;3450000;4,26;3302000;H;01.11.2025;rejected
O002675;L0005571;V018;D001;10.08.2026;4700000;4,1;4507000;H;24.08.2026;accepted
O002676;L0005572;V025;D001;20.10.2025;3050000;99,0;2955000;H;03.11.2025;accepted
O002677;L0005575;V022;D007;14.07.2026;9800000;5,2;9289000;H;28.07.2026;accepted
O002678;L0005576;V028;D006;13.07.2026;4000000;5,23;3790000;H;27.07.2026;accepted
O002679;L0005578;V011;D014;02.02.2026;6400000;7,31;5931000;E;16.02.2026;rejected
O002680;L0005579;V020;D002;29.10.2025;6600000;1,81;6480000;H;12.11.2025;accepted
O002681;L0005580;V011;D006;25.05.2026;6400000;5,32;6059000;E;08.06.2026;rejected
O002682;L0005587;V029;D007;29.08.2026;3300000;4,91;3138000;E;12.09.2026;open
O002683;L0005588;V024;D004;19.11.2024;2650000;7,66;2446000;E;03.12.2024;accepted
O002684;L0005592;V002;D005;11.07.2025;3900000;5,61;3681000;E;25.07.2025;rejected
O002685;L0005593;V010;D002;24.08.2026;4600000;6,89;4282000;H;07.09.2026;open
O002686;L0005594;V015;D008;30.10.2025;16800000;1,92;16477000;H;13.11.2025;rejected
O002687;L0005595;V018;D009;25.12.2025;4700000;8,45;4302000;E;08.01.2026;accepted
O002688;L0005596;V002;D004;09.01.2025;3900000;3,49;3763000;H;23.01.2025;accepted
O002689;L0005598;V024;D009;10.11.2025;2650000;1,47;2610000;H;24.11.2025;accepted
O002690;L0005600;V026;D004;14.04.2025;2900000;5,61;2737000;E;28.04.2025;rejected
O002691;L0005602;V026;D012;09.05.2026;2900000;5,77;2732000;H;23.05.2026;rejected
O002692;L0005603;V034;D005;20.08.2026;6100000;0,0;6100000;H;03.09.2026;accepted
O002693;L0005605;V029;D010;16.07.2026;3300000;5,72;3111000;H;30.07.2026;accepted
O002694;L0005607;V019;D005;22.12.2025;4500000;3,86;4326000;H;05.01.2026;rejected
O002695;L0005608;V011;D010;10.03.2026;6400000;0,0;6400000;E;24.03.2026;accepted
O002696;L0005609;V028;D006;30.04.2025;4000000;4,19;3832000;H;14.05.2025;rejected
O002697;L0005611;V010;D003;05.11.2024;4600000;0,0;4600000;E;19.11.2024;accepted
O002698;L0005613;V033;D003;02.08.2025;5400000;5,31;5113000;H;16.08.2025;accepted
O002699;L0005614;V021;D008;19.08.2026;7400000;1,75;7270000;H;02.09.2026;rejected
O002700;L0005619;V029;D002;30.06.2025;3300000;8,65;3014000;H;14.07.2025;accepted
O002701;L0005620;V010;D008;08.05.2026;4600000;3,22;4452000;E;22.05.2026;accepted
O002702;L0005623;V021;D002;15.10.2025;7400000;1,83;7264000;E;29.10.2025;rejected
O002703;L0005624;V017;D008;17.04.2025;4100000;4,08;3932000;H;01.05.2025;accepted
O002704;L0005625;V019;D006;17.10.2025;4500000;4,04;4318000;H;31.10.2025;rejected
O002705;L0005628;V026;D001;27.08.2026;2900000;1,17;2866000;E;10.09.2026;open
O002706;L0005629;V008;D003;28.07.2025;4200000;4,62;4006000;E;11.08.2025;rejected
O002707;L0005630;V001;D007;03.07.2025;3450000;3,55;3327000;E;17.07.2025;rejected
O002708;L0005631;V018;D004;04.12.2025;4700000;6,22;4407000;H;18.12.2025;accepted
O002709;L0005632;V026;D005;10.08.2026;2900000;5,43;2742000;E;24.08.2026;accepted
O002710;L0005633;V003;D009;03.12.2024;4650000;8,1;4273000;H;17.12.2024;rejected
O002711;L0005637;V008;D007;10.12.2025;4200000;1,28;4146000;E;24.12.2025;rejected
O002712;L0005638;V016;D010;19.05.2025;5300000;5,45;5011000;E;02.06.2025;rejected
O002713;L0005640;V013;D006;20.02.2026;11200000;4,59;10685000;H;06.03.2026;rejected
O002714;L0005641;V024;D006;20.04.2026;2650000;4,88;2520000;E;04.05.2026;rejected
O002715;L0005642;V027;D004;13.04.2026;3700000;6,83;3447000;H;27.04.2026;accepted
O002716;L0005643;V011;D013;07.11.2025;6400000;5,51;6047000;H;21.11.2025;rejected
O002717;L0005646;V010;D003;06.02.2026;4600000;2,92;4465000;E;20.02.2026;rejected
O002718;L0005647;V028;D004;30.10.2024;4000000;3,35;3865000;H;13.11.2024;accepted
O002719;L0005648;V003;D001;06.10.2025;4650000;6,38;4353000;E;20.10.2025;accepted
O002720;L0005649;V008;D007;18.10.2025;4200000;3,66;4046000;H;01.11.2025;accepted
O002721;L0005651;V033;D002;13.07.2026;5400000;6,69;5038000;H;27.07.2026;rejected
O002722;L0005656;V031;D006;09.02.2026;10800000;11,94;9510000;H;23.02.2026;rejected
O002723;L0005657;V010;D004;09.06.2025;4600000;4,52;4391000;H;23.06.2025;rejected
O002724;L0005659;V010;D004;18.10.2024;4600000;6,83;4285000;E;01.11.2024;accepted
O002725;L0005660;V026;D003;31.03.2026;2900000;7,69;2676000;E;14.04.2026;rejected
O002726;L0005661;V017;D005;19.11.2024;4100000;3,8;3944000;H;03.12.2024;rejected
O002727;L0005662;V024;D009;09.07.2026;2650000;2,79;2576000;H;23.07.2026;accepted
O002728;L0005664;V034;D007;12.02.2025;6100000;5,14;5786000;H;26.02.2025;rejected
O002729;L0005665;V027;D002;19.08.2026;3700000;3,47;3571000;E;02.09.2026;rejected
O002730;L0005667;V003;D001;30.07.2026;4650000;7,32;4309000;H;13.08.2026;accepted
O002731;L0005671;V024;D001;26.09.2025;2650000;0,19;2644000;E;10.10.2025;rejected
O002732;L0005672;V008;D001;08.04.2026;4200000;3,75;4042000;E;22.04.2026;accepted
O002733;L0005673;V032;D005;13.06.2026;6200000;7,11;5759000;H;27.06.2026;rejected
O002734;L0005675;V029;D001;01.12.2025;3300000;3,74;3176000;H;15.12.2025;rejected
O002735;L0005676;V035;D005;23.07.2026;7900000;8,23;7249000;H;06.08.2026;accepted
O002736;L0005680;V026;D008;20.06.2026;2900000;2,63;2823000;E;04.07.2026;accepted
O002737;L0005687;V024;D008;03.08.2026;2650000;5,73;2498000;H;17.08.2026;rejected
O002738;L0005688;V033;D008;24.08.2026;5400000;6,1;5070000;E;07.09.2026;rejected
O002739;L0005690;V026;D005;02.10.2025;2900000;2,99;2813000;H;16.10.2025;rejected
O002740;L0005691;V010;D003;16.09.2025;4600000;1,43;4534000;H;30.09.2025;rejected
O002741;L0005694;V020;D001;21.01.2026;6600000;2,67;6423000;H;04.02.2026;rejected
O002742;L0005699;V029;D009;31.07.2026;3300000;6,55;3083000;E;14.08.2026;accepted
O002743;L0005701;V024;D012;28.03.2025;2650000;6,29;2483000;H;11.04.2025;rejected
O002744;L0005702;V026;D008;06.08.2026;2900000;5,69;2734000;H;20.08.2026;open
O002745;L0005705;V012;D008;17.01.2026;7100000;1,75;6975000;H;31.01.2026;rejected
O002746;L0005706;V017;D002;18.10.2024;4100000;6,78;3822000;H;01.11.2024;rejected
O002747;L0005707;V025;D003;03.10.2024;3050000;3,37;2947000;H;17.10.2024;accepted
O002748;L0005718;V010;D010;01.06.2026;4600000;4,9;4374000;E;15.06.2026;rejected
O002749;L0005724;V019;D003;15.12.2025;4500000;3,18;4356000;H;29.12.2025;accepted
O002750;L0005725;V017;D008;27.10.2025;4100000;6,46;3835000;H;10.11.2025;accepted
O002751;L0005728;V018;D002;13.04.2026;4700000;5,37;4447000;H;27.04.2026;accepted
O002752;L0005729;V002;D004;25.05.2026;3900000;3,08;3780000;H;08.06.2026;rejected
O002753;L0005731;V003;D005;09.01.2025;4650000;7,59;4297000;H;23.01.2025;accepted
O002754;L0005734;V025;D005;29.08.2026;3050000;0,43;3036000;E;12.09.2026;open
O002755;L0005735;V026;D003;06.10.2025;2900000;5,93;2728000;E;20.10.2025;accepted
O002756;L0005738;V027;D008;30.10.2025;3700000;5,42;3499000;E;13.11.2025;accepted
O002757;L0005741;V004;D002;11.07.2025;5100000;0,0;5100000;E;25.07.2025;rejected
O002758;L0005743;V028;D014;12.06.2025;4000000;6,48;3740000;H;26.06.2025;rejected
O002759;L0005746;V027;D008;30.06.2025;3700000;6,48;3460000;H;14.07.2025;rejected
O002760;L0005749;V032;D004;03.10.2025;6200000;6,72;5783000;H;17.10.2025;rejected
O002761;L0005750;V011;D010;03.06.2025;6400000;7,54;5917000;H;17.06.2025;accepted
O002762;L0005751;V033;D002;19.09.2025;5400000;3,4;5216000;H;03.10.2025;accepted
O002763;L0005756;V016;D004;06.01.2026;5300000;3,5;5114000;E;20.01.2026;rejected
O002764;L0005757;V016;D011;16.01.2026;5300000;2,67;5158000;E;30.01.2026;accepted
O002765;L0005758;V034;D001;07.04.2026;6100000;7,06;5669000;E;21.04.2026;accepted
O002766;L0005761;V024;D014;29.07.2026;2650000;0,67;2632000;E;12.08.2026;accepted
O002767;L0005765;V022;D005;30.04.2026;9800000;5,46;9264000;E;14.05.2026;accepted
O002768;L0005768;V018;D001;28.02.2026;4700000;4,65;4481000;E;14.03.2026;rejected
O002769;L0005769;V011;D002;17.11.2025;6400000;0,12;6392000;H;01.12.2025;accepted
O002770;L0005770;V024;D010;12.02.2025;2650000;10,64;2368000;H;26.02.2025;rejected
O002771;L0005772;V018;D008;22.05.2026;4700000;1,85;4612000;E;05.06.2026;rejected
O002772;L0005773;V023;D002;16.06.2026;15900000;1,49;15662000;H;30.06.2026;accepted
O002773;L0005775;V029;D011;03.01.2026;3300000;4,54;3150000;E;17.01.2026;accepted
O002774;L0005776;V019;D003;21.10.2025;4500000;7,65;4155000;H;04.11.2025;accepted
O002775;L0005781;V010;D005;18.08.2025;4600000;4,02;4415000;H;01.09.2025;accepted
O002776;L0005783;V001;D013;12.12.2024;3450000;2,27;3371000;E;26.12.2024;rejected
O002777;L0005785;V029;D011;10.02.2025;3300000;0,82;3272000;H;24.02.2025;rejected
O002778;L0005787;V009;D001;01.07.2026;4900000;6,73;4570000;E;15.07.2026;accepted
O002779;L0005793;V011;D010;10.08.2026;6400000;5,93;6020000;H;24.08.2026;rejected
O002780;L0005796;V008;D010;06.10.2025;4200000;2,5;4095000;H;20.10.2025;rejected
O002781;L0005799;V012;D013;11.10.2024;7100000;1,79;6972000;E;25.10.2024;rejected
O002782;L0005802;V025;D011;28.02.2026;3050000;2,38;2977000;H;14.03.2026;accepted
O002783;L0005805;V008;D001;27.10.2025;4200000;2,52;4094000;E;10.11.2025;accepted
O002784;L0005807;V008;D005;26.05.2026;4200000;4,87;3995000;H;09.06.2026;rejected
O002785;L0005809;V010;D013;23.01.2025;4600000;9,59;4158000;E;06.02.2025;rejected
O002786;L0005810;V028;D007;24.11.2025;4000000;4,29;3828000;H;08.12.2025;accepted
O002787;L0005812;V020;D006;20.07.2026;6600000;6,36;6180000;E;03.08.2026;accepted
O002788;L0005814;V001;D013;24.09.2024;3450000;2,85;3351000;H;08.10.2024;rejected
O002789;L0005815;V009;D003;13.08.2026;4900000;2,41;4782000;H;27.08.2026;rejected
O002790;L0005817;V019;D013;28.11.2025;4500000;8,33;4125000;H;12.12.2025;rejected
O002791;L0005818;V027;D011;21.07.2025;3700000;2,1;3622000;E;04.08.2025;rejected
O002792;L0005823;V032;D002;02.07.2025;6200000;3,61;5975000;H;16.07.2025;rejected
O002793;L0005830;V019;D002;11.05.2026;4500000;6,53;4206000;H;25.05.2026;accepted
O002794;L0005834;V004;D003;19.05.2026;5100000;6,75;4755000;H;02.06.2026;rejected
O002795;L0005836;V024;D012;27.06.2026;2650000;7,29;2456000;H;11.07.2026;rejected
O002796;L0005837;V013;D008;21.05.2025;11200000;6,26;10498000;E;04.06.2025;accepted
O002797;L0005842;V006;D006;22.12.2025;7800000;8,08;7170000;E;05.01.2026;accepted
O002798;L0005846;V029;D005;14.04.2025;3300000;3,59;3181000;H;28.04.2025;rejected
O002799;L0005847;V008;D010;01.06.2026;4200000;7,84;3870000;H;15.06.2026;rejected
O002800;L0005848;V033;D003;07.07.2025;5400000;5,68;5093000;H;21.07.2025;accepted
O002801;L0005849;V006;D010;19.05.2025;7800000;3,44;7531000;E;02.06.2025;rejected
O002802;L0005853;V021;D002;13.11.2025;7400000;3,12;7169000;E;27.11.2025;accepted
O002803;L0005854;V014;D007;12.08.2025;12300000;0,0;12300000;H;26.08.2025;rejected
O002804;L0005855;V005;D008;22.06.2026;6900000;3,09;6686000;E;06.07.2026;rejected
O002805;L0005859;V029;D007;20.05.2025;3300000;1,84;3239000;E;03.06.2025;accepted
O002806;L0005860;V002;D003;18.07.2025;3900000;2,64;3797000;H;01.08.2025;rejected
O002807;L0005861;V028;D002;18.05.2026;4000000;5,39;3784000;E;01.06.2026;rejected
O002808;L0005863;V009;D004;25.10.2024;4900000;4,67;4671000;H;08.11.2024;rejected
O002809;L0005865;V030;D006;03.11.2025;11900000;4,97;11309000;H;17.11.2025;accepted
O002810;L0005866;V025;D001;05.12.2025;3050000;4,66;2907000;E;19.12.2025;rejected
O002811;L0005867;V002;D003;27.09.2025;3900000;0,0;3900000;E;11.10.2025;rejected
O002812;L0005869;V001;D011;13.05.2026;3450000;4,27;3302000;H;27.05.2026;rejected
O002813;L0005872;V025;D003;17.08.2026;3050000;2,35;2978000;E;31.08.2026;accepted
O002814;L0005876;V026;D009;07.08.2025;2900000;4,15;2779000;H;21.08.2025;rejected
O002815;L0005878;V022;D003;12.11.2025;9800000;5,21;9288000;E;26.11.2025;rejected
O002816;L0005879;V009;D007;25.08.2026;4900000;1,69;4817000;H;08.09.2026;open
O002817;L0005882;V010;D008;06.07.2026;4600000;3,81;4424000;E;20.07.2026;rejected
O002818;L0005885;V024;D006;13.10.2025;2650000;0,0;2650000;E;27.10.2025;rejected
O002819;L0005887;V016;D001;12.03.2026;5300000;5,21;5023000;H;26.03.2026;accepted
O002820;L0005890;V001;D006;29.07.2025;3450000;0,0;3450000;H;12.08.2025;rejected
O002821;L0005892;V029;D002;03.06.2026;3300000;5,13;3130000;E;17.06.2026;rejected
O002822;L0005894;V035;D006;29.10.2025;7900000;5,66;7452000;H;12.11.2025;rejected
O002823;L0005895;V015;D002;11.03.2025;16800000;0,0;16800000;E;25.03.2025;rejected
O002824;L0005896;V024;D010;09.02.2026;2650000;4,8;2522000;H;23.02.2026;rejected
O002825;L0005898;V028;D012;16.07.2026;4000000;4,07;3837000;H;30.07.2026;rejected
O002826;L0005899;V020;D001;20.05.2026;6600000;7,99;6072000;H;03.06.2026;rejected
O002827;L0005901;V026;D010;13.11.2025;2900000;4,95;2756000;E;27.11.2025;rejected
O002828;L0005903;V025;D002;27.11.2025;3050000;7,46;2822000;H;11.12.2025;rejected
O002829;L0005904;V018;D003;14.04.2026;4700000;5,59;4437000;H;28.04.2026;rejected
O002830;L0005905;V033;D006;20.03.2026;5400000;3,62;5204000;E;03.04.2026;rejected
O002831;L0005906;V010;D004;03.07.2025;4600000;0,0;4600000;E;17.07.2025;accepted
O002832;L0005909;V002;D007;18.11.2025;3900000;6,09;3662000;E;02.12.2025;accepted
O002833;L0005910;V020;D007;28.12.2024;6600000;0,0;6600000;E;11.01.2025;accepted
O002834;L0005911;V018;D011;09.10.2024;4700000;0,45;4679000;H;23.10.2024;rejected
O002835;L0005913;V008;D006;13.11.2025;4200000;6,8;3914000;E;27.11.2025;accepted
O002836;L0005914;V026;D007;15.02.2025;2900000;3,18;2807000;H;01.03.2025;rejected
O002837;L0005915;V016;D007;22.05.2026;5300000;4,68;5051000;H;05.06.2026;rejected
O002838;L0005917;V005;D002;06.02.2026;6900000;9,63;6235000;E;20.02.2026;rejected
O002839;L0005918;V020;D002;03.02.2025;6600000;3,76;6351000;H;17.02.2025;accepted
O002840;L0005921;V027;D007;03.10.2024;3700000;1,49;3645000;E;17.10.2024;accepted
O002841;L0005922;V018;D003;28.05.2025;4700000;11,17;4175000;E;11.06.2025;rejected
O002842;L0005925;V011;D001;22.10.2025;6400000;5,81;6027000;H;05.11.2025;rejected
O002843;L0005927;V028;D002;04.04.2026;4000000;5,53;3778000;E;18.04.2026;accepted
O002844;L0005928;V011;D012;01.01.2025;6400000;3,19;6195000;E;15.01.2025;rejected
O002845;L0005929;V002;D004;23.04.2025;3900000;2,88;3787000;H;07.05.2025;rejected
O002846;L0005931;V019;D006;28.07.2026;4500000;0,99;4455000;E;11.08.2026;rejected
O002847;L0005933;V013;D010;27.02.2026;11200000;3,03;10861000;H;13.03.2026;rejected
O002848;L0005934;V029;D006;29.09.2025;3300000;10,17;2964000;H;13.10.2025;rejected
O002849;L0005935;V008;D001;07.02.2026;4200000;6,6;3922000;H;21.02.2026;accepted
O002850;L0005936;V009;D006;20.05.2026;4900000;7,95;4510000;E;03.06.2026;rejected
O002851;L0005939;V028;D006;25.11.2025;4000000;0,0;4000000;H;09.12.2025;rejected
O002852;L0005940;V029;D008;23.09.2024;3300000;4,06;3165000;H;07.10.2024;rejected
O002853;L0005943;V034;D005;10.03.2025;6100000;4,48;5826000;H;24.03.2025;accepted
O002854;L0005949;V021;D005;06.04.2026;7400000;3,48;7142000;E;20.04.2026;accepted
O002855;L0005952;V018;D012;15.05.2026;4700000;6,53;4393000;E;29.05.2026;rejected
O002856;L0005953;V017;D011;04.02.2025;4100000;2,88;3981000;H;18.02.2025;rejected
O002857;L0005954;V035;D004;11.02.2025;7900000;2,52;7700000;E;25.02.2025;rejected
O002858;L0005955;V010;D006;17.07.2025;4600000;5,77;4334000;E;31.07.2025;rejected
O002859;L0005957;V029;D011;22.10.2025;3300000;5,68;3112000;H;05.11.2025;rejected
O002860;L0005960;V012;D003;20.05.2026;7100000;4,14;6805000;E;03.06.2026;rejected
O002861;L0005961;V033;D004;18.08.2025;5400000;0,5;5373000;E;01.09.2025;rejected
O002862;L0005963;V025;D009;13.10.2025;3050000;5,37;2886000;E;27.10.2025;accepted
O002863;L0005967;V032;D007;14.01.2026;6200000;3,99;5952000;E;28.01.2026;rejected
O002864;L0005968;V026;D001;16.05.2025;2900000;4,39;2772000;E;30.05.2025;rejected
O002865;L0005969;V035;D001;26.02.2026;7900000;10,29;7086000;H;12.03.2026;accepted
O002866;L0005971;V032;D010;05.05.2025;6200000;5,06;5886000;H;19.05.2025;accepted
O002867;L0005972;V008;D007;28.07.2026;4200000;1,75;4126000;H;11.08.2026;accepted
O002868;L0005975;V022;D007;07.03.2026;9800000;3,78;9429000;H;21.03.2026;accepted
O002869;L0005977;V020;D006;30.06.2025;6600000;2,7;6421000;H;14.07.2025;accepted
O002870;L0005979;V019;D008;16.03.2026;4500000;2,97;4366000;E;30.03.2026;rejected
O002871;L0005980;V012;D002;14.11.2024;7100000;1,95;6961000;H;28.11.2024;accepted
O002872;L0005984;V034;D002;27.05.2026;6100000;0,22;6086000;E;10.06.2026;rejected
O002873;L0005986;V014;D013;19.09.2025;12300000;5,01;11684000;E;03.10.2025;rejected
O002874;L0005987;V019;D003;01.07.2025;4500000;2,81;4373000;H;15.07.2025;accepted
O002875;L0005989;V008;D006;27.03.2026;4200000;4,67;4003000;H;10.04.2026;accepted
O002876;L0005992;V026;D008;10.11.2025;2900000;8,02;2667000;E;24.11.2025;rejected
O002877;L0005993;V027;D004;26.09.2025;3700000;1,58;3641000;H;10.10.2025;rejected
O002878;L0005994;V008;D004;11.06.2026;4200000;5,57;3966000;E;25.06.2026;rejected
O002879;L0005996;V028;D007;27.07.2026;4000000;2,89;3884000;E;10.08.2026;rejected
O002880;L0005998;V022;D006;07.10.2024;9800000;8,49;8967000;H;21.10.2024;accepted
O002881;L0006001;V007;D013;03.03.2025;14500000;8,53;13263000;E;17.03.2025;accepted
O002882;L0006003;V019;D010;20.01.2026;4500000;1,85;4416000;H;03.02.2026;rejected
O002883;L0006005;V012;D002;05.03.2025;7100000;3,88;6824000;H;19.03.2025;accepted
O002884;L0006006;V006;D007;19.09.2024;7800000;8,46;7139000;H;03.10.2024;accepted
O002885;L0006015;V029;D001;23.01.2025;3300000;8,9;3006000;H;06.02.2025;accepted
O002886;L0006018;V024;D007;18.02.2025;2650000;9,72;2392000;H;04.03.2025;rejected
O002887;L0006019;V027;D009;17.05.2025;3700000;3,3;3577000;E;31.05.2025;rejected
O002888;L0006020;V010;D002;20.05.2026;4600000;2,46;4486000;E;03.06.2026;rejected
O002889;L0006021;V022;D009;19.05.2026;9800000;8,65;8952000;H;02.06.2026;accepted
O002890;L0006022;V025;D004;15.06.2026;3050000;5,4;2885000;H;29.06.2026;rejected
O002891;L0006025;V008;D001;15.01.2026;4200000;6,74;3916000;H;29.01.2026;accepted
O002892;L0006027;V024;D001;22.08.2026;2650000;4,41;2533000;H;05.09.2026;open
O002893;L0006028;V008;D007;30.05.2026;4200000;10,31;3766000;E;13.06.2026;accepted
O002894;L0006029;V009;D006;03.08.2026;4900000;5,33;4638000;H;17.08.2026;expired
O002895;L0006033;V013;D005;14.08.2026;11200000;4,75;10667000;H;28.08.2026;open
O002896;L0006034;V029;D003;11.08.2025;3300000;2,68;3211000;H;25.08.2025;rejected
O002897;L0006036;V025;D003;18.07.2025;3050000;10,2;2738000;E;01.08.2025;accepted
O002898;L0006037;V036;D003;07.08.2026;14200000;4,26;13594000;H;21.08.2026;open
O002899;L0006040;V008;D002;16.07.2026;4200000;3,71;4044000;E;30.07.2026;accepted
O002900;L0006042;V018;D005;08.07.2026;4700000;7,11;4365000;E;22.07.2026;rejected
O002901;L0006043;V011;D001;14.03.2026;6400000;6,3;5996000;E;28.03.2026;rejected
O002902;L0006045;V009;D013;29.09.2025;4900000;5,32;4639000;H;13.10.2025;accepted
O002903;L0006046;V002;D008;15.06.2026;3900000;3,86;3749000;H;29.06.2026;rejected
O002904;L0006047;V034;D004;31.12.2024;6100000;0,58;6064000;E;14.01.2025;rejected
O002905;L0006049;V028;D004;15.06.2026;4000000;0,0;4000000;E;29.06.2026;accepted
O002906;L0006050;V016;D006;07.08.2026;5300000;3,03;5139000;E;21.08.2026;open
O002907;L0006051;V035;D006;03.02.2025;7900000;4,45;7548000;E;17.02.2025;accepted
O002908;L0006052;V020;D002;07.08.2026;6600000;0,0;6600000;E;21.08.2026;rejected
O002909;L0006054;V008;D014;11.12.2025;4200000;7,6;3880000;H;25.12.2025;accepted
O002910;L0006055;V017;D002;06.11.2025;4100000;2,91;3980000;E;20.11.2025;rejected
O002911;L0006056;V033;D008;23.06.2025;5400000;10,46;4835000;H;07.07.2025;accepted
O002912;L0006057;V012;D002;04.04.2025;7100000;3,76;6833000;H;18.04.2025;rejected
O002913;L0006058;V003;D002;27.09.2025;4650000;6,64;4341000;H;11.10.2025;rejected
O002914;L0006059;V016;D012;08.08.2026;5300000;5,6;5003000;E;22.08.2026;rejected
O002915;L0006060;V037;D004;11.04.2026;17500000;9,15;15898000;H;25.04.2026;accepted
O002916;L0006062;V017;D007;23.07.2025;4100000;5,1;3890000;H;06.08.2025;rejected
O002917;L0006065;V011;D010;30.05.2026;6400000;1,91;6277000;E;13.06.2026;rejected
O002918;L0006067;V010;D001;09.06.2025;4600000;2,82;4470000;H;23.06.2025;accepted
O002919;L0006068;V024;D004;25.04.2026;2650000;3,43;2559000;H;09.05.2026;rejected
O002920;L0006069;V038;D008;03.07.2026;22000000;2,43;21464000;E;17.07.2026;rejected
O002921;L0006070;V009;D005;10.12.2025;4900000;5,95;4608000;E;24.12.2025;rejected
O002922;L0006071;V001;D006;26.05.2025;3450000;5,25;3268000;E;09.06.2025;rejected
O002923;L0006072;V034;D014;28.05.2026;6100000;6,49;5704000;H;11.06.2026;rejected
O002924;L0006074;V032;D001;03.03.2025;6200000;0,0;6200000;E;17.03.2025;rejected
O002925;L0006076;V018;D001;16.12.2025;4700000;0,0;4700000;H;30.12.2025;accepted
O002926;L0006077;V017;D005;07.03.2026;4100000;5,95;3856000;H;21.03.2026;rejected
O002927;L0006078;V032;D014;14.11.2024;6200000;7,09;5760000;H;28.11.2024;rejected
O002928;L0006081;V002;D003;09.11.2024;3900000;2,2;3814000;H;23.11.2024;rejected
O002929;L0006083;V028;D011;10.07.2025;4000000;2,97;3881000;H;24.07.2025;accepted
O002930;L0006086;V025;D002;14.10.2025;3050000;4,44;2914000;E;28.10.2025;rejected
O002931;L0006087;V005;D003;27.05.2026;6900000;9,8;6223000;E;10.06.2026;rejected
O002932;L0006088;V019;D004;07.08.2026;4500000;7,29;4171000;E;21.08.2026;rejected
O002933;L0006090;V022;D004;01.06.2026;9800000;4,49;9360000;E;15.06.2026;accepted
O002934;L0006094;V010;D014;12.01.2026;4600000;5,45;4349000;E;26.01.2026;accepted
O002935;L0006095;V013;D002;16.01.2026;11200000;8,41;10257000;E;30.01.2026;rejected
O002936;L0006096;V019;D007;27.07.2026;4500000;5,64;4246000;E;10.08.2026;rejected
O002937;L0006098;V024;D002;02.04.2026;2650000;0,48;2637000;E;16.04.2026;accepted
O002938;L0006099;V020;D005;02.03.2026;6600000;6,99;6138000;H;16.03.2026;accepted
O002939;L0006102;V033;D005;30.06.2026;5400000;6,44;5052000;E;14.07.2026;accepted
O002940;L0006110;V023;D003;11.10.2025;15900000;9,11;14451000;H;25.10.2025;rejected
O002941;L0006112;V008;D001;14.01.2026;4200000;3,75;4042000;E;28.01.2026;accepted
O002942;L0006117;V032;D002;22.09.2025;6200000;4,18;5940000;H;06.10.2025;accepted
O002943;L0006118;V019;D001;08.06.2026;4500000;6,36;4213000;E;22.06.2026;rejected
O002944;L0006119;V012;D003;14.05.2026;7100000;5,4;6716000;H;28.05.2026;rejected
O002945;L0006121;V033;D005;26.05.2025;5400000;5,17;5120000;E;09.06.2025;rejected
O002946;L0006122;V028;D010;21.04.2026;4000000;6,66;3733000;E;05.05.2026;rejected
O002947;L0006123;V015;D003;27.05.2025;16800000;2,59;16364000;H;10.06.2025;accepted
O002948;L0006125;V009;D002;19.09.2024;4900000;1,82;4810000;E;03.10.2024;rejected
O002949;L0006126;V012;D003;13.08.2026;7100000;7,02;6601000;E;27.08.2026;rejected
O002950;L0006130;V030;D004;11.11.2025;11900000;6,71;11101000;E;25.11.2025;rejected
O002951;L0006131;V028;D004;16.02.2026;4000000;3,05;3878000;H;02.03.2026;accepted
O002952;L0006133;V018;D007;28.08.2025;4700000;3,17;4550000;H;11.09.2025;rejected
O002953;L0006138;V006;D006;24.12.2025;7800000;3,22;7548000;H;07.01.2026;rejected
O002954;L0006142;V008;D008;30.01.2026;4200000;2,23;4106000;E;13.02.2026;accepted
O002955;L0006145;V008;D001;21.03.2026;4200000;7,17;3898000;H;04.04.2026;accepted
O002956;L0006147;V021;D006;07.05.2025;7400000;5,1;;H;21.05.2025;rejected
O002957;L0006148;V018;D001;22.05.2026;4700000;5,91;4422000;E;05.06.2026;accepted
O002958;L0006149;V003;D002;13.12.2024;4650000;4,64;4434000;H;27.12.2024;accepted
O002959;L0006152;V021;D005;16.09.2024;7400000;7,95;6811000;H;30.09.2024;accepted
O002960;L0006154;V002;D008;26.12.2025;3900000;4,74;3715000;H;09.01.2026;rejected
O002961;L0006155;V029;D003;02.01.2026;3300000;0,15;3294000;E;16.01.2026;rejected
O002962;L0006156;V001;D005;18.04.2026;3450000;5,03;3276000;H;02.05.2026;rejected
O002963;L0006159;V009;D001;24.12.2024;4900000;8,07;4504000;E;07.01.2025;accepted
O002964;L0006160;V021;D013;10.02.2026;7400000;2,63;7205000;E;24.02.2026;rejected
O002965;L0006161;V028;D003;08.02.2025;4000000;7,88;3684000;E;22.02.2025;accepted
O002966;L0006162;V018;D002;30.10.2025;4700000;4,04;4510000;H;13.11.2025;rejected
O002967;L0006166;V029;D004;25.08.2025;3300000;0,78;3274000;E;08.09.2025;accepted
O002968;L0006167;V024;D002;15.07.2026;2650000;1,6;2607000;E;29.07.2026;rejected
O002969;L0006173;V025;D002;24.01.2026;3050000;0,0;3050000;H;07.02.2026;accepted
O002970;L0006174;V021;D008;24.02.2025;7400000;4,08;7098000;H;10.03.2025;rejected
O002971;L0006180;V025;D006;24.10.2024;3050000;2,57;2971000;H;07.11.2024;rejected
O002972;L0006184;V024;D007;15.07.2026;2650000;1,29;2615000;H;29.07.2026;accepted
O002973;L0006186;V021;D004;25.02.2026;7400000;7,18;6868000;E;11.03.2026;rejected
O002974;L0006192;V026;D003;22.05.2026;2900000;2,23;2835000;E;05.06.2026;accepted
O002975;L0006195;V027;D008;11.05.2026;3700000;2,4;3611000;H;25.05.2026;rejected
O002976;L0006198;V001;D007;05.11.2024;3450000;1,08;3412000;E;19.11.2024;rejected
O002977;L0006203;V022;D004;28.04.2026;9800000;1,33;9669000;E;12.05.2026;accepted
O002978;L0006204;V016;D005;03.06.2026;5300000;5,45;5011000;H;17.06.2026;accepted
O002979;L0006205;V032;D007;07.05.2025;6200000;4,76;5905000;E;21.05.2025;rejected
O002980;L0006208;V035;D005;02.04.2026;7900000;6,98;7348000;H;16.04.2026;accepted
O002981;L0006209;V028;D009;13.06.2026;4000000;6,33;3746000;E;27.06.2026;rejected
O002982;L0006211;V029;D003;19.11.2025;3300000;3,77;3175000;H;03.12.2025;rejected
O002983;L0006212;V012;D004;19.04.2025;7100000;6,53;6636000;H;03.05.2025;rejected
O002984;L0006213;V019;D004;03.08.2026;4500000;4,23;4309000;E;17.08.2026;accepted
O002985;L0006214;V017;D005;17.11.2025;4100000;8,09;3768000;H;01.12.2025;rejected
O002986;L0006217;V034;D003;14.08.2026;6100000;3,21;5903000;H;28.08.2026;expired
O002987;L0006223;V017;D004;27.08.2025;4100000;5,78;3862000;H;10.09.2025;accepted
O002988;L0006225;V009;D006;27.09.2025;4900000;0,09;4895000;E;11.10.2025;accepted
O002989;L0006226;V019;D002;29.05.2026;4500000;7,39;4167000;E;12.06.2026;rejected
O002990;L0006227;V024;D004;08.03.2025;2650000;4,67;2526000;E;22.03.2025;accepted
O002991;L0006235;V032;D006;26.02.2026;6200000;4,3;5933000;E;12.03.2026;rejected
O002992;L0006236;V024;D002;08.07.2025;2650000;4,74;2524000;E;22.07.2025;rejected
O002993;L0006237;V027;D007;12.08.2026;3700000;1,52;3643000;H;26.08.2026;rejected
O002994;L0006238;V009;D009;30.09.2025;4900000;2,54;4775000;E;14.10.2025;rejected
O002995;L0006239;V009;D003;09.05.2026;4900000;0,82;4859000;H;23.05.2026;rejected
O002996;L0006244;V034;D004;16.07.2026;6100000;3,59;5881000;E;30.07.2026;rejected
O002997;L0006245;V028;D001;12.08.2025;4000000;2,09;3916000;H;26.08.2025;accepted
O002998;L0006248;V020;D001;22.03.2025;6600000;4,52;6301000;H;05.04.2025;rejected
O002999;L0006249;V027;D002;26.09.2025;3700000;5,81;3485000;E;10.10.2025;rejected
O003000;L0006252;V002;D002;02.12.2025;3900000;3,14;3777000;H;16.12.2025;accepted
O003001;L0006253;V003;D004;04.11.2024;4650000;4,83;4425000;E;18.11.2024;rejected
O003002;L0006255;V017;D004;17.12.2025;4100000;2,55;3995000;E;31.12.2025;rejected
O003003;L0006257;V008;D003;19.05.2026;4200000;4,83;3996000;E;02.06.2026;rejected
O003004;L0006258;V028;D005;12.08.2026;4000000;4,34;3826000;H;26.08.2026;rejected
O003005;L0006259;V031;D007;25.02.2026;10800000;3,3;10443000;E;11.03.2026;rejected
O003006;L0006260;V007;D007;02.07.2026;14500000;6,36;13577000;E;16.07.2026;rejected
O003007;L0006261;V011;D004;08.09.2025;6400000;0,0;6400000;E;22.09.2025;rejected
O003008;L0006265;V018;D003;30.12.2025;4700000;1,42;4633000;E;13.01.2026;rejected
O003009;L0006266;V017;D004;10.09.2025;4100000;7,75;3782000;H;24.09.2025;rejected
O003010;L0006269;V007;D014;12.09.2025;14500000;0,0;14500000;H;26.09.2025;rejected
O003011;L0006272;V024;D002;16.06.2025;2650000;2,34;2587000;E;30.06.2025;rejected
O003012;L0006280;V018;D001;11.08.2025;4700000;8,1;4319000;H;25.08.2025;accepted
O003013;L0006281;V004;D013;10.08.2026;5100000;8,65;4658000;H;24.08.2026;rejected
O003014;L0006286;V026;D010;03.11.2025;2900000;9,0;2638000;H;17.11.2025;accepted
O003015;L0006288;V019;D009;09.03.2026;4500000;4,2;4311000;H;23.03.2026;accepted
O003016;L0006289;V032;D005;20.02.2026;6200000;7,38;5742000;E;06.03.2026;accepted
O003017;L0006293;V037;D010;18.11.2024;17500000;3,46;16893000;E;02.12.2024;rejected
O003018;L0006295;V008;D003;07.01.2025;4200000;2,59;4091000;E;21.01.2025;accepted
O003019;L0006297;V025;D008;30.03.2026;3050000;3,65;2938000;H;13.04.2026;rejected
O003020;L0006300;V026;D003;11.10.2025;2900000;2,18;2836000;E;25.10.2025;accepted
O003021;L0006302;V010;D002;23.03.2026;4600000;6,03;4322000;H;06.04.2026;accepted
O003022;L0006306;V017;D001;11.05.2026;4100000;3,43;3959000;H;25.05.2026;rejected
O003023;L0006307;V001;D006;24.08.2026;3450000;4,16;3306000;H;07.09.2026;rejected
O003024;L0006311;V017;D006;17.03.2025;4100000;4,84;3901000;E;31.03.2025;rejected
O003025;L0006313;V024;D002;29.11.2025;2650000;3,85;2547000;H;13.12.2025;accepted
O003026;L0006315;V003;D007;20.12.2024;4650000;4,65;4433000;H;03.01.2025;rejected
O003027;L0006317;V002;D001;30.12.2024;3900000;4,43;3727000;E;13.01.2025;rejected
O003028;L0006318;V031;D005;02.10.2025;10800000;2,24;10558000;H;16.10.2025;rejected
O003029;L0006321;V008;D001;14.07.2026;4200000;1,58;4133000;H;28.07.2026;rejected
O003030;L0006325;V032;D001;10.01.2025;6200000;3,21;6000000;E;24.01.2025;rejected
O003031;L0006330;V021;D001;26.03.2026;7400000;8,19;6793000;H;09.04.2026;rejected
O003032;L0006333;V036;D002;05.05.2025;14200000;1,83;13940000;H;19.05.2025;rejected
O003033;L0006335;V025;D004;17.08.2026;3050000;0,5;3034000;E;31.08.2026;accepted
O003034;L0006336;V036;D001;07.05.2026;14200000;2,97;13777000;E;21.05.2026;rejected
O003035;L0006338;V024;D006;11.09.2025;2650000;8,04;2436000;E;25.09.2025;accepted
O003036;L0006339;V008;D011;23.02.2026;4200000;5,61;3964000;E;09.03.2026;rejected
O003037;L0006343;V003;D006;30.04.2026;4650000;5,47;4395000;H;14.05.2026;rejected
O003038;L0006344;V008;D010;12.04.2025;4200000;4,03;4030000;H;26.04.2025;accepted
O003039;L0006346;V025;D003;06.07.2026;3050000;4,0;2928000;E;20.07.2026;accepted
O003040;L0006347;V018;D004;06.07.2026;4700000;2,71;4572000;E;20.07.2026;rejected
O003041;L0006348;V029;D013;21.05.2026;3300000;6,15;3097000;H;04.06.2026;rejected
O003042;L0006349;V027;D010;01.08.2026;3700000;4,66;3527000;H;15.08.2026;rejected
O003043;L0006351;V020;D012;05.08.2026;6600000;5,42;6242000;H;19.08.2026;open
O003044;L0006352;V028;D004;28.05.2026;4000000;6,42;3743000;H;11.06.2026;accepted
O003045;L0006353;V024;D002;27.04.2026;2650000;1,93;2598000;E;11.05.2026;accepted
O003046;L0006355;V026;D007;26.09.2025;2900000;5,69;2734000;H;10.10.2025;rejected
O003047;L0006357;V018;D010;21.08.2026;4700000;6,96;4372000;H;04.09.2026;open
O003048;L0006358;V031;D013;22.11.2025;10800000;6,97;10046000;H;06.12.2025;rejected
O003049;L0006360;V026;D003;09.10.2024;2900000;4,19;2778000;H;23.10.2024;rejected
O003050;L0006364;V026;D007;18.06.2026;2900000;4,26;2776000;E;02.07.2026;rejected
O003051;L0006366;V005;D012;21.01.2026;6900000;2,54;6724000;E;04.02.2026;accepted
O003052;L0006370;V002;D010;19.09.2024;3900000;5,98;3666000;H;03.10.2024;rejected
O003053;L0006372;V029;D010;18.05.2026;3300000;5,1;3131000;H;01.06.2026;accepted
O003054;L0006374;V002;D002;28.08.2025;3900000;5,61;3681000;H;11.09.2025;rejected
O003055;L0006376;V009;D003;23.09.2024;4900000;6,44;4584000;H;07.10.2024;rejected
O003056;L0006380;V018;D010;22.07.2026;4700000;0,83;4661000;H;05.08.2026;rejected
O003057;L0006383;V019;D001;20.11.2024;4500000;5,29;4261000;H;04.12.2024;rejected
O003058;L0006384;V028;D004;04.11.2024;4000000;0,28;3988000;E;18.11.2024;rejected
O003059;L0006385;V035;D004;20.08.2025;7900000;5,54;7462000;H;03.09.2025;rejected
O003060;L0006386;V035;D008;11.12.2025;7900000;2,12;7732000;E;25.12.2025;rejected
O003061;L0006387;V025;D002;10.03.2025;3050000;2,6;2970000;H;24.03.2025;rejected
O003062;L0006389;V009;D001;16.02.2026;4900000;4,54;4677000;H;02.03.2026;rejected
O003063;L0006392;V010;D002;20.10.2025;4600000;6,38;4306000;E;03.11.2025;rejected
O003064;L0006393;V004;D003;11.08.2026;5100000;1,93;5001000;H;25.08.2026;open
O003065;L0006394;V008;D003;09.04.2026;4200000;4,65;4004000;E;23.04.2026;accepted
O003066;L0006395;V027;D008;14.01.2026;3700000;8,56;3383000;H;28.01.2026;accepted
O003067;L0006398;V011;D003;20.11.2025;6400000;5,81;6028000;H;04.12.2025;rejected
O003068;L0006402;V019;D003;22.04.2025;4500000;7,67;4154000;H;06.05.2025;rejected
O003069;L0006403;V019;D014;11.03.2025;4500000;4,03;4318000;E;25.03.2025;rejected
O003070;L0006409;V019;D002;24.03.2026;4500000;2,95;4367000;H;07.04.2026;rejected
O003071;L0006410;V009;D001;18.11.2024;4900000;7,09;4552000;H;02.12.2024;accepted
O003072;L0006414;V019;D009;02.07.2025;4500000;2,71;4378000;H;16.07.2025;rejected
O003073;L0006415;V025;D002;25.12.2025;3050000;1,43;3006000;H;08.01.2026;rejected
O003074;L0006416;V022;D008;20.06.2026;9800000;3,48;9458000;H;04.07.2026;rejected
O003075;L0006417;V026;D002;12.05.2026;2900000;2,56;2825000;H;26.05.2026;rejected
O003076;L0006419;V017;D011;22.07.2026;4100000;1,94;4020000;H;05.08.2026;accepted
O003077;L0006420;V003;D003;01.09.2025;4650000;4,4;4445000;E;15.09.2025;rejected
O003078;L0006422;V032;D006;19.01.2026;6200000;5,41;5864000;H;02.02.2026;accepted
O003079;L0006425;V007;D007;25.05.2026;14500000;6,37;13576000;H;08.06.2026;rejected
O003080;L0006427;V029;D006;24.11.2025;3300000;6,64;3080000;H;08.12.2025;rejected
O003081;L0006428;V026;D007;22.09.2025;2900000;8,34;2658000;E;06.10.2025;rejected
O003082;L0006429;V027;D008;08.06.2026;3700000;3,21;3581000;H;22.06.2026;rejected
O003083;L0006430;V025;D003;30.09.2025;3050000;1,0;3019000;H;14.10.2025;rejected
O003084;L0006434;V027;D011;23.07.2025;3700000;8,24;3395000;H;06.08.2025;rejected
O003085;L0006435;V016;D004;12.12.2025;5300000;5,19;5024000;H;26.12.2025;accepted
O003086;L0006439;V028;D014;30.07.2026;4000000;5,01;3799000;E;13.08.2026;rejected
O003087;L0006441;V025;D009;22.12.2025;3050000;4,45;2914000;E;05.01.2026;accepted
O003088;L0006442;V003;D007;11.07.2025;4650000;5,13;4411000;H;25.07.2025;accepted
O003089;L0006443;V017;D007;27.02.2026;4100000;7,06;3810000;E;13.03.2026;accepted
O003090;L0006444;V008;D001;26.06.2026;4200000;4,02;;E;10.07.2026;accepted
O003091;L0006447;V017;D004;24.07.2026;4100000;7,42;3795000;E;07.08.2026;accepted
O003092;L0006450;V021;D003;09.05.2026;7400000;1,1;7318000;E;23.05.2026;rejected
O003093;L0006454;V002;D002;20.04.2026;3900000;5,8;3673000;H;04.05.2026;accepted
O003094;L0006455;V028;D009;16.10.2025;4000000;5,89;3764000;E;30.10.2025;rejected
O003095;L0006456;V002;D008;04.12.2025;3900000;8,51;3567000;H;18.12.2025;rejected
O003096;L0006457;V029;D001;03.06.2025;3300000;6,26;3093000;H;17.06.2025;accepted
O003097;L0006466;V018;D004;16.11.2024;4700000;7,5;4347000;H;30.11.2024;rejected
O003098;L0006467;V007;D002;27.02.2026;14500000;4,8;13803000;H;13.03.2026;rejected
O003099;L0006469;V029;D013;11.09.2025;3300000;6,4;3088000;H;25.09.2025;rejected
O003100;L0006477;V017;D001;13.06.2025;4100000;8,67;3744000;H;27.06.2025;rejected
O003101;L0006478;V027;D013;11.05.2026;3700000;2,07;3623000;H;25.05.2026;rejected
O003102;L0006483;V001;D003;12.06.2026;3450000;5,46;3261000;E;26.06.2026;rejected
O003103;L0006485;V028;D012;02.07.2026;4000000;3,46;3861000;H;16.07.2026;rejected
O003104;L0006492;V020;D008;02.07.2026;6600000;4,31;6315000;H;16.07.2026;rejected
O003105;L0006494;V032;D001;23.01.2026;6200000;9,73;5597000;E;06.02.2026;rejected
O003106;L0006501;V026;D002;14.05.2026;2900000;7,58;2680000;E;28.05.2026;accepted
O003107;L0006502;V031;D003;29.08.2026;10800000;3,54;10418000;H;12.09.2026;open
O003108;L0006505;V034;D010;28.04.2026;6100000;3,33;5896000;H;12.05.2026;rejected
O003109;L0006506;V017;D003;20.08.2026;4100000;1,88;4022000;H;03.09.2026;rejected
O003110;L0006510;V024;D007;20.11.2025;2650000;3,96;2545000;E;04.12.2025;accepted
O003111;L0006513;V026;D001;09.02.2026;2900000;0,0;2900000;H;23.02.2026;rejected
O003112;L0006514;V026;D003;26.12.2024;2900000;4,13;2780000;H;09.01.2025;rejected
O003113;L0006515;V012;D002;25.05.2026;7100000;6,82;6615000;H;08.06.2026;accepted
O003114;L0006516;V026;D007;10.04.2026;2900000;6,24;2719000;H;24.04.2026;rejected
O003115;L0006517;V025;D012;12.01.2026;3050000;6,58;2849000;E;26.01.2026;rejected
O003116;L0006518;V009;D001;18.10.2025;4900000;7,41;4536000;H;01.11.2025;accepted
O003117;L0006520;V027;D001;22.05.2025;3700000;8,12;3399000;E;05.06.2025;accepted
O003118;L0006522;V037;D001;04.07.2026;17500000;4,94;16635000;E;18.07.2026;rejected
O003119;L0006524;V036;D003;20.07.2026;14200000;7,43;13145000;H;03.08.2026;rejected
O003120;L0006525;V035;D013;25.08.2025;7900000;3,35;7635000;H;08.09.2025;rejected
O003121;L0006526;V008;D002;16.03.2026;4200000;4,95;3992000;E;30.03.2026;accepted
O003122;L0006528;V002;D006;26.05.2026;3900000;0,0;3900000;E;09.06.2026;accepted
O003123;L0006531;V018;D003;08.01.2025;4700000;4,42;4492000;H;22.01.2025;rejected
O003124;L0006532;V010;D002;20.02.2026;4600000;4,0;4415000;H;06.03.2026;accepted
O003125;L0006533;V013;D009;11.02.2026;11200000;6,65;10454000;H;25.02.2026;rejected
O003126;L0006534;V027;D001;07.10.2024;3700000;5,01;3514000;E;21.10.2024;rejected
O003127;L0006536;V024;D004;15.06.2026;2650000;0,47;2637000;H;29.06.2026;accepted
O003128;L0006538;V004;D002;24.08.2026;5100000;4,37;4876000;H;07.09.2026;open
O003129;L0006539;V012;D007;24.08.2026;7100000;3,35;6862000;E;07.09.2026;open
O003130;L0006540;V027;D009;09.05.2025;3700000;5,39;3500000;H;23.05.2025;rejected
O003131;L0006541;V019;D002;04.05.2026;4500000;4,78;4284000;E;18.05.2026;rejected
O003132;L0006544;V020;D002;09.04.2026;6600000;0,0;6600000;E;23.04.2026;accepted
O003133;L0006545;V011;D009;24.02.2026;6400000;3,59;6170000;H;10.03.2026;rejected
O003134;L0006546;V026;D005;27.05.2025;2900000;2,34;2832000;H;10.06.2025;accepted
O003135;L0006547;V021;D002;13.09.2025;7400000;2,32;7228000;E;27.09.2025;accepted
O003136;L0006551;V022;D006;04.02.2026;9800000;3,81;9426000;H;18.02.2026;rejected
O003137;L0006558;V033;D003;30.04.2026;5400000;3,92;5188000;E;14.05.2026;rejected
O003138;L0006562;V017;D001;07.03.2026;4100000;5,52;3873000;E;21.03.2026;rejected
O003139;L0006570;V002;D009;13.05.2026;3900000;7,55;3605000;E;27.05.2026;accepted
O003140;L0006571;V010;D010;19.08.2026;4600000;0,0;4600000;H;02.09.2026;rejected
O003141;L0006577;V011;D003;23.03.2026;6400000;6,82;5963000;E;06.04.2026;accepted
O003142;L0006578;V027;D001;24.09.2025;3700000;4,29;3541000;E;08.10.2025;accepted
O003143;L0006579;V030;D007;27.01.2026;11900000;4,29;11389000;H;10.02.2026;accepted
O003144;L0006580;V018;D001;19.12.2025;4700000;0,0;4700000;E;02.01.2026;accepted
O003145;L0006581;V028;D006;22.09.2025;4000000;0,0;4000000;H;06.10.2025;accepted
O003146;L0006583;V001;D003;18.07.2026;3450000;3,22;3338000;H;01.08.2026;accepted
O003147;L0006584;V010;D004;17.04.2025;4600000;6,57;4297000;H;01.05.2025;rejected
O003148;L0006591;V018;D009;25.02.2026;4700000;3,01;4558000;H;11.03.2026;rejected
O003149;L0006593;V022;D001;02.05.2025;9800000;4,02;9406000;E;16.05.2025;accepted
O003150;L0006595;V022;D002;03.03.2026;9800000;1,88;9615000;E;17.03.2026;rejected
O003151;L0006596;V027;D010;31.12.2025;3700000;5,8;3485000;E;14.01.2026;rejected
O003152;L0006597;V017;D009;15.10.2025;4100000;3,2;3968000;E;29.10.2025;rejected
O003153;L0006598;V018;D008;04.02.2026;4700000;6,72;4384000;E;18.02.2026;rejected
O003154;L0006599;V019;D002;24.02.2026;4500000;4,47;4299000;H;10.03.2026;rejected
O003155;L0006600;V018;D007;14.03.2025;4700000;6,47;4395000;E;28.03.2025;rejected
O003156;L0006603;V001;D001;16.03.2026;3450000;8,52;3156000;H;30.03.2026;rejected
O003157;L0006604;V025;D003;27.10.2025;3050000;6,02;2866000;H;10.11.2025;accepted
O003158;L0006607;V001;D003;07.04.2025;3450000;0,82;3421000;E;21.04.2025;rejected
O003159;L0006610;V027;D002;18.11.2025;3700000;2,27;3615000;E;02.12.2025;rejected
O003160;L0006613;V017;D007;10.06.2026;4100000;3,85;3942000;H;24.06.2026;rejected
O003161;L0006616;V027;D004;28.10.2024;3700000;3,98;3552000;E;11.11.2024;rejected
O003162;L0006617;V001;D002;25.08.2025;3450000;4,82;3283000;H;08.09.2025;rejected
O003163;L0006619;V028;D001;03.07.2025;4000000;0,0;4000000;E;17.07.2025;accepted
O003164;L0006620;V033;D001;08.06.2026;5400000;3,2;5227000;H;22.06.2026;accepted
O003165;L0006621;V020;D008;20.02.2025;6600000;3,63;6360000;H;06.03.2025;rejected
O003166;L0006622;V003;D003;24.12.2025;4650000;6,61;4342000;H;07.01.2026;rejected
O003167;L0006624;V026;D001;08.01.2026;2900000;4,61;2766000;H;22.01.2026;rejected
O003168;L0006625;V027;D001;13.12.2024;3700000;4,77;3523000;E;27.12.2024;rejected
O003169;L0006626;V031;D004;14.07.2025;10800000;4,24;10342000;H;28.07.2025;accepted
O003170;L0006627;V020;D009;16.10.2025;6600000;6,78;6152000;E;30.10.2025;accepted
O003171;L0006628;V009;D005;29.01.2026;4900000;3,58;4724000;E;12.02.2026;accepted
O003172;L0006632;V024;D012;15.06.2026;2650000;4,78;2523000;E;29.06.2026;rejected
O003173;L0006633;V011;D009;17.08.2026;6400000;3,74;6160000;E;31.08.2026;accepted
O003174;L0006634;V028;D004;31.03.2026;4000000;3,71;3851000;E;14.04.2026;accepted
O003175;L0006635;V026;D009;24.01.2026;2900000;6,55;2709000;H;07.02.2026;rejected
O003176;L0006636;V027;D008;27.12.2024;3700000;9,02;3366000;H;10.01.2025;accepted
O003177;L0006637;V001;D014;21.08.2025;3450000;3,82;3318000;H;04.09.2025;rejected
O003178;L0006641;V027;D005;20.12.2025;3700000;5,91;3481000;E;03.01.2026;rejected
O003179;L0006643;V002;D004;13.10.2025;3900000;3,07;3780000;H;27.10.2025;accepted
O003180;L0006646;V013;D005;29.12.2025;11200000;1,18;11068000;E;12.01.2026;accepted
O003181;L0006647;V019;D002;30.04.2025;4500000;2,81;;E;14.05.2025;accepted
O003182;L0006648;V016;D013;23.10.2024;5300000;6,63;4948000;E;06.11.2024;rejected
O003183;L0006650;V025;D012;30.03.2026;3050000;4,11;2924000;H;13.04.2026;rejected
O003184;L0006651;V009;D007;22.01.2025;4900000;5,88;4611000;H;05.02.2025;rejected
O003185;L0006652;V026;D011;17.08.2026;2900000;6,0;2726000;E;31.08.2026;expired
O003186;L0006654;V010;D003;30.04.2025;4600000;0,94;4556000;E;14.05.2025;rejected
O003187;L0006657;V009;D002;23.06.2026;4900000;4,29;4689000;E;07.07.2026;accepted
O003188;L0006658;V010;D006;16.10.2024;4600000;3,4;4443000;H;30.10.2024;rejected
O003189;L0006659;V020;D008;05.08.2026;6600000;3,67;6358000;H;19.08.2026;rejected
O003190;L0006660;V034;D005;10.01.2026;6100000;5,67;5754000;E;24.01.2026;accepted
O003191;L0006669;V017;D009;15.06.2026;4100000;2,91;3980000;E;29.06.2026;accepted
O003192;L0006671;V026;D004;10.10.2025;2900000;4,75;2762000;H;24.10.2025;rejected
O003193;L0006675;V002;D010;09.04.2026;3900000;0,48;3881000;E;23.04.2026;accepted
O003194;L0006678;V025;D006;04.04.2026;3050000;4,43;2914000;H;18.04.2026;accepted
O003195;L0006679;V033;D001;14.05.2025;5400000;8,99;4914000;H;28.05.2025;accepted
O003196;L0006680;V009;D002;27.03.2025;4900000;6,45;4583000;H;10.04.2025;accepted
O003197;L0006682;V005;D010;06.02.2026;6900000;3,59;6652000;E;20.02.2026;accepted
O003198;L0006684;V018;D013;01.05.2026;4700000;2,57;4579000;E;15.05.2026;rejected
O003199;L0006685;V009;D001;18.08.2026;4900000;3,17;4744000;E;01.09.2026;rejected
O003200;L0006686;V025;D005;19.01.2026;3050000;0,0;3050000;E;02.02.2026;accepted
O003201;L0006688;V026;D007;04.02.2026;2900000;4,16;2779000;H;18.02.2026;rejected
O003202;L0006690;V024;D001;28.04.2026;2650000;8,77;2417000;H;12.05.2026;rejected
O003203;L0006692;V028;D001;10.06.2025;4000000;5,26;3789000;H;24.06.2025;rejected
O003204;L0006693;V032;D003;17.10.2024;6200000;3,34;5993000;H;31.10.2024;rejected
O003205;L0006694;V021;D005;02.07.2026;7400000;2,76;7195000;E;16.07.2026;rejected
O003206;L0006695;V032;D001;01.04.2026;6200000;3,76;5966000;H;15.04.2026;rejected
O003207;L0006696;V012;D004;11.11.2024;7100000;4,87;6753000;H;25.11.2024;accepted
O003208;L0006697;V019;D003;26.09.2025;4500000;3,35;4349000;E;10.10.2025;rejected
O003209;L0006698;V024;D001;27.08.2026;2650000;5,53;2503000;H;10.09.2026;expired
O003210;L0006702;V017;D010;03.01.2025;4100000;8,52;3750000;H;17.01.2025;rejected
O003211;L0006704;V010;D001;10.04.2026;4600000;6,08;4320000;H;24.04.2026;rejected
O003212;L0006705;V020;D007;25.09.2025;6600000;2,64;6425000;E;09.10.2025;rejected
O003213;L0006706;V008;D007;03.05.2025;4200000;5,93;3951000;H;17.05.2025;accepted
O003214;L0006707;V012;D001;15.05.2026;7100000;4,27;6796000;E;29.05.2026;accepted
O003215;L0006708;V025;D001;07.11.2024;3050000;6,28;2858000;E;21.11.2024;accepted
O003216;L0006710;V017;D007;15.08.2026;4100000;4,27;3924000;E;29.08.2026;accepted
O003217;L0006711;V033;D003;01.08.2025;5400000;3,11;5231000;E;15.08.2025;rejected
O003218;L0006712;V008;D009;13.01.2026;4200000;4,79;3998000;H;27.01.2026;rejected
O003219;L0006713;V025;D001;16.03.2026;3050000;6,58;2849000;H;30.03.2026;accepted
O003220;L0006718;V008;D001;12.08.2026;4200000;9,64;3795000;E;26.08.2026;rejected
O003221;L0006721;V010;D005;09.02.2026;4600000;3,14;4455000;E;23.02.2026;rejected
O003222;L0006723;V026;D007;25.08.2026;2900000;4,03;2783000;H;08.09.2026;open
O003223;L0006724;V029;D014;09.04.2026;3300000;1,03;3266000;H;23.04.2026;rejected
O003224;L0006726;V006;D004;25.09.2025;7800000;0,0;7800000;E;09.10.2025;rejected
O003225;L0006727;V018;D007;02.03.2026;4700000;3,81;4521000;E;16.03.2026;rejected
O003226;L0006728;V008;D002;23.08.2025;4200000;7,43;3888000;H;06.09.2025;accepted
O003227;L0006733;V004;D010;29.03.2025;5100000;3,94;4899000;E;12.04.2025;rejected
O003228;L0006734;V006;D003;26.11.2025;7800000;11,63;6892000;E;10.12.2025;rejected
O003229;L0006736;V028;D003;12.02.2025;4000000;2,22;;E;26.02.2025;rejected
O003230;L0006740;V019;D002;26.02.2026;4500000;2,46;4389000;H;12.03.2026;rejected
O003231;L0006743;V018;D008;01.04.2026;4700000;3,03;4557000;H;15.04.2026;rejected
O003232;L0006747;V017;D013;14.05.2026;4100000;3,45;3958000;E;28.05.2026;rejected
O003233;L0006748;V029;D001;23.10.2024;3300000;10,8;2943000;E;06.11.2024;rejected
O003234;L0006749;V020;D002;20.04.2026;6600000;4,32;6314000;E;04.05.2026;rejected
O003235;L0006751;V025;D002;09.06.2025;3050000;6,45;2853000;E;23.06.2025;rejected
O003236;L0006753;V004;D009;19.08.2026;5100000;9,33;4624000;H;02.09.2026;accepted
O003237;L0006754;V029;D010;14.05.2026;3300000;5,3;3124000;H;28.05.2026;rejected
O003238;L0006757;V018;D004;18.03.2026;4700000;6,1;4413000;E;01.04.2026;rejected
O003239;L0006758;V002;D013;26.08.2026;3900000;5,73;3676000;H;09.09.2026;open
O003240;L0006759;V008;D005;24.06.2026;4200000;6,53;3925000;H;08.07.2026;rejected
O003241;L0006761;V021;D004;19.12.2025;7400000;5,41;6999000;E;02.01.2026;rejected
O003242;L0006763;V033;D005;17.03.2026;5400000;5,14;5122000;E;31.03.2026;rejected
O003243;L0006764;V019;D007;02.01.2026;4500000;9,79;4059000;H;16.01.2026;accepted
O003244;L0006766;V017;D008;30.06.2026;4100000;0,26;4089000;E;14.07.2026;rejected
O003245;L0006770;V029;D004;31.07.2026;3300000;5,19;3128000;E;14.08.2026;accepted
O003246;L0006771;V005;D001;27.08.2026;6900000;3,94;6628000;E;10.09.2026;open
O003247;L0006772;V034;D009;15.12.2025;6100000;2,12;5970000;E;29.12.2025;accepted
O003248;L0006773;V038;D011;04.04.2026;22000000;1,07;21763000;E;18.04.2026;rejected
O003249;L0006775;V005;D001;21.06.2025;6900000;7,45;6386000;E;05.07.2025;rejected
O003250;L0006778;V002;D001;27.01.2025;3900000;7,08;3624000;E;10.02.2025;rejected
O003251;L0006781;V035;D014;29.08.2026;7900000;7,35;7319000;H;12.09.2026;open
O003252;L0006782;V026;D001;03.06.2026;2900000;4,47;2770000;E;17.06.2026;accepted
O003253;L0006783;V023;D002;16.02.2026;15900000;4,01;15263000;E;02.03.2026;rejected
O003254;L0006785;V018;D007;20.04.2026;4700000;6,21;4408000;H;04.05.2026;accepted
O003255;L0006786;V010;D009;14.04.2026;4600000;0,0;4600000;H;28.04.2026;rejected
O003256;L0006787;V032;D007;19.05.2025;6200000;1,75;6091000;H;02.06.2025;rejected
O003257;L0006789;V028;D009;09.07.2026;4000000;2,11;;H;23.07.2026;rejected
O003258;L0006790;V025;D004;25.04.2026;3050000;4,01;2927000;H;09.05.2026;accepted
O003259;L0006792;V001;D006;29.05.2026;3450000;0,0;3449000;E;12.06.2026;accepted
O003260;L0006796;V029;D002;06.11.2024;3300000;4,45;3153000;E;20.11.2024;rejected
O003261;L0006799;V011;D002;23.10.2024;6400000;5,92;6021000;E;06.11.2024;rejected
O003262;L0006800;V012;D002;09.07.2025;7100000;3,26;6868000;H;23.07.2025;rejected
O003263;L0006801;V010;D001;16.09.2024;4600000;1,6;4526000;E;30.09.2024;accepted
O003264;L0006802;V023;D014;21.02.2026;15900000;6,24;14907000;E;07.03.2026;rejected
O003265;L0006807;V024;D011;04.09.2025;2650000;5,12;2514000;H;18.09.2025;accepted
O003266;L0006810;V004;D007;11.09.2025;5100000;3,57;4917000;E;25.09.2025;rejected
O003267;L0006813;V027;D011;18.02.2026;3700000;5,56;3494000;H;04.03.2026;rejected
O003268;L0006818;V010;D003;09.12.2024;4600000;6,21;4314000;E;23.12.2024;rejected
O003269;L0006819;V027;D005;05.06.2025;3700000;4,68;3526000;E;19.06.2025;accepted
O003270;L0006820;V014;D005;14.06.2025;12300000;3,28;11897000;H;28.06.2025;rejected
O003271;L0006822;V018;D007;06.06.2026;4700000;1,69;4620000;E;20.06.2026;rejected
O003272;L0006825;V017;D009;10.08.2026;4100000;0,65;4073000;H;24.08.2026;rejected
O003273;L0006827;V025;D003;13.04.2026;3050000;7,74;2814000;H;27.04.2026;rejected
O003274;L0006832;V028;D004;11.02.2026;4000000;0,0;4000000;H;25.02.2026;rejected
O003275;L0006834;V033;D012;28.08.2025;5400000;6,75;5035000;H;11.09.2025;rejected
O003276;L0006837;V032;D004;14.05.2025;6200000;3,13;6005000;H;28.05.2025;rejected
O003277;L0006839;V029;D002;01.01.2025;3300000;3,72;3177000;E;15.01.2025;rejected
O003278;L0006842;V038;D007;16.09.2025;22000000;4,1;21098000;H;30.09.2025;rejected
O003279;L0006843;V010;D008;30.04.2026;4600000;2,38;4490000;H;14.05.2026;rejected
O003280;L0006844;V018;D002;14.03.2026;4700000;0,81;4662000;H;28.03.2026;rejected
O003281;L0006845;V012;D002;15.06.2026;7100000;2,93;6891000;H;29.06.2026;rejected
O003282;L0006847;V002;D002;24.11.2025;3900000;4,95;3706000;E;08.12.2025;rejected
O003283;L0006850;V025;D007;26.03.2025;3050000;3,59;2940000;H;09.04.2025;rejected
O003284;L0006851;V018;D005;03.07.2025;4700000;5,82;4426000;H;17.07.2025;accepted
O003285;L0006854;V030;D005;29.12.2025;11900000;3,43;11491000;H;12.01.2026;rejected
O003286;L0006856;V017;D002;18.05.2026;4100000;4,86;3900000;H;01.06.2026;rejected
O003287;L0006857;V029;D003;14.03.2026;3300000;6,05;3100000;H;28.03.2026;rejected
O003288;L0006858;V018;D005;23.05.2025;4700000;3,72;4525000;H;06.06.2025;rejected
O003289;L0006859;V008;D004;13.11.2025;4200000;3,08;4070000;H;27.11.2025;rejected
O003290;L0006860;V005;D003;07.11.2025;6900000;12,0;6072000;H;21.11.2025;accepted
O003291;L0006867;V024;D006;28.06.2025;2650000;6,42;2479000;H;12.07.2025;rejected
O003292;L0006868;V024;D002;17.04.2026;2650000;4,55;2529000;E;01.05.2026;rejected
O003293;L0006871;V026;D007;11.12.2025;2900000;2,45;2828000;H;25.12.2025;rejected
O003294;L0006874;V001;D005;09.10.2024;3450000;6,19;3236000;H;23.10.2024;accepted
O003295;L0006875;V002;D004;18.07.2026;3900000;4,75;3714000;E;01.08.2026;rejected
O003296;L0006876;V031;D005;09.07.2026;10800000;4,8;10281000;E;23.07.2026;accepted
O003297;L0006879;V009;D003;09.07.2025;4900000;9,33;4442000;H;23.07.2025;rejected
O003298;L0006880;V029;D007;01.04.2026;3300000;7,35;3057000;E;15.04.2026;accepted
O003299;L0006882;V017;D002;18.06.2025;4100000;8,08;3768000;H;02.07.2025;rejected
O003300;L0006886;V017;D007;04.05.2026;4100000;5,3;3882000;E;18.05.2026;accepted
O003301;L0006887;V010;D010;24.04.2026;4600000;10,2;;E;08.05.2026;rejected
O003302;L0006888;V008;D009;09.04.2026;4200000;0,0;4200000;H;23.04.2026;rejected
O003303;L0006889;V001;D002;23.01.2026;3450000;2,47;3364000;E;06.02.2026;rejected
O003304;L0006892;V011;D001;12.08.2026;6400000;1,82;6283000;H;26.08.2026;rejected
O003305;L0006893;V034;D003;29.08.2025;6100000;4,96;5797000;E;12.09.2025;accepted
O003306;L0006895;V010;D013;13.12.2024;4600000;3,73;4428000;H;27.12.2024;rejected
O003307;L0006902;V009;D006;29.08.2025;4900000;3,88;4710000;H;12.09.2025;rejected
O003308;L0006906;V018;D001;18.10.2025;4700000;6,74;4383000;E;01.11.2025;accepted
O003309;L0006907;V008;D003;11.05.2026;4200000;5,0;3990000;H;25.05.2026;rejected
O003310;L0006908;V030;D002;04.10.2025;11900000;6,03;11182000;E;18.10.2025;rejected
O003311;L0006909;V012;D005;04.06.2025;7100000;10,64;6344000;E;18.06.2025;rejected
O003312;L0006910;V014;D001;16.12.2025;12300000;7,86;11332000;E;30.12.2025;rejected
O003313;L0006911;V034;D008;10.11.2025;6100000;8,6;5575000;H;24.11.2025;rejected
O003314;L0006914;V005;D006;06.11.2025;6900000;3,94;6628000;H;20.11.2025;rejected
O003315;L0006920;V024;D002;19.04.2025;2650000;3,03;2569000;H;03.05.2025;accepted
O003316;L0006922;V029;D001;01.01.2025;3300000;4,25;3159000;H;15.01.2025;accepted
O003317;L0006923;V019;D008;17.08.2026;4500000;2,43;4390000;E;31.08.2026;rejected
O003318;L0006924;V029;D002;28.03.2026;3300000;3,38;3188000;E;11.04.2026;rejected
O003319;L0006926;V025;D004;15.07.2026;3050000;5,24;2890000;E;29.07.2026;accepted
O003320;L0006928;V034;D001;27.02.2026;6100000;6,9;5679000;H;13.03.2026;rejected
O003321;L0006929;V012;D008;23.03.2026;7100000;1,91;6964000;E;06.04.2026;rejected
O003322;L0006930;V032;D010;18.10.2025;6200000;0,0;6200000;H;01.11.2025;rejected
O003323;L0006932;V025;D006;27.10.2025;3050000;0,39;3038000;H;10.11.2025;accepted
O003324;L0006933;V001;D007;17.07.2026;3450000;4,68;3288000;E;31.07.2026;accepted
O003325;L0006935;V029;D001;11.10.2025;3300000;3,59;3181000;E;25.10.2025;rejected
O003326;L0006936;V026;D005;10.10.2025;2900000;4,87;2758000;H;24.10.2025;accepted
O003327;L0006937;V016;D003;25.07.2026;5300000;1,94;5197000;E;08.08.2026;accepted
O003328;L0006938;V007;D004;11.03.2026;14500000;3,69;13964000;E;25.03.2026;accepted
O003329;L0006940;V033;D010;13.08.2026;5400000;5,23;5117000;H;27.08.2026;rejected
O003330;L0006941;V001;D003;12.09.2025;3450000;2,78;3353000;E;26.09.2025;rejected
O003331;L0006947;V013;D001;21.10.2025;11200000;7,12;10402000;E;04.11.2025;rejected
O003332;L0006949;V011;D008;24.04.2025;6400000;4,44;6115000;H;08.05.2025;rejected
O003333;L0006950;V025;D002;16.02.2026;3050000;0,16;3045000;H;02.03.2026;accepted
O003334;L0006951;V018;D005;03.06.2026;4700000;2,95;4561000;H;17.06.2026;accepted
O003335;L0006953;V008;D008;15.09.2025;4200000;9,66;3794000;E;29.09.2025;rejected
O003336;L0006954;V032;D008;19.01.2026;6200000;3,48;5984000;H;02.02.2026;rejected
O003337;L0006956;V010;D004;23.04.2025;4600000;7,26;4265000;E;07.05.2025;rejected
O003338;L0006957;V003;D007;13.10.2025;4650000;6,47;4349000;E;27.10.2025;rejected
O003339;L0006958;V003;D009;20.10.2025;4650000;5,79;4380000;H;03.11.2025;rejected
O003340;L0006961;V021;D002;08.10.2025;7400000;7,08;6876000;E;22.10.2025;rejected
O003341;L0006962;V016;D001;20.08.2025;5300000;0,51;5272000;H;03.09.2025;accepted
O003342;L0006966;V027;D007;03.06.2026;3700000;4,17;3545000;E;17.06.2026;rejected
O003343;L0006968;V010;D009;09.01.2026;4600000;6,26;4312000;H;23.01.2026;accepted
O003344;L0006970;V029;D003;22.04.2025;3300000;8,01;3035000;H;06.05.2025;accepted
O003345;L0006972;V027;D003;26.05.2026;3700000;4,03;3550000;H;09.06.2026;rejected
O003346;L0006973;V028;D008;21.07.2025;4000000;4,99;3800000;H;04.08.2025;accepted
O003347;L0006974;V003;D010;08.05.2026;4650000;4,36;4447000;H;22.05.2026;accepted
O003348;L0006977;V026;D007;15.10.2024;2900000;0,93;2872000;H;29.10.2024;accepted
O003349;L0006978;V013;D014;04.05.2026;11200000;9,36;10151000;H;18.05.2026;rejected
O003350;L0006980;V033;D005;04.07.2026;5400000;4,58;5152000;E;18.07.2026;rejected
O003351;L0006986;V003;D001;23.01.2026;4650000;4,72;4430000;H;06.02.2026;rejected
O003352;L0006988;V025;D008;18.05.2026;3050000;6,59;2848000;E;01.06.2026;accepted
O003353;L0006991;V009;D007;09.10.2025;4900000;6,93;4560000;E;23.10.2025;rejected
O003354;L0006992;V017;D004;30.01.2026;4100000;2,28;4006000;E;13.02.2026;rejected
O003355;L0006995;V001;D003;01.05.2025;3450000;0,46;3434000;H;15.05.2025;rejected
O003356;L0006996;V004;D004;21.12.2024;5100000;8,76;4653000;H;04.01.2025;accepted
O003357;L0006999;V013;D009;05.07.2025;11200000;1,74;11004000;H;19.07.2025;rejected
O003358;L0007000;V029;D007;19.08.2025;3300000;6,95;3070000;H;02.09.2025;rejected
O003359;L0007008;V024;D011;06.06.2025;2650000;5,28;2510000;H;20.06.2025;rejected
O003360;L0007013;V026;D009;29.09.2025;2900000;3,74;2791000;H;13.10.2025;rejected
O003361;L0007014;V018;D006;04.05.2026;4700000;7,23;4360000;E;18.05.2026;rejected
O003362;L0007019;V001;D010;23.03.2026;3450000;3,8;3318000;H;06.04.2026;rejected
O003363;L0007021;V027;D007;18.06.2025;3700000;4,78;3523000;E;02.07.2025;rejected
O003364;L0007025;V034;D002;04.08.2026;6100000;9,72;5507000;H;18.08.2026;accepted
O003365;L0007029;V016;D005;12.02.2026;5300000;1,27;5232000;H;26.02.2026;rejected
O003366;L0007041;V014;D003;23.05.2026;12300000;3,92;11817000;E;06.06.2026;rejected
O003367;L0007043;V024;D003;02.04.2025;2650000;6,53;2476000;E;16.04.2025;rejected
O003368;L0007044;V028;D001;29.05.2026;4000000;3,39;3864000;E;12.06.2026;rejected
O003369;L0007045;V026;D007;15.08.2026;2900000;5,64;2736000;H;29.08.2026;accepted
O003370;L0007046;V025;D001;24.02.2026;3050000;0,0;3050000;E;10.03.2026;accepted
O003371;L0007047;V008;D007;18.11.2025;4200000;4,0;4031000;E;02.12.2025;accepted
O003372;L0007052;V001;D007;28.03.2025;3450000;4,4;3298000;H;11.04.2025;accepted
O003373;L0007055;V021;D002;24.04.2025;7400000;5,1;7022000;E;08.05.2025;rejected
O003374;L0007056;V020;D003;03.03.2026;6600000;2,58;6429000;H;17.03.2026;rejected
O003375;L0007058;V027;D006;17.01.2026;3700000;2,16;3620000;H;31.01.2026;rejected
O003376;L0007059;V009;D002;11.07.2025;4900000;8,03;4506000;H;25.07.2025;rejected
O003377;L0007060;V031;D005;05.01.2026;10800000;6,63;10083000;H;19.01.2026;rejected
O003378;L0007067;V017;D008;08.08.2026;4100000;4,8;3903000;E;22.08.2026;rejected
O003379;L0007068;V019;D003;24.08.2026;4500000;0,01;4499000;H;07.09.2026;rejected
O003380;L0007069;V021;D014;09.12.2024;7400000;9,27;6714000;H;23.12.2024;accepted
O003381;L0007073;V010;D007;15.12.2025;4600000;2,11;4502000;H;29.12.2025;rejected
O003382;L0007074;V012;D001;24.05.2025;7100000;0,82;7041000;H;07.06.2025;rejected
O003383;L0007076;V028;D004;05.11.2025;4000000;3,05;3878000;H;19.11.2025;accepted
O003384;L0007078;V019;D011;23.09.2025;4500000;5,08;4271000;H;07.10.2025;accepted
O003385;L0007079;V014;D003;23.10.2025;12300000;0,31;12261000;H;06.11.2025;rejected
O003386;L0007081;V004;D011;07.02.2026;5100000;4,33;4879000;E;21.02.2026;accepted
O003387;L0007085;V003;D006;29.10.2025;4650000;0,96;4605000;H;12.11.2025;rejected
O003388;L0007086;V006;D001;13.06.2026;7800000;5,18;7395000;H;27.06.2026;accepted
O003389;L0007091;V033;D001;12.12.2025;5400000;2,92;5242000;E;26.12.2025;rejected
O003390;L0007093;V024;D007;22.05.2026;2650000;2,87;2573000;H;05.06.2026;rejected
O003391;L0007097;V027;D005;10.07.2026;3700000;6,23;3469000;H;24.07.2026;rejected
O003392;L0007098;V012;D001;15.11.2025;7100000;1,91;6964000;H;29.11.2025;rejected
O003393;L0007099;V001;D001;13.12.2025;3450000;6,75;3217000;H;27.12.2025;accepted
O003394;L0007100;V026;D004;06.02.2026;2900000;8,9;2642000;H;20.02.2026;accepted
O003395;L0007104;V029;D005;18.08.2025;3300000;2,65;3212000;E;01.09.2025;rejected
O003396;L0007105;V018;D009;27.02.2026;4700000;4,4;4493000;E;13.03.2026;accepted
O003397;L0007106;V025;D003;29.01.2026;3050000;0,0;3050000;E;12.02.2026;rejected
O003398;L0007108;V017;D003;22.08.2026;4100000;6,11;3849000;E;05.09.2026;accepted
O003399;L0007109;V025;D004;18.10.2025;3050000;6,8;2842000;E;01.11.2025;rejected
O003400;L0007111;V007;D007;07.01.2026;14500000;6,24;13595000;H;21.01.2026;rejected
O003401;L0007112;V001;D001;06.06.2026;3450000;8,84;3145000;E;20.06.2026;accepted
O003402;L0007115;V003;D002;25.02.2026;4650000;4,08;4460000;H;11.03.2026;rejected
O003403;L0007116;V028;D007;01.05.2026;4000000;4,38;3824000;E;15.05.2026;rejected
O003404;L0007117;V026;D013;27.11.2025;2900000;5,74;2733000;H;11.12.2025;accepted
O003405;L0007118;V009;D006;15.05.2025;4900000;7,14;4549000;H;29.05.2025;rejected
O003406;L0007120;V018;D006;13.08.2025;4700000;2,18;4597000;E;27.08.2025;accepted
O003407;L0007121;V024;D004;23.09.2025;2650000;0,87;2627000;H;07.10.2025;rejected
O003408;L0007122;V017;D001;06.08.2026;4100000;3,36;3962000;H;20.08.2026;accepted
O003409;L0007123;V009;D007;02.10.2024;4900000;12,0;4312000;E;16.10.2024;accepted
O003410;L0007129;V027;D014;18.12.2025;3700000;3,01;3588000;E;01.01.2026;accepted
O003411;L0007132;V003;D009;27.12.2024;4650000;3,11;4505000;H;10.01.2025;rejected
O003412;L0007133;V020;D001;23.03.2026;6600000;5,02;6268000;E;06.04.2026;accepted
O003413;L0007134;V009;D009;10.03.2025;4900000;6,86;4563000;H;24.03.2025;rejected
O003414;L0007137;V026;D003;05.11.2025;2900000;0,0;2900000;H;19.11.2025;rejected
O003415;L0007139;V036;D001;11.08.2025;14200000;0,76;14091000;H;25.08.2025;rejected
O003416;L0007141;V025;D002;25.03.2025;3050000;4,77;2904000;E;08.04.2025;accepted
O003417;L0007144;V024;D002;03.06.2026;2650000;4,81;2522000;H;17.06.2026;rejected
O003418;L0007147;V020;D008;01.12.2025;6600000;6,7;6157000;H;15.12.2025;accepted
O003419;L0007148;V004;D009;05.01.2026;5100000;3,46;4923000;H;19.01.2026;accepted
O003420;L0007150;V032;D013;28.07.2026;6200000;4,24;5937000;E;11.08.2026;rejected
O003421;L0007153;V034;D005;05.12.2025;6100000;4,09;5850000;E;19.12.2025;rejected
O003422;L0007155;V008;D004;28.08.2026;4200000;0,88;4162000;E;11.09.2026;open
O003423;L0007156;V034;D004;23.04.2025;6100000;2,77;5931000;H;07.05.2025;rejected
O003424;L0007163;V029;D009;28.03.2026;3300000;3,46;3185000;E;11.04.2026;rejected
O003425;L0007165;V026;D006;03.08.2026;2900000;6,51;2711000;E;17.08.2026;rejected
O003426;L0007166;V017;D002;29.07.2026;4100000;4,99;3895000;E;12.08.2026;accepted
O003427;L0007170;V029;D013;09.10.2025;3300000;6,88;3073000;H;23.10.2025;rejected
O003428;L0007171;V001;D007;11.05.2026;3450000;8,93;3141000;E;25.05.2026;accepted
O003429;L0007173;V010;D007;13.12.2025;4600000;2,03;4506000;H;27.12.2025;rejected
O003430;L0007174;V027;D010;21.03.2026;3700000;3,66;3564000;E;04.04.2026;accepted
O003431;L0007176;V024;D004;05.08.2026;2650000;2,59;2581000;E;19.08.2026;accepted
O003432;L0007178;V028;D003;09.10.2025;4000000;150,0;3917000;E;23.10.2025;accepted
O003433;L0007179;V028;D008;23.03.2026;4000000;8,79;3648000;H;06.04.2026;accepted
O003434;L0007181;V026;D002;20.03.2026;2900000;3,56;2796000;E;03.04.2026;accepted
O003435;L0007184;V015;D001;03.11.2025;16800000;2,22;16427000;H;17.11.2025;accepted
O003436;L0007187;V016;D001;06.12.2025;5300000;5,28;5020000;E;20.12.2025;rejected
O003437;L0007188;V001;D014;19.06.2025;3450000;4,49;3294000;H;03.07.2025;rejected
O003438;L0007190;V009;D001;23.12.2024;4900000;5,68;4621000;H;06.01.2025;accepted
O003439;L0007192;V002;D007;21.06.2025;3900000;5,42;3688000;E;05.07.2025;accepted
O003440;L0007199;V017;D001;14.10.2025;4100000;4,69;3907000;E;28.10.2025;accepted
O003441;L0007202;V011;D009;06.08.2026;6400000;4,84;6090000;E;20.08.2026;rejected
O003442;L0007204;V034;D006;22.10.2025;6100000;0,92;6044000;E;05.11.2025;rejected
O003443;L0007205;V024;D012;13.06.2026;2650000;6,09;2488000;H;27.06.2026;rejected
O003444;L0007208;V034;D009;25.12.2024;6100000;2,65;5938000;H;08.01.2025;rejected
O003445;L0007209;V026;D014;22.11.2025;2900000;8,92;2641000;H;06.12.2025;rejected
O003446;L0007212;V017;D002;17.02.2026;4100000;4,38;3920000;H;03.03.2026;rejected
O003447;L0007213;V010;D003;10.04.2025;4600000;2,62;4479000;H;24.04.2025;rejected
O003448;L0007215;V028;D003;20.03.2026;4000000;6,66;3733000;H;03.04.2026;rejected
O003449;L0007216;V026;D006;10.08.2026;2900000;5,02;2754000;E;24.08.2026;rejected
O003450;L0007220;V009;D003;25.02.2025;4900000;8,26;4495000;E;11.03.2025;accepted
O003451;L0007221;V019;D012;09.02.2026;4500000;2,56;4384000;H;23.02.2026;accepted
O003452;L0007225;V024;D005;30.10.2024;2650000;4,4;2533000;H;13.11.2024;rejected
O003453;L0007228;V001;D004;18.03.2026;3450000;4,54;3293000;H;01.04.2026;rejected
O003454;L0007229;V021;D011;28.07.2025;7400000;1,43;7294000;H;11.08.2025;rejected
O003455;L0007230;V008;D005;10.03.2025;4200000;3,73;4043000;H;24.03.2025;rejected
O003456;L0007232;V018;D011;09.09.2025;4700000;8,15;4317000;H;23.09.2025;rejected
O003457;L0007234;V026;D006;24.11.2025;2900000;3,74;2791000;E;08.12.2025;rejected
O003458;L0007235;V024;D003;23.10.2024;2650000;5,15;2513000;H;06.11.2024;rejected
O003459;L0007236;V002;D003;13.08.2025;3900000;3,6;3759000;E;27.08.2025;rejected
O003460;L0007237;V025;D002;14.03.2026;3050000;6,43;2853000;E;28.03.2026;rejected
O003461;L0007239;V009;D003;24.12.2025;4900000;4,2;4693000;E;07.01.2026;accepted
O003462;L0007242;V011;D008;06.09.2025;6400000;7,03;5950000;E;20.09.2025;rejected
O003463;L0007243;V016;D004;01.12.2025;5300000;4,61;5055000;E;15.12.2025;rejected
O003464;L0007244;V034;D005;20.01.2025;6100000;0,0;6100000;H;03.02.2025;accepted
O003465;L0007250;V028;D005;30.06.2026;4000000;3,97;3841000;E;14.07.2026;accepted
O003466;L0007251;V024;D006;25.09.2025;2650000;2,89;2573000;E;09.10.2025;accepted
O003467;L0007252;V027;D001;29.12.2025;3700000;3,48;3571000;E;12.01.2026;rejected
O003468;L0007254;V017;D002;28.03.2025;4100000;0,57;4076000;E;11.04.2025;accepted
O003469;L0007259;V004;D008;23.06.2025;5100000;10,23;4578000;E;07.07.2025;accepted
O003470;L0007263;V017;D009;16.07.2025;4100000;5,82;3861000;E;30.07.2025;accepted
O003471;L0007264;V018;D001;28.01.2026;4700000;6,59;4390000;H;11.02.2026;rejected
O003472;L0007266;V028;D006;15.01.2026;4000000;99,0;3703000;E;29.01.2026;accepted
O003473;L0007271;V019;D014;12.12.2025;4500000;5,6;4247000;E;26.12.2025;accepted
O003474;L0007276;V031;D003;06.06.2025;10800000;6,97;10047000;H;20.06.2025;rejected
O003475;L0007277;V024;D004;30.04.2026;2650000;4,71;2525000;E;14.05.2026;accepted
O003476;L0007282;V030;D002;04.11.2025;11900000;5,75;11215000;H;18.11.2025;accepted
O003477;L0007284;V026;D001;10.11.2025;2900000;1,69;2851000;H;24.11.2025;rejected
O003478;L0007286;V029;D005;03.04.2026;3300000;0,58;3281000;H;17.04.2026;accepted
O003479;L0007287;V025;D014;12.08.2026;3050000;1,78;2995000;E;26.08.2026;expired
O003480;L0007288;V028;D006;08.04.2026;4000000;5,69;3772000;E;22.04.2026;rejected
O003481;L0007293;V033;D003;01.11.2025;5400000;2,44;5268000;E;15.11.2025;accepted
O003482;L0007294;V030;D003;21.07.2026;11900000;4,84;11324000;E;04.08.2026;rejected
O003483;L0007297;V001;D002;22.07.2026;3450000;5,17;3271000;H;05.08.2026;accepted
O003484;L0007299;V024;D005;27.09.2024;2650000;4,19;2538000;H;11.10.2024;accepted
O003485;L0007301;V034;D002;16.12.2025;6100000;4,05;5853000;E;30.12.2025;rejected
O003486;L0007304;V019;D004;19.12.2024;4500000;12,0;3960000;H;02.01.2025;rejected
O003487;L0007307;V033;D002;29.01.2026;5400000;5,81;5086000;H;12.02.2026;rejected
O003488;L0007318;V008;D010;07.03.2025;4200000;7,27;3894000;H;21.03.2025;rejected
O003489;L0007321;V008;D001;17.09.2025;4200000;5,83;3955000;H;01.10.2025;rejected
O003490;L0007324;V027;D005;12.03.2026;3700000;6,6;3455000;H;26.03.2026;rejected
O003491;L0007325;V028;D005;19.02.2025;4000000;0,0;4000000;E;05.03.2025;accepted
O003492;L0007326;V019;D008;05.01.2026;4500000;4,61;4292000;H;19.01.2026;accepted
O003493;L0007328;V026;D008;20.10.2025;2900000;6,19;2720000;H;03.11.2025;accepted
O003494;L0007329;V024;D005;22.11.2025;2650000;2,44;2585000;E;06.12.2025;accepted
O003495;L0007332;V027;D004;06.12.2024;3700000;5,5;3496000;E;20.12.2024;rejected
O003496;L0007333;V020;D008;07.03.2025;6600000;3,45;6372000;E;21.03.2025;rejected
O003497;L0007338;V008;D004;09.09.2025;4200000;3,63;4047000;E;23.09.2025;rejected
O003498;L0007339;V008;D005;21.12.2024;4200000;6,36;3932000;E;04.01.2025;rejected
O003499;L0007341;V019;D011;16.03.2026;4500000;4,54;4295000;E;30.03.2026;rejected
O003500;L0007346;V020;D004;14.09.2024;6600000;2,11;6460000;E;28.09.2024;accepted
O003501;L0007347;V006;D010;03.01.2026;7800000;1,95;7647000;H;17.01.2026;rejected
O003502;L0007349;V002;D006;12.01.2026;3900000;2,91;3786000;H;26.01.2026;rejected
O003503;L0007352;V011;D003;06.10.2025;6400000;5,94;6019000;H;20.10.2025;rejected
O003504;L0007353;V027;D007;26.06.2025;3700000;6,76;3449000;H;10.07.2025;rejected
O003505;L0007354;V024;D007;03.11.2025;2650000;1,68;2605000;E;17.11.2025;rejected
O003506;L0007360;V020;D005;27.11.2025;6600000;5,99;6204000;H;11.12.2025;accepted
O003507;L0007361;V032;D003;09.07.2026;6200000;7,45;5738000;E;23.07.2026;rejected
O003508;L0007362;V027;D001;16.06.2026;3700000;6,73;3450000;E;30.06.2026;accepted
O003509;L0007363;V011;D001;27.02.2025;6400000;4,16;6133000;H;13.03.2025;rejected
O003510;L0007367;V029;D014;06.01.2026;3300000;7,12;3065000;E;20.01.2026;rejected
O003511;L0007369;V029;D007;04.03.2026;3300000;2,77;3208000;H;18.03.2026;rejected
O003512;L0007370;V024;D001;29.11.2025;2650000;8,42;2426000;E;13.12.2025;rejected
O003513;L0007372;V024;D009;23.05.2026;2650000;5,0;2517000;H;06.06.2026;rejected
O003514;L0007374;V036;D006;10.01.2025;14200000;4,66;13538000;H;24.01.2025;rejected
O003515;L0007376;V010;D008;26.09.2025;4600000;0,0;4600000;E;10.10.2025;accepted
O003516;L0007377;V028;D012;26.09.2025;4000000;2,93;;H;10.10.2025;accepted
O003517;L0007378;V028;D004;28.11.2025;4000000;7,26;3709000;E;12.12.2025;accepted
O003518;L0007379;V024;D010;09.08.2025;2650000;8,67;2420000;H;23.08.2025;accepted
O003519;L0007380;V019;D002;26.12.2024;4500000;9,02;4093000;H;09.01.2025;accepted
O003520;L0007381;V027;D012;05.05.2025;3700000;7,07;3438000;E;19.05.2025;rejected
O003521;L0007389;V017;D004;13.12.2025;4100000;7,34;3799000;E;27.12.2025;rejected
O003522;L0007390;V037;D004;21.04.2025;17500000;2,21;17113000;H;05.05.2025;rejected
O003523;L0007393;V027;D001;28.08.2026;3700000;2,4;3611000;H;11.09.2026;expired
O003524;L0007394;V008;D005;04.08.2025;4200000;8,54;3841000;E;18.08.2025;accepted
O003525;L0007396;V014;D011;23.12.2025;12300000;5,76;11590000;E;06.01.2026;accepted
O003526;L0007399;V018;D009;15.05.2025;4700000;1,93;4609000;H;29.05.2025;rejected
O003527;L0007403;V016;D006;13.02.2026;5300000;1,7;5209000;H;27.02.2026;rejected
O003528;L0007404;V008;D004;22.08.2026;4200000;5,85;3954000;E;05.09.2026;accepted
O003529;L0007405;V028;D006;03.10.2025;4000000;1,6;3936000;H;17.10.2025;rejected
O003530;L0007410;V024;D003;05.11.2025;2650000;0,0;2650000;H;19.11.2025;rejected
O003531;L0007411;V008;D002;18.06.2025;4200000;3,77;4041000;E;02.07.2025;rejected
O003532;L0007412;V015;D007;13.10.2025;16800000;4,03;16123000;H;27.10.2025;rejected
O003533;L0007414;V026;D009;12.11.2025;2900000;6,31;2716000;H;26.11.2025;rejected
O003534;L0007417;V034;D009;31.12.2024;6100000;6,87;5680000;H;14.01.2025;accepted
O003535;L0007420;V017;D004;06.01.2025;4100000;3,41;3960000;H;20.01.2025;rejected
O003536;L0007423;V001;D001;13.01.2025;3450000;7,8;3181000;H;27.01.2025;rejected
O003537;L0007424;V018;D001;04.10.2024;4700000;4,62;4482000;E;18.10.2024;rejected
O003538;L0007426;V032;D003;26.11.2025;6200000;5,59;5853000;H;10.12.2025;rejected
O003539;L0007427;V017;D003;14.07.2026;4100000;0,7;4071000;H;28.07.2026;rejected
O003540;L0007432;V006;D012;11.05.2026;7800000;6,89;7262000;H;25.05.2026;rejected
O003541;L0007433;V029;D014;20.08.2026;3300000;1,58;3247000;H;03.09.2026;expired
O003542;L0007438;V013;D007;13.11.2025;11200000;4,45;10701000;H;27.11.2025;accepted
O003543;L0007440;V034;D002;28.03.2025;6100000;3,72;5873000;H;11.04.2025;accepted
O003544;L0007442;V024;D002;07.07.2026;2650000;8,95;2412000;H;21.07.2026;rejected
O003545;L0007445;V027;D007;15.02.2025;3700000;1,88;3630000;H;01.03.2025;rejected
O003546;L0007447;V031;D013;03.03.2026;10800000;3,81;10388000;H;17.03.2026;rejected
O003547;L0007448;V024;D004;02.02.2026;2650000;2,89;2573000;E;16.02.2026;accepted
O003548;L0007451;V017;D004;12.08.2026;4100000;9,69;3702000;H;26.08.2026;open
O003549;L0007452;V013;D005;19.11.2025;11200000;8,95;10197000;E;03.12.2025;rejected
O003550;L0007453;V016;D002;26.08.2026;5300000;6,05;4979000;E;09.09.2026;open
O003551;L0007455;V002;D004;12.10.2024;3900000;2,79;3791000;E;26.10.2024;rejected
O003552;L0007456;V001;D011;27.03.2025;3450000;3,99;3312000;H;10.04.2025;rejected
O003553;L0007457;V033;D010;10.11.2025;5400000;0,99;5346000;H;24.11.2025;rejected
O003554;L0007458;V002;D002;25.06.2026;3900000;6,86;3632000;H;09.07.2026;rejected
O003555;L0007459;V020;D002;26.03.2026;6600000;6,07;6199000;E;09.04.2026;accepted
O003556;L0007464;V008;D006;14.04.2025;4200000;9,78;3789000;H;28.04.2025;rejected
O003557;L0007467;V016;D001;19.03.2026;5300000;2,8;5151000;E;02.04.2026;accepted
O003558;L0007468;V024;D003;21.10.2025;2650000;5,73;2498000;E;04.11.2025;accepted
O003559;L0007470;V027;D001;28.07.2025;3700000;9,79;3337000;E;11.08.2025;rejected
O003560;L0007472;V028;D011;25.11.2025;4000000;4,5;3820000;H;09.12.2025;accepted
O003561;L0007473;V009;D004;04.08.2025;4900000;2,71;4766000;E;18.08.2025;rejected
O003562;L0007475;V002;D003;13.07.2026;3900000;9,07;3546000;H;27.07.2026;rejected
O003563;L0007476;V024;D006;23.02.2026;2650000;5,64;2500000;E;09.03.2026;accepted
O003564;L0007477;V024;D002;08.07.2026;2650000;6,32;2482000;H;22.07.2026;rejected
O003565;L0007478;V025;D003;11.08.2025;3050000;5,22;2890000;E;25.08.2025;accepted
O003566;L0007479;V036;D002;08.04.2026;14200000;5,02;13486000;E;22.04.2026;rejected
O003567;L0007482;V029;D008;19.06.2025;3300000;8,42;3022000;H;03.07.2025;rejected
O003568;L0007484;V024;D007;21.08.2026;2650000;7,64;2447000;H;04.09.2026;accepted
O003569;L0007485;V031;D007;13.05.2025;10800000;5,7;10183000;E;27.05.2025;accepted
O003570;L0007486;V002;D014;18.05.2026;3900000;7,19;3619000;E;01.06.2026;rejected
O003571;L0007487;V018;D002;04.06.2025;4700000;7,73;4336000;H;18.06.2025;rejected
O003572;L0007488;V035;D008;13.12.2025;7900000;5,94;7430000;E;27.12.2025;rejected
O003573;L0007489;V028;D010;06.01.2026;4000000;6,15;3753000;H;20.01.2026;rejected
O003574;L0007490;V001;D012;25.04.2026;3450000;4,26;3302000;H;09.05.2026;rejected
O003575;L0007492;V021;D002;18.03.2025;7400000;1,84;7263000;E;01.04.2025;rejected
O003576;L0007494;V024;D004;21.05.2025;2650000;5,2;2512000;H;04.06.2025;rejected
O003577;L0007498;V008;D004;03.10.2025;4200000;5,98;3948000;E;17.10.2025;rejected
O003578;L0007499;V024;D001;03.11.2025;2650000;1,55;2608000;E;17.11.2025;rejected
O003579;L0007500;V029;D005;23.05.2025;3300000;5,99;3102000;H;06.06.2025;rejected
O003580;L0007502;V005;D001;03.07.2025;6900000;3,26;6675000;H;17.07.2025;accepted
O003581;L0007503;V024;D010;20.05.2026;2650000;7,59;2448000;E;03.06.2026;rejected
O003582;L0007504;V016;D001;30.07.2026;5300000;5,1;5029000;E;13.08.2026;expired
O003583;L0007506;V024;D003;31.12.2025;2650000;6,59;2475000;H;14.01.2026;accepted
O003584;L0007507;V008;D006;11.10.2025;4200000;1,65;4130000;H;25.10.2025;accepted
O003585;L0007511;V009;D010;20.10.2025;4900000;4,47;4681000;E;03.11.2025;accepted
O003586;L0007514;V035;D004;18.05.2026;7900000;7,67;7293000;H;01.06.2026;accepted
O003587;L0007517;V027;D003;22.09.2025;3700000;3,41;3573000;E;06.10.2025;rejected
O003588;L0007518;V020;D002;25.01.2025;6600000;1,96;6470000;H;08.02.2025;rejected
O003589;L0007521;V003;D006;11.04.2026;4650000;5,13;4411000;H;25.04.2026;rejected
O003590;L0007524;V010;D007;13.04.2026;4600000;6,44;4303000;H;27.04.2026;rejected
O003591;L0007526;V005;D004;04.11.2024;6900000;0,88;6839000;E;18.11.2024;accepted
O003592;L0007527;V027;D006;03.12.2025;3700000;3,9;3555000;E;17.12.2025;rejected
O003593;L0007528;V032;D012;04.05.2026;6200000;7,06;5762000;H;18.05.2026;rejected
O003594;L0007532;V008;D009;21.07.2025;4200000;6,13;3942000;E;04.08.2025;accepted
O003595;L0007533;V033;D002;10.07.2025;5400000;5,32;5112000;H;24.07.2025;rejected
O003596;L0007535;V029;D001;06.01.2025;3300000;3,9;3171000;E;20.01.2025;accepted
O003597;L0007537;V020;D001;20.10.2025;6600000;5,97;6206000;H;03.11.2025;rejected
O003598;L0007540;V010;D006;23.11.2024;4600000;7,45;4257000;E;07.12.2024;accepted
O003599;L0007543;V027;D007;18.03.2026;3700000;0,0;3700000;H;01.04.2026;rejected
O003600;L0007544;V035;D001;22.12.2025;7900000;3,2;7647000;E;05.01.2026;rejected
O003601;L0007545;V009;D004;17.03.2026;4900000;0,21;4889000;H;31.03.2026;accepted
O003602;L0007547;V038;D013;06.08.2026;22000000;5,72;20742000;E;20.08.2026;rejected
O003603;L0007548;V034;D001;15.08.2026;6100000;6,08;5729000;E;29.08.2026;rejected
O003604;L0007550;V026;D011;16.04.2026;2900000;5,21;2748000;E;30.04.2026;accepted
O003605;L0007551;V016;D003;04.08.2025;5300000;9,07;4819000;E;18.08.2025;rejected
O003606;L0007552;V020;D001;26.06.2026;6600000;3,46;6371000;E;10.07.2026;accepted
O003607;L0007553;V032;D012;31.12.2024;6200000;2,91;6019000;H;14.01.2025;rejected
O003608;L0007557;V006;D009;20.10.2025;7800000;6,71;7276000;H;03.11.2025;accepted
O003609;L0007560;V003;D005;06.01.2025;4650000;2,52;4532000;E;20.01.2025;rejected
O003610;L0007562;V033;D004;17.04.2026;5400000;6,77;5034000;E;01.05.2026;rejected
O003611;L0007564;V027;D007;23.12.2025;3700000;5,66;;H;06.01.2026;accepted
O003612;L0007566;V011;D002;01.05.2026;6400000;2,8;6220000;E;15.05.2026;rejected
O003613;L0007568;V016;D007;14.10.2025;5300000;4,95;5037000;H;28.10.2025;rejected
O003614;L0007570;V031;D008;05.01.2026;10800000;3,02;10474000;H;19.01.2026;rejected
O003615;L0007573;V027;D003;19.06.2026;3700000;4,82;3521000;H;03.07.2026;rejected
O003616;L0007574;V024;D004;14.05.2026;2650000;3,13;2566000;H;28.05.2026;rejected
O003617;L0007577;V003;D003;28.02.2026;4650000;5,94;4373000;E;14.03.2026;accepted
O003618;L0007578;V008;D004;15.09.2025;4200000;7,94;3866000;H;29.09.2025;rejected
O003619;L0007579;V034;D003;08.11.2024;6100000;4,02;5854000;E;22.11.2024;rejected
O003620;L0007582;V002;D013;08.03.2025;3900000;9,94;3512000;H;22.03.2025;accepted
O003621;L0007584;V024;D006;18.03.2026;2650000;6,32;2482000;H;01.04.2026;accepted
O003622;L0007586;V023;D007;02.06.2026;15900000;4,85;15129000;E;16.06.2026;accepted
O003623;L0007590;V003;D005;13.03.2026;4650000;2,76;4521000;E;27.03.2026;accepted
O003624;L0007594;V003;D006;23.10.2025;4650000;1,54;4578000;E;06.11.2025;accepted
O003625;L0007595;V026;D001;16.05.2026;2900000;8,27;2660000;H;30.05.2026;accepted
O003626;L0007597;V009;D005;29.06.2026;4900000;7,29;4542000;E;13.07.2026;accepted
O003627;L0007600;V001;D004;04.03.2026;3450000;4,13;3307000;H;18.03.2026;accepted
O003628;L0007601;V012;D004;27.12.2025;7100000;3,95;6819000;H;10.01.2026;rejected
O003629;L0007602;V025;D004;02.06.2025;3050000;5,85;2871000;E;16.06.2025;rejected
O003630;L0007604;V036;D007;27.06.2025;14200000;6,97;13210000;E;11.07.2025;rejected
O003631;L0007606;V018;D008;22.06.2026;4700000;5,94;4421000;E;06.07.2026;rejected
O003632;L0007607;V033;D003;23.06.2025;5400000;9,45;4889000;H;07.07.2025;rejected
O003633;L0007618;V024;D007;05.08.2026;2650000;9,68;2393000;H;19.08.2026;open
O003634;L0007619;V027;D011;17.04.2026;3700000;3,06;3586000;E;01.05.2026;rejected
O003635;L0007620;V028;D013;27.08.2026;4000000;5,05;3797000;E;10.09.2026;open
O003636;L0007622;V032;D008;19.02.2026;6200000;2,12;6068000;H;05.03.2026;rejected
O003637;L0007625;V024;D001;06.02.2026;2650000;4,01;2543000;E;20.02.2026;rejected
O003638;L0007629;V018;D006;03.09.2025;4700000;4,53;4486000;H;17.09.2025;rejected
O003639;L0007632;V013;D003;14.11.2024;11200000;6,31;10493000;H;28.11.2024;rejected
O003640;L0007634;V004;D010;30.03.2026;5100000;3,89;4901000;H;13.04.2026;rejected
O003641;L0007638;V005;D014;02.01.2026;6900000;7,07;6412000;H;16.01.2026;rejected
O003642;L0007641;V017;D007;12.08.2025;4100000;2,85;3983000;H;26.08.2025;accepted
O003643;L0007642;V022;D001;13.08.2025;9800000;3,64;9443000;E;27.08.2025;accepted
O003644;L0007643;V005;D002;01.04.2026;6900000;5,77;6501000;H;15.04.2026;rejected
O003645;L0007644;V019;D001;06.10.2025;4500000;1,73;4422000;E;20.10.2025;rejected
O003646;L0007646;V020;D007;29.09.2025;6600000;2,29;6449000;E;13.10.2025;rejected
O003647;L0007649;V002;D001;02.07.2026;3900000;6,77;3635000;H;16.07.2026;accepted
O003648;L0007652;V036;D009;04.04.2026;14200000;5,98;13350000;E;18.04.2026;rejected
O003649;L0007653;V011;D013;01.05.2025;6400000;4,32;6123000;E;15.05.2025;rejected
O003650;L0007654;V021;D001;14.08.2026;7400000;2,66;7202000;E;28.08.2026;rejected
O003651;L0007657;V024;D002;07.07.2025;2650000;5,84;2495000;E;21.07.2025;accepted
O003652;L0007659;V002;D004;22.11.2025;3900000;9,83;3516000;E;06.12.2025;rejected
O003653;L0007661;V035;D003;12.03.2026;7900000;0,0;7900000;E;26.03.2026;rejected
O003654;L0007662;V026;D003;29.11.2025;2900000;4,46;2770000;H;13.12.2025;rejected
O003655;L0007665;V001;D003;29.06.2026;3450000;9,85;3110000;E;13.07.2026;rejected
O003656;L0007669;V028;D012;12.02.2026;4000000;3,27;3869000;E;26.02.2026;rejected
O003657;L0007670;V017;D001;26.01.2026;4100000;6,6;3829000;E;09.02.2026;rejected
O003658;L0007672;V010;D002;18.08.2025;4600000;1,33;4539000;H;01.09.2025;accepted
O003659;L0007673;V018;D005;26.09.2024;4700000;2,32;4590000;E;10.10.2024;accepted
O003660;L0007674;V004;D001;22.04.2026;5100000;1,51;5022000;H;06.05.2026;accepted
O003661;L0007675;V008;D002;15.12.2025;4200000;0,52;4178000;H;29.12.2025;accepted
O003662;L0007677;V025;D012;12.06.2026;3050000;6,38;2855000;H;26.06.2026;accepted
O003663;L0007679;V019;D004;21.10.2024;4500000;7,39;4167000;H;04.11.2024;rejected
O003664;L0007682;V010;D009;02.02.2026;4600000;8,0;4232000;E;16.02.2026;rejected
O003665;L0007683;V033;D013;20.12.2025;5400000;3,52;5209000;E;03.01.2026;rejected
O003666;L0007687;V033;D003;08.05.2026;5400000;10,03;4858000;E;22.05.2026;accepted
O003667;L0007690;V003;D003;05.08.2025;4650000;6,71;4338000;E;19.08.2025;accepted
O003668;L0007692;V018;D008;21.03.2026;4700000;4,33;4496000;H;04.04.2026;accepted
O003669;L0007696;V015;D006;19.09.2024;16800000;2,98;16299000;E;03.10.2024;accepted
O003670;L0007697;V026;D003;03.12.2024;2900000;3,68;2793000;E;17.12.2024;rejected
O003671;L0007698;V029;D014;25.11.2025;3300000;8,37;3023000;H;09.12.2025;accepted
O003672;L0007699;V017;D009;25.08.2026;4100000;5,57;3871000;E;08.09.2026;open
O003673;L0007704;V026;D001;25.10.2025;2900000;4,5;2769000;H;08.11.2025;accepted
O003674;L0007705;V001;D006;04.10.2025;3450000;3,93;3314000;E;18.10.2025;accepted
O003675;L0007707;V017;D004;12.12.2025;4100000;6,86;3818000;H;26.12.2025;rejected
O003676;L0007712;V037;D006;08.03.2025;17500000;0,57;17400000;H;22.03.2025;rejected
O003677;L0007713;V019;D004;30.06.2025;4500000;6,2;4220000;H;14.07.2025;rejected
O003678;L0007714;V026;D009;25.06.2025;2900000;3,38;2802000;E;09.07.2025;rejected
O003679;L0007715;V028;D003;24.06.2026;4000000;2,38;3904000;H;08.07.2026;accepted
O003680;L0007718;V017;D003;02.06.2025;4100000;6,11;3849000;E;16.06.2025;rejected
O003681;L0007720;V016;D005;27.02.2025;5300000;0,69;5263000;H;13.03.2025;accepted
O003682;L0007721;V020;D009;09.05.2026;6600000;2,41;6441000;E;23.05.2026;accepted
O003683;L0007722;V024;D007;23.03.2026;2650000;3,02;2569000;E;06.04.2026;accepted
O003684;L0007723;V034;D002;06.04.2026;6100000;7,29;5655000;H;20.04.2026;rejected
O003685;L0007726;V036;D001;22.01.2025;14200000;2,42;13855000;E;05.02.2025;rejected
O003686;L0007730;V026;D002;24.05.2025;2900000;2,55;2826000;H;07.06.2025;accepted
O003687;L0007731;V021;D006;13.06.2026;7400000;4,32;7080000;E;27.06.2026;accepted
O003688;L0007733;V027;D014;16.07.2025;3700000;1,49;3644000;E;30.07.2025;rejected
O003689;L0007735;V001;D004;10.01.2025;3450000;5,43;3262000;H;24.01.2025;rejected
O003690;L0007738;V002;D004;25.12.2025;3900000;6,91;3630000;H;08.01.2026;accepted
O003691;L0007740;V019;D001;24.03.2026;4500000;4,18;4311000;H;07.04.2026;accepted
O003692;L0007741;V025;D001;21.07.2026;3050000;5,3;2888000;E;04.08.2026;accepted
O003693;L0007743;V001;D009;12.06.2026;3450000;3,44;3331000;E;26.06.2026;rejected
O003694;L0007744;V027;D007;02.06.2025;3700000;4,02;3551000;H;16.06.2025;accepted
O003695;L0007745;V029;D014;15.05.2026;3300000;4,55;3149000;H;29.05.2026;accepted
O003696;L0007746;V025;D011;01.08.2025;3050000;7,83;2811000;H;15.08.2025;rejected
O003697;L0007748;V019;D003;29.01.2026;4500000;5,53;4250000;E;12.02.2026;accepted
O003698;L0007749;V026;D003;15.12.2025;2900000;3,3;2804000;H;29.12.2025;accepted
O003699;L0007750;V018;D002;09.06.2025;4700000;6,93;4374000;H;23.06.2025;accepted
O003700;L0007755;V020;D009;07.10.2025;6600000;5,13;6261000;H;21.10.2025;rejected
O003701;L0007756;V037;D005;27.03.2025;17500000;3,41;16903000;H;10.04.2025;rejected
O003702;L0007766;V017;D007;27.08.2026;4100000;1,99;4018000;H;10.09.2026;open
O003703;L0007768;V002;D013;26.11.2024;3900000;5,75;3675000;H;10.12.2024;rejected
O003704;L0007777;V024;D001;24.08.2026;2650000;8,02;2437000;E;07.09.2026;expired
O003705;L0007778;V010;D007;19.01.2026;4600000;1,82;4516000;E;02.02.2026;accepted
O003706;L0007781;V019;D001;29.05.2025;4500000;5,9;4234000;E;12.06.2025;accepted
O003707;L0007783;V009;D003;26.01.2026;4900000;6,64;4574000;H;09.02.2026;rejected
O003708;L0007785;V026;D003;04.09.2025;2900000;6,46;2712000;H;18.09.2025;rejected
O003709;L0007787;V010;D001;13.10.2025;4600000;4,25;4404000;E;27.10.2025;rejected
O003710;L0007788;V006;D010;15.05.2026;7800000;8,74;7118000;E;29.05.2026;accepted
O003711;L0007791;V014;D008;04.08.2026;12300000;7,87;11332000;E;18.08.2026;rejected
O003712;L0007796;V029;D002;11.08.2026;3300000;6,09;3098000;H;25.08.2026;rejected
O003713;L0007799;V017;D009;07.01.2025;4100000;7,22;3804000;E;21.01.2025;accepted
O003714;L0007804;V001;D005;17.02.2025;3450000;5,95;3244000;H;03.03.2025;accepted
O003715;L0007806;V019;D013;24.06.2026;4500000;0,93;4458000;E;08.07.2026;accepted
O003716;L0007807;V020;D010;21.10.2024;6600000;9,31;5985000;E;04.11.2024;rejected
O003717;L0007812;V028;D002;06.07.2026;4000000;6,57;3737000;H;20.07.2026;accepted
O003718;L0007815;V035;D005;12.12.2025;7900000;5,8;7441000;H;26.12.2025;rejected
O003719;L0007817;V026;D013;09.04.2026;2900000;4,95;2756000;H;23.04.2026;accepted
O003720;L0007821;V027;D001;04.11.2025;3700000;8,8;3374000;E;18.11.2025;rejected
O003721;L0007824;V011;D007;14.05.2026;6400000;4,28;6126000;H;28.05.2026;rejected
O003722;L0007825;V017;D002;06.08.2025;4100000;4,7;3907000;E;20.08.2025;rejected
O003723;L0007827;V025;D008;04.09.2025;3050000;6,28;2858000;E;18.09.2025;rejected
O003724;L0007828;V029;D005;03.02.2026;3300000;3,97;3168000;H;17.02.2026;accepted
O003725;L0007829;V009;D003;06.11.2024;4900000;2,82;4761000;E;20.11.2024;accepted
O003726;L0007831;V031;D014;15.06.2026;10800000;1,04;10687000;E;29.06.2026;rejected
O003727;L0007834;V027;D003;08.06.2026;3700000;5,04;3513000;E;22.06.2026;rejected
O003728;L0007835;V025;D008;06.03.2026;3050000;8,18;2800000;E;20.03.2026;rejected
O003729;L0007836;V028;D007;27.04.2026;4000000;4,22;3831000;H;11.05.2026;rejected
O003730;L0007840;V019;D004;14.04.2025;4500000;3,22;4355000;E;28.04.2025;rejected
O003731;L0007841;V010;D011;18.08.2025;4600000;5,26;4358000;E;01.09.2025;rejected
O003732;L0007842;V008;D005;21.07.2025;4200000;4,55;4008000;H;04.08.2025;rejected
O003733;L0007843;V024;D010;05.12.2024;2650000;3,53;2556000;E;19.12.2024;rejected
O003734;L0007845;V003;D005;17.07.2025;4650000;7,97;4279000;E;31.07.2025;rejected
O003735;L0007846;V017;D007;20.08.2026;4100000;4,8;3903000;E;03.09.2026;accepted
O003736;L0007847;V005;D013;28.02.2025;6900000;5,79;6500000;H;14.03.2025;rejected
O003737;L0007848;V038;D003;06.02.2026;22000000;2,75;21395000;H;20.02.2026;accepted
O003738;L0007851;V028;D004;14.07.2026;4000000;9,42;3623000;H;28.07.2026;accepted
O003739;L0007858;V008;D009;27.04.2026;4200000;6,53;3925000;H;11.05.2026;rejected
O003740;L0007860;V017;D009;06.01.2026;4100000;4,82;3902000;E;20.01.2026;accepted
O003741;L0007861;V001;D001;22.10.2024;3450000;6,84;3214000;H;05.11.2024;rejected
O003742;L0007862;V019;D001;13.11.2025;4500000;1,99;4410000;E;27.11.2025;accepted
O003743;L0007865;V027;D003;30.06.2025;3700000;6,34;3465000;E;14.07.2025;accepted
O003744;L0007868;V011;D005;03.12.2025;6400000;5,78;6030000;H;17.12.2025;rejected
O003745;L0007870;V011;D001;06.08.2025;6400000;4,75;6095000;H;20.08.2025;accepted
O003746;L0007874;V009;D003;11.02.2025;4900000;0,0;4900000;H;25.02.2025;rejected
O003747;L0007882;V031;D003;18.12.2025;10800000;5,62;10192000;H;01.01.2026;rejected
O003748;L0007883;V003;D003;17.08.2026;4650000;4,72;4430000;E;31.08.2026;rejected
O003749;L0007885;V011;D008;23.03.2026;6400000;2,65;6230000;H;06.04.2026;rejected
O003750;L0007894;V026;D009;02.01.2026;2900000;5,21;2748000;H;16.01.2026;rejected
O003751;L0007895;V023;D003;18.04.2025;15900000;7,12;14768000;H;02.05.2025;rejected
O003752;L0007900;V016;D010;03.11.2025;5300000;5,03;5033000;E;17.11.2025;accepted
O003753;L0007903;V011;D011;06.02.2025;6400000;5,35;6057000;E;20.02.2025;rejected
O003754;L0007906;V020;D007;07.07.2025;6600000;2,23;6452000;E;21.07.2025;rejected
O003755;L0007908;V029;D009;20.05.2025;3300000;5,49;3118000;E;03.06.2025;rejected
O003756;L0007910;V008;D003;01.06.2026;4200000;2,41;4098000;H;15.06.2026;accepted
O003757;L0007912;V008;D002;30.12.2024;4200000;5,31;3976000;E;13.01.2025;accepted
O003758;L0007916;V033;D007;04.06.2026;5400000;7,35;5003000;H;18.06.2026;accepted
O003759;L0007917;V001;D006;28.03.2026;3450000;3,77;3320000;H;11.04.2026;rejected
O003760;L0007919;V027;D014;27.12.2025;3700000;2,19;3618000;H;10.01.2026;rejected
O003761;L0007922;V002;D008;23.12.2024;3900000;8,19;3580000;H;06.01.2025;accepted
O003762;L0007923;V028;D004;01.05.2025;4000000;5,88;3764000;H;15.05.2025;accepted
O003763;L0007924;V012;D009;01.09.2025;7100000;6,82;6615000;H;15.09.2025;rejected
O003764;L0007926;V032;D002;16.04.2026;6200000;6,93;5770000;E;30.04.2026;accepted
O003765;L0007927;V020;D001;12.05.2025;6600000;2,5;6435000;E;26.05.2025;accepted
O003766;L0007928;V028;D002;28.03.2025;4000000;1,88;3924000;E;11.04.2025;rejected
O003767;L0007929;V010;D007;04.05.2026;4600000;5,87;4330000;H;18.05.2026;accepted
O003768;L0007930;V005;D001;30.12.2024;6900000;7,54;6379000;H;13.01.2025;accepted
O003769;L0007933;V008;D012;26.02.2025;4200000;0,0;4200000;E;12.03.2025;rejected
O003770;L0007934;V034;D001;28.01.2026;6100000;2,76;5931000;H;11.02.2026;accepted
O003771;L0007936;V026;D001;19.06.2026;2900000;3,11;2809000;E;03.07.2026;accepted
O003772;L0007939;V021;D007;04.12.2024;7400000;2,36;7225000;E;18.12.2024;rejected
O003773;L0007943;V029;D008;04.04.2025;3300000;6,19;3095000;H;18.04.2025;rejected
O003774;L0007944;V002;D006;13.05.2025;3900000;3,45;3765000;E;27.05.2025;accepted
O003775;L0007946;V025;D010;18.10.2025;3050000;6,27;2858000;E;01.11.2025;rejected
O003776;L0007947;V007;D011;21.02.2025;14500000;3,95;13926000;H;07.03.2025;rejected
O003777;L0007949;V005;D001;25.08.2026;6900000;5,62;6512000;H;08.09.2026;rejected
O003778;L0007950;V027;D001;18.03.2025;3700000;8,77;3375000;H;01.04.2025;accepted
O003779;L0007952;V022;D007;28.03.2026;9800000;2,62;9543000;E;11.04.2026;rejected
O003780;L0007953;V027;D001;20.05.2026;3700000;7,36;3427000;H;03.06.2026;rejected
O003781;L0007955;V017;D010;12.11.2025;4100000;2,7;3989000;H;26.11.2025;accepted
O003782;L0007956;V008;D002;19.01.2026;4200000;3,49;4053000;E;02.02.2026;rejected
O003783;L0007959;V026;D003;27.03.2026;2900000;3,99;2784000;H;10.04.2026;accepted
O003784;L0007960;V011;D004;29.08.2026;6400000;4,63;;E;12.09.2026;open
O003785;L0007961;V010;D002;29.01.2026;4600000;4,76;4380000;E;12.02.2026;accepted
O003786;L0007964;V035;D004;12.11.2025;7900000;4,96;7507000;E;26.11.2025;accepted
O003787;L0007965;V008;D002;15.01.2026;4200000;4,24;4021000;E;29.01.2026;rejected
O003788;L0007966;V022;D001;03.05.2025;9800000;7,78;9037000;E;17.05.2025;rejected
O003789;L0007967;V032;D004;13.12.2025;6200000;6,05;5824000;E;27.12.2025;accepted
O003790;L0007968;V005;D010;16.08.2025;6900000;7,02;6415000;E;30.08.2025;rejected
O003791;L0007970;V012;D002;25.05.2026;7100000;4,42;6785000;E;08.06.2026;rejected
O003792;L0007971;V018;D012;16.03.2026;4700000;7,91;4328000;E;30.03.2026;rejected
O003793;L0007972;V029;D005;23.02.2026;3300000;3,53;3183000;E;09.03.2026;accepted
O003794;L0007974;V008;D008;08.05.2026;4200000;4,08;4028000;E;22.05.2026;rejected
O003795;L0007976;V009;D002;26.07.2025;4900000;0,0;4900000;E;09.08.2025;rejected
O003796;L0007977;V035;D009;04.02.2026;7900000;5,18;7490000;H;18.02.2026;rejected
O003797;L0007979;V014;D007;12.12.2025;12300000;1,4;12127000;H;26.12.2025;rejected
O003798;L0007982;V033;D005;04.06.2026;5400000;4,56;5153000;E;18.06.2026;rejected
O003799;L0007983;V016;D006;08.10.2025;5300000;6,16;4973000;H;22.10.2025;accepted
O003800;L0007984;V036;D003;12.03.2026;14200000;2,41;13857000;H;26.03.2026;accepted
O003801;L0007985;V019;D002;16.04.2026;4500000;5,94;4232000;H;30.04.2026;rejected
O003802;L0007987;V018;D010;13.04.2026;4700000;7,75;4335000;E;27.04.2026;accepted
O003803;L0007989;V035;D001;23.02.2026;7900000;6,77;7365000;H;09.03.2026;rejected
O003804;L0007992;V003;D011;05.12.2025;4650000;6,99;4325000;H;19.12.2025;rejected
O003805;L0007994;V026;D006;02.07.2026;2900000;2,37;2831000;H;16.07.2026;rejected
O003806;L0007997;V024;D003;11.05.2026;2650000;7,43;2453000;E;25.05.2026;rejected
O003807;L0007998;V002;D004;10.08.2026;3900000;3,98;3744000;E;24.08.2026;accepted
O003808;L0008002;V004;D005;16.11.2024;5100000;5,55;4816000;E;30.11.2024;accepted
O003809;L0008004;V002;D001;05.06.2025;3900000;5,28;3694000;H;19.06.2025;rejected
O003810;L0008006;V025;D012;02.05.2026;3050000;1,15;3014000;E;16.05.2026;rejected
O003811;L0008009;V033;D001;22.12.2025;5400000;6,02;5075000;E;05.01.2026;accepted
O003812;L0008010;V002;D004;01.07.2025;3900000;6,79;3635000;H;15.07.2025;accepted
O003813;L0008011;V004;D007;31.03.2026;5100000;5,86;4800000;E;14.04.2026;accepted
O003814;L0008012;V029;D011;03.01.2026;3300000;5,26;3126000;E;17.01.2026;accepted
O003815;L0008013;V007;D002;19.11.2024;14500000;3,46;13998000;H;03.12.2024;rejected
O003816;L0008014;V033;D001;11.05.2026;5400000;4,68;5147000;H;25.05.2026;rejected
O003817;L0008015;V011;D008;29.08.2026;6400000;6,55;5980000;E;12.09.2026;open
O003818;L0008016;V017;D001;24.04.2025;4100000;8,02;3770000;H;08.05.2025;rejected
O003819;L0008018;V031;D001;16.10.2024;10800000;3,24;10450000;H;30.10.2024;rejected
O003820;L0008019;V022;D005;23.02.2026;9800000;3,39;9467000;H;09.03.2026;rejected
O003821;L0008020;V003;D009;11.06.2026;4650000;5,48;4395000;H;25.06.2026;accepted
O003822;L0008031;V020;D007;10.07.2026;6600000;1,51;6500000;H;24.07.2026;rejected
O003823;L0008033;V008;D002;25.05.2026;4200000;9,46;3802000;E;08.06.2026;rejected
O003824;L0008035;V006;D013;23.02.2026;7800000;9,49;7059000;H;09.03.2026;rejected
O003825;L0008038;V032;D003;20.10.2025;6200000;0,57;6164000;E;03.11.2025;rejected
O003826;L0008039;V002;D001;19.01.2026;3900000;0,0;3900000;H;02.02.2026;rejected
O003827;L0008045;V016;D012;21.04.2025;5300000;0,0;5300000;E;05.05.2025;rejected
O003828;L0008050;V014;D001;25.05.2026;12300000;5,76;11590000;E;08.06.2026;rejected
O003829;L0008051;V016;D002;02.03.2026;5300000;2,47;5168000;H;16.03.2026;accepted
O003830;L0008052;V025;D001;05.01.2026;3050000;5,97;2868000;H;19.01.2026;accepted
O003831;L0008053;V028;D002;21.05.2026;4000000;7,04;3718000;H;04.06.2026;rejected
O003832;L0008054;V024;D001;22.10.2024;2650000;9,08;2409000;H;05.11.2024;accepted
O003833;L0008057;V017;D001;25.08.2026;4100000;0,11;4095000;E;08.09.2026;open
O003834;L0008059;V031;D002;07.05.2025;10800000;4,24;10341000;H;21.05.2025;rejected
O003835;L0008062;V028;D004;19.09.2025;4000000;4,95;3802000;H;03.10.2025;rejected
O003836;L0008063;V012;D001;11.02.2026;7100000;5,88;6682000;H;25.02.2026;rejected
O003837;L0008067;V034;D010;27.11.2025;6100000;3,65;5877000;E;11.12.2025;rejected
O003838;L0008069;V013;D003;19.07.2025;11200000;5,49;10585000;H;02.08.2025;accepted
O003839;L0008070;V019;D006;31.03.2026;4500000;5,84;4237000;H;14.04.2026;rejected
O003840;L0008072;V013;D005;13.07.2026;11200000;10,0;10080000;H;27.07.2026;rejected
O003841;L0008073;V028;D003;09.03.2026;4000000;5,44;3782000;H;23.03.2026;rejected
O003842;L0008075;V024;D003;23.06.2025;2650000;7,23;2458000;E;07.07.2025;accepted
O003843;L0008076;V025;D001;08.09.2025;3050000;0,0;3050000;E;22.09.2025;rejected
O003844;L0008080;V009;D005;19.07.2025;4900000;4,16;4696000;E;02.08.2025;accepted
O003845;L0008083;V016;D006;01.01.2026;5300000;6,18;4972000;H;15.01.2026;accepted
O003846;L0008084;V036;D006;30.12.2024;14200000;0,75;14093000;H;13.01.2025;rejected
O003847;L0008086;V029;D014;05.08.2025;3300000;2,78;3208000;H;19.08.2025;rejected
O003848;L0008087;V022;D002;09.04.2025;9800000;3,59;9447000;E;23.04.2025;accepted
O003849;L0008088;V024;D009;03.10.2024;2650000;3,05;2569000;H;17.10.2024;rejected
O003850;L0008090;V014;D006;18.08.2025;12300000;5,09;11673000;H;01.09.2025;accepted
O003851;L0008092;V009;D002;09.04.2026;4900000;5,53;4629000;H;23.04.2026;rejected
O003852;L0008094;V029;D007;21.04.2026;3300000;3,91;3171000;E;05.05.2026;accepted
O003853;L0008096;V034;D002;23.01.2026;6100000;0,91;6044000;H;06.02.2026;rejected
O003854;L0008098;V003;D009;20.08.2025;4650000;4,67;4432000;H;03.09.2025;rejected
O003855;L0008099;V001;D009;19.05.2025;3450000;1,62;3394000;H;02.06.2025;rejected
O003856;L0008101;V017;D003;10.08.2026;4100000;99,0;3916000;E;24.08.2026;accepted
O003857;L0008103;V037;D013;21.07.2026;17500000;5,73;16497000;E;04.08.2026;rejected
O003858;L0008106;V012;D001;03.02.2026;7100000;6,48;6639000;E;17.02.2026;rejected
O003859;L0008107;V008;D008;16.06.2026;4200000;5,07;3986000;E;30.06.2026;accepted
O003860;L0008109;V036;D002;13.04.2026;14200000;4,93;13500000;H;27.04.2026;accepted
O003861;L0008110;V001;D013;29.04.2025;3450000;2,07;3378000;E;13.05.2025;accepted
O003862;L0008111;V026;D002;02.12.2024;2900000;3,99;2784000;H;16.12.2024;accepted
O003863;L0008113;V009;D012;01.09.2025;4900000;6,5;4581000;H;15.09.2025;rejected
O003864;L0008114;V027;D009;09.06.2025;3700000;6,19;3470000;E;23.06.2025;accepted
O003865;L0008115;V027;D001;28.10.2025;3700000;2,3;3614000;E;11.11.2025;accepted
O003866;L0008116;V030;D001;16.01.2026;11900000;3,66;11464000;E;30.01.2026;rejected
O003867;L0008117;V001;D001;08.09.2025;3450000;0,99;3415000;H;22.09.2025;rejected
O003868;L0008120;V009;D001;17.12.2025;4900000;6,11;4600000;H;31.12.2025;rejected
O003869;L0008125;V009;D011;19.02.2026;4900000;6,81;4566000;E;05.03.2026;accepted
O003870;L0008126;V018;D007;18.03.2025;4700000;6,26;4405000;H;01.04.2025;rejected
O003871;L0008128;V020;D001;27.06.2026;6600000;4,4;6309000;H;11.07.2026;rejected
O003872;L0008129;V023;D002;14.08.2026;15900000;4,09;15249000;H;28.08.2026;open
O003873;L0008132;V020;D008;31.03.2026;6600000;3,57;6364000;E;14.04.2026;rejected
O003874;L0008134;V011;D005;25.11.2024;6400000;5,05;6076000;H;09.12.2024;rejected
O003875;L0008135;V024;D007;07.07.2025;2650000;1,07;2621000;H;21.07.2025;rejected
O003876;L0008136;V026;D014;18.03.2025;2900000;1,57;2854000;H;01.04.2025;accepted
O003877;L0008138;V017;D001;11.07.2026;4100000;4,93;3897000;H;25.07.2026;rejected
O003878;L0008139;V025;D004;03.12.2025;3050000;1,36;3008000;H;17.12.2025;rejected
O003879;L0008141;V032;D006;06.04.2026;6200000;3,78;5965000;E;20.04.2026;accepted
O003880;L0008142;V025;D003;11.09.2025;3050000;6,11;2863000;H;25.09.2025;accepted
O003881;L0008143;V021;D010;29.07.2025;7400000;2,05;7248000;E;12.08.2025;accepted
O003882;L0008144;V036;D002;28.05.2025;14200000;0,54;14123000;H;11.06.2025;rejected
O003883;L0008152;V013;D011;03.02.2026;11200000;7,62;10346000;E;17.02.2026;rejected
O003884;L0008155;V017;D002;24.01.2026;4100000;4,14;3930000;E;07.02.2026;rejected
O003885;L0008157;V026;D013;03.08.2026;2900000;3,86;2788000;E;17.08.2026;rejected
O003886;L0008158;V009;D009;03.12.2024;4900000;4,15;4696000;H;17.12.2024;accepted
O003887;L0008159;V034;D002;06.03.2026;6100000;4,28;5839000;E;20.03.2026;rejected
O003888;L0008160;V028;D005;17.05.2025;4000000;1,28;3948000;H;31.05.2025;accepted
O003889;L0008163;V026;D004;18.08.2025;2900000;4,87;2758000;H;01.09.2025;rejected
O003890;L0008165;V009;D007;24.03.2025;4900000;5,77;4617000;H;07.04.2025;accepted
O003891;L0008166;V022;D003;20.08.2025;9800000;2,05;9599000;E;03.09.2025;accepted
O003892;L0008169;V034;D009;11.10.2025;6100000;4,96;5797000;H;25.10.2025;rejected
O003893;L0008170;V005;D009;19.01.2026;6900000;1,99;6762000;E;02.02.2026;rejected
O003894;L0008171;V012;D008;16.09.2025;7100000;3,35;6861000;E;30.09.2025;accepted
O003895;L0008173;V026;D005;24.07.2026;2900000;5,9;2728000;E;07.08.2026;rejected
O003896;L0008175;V035;D003;07.03.2026;7900000;5,42;7471000;E;21.03.2026;rejected
O003897;L0008177;V019;D006;27.08.2025;4500000;5,46;4254000;H;10.09.2025;accepted
O003898;L0008178;V017;D010;22.05.2026;4100000;2,63;3992000;H;05.06.2026;rejected
O003899;L0008179;V026;D004;05.02.2025;2900000;6,92;2699000;H;19.02.2025;accepted
O003900;L0008180;V011;D010;02.03.2026;6400000;1,38;6311000;H;16.03.2026;rejected
O003901;L0008182;V038;D005;08.06.2026;22000000;5,55;20779000;H;22.06.2026;rejected
O003902;L0008184;V020;D009;28.05.2026;6600000;1,44;6505000;H;11.06.2026;rejected
O003903;L0008188;V004;D008;02.01.2025;5100000;3,76;4908000;H;16.01.2025;rejected
O003904;L0008190;V018;D006;05.05.2025;4700000;5,82;4426000;H;19.05.2025;rejected
O003905;L0008191;V010;D003;31.12.2025;4600000;4,87;4375000;H;14.01.2026;rejected
O003906;L0008192;V029;D007;16.12.2024;3300000;0,25;3291000;E;30.12.2024;rejected
O003907;L0008195;V028;D012;13.04.2026;4000000;0,0;4000000;E;27.04.2026;rejected
O003908;L0008198;V020;D001;26.01.2026;6600000;6,46;6173000;E;09.02.2026;rejected
O003909;L0008201;V026;D005;23.05.2026;2900000;6,2;2720000;E;06.06.2026;rejected
O003910;L0008202;V033;D003;23.06.2026;5400000;0,48;5374000;E;07.07.2026;rejected
O003911;L0008204;V001;D009;16.09.2025;3450000;10,97;3071000;H;30.09.2025;accepted
O003912;L0008206;V017;D002;29.12.2025;4100000;7,26;3802000;E;12.01.2026;rejected
O003913;L0008209;V016;D003;21.04.2025;5300000;3,44;5117000;H;05.05.2025;rejected
O003914;L0008212;V025;D007;23.12.2025;3050000;6,95;2837000;E;06.01.2026;accepted
O003915;L0008214;V030;D005;19.06.2026;11900000;5,71;11221000;H;03.07.2026;rejected
O003916;L0008215;V029;D004;02.08.2025;3300000;4,04;3166000;E;16.08.2025;accepted
O003917;L0008217;V027;D003;24.10.2025;3700000;5,42;3499000;H;07.11.2025;accepted
O003918;L0008219;V019;D001;19.05.2026;4500000;5,06;4272000;E;02.06.2026;accepted
O003919;L0008225;V030;D007;31.10.2025;11900000;5,25;11275000;H;14.11.2025;rejected
O003920;L0008226;V027;D007;05.12.2025;3700000;6,25;3468000;E;19.12.2025;accepted
O003921;L0008229;V035;D006;29.05.2025;7900000;5,83;7439000;E;12.06.2025;rejected
O003922;L0008231;V027;D007;06.05.2025;3700000;5,21;3507000;E;20.05.2025;accepted
O003923;L0008232;V025;D008;06.08.2026;3050000;6,64;2847000;H;20.08.2026;accepted
O003924;L0008235;V007;D008;20.05.2025;14500000;2,28;14169000;E;03.06.2025;rejected
O003925;L0008237;V027;D003;24.03.2025;3700000;1,06;3660000;H;07.04.2025;rejected
O003926;L0008248;V031;D001;17.11.2025;10800000;0,34;10763000;H;01.12.2025;accepted
O003927;L0008249;V033;D009;29.05.2025;5400000;0,71;5361000;E;12.06.2025;rejected
O003928;L0008250;V020;D002;28.07.2025;6600000;1,57;6496000;H;11.08.2025;accepted
O003929;L0008251;V025;D010;25.03.2026;3050000;2,32;2979000;H;08.04.2026;rejected
O003930;L0008252;V002;D004;07.01.2025;3900000;5,18;3697000;H;21.01.2025;accepted
O003931;L0008253;V026;D013;16.04.2026;2900000;7,23;2690000;H;30.04.2026;rejected
O003932;L0008255;V026;D012;14.07.2025;2900000;1,94;2843000;H;28.07.2025;rejected
O003933;L0008256;V004;D009;14.10.2025;5100000;0,52;5073000;E;28.10.2025;rejected
O003934;L0008257;V027;D006;03.01.2026;3700000;3,58;3567000;H;17.01.2026;accepted
O003935;L0008259;V010;D009;22.07.2025;4600000;2,49;4485000;E;05.08.2025;rejected
O003936;L0008261;V008;D003;08.05.2025;4200000;2,22;4106000;H;22.05.2025;accepted
O003937;L0008263;V014;D014;08.10.2025;12300000;0,0;12300000;H;22.10.2025;rejected
O003938;L0008264;V027;D001;25.07.2026;3700000;5,84;3483000;E;08.08.2026;rejected
O003939;L0008268;V032;D008;18.02.2026;6200000;7,0;5766000;E;04.03.2026;accepted
O003940;L0008269;V028;D008;04.10.2024;4000000;1,25;3950000;H;18.10.2024;rejected
O003941;L0008272;V010;D003;04.04.2026;4600000;7,14;4271000;E;18.04.2026;accepted
O003942;L0008273;V028;D005;03.03.2025;4000000;4,38;3824000;E;17.03.2025;accepted
O003943;L0008275;V028;D003;27.09.2024;4000000;4,65;3813000;H;11.10.2024;rejected
O003944;L0008277;V027;D006;02.06.2025;3700000;0,53;3680000;E;16.06.2025;rejected
O003945;L0008278;V023;D005;28.12.2024;15900000;0,68;15792000;E;11.01.2025;accepted
O003946;L0008280;V020;D004;15.08.2025;6600000;4,2;6322000;E;29.08.2025;accepted
O003947;L0008282;V017;D003;26.08.2025;4100000;6,88;3817000;E;09.09.2025;accepted
O003948;L0008283;V027;D003;03.09.2025;3700000;3,3;3578000;E;17.09.2025;accepted
O003949;L0008285;V024;D003;30.03.2026;2650000;3,23;2564000;E;13.04.2026;rejected
O003950;L0008287;V024;D014;26.06.2026;2650000;7,82;2442000;H;10.07.2026;rejected
O003951;L0008289;V001;D001;21.04.2026;3450000;5,73;3252000;H;05.05.2026;accepted
O003952;L0008293;V024;D011;24.12.2024;2650000;4,61;2527000;H;07.01.2025;accepted
O003953;L0008294;V006;D005;11.11.2024;7800000;9,26;7077000;H;25.11.2024;rejected
O003954;L0008296;V009;D007;26.07.2025;4900000;2,43;4780000;E;09.08.2025;accepted
O003955;L0008297;V004;D011;14.03.2026;5100000;4,77;4856000;H;28.03.2026;rejected
O003956;L0008302;V022;D003;13.06.2026;9800000;3,81;9426000;E;27.06.2026;accepted
O003957;L0008303;V020;D012;24.06.2025;6600000;1,32;6512000;E;08.07.2025;rejected
O003958;L0008304;V003;D003;15.11.2025;4650000;4,18;4455000;H;29.11.2025;accepted
O003959;L0008306;V018;D005;27.08.2026;4700000;5,36;4448000;H;10.09.2026;expired
O003960;L0008310;V006;D006;02.04.2026;7800000;7,54;7211000;H;16.04.2026;rejected
O003961;L0008311;V008;D004;17.05.2025;4200000;2,47;4096000;E;31.05.2025;rejected
O003962;L0008314;V025;D004;13.08.2026;3050000;5,44;2883000;H;27.08.2026;rejected
O003963;L0008316;V023;D007;26.11.2025;15900000;1,94;15591000;H;10.12.2025;rejected
O003964;L0008320;V033;D007;23.06.2025;5400000;2,14;5284000;H;07.07.2025;rejected
O003965;L0008322;V023;D003;29.06.2026;15900000;5,11;15088000;E;13.07.2026;rejected
O003966;L0008328;V018;D002;02.06.2025;4700000;2,53;4581000;H;16.06.2025;rejected
O003967;L0008329;V025;D002;02.05.2026;3050000;5,32;2887000;E;16.05.2026;accepted
O003968;L0008331;V031;D010;22.04.2026;10800000;3,2;10454000;H;06.05.2026;rejected
O003969;L0008336;V018;D008;20.06.2026;4700000;5,1;4460000;E;04.07.2026;rejected
O003970;L0008338;V019;D005;19.09.2025;4500000;4,83;4282000;E;03.10.2025;accepted
O003971;L0008339;V017;D002;09.10.2025;4100000;2,35;4003000;H;23.10.2025;rejected
O003972;L0008340;V026;D002;11.06.2026;2900000;5,92;2728000;E;25.06.2026;accepted
O003973;L0008343;V029;D003;13.10.2025;3300000;5,07;3132000;H;27.10.2025;rejected
O003974;L0008346;V028;D001;18.03.2026;4000000;10,88;3564000;H;01.04.2026;accepted
O003975;L0008348;V006;D006;05.01.2026;7800000;6,6;7284000;E;19.01.2026;accepted
O003976;L0008350;V002;D005;05.08.2026;3900000;3,82;3750000;H;19.08.2026;accepted
O003977;L0008351;V017;D006;09.09.2025;4100000;-5,0;4100000;H;23.09.2025;accepted
O003978;L0008353;V016;D012;10.03.2026;5300000;4,04;5086000;E;24.03.2026;rejected
O003979;L0008356;V025;D007;01.09.2025;3050000;3,91;2930000;H;15.09.2025;rejected
O003980;L0008357;V012;D001;19.05.2025;7100000;4,61;6772000;E;02.06.2025;accepted
O003981;L0008358;V001;D006;01.01.2026;3450000;7,42;3193000;E;15.01.2026;accepted
O003982;L0008359;V020;D011;07.02.2026;6600000;3,02;6400000;H;21.02.2026;rejected
O003983;L0008361;V006;D005;13.01.2026;7800000;3,44;7531000;E;27.01.2026;rejected
O003984;L0008363;V033;D001;12.11.2025;5400000;4,43;5160000;H;26.11.2025;accepted
O003985;L0008365;V018;D009;06.04.2026;4700000;7,78;4334000;H;20.04.2026;rejected
O003986;L0008369;V018;D008;07.10.2025;4700000;5,84;4425000;H;21.10.2025;accepted
O003987;L0008370;V016;D010;03.03.2026;5300000;5,03;5033000;H;17.03.2026;rejected
O003988;L0008372;V010;D003;20.05.2026;4600000;3,8;4425000;H;03.06.2026;accepted
O003989;L0008373;V032;D004;25.03.2026;6200000;4,22;5938000;E;08.04.2026;rejected
O003990;L0008374;V032;D010;27.07.2026;6200000;4,9;5896000;E;10.08.2026;accepted
O003991;L0008379;V010;D001;13.06.2026;4600000;4,75;4381000;H;27.06.2026;rejected
O003992;L0008384;V021;D009;19.08.2025;7400000;6,11;6947000;H;02.09.2025;rejected
O003993;L0008386;V002;D010;18.07.2025;3900000;2,06;3819000;E;01.08.2025;accepted
O003994;L0008388;V025;D007;12.07.2025;3050000;4,94;2899000;E;26.07.2025;rejected
O003995;L0008389;V014;D005;22.06.2026;12300000;5,91;11572000;E;06.07.2026;rejected
O003996;L0008390;V024;D008;17.03.2025;2650000;2,9;2573000;E;31.03.2025;rejected
O003997;L0008392;V033;D004;07.01.2026;5400000;2,67;5255000;H;21.01.2026;rejected
O003998;L0008395;V025;D009;25.09.2025;3050000;1,71;2997000;H;09.10.2025;accepted
O003999;L0008396;V022;D007;07.05.2026;9800000;6,62;9151000;H;21.05.2026;rejected
O004000;L0008398;V002;D013;20.08.2025;3900000;99,0;3854000;H;03.09.2025;accepted
O004001;L0008399;V033;D003;26.06.2025;5400000;2,14;5284000;E;10.07.2025;accepted
O004002;L0008402;V019;D004;01.01.2026;4500000;0,0;4500000;H;15.01.2026;rejected
O004003;L0008403;V027;D006;08.05.2025;3700000;5,03;3513000;H;22.05.2025;rejected
O004004;L0008404;V024;D003;03.08.2026;2650000;4,82;2522000;E;17.08.2026;expired
O004005;L0008405;V028;D001;28.01.2025;4000000;6,63;3734000;E;11.02.2025;rejected
O004006;L0008406;V024;D008;31.12.2025;2650000;3,16;2566000;E;14.01.2026;accepted
O004007;L0008409;V035;D002;07.01.2026;7900000;2,86;7674000;H;21.01.2026;accepted
O004008;L0008410;V035;D007;16.07.2026;7900000;8,11;7259000;H;30.07.2026;rejected
O004009;L0008411;V004;D007;04.12.2025;5100000;6,7;4758000;H;18.12.2025;accepted
O004010;L0008412;V003;D003;12.09.2025;4650000;6,66;4340000;E;26.09.2025;accepted
O004011;L0008413;V029;D003;14.08.2025;3300000;5,3;3125000;H;28.08.2025;rejected
O004012;L0008422;V035;D006;07.04.2025;7900000;5,07;7499000;H;21.04.2025;rejected
O004013;L0008424;V026;D002;02.02.2026;2900000;7,7;2676000;H;16.02.2026;rejected
O004014;L0008425;V019;D006;05.06.2026;4500000;1,67;4424000;H;19.06.2026;accepted
O004015;L0008426;V027;D004;02.05.2026;3700000;3,52;3569000;E;16.05.2026;accepted
O004016;L0008429;V029;D007;07.11.2025;3300000;2,61;3213000;H;21.11.2025;accepted
O004017;L0008431;V035;D001;02.05.2026;7900000;4,46;7547000;E;16.05.2026;accepted
O004018;L0008433;V020;D002;06.04.2026;6600000;4,78;6284000;H;20.04.2026;rejected
O004019;L0008437;V032;D002;16.03.2026;6200000;3,73;5968000;H;30.03.2026;rejected
O004020;L0008447;V002;D001;26.03.2025;3900000;4,83;3711000;H;09.04.2025;rejected
O004021;L0008449;V018;D005;24.11.2025;4700000;2,46;4584000;E;08.12.2025;rejected
O004022;L0008457;V025;D004;21.02.2025;3050000;11,11;2711000;E;07.03.2025;accepted
O004023;L0008458;V003;D001;06.06.2026;4650000;6,88;4330000;H;20.06.2026;accepted
O004024;L0008460;V031;D014;19.03.2026;10800000;5,66;10189000;H;02.04.2026;rejected
O004025;L0008461;V021;D001;25.07.2026;7400000;150,0;7032000;E;08.08.2026;rejected
O004026;L0008463;V022;D001;02.03.2026;9800000;5,33;9277000;H;16.03.2026;rejected
O004027;L0008465;V028;D005;12.02.2026;4000000;7,63;3694000;H;26.02.2026;rejected
O004028;L0008468;V025;D006;19.12.2025;3050000;4,97;2898000;E;02.01.2026;rejected
O004029;L0008471;V002;D003;12.06.2026;3900000;0,85;3866000;E;26.06.2026;rejected
O004030;L0008474;V018;D008;01.01.2026;4700000;7,71;4337000;E;15.01.2026;rejected
O004031;L0008475;V010;D012;23.10.2025;4600000;1,85;4514000;E;06.11.2025;accepted
O004032;L0008476;V005;D001;03.03.2025;6900000;5,04;6552000;H;17.03.2025;rejected
O004033;L0008477;V018;D008;01.10.2025;4700000;2,96;4560000;E;15.10.2025;rejected
O004034;L0008479;V024;D006;15.01.2026;2650000;2,47;2584000;E;29.01.2026;accepted
O004035;L0008483;V029;D003;05.08.2026;3300000;99,0;3161000;H;19.08.2026;rejected
O004036;L0008490;V027;D006;16.08.2025;3700000;2,7;3600000;E;30.08.2025;accepted
O004037;L0008491;V006;D008;12.12.2025;7800000;8,48;7138000;H;26.12.2025;accepted
O004038;L0008492;V018;D001;28.04.2026;4700000;3,38;4541000;E;12.05.2026;rejected
O004039;L0008493;V002;D009;09.08.2025;3900000;6,0;3665000;H;23.08.2025;accepted
O004040;L0008494;V020;D009;08.07.2026;6600000;3,6;6362000;E;22.07.2026;rejected
O004041;L0008497;V010;D004;27.01.2025;4600000;4,78;4380000;E;10.02.2025;accepted
O004042;L0008500;V004;D002;06.07.2026;5100000;0,73;5062000;H;20.07.2026;rejected
O004043;L0008501;V026;D008;02.04.2026;2900000;0,62;2882000;H;16.04.2026;accepted
O004044;L0008503;V024;D001;10.03.2026;2650000;6,29;2483000;H;24.03.2026;rejected
O004045;L0008505;V010;D003;12.03.2026;4600000;2,68;4476000;H;26.03.2026;rejected
O004046;L0008507;V037;D010;08.06.2026;17500000;0,0;17500000;H;22.06.2026;rejected
O004047;L0008510;V017;D007;06.01.2026;4100000;5,09;3891000;E;20.01.2026;rejected
O004048;L0008511;V003;D005;09.03.2026;4650000;3,18;4501000;H;23.03.2026;rejected
O004049;L0008513;V034;D006;04.04.2026;6100000;2,16;5968000;H;18.04.2026;rejected
O004050;L0008516;V010;D009;06.07.2026;4600000;2,71;4475000;H;20.07.2026;accepted
O004051;L0008517;V034;D010;14.07.2025;6100000;4,12;5848000;H;28.07.2025;rejected
O004052;L0008518;V010;D004;06.12.2025;4600000;2,15;4501000;E;20.12.2025;rejected
O004053;L0008520;V010;D002;01.08.2026;4600000;4,01;4415000;H;15.08.2026;accepted
O004054;L0008521;V027;D008;15.07.2026;3700000;8,44;3387000;H;29.07.2026;rejected
O004055;L0008524;V004;D002;13.06.2026;5100000;3,29;4932000;H;27.06.2026;rejected
O004056;L0008525;V001;D001;11.08.2026;3450000;0,59;3429000;H;25.08.2026;rejected
O004057;L0008532;V008;D003;23.09.2025;4200000;0,34;4185000;H;07.10.2025;rejected
O004058;L0008533;V025;D014;26.05.2026;3050000;2,96;2959000;E;09.06.2026;accepted
O004059;L0008534;V021;D001;27.10.2025;7400000;0,63;7353000;H;10.11.2025;rejected
O004060;L0008543;V028;D005;18.08.2026;4000000;7,06;3717000;E;01.09.2026;accepted
O004061;L0008544;V004;D002;27.03.2026;5100000;7,85;4699000;E;10.04.2026;accepted
O004062;L0008545;V027;D002;22.04.2025;3700000;3,37;3575000;E;06.05.2025;accepted
O004063;L0008546;V008;D005;13.01.2025;4200000;5,42;3972000;E;27.01.2025;rejected
O004064;L0008547;V032;D007;02.10.2025;6200000;4,85;5899000;E;16.10.2025;rejected
O004065;L0008550;V026;D004;04.01.2025;2900000;4,36;2773000;E;18.01.2025;rejected
O004066;L0008551;V027;D004;14.07.2025;3700000;3,06;3586000;E;28.07.2025;rejected
O004067;L0008552;V001;D006;08.05.2026;3450000;3,44;3331000;H;22.05.2026;rejected
O004068;L0008553;V017;D003;16.12.2025;4100000;7,16;3806000;E;30.12.2025;rejected
O004069;L0008554;V018;D005;15.01.2026;4700000;5,88;4423000;E;29.01.2026;rejected
O004070;L0008557;V024;D009;18.06.2025;2650000;4,82;2522000;E;02.07.2025;rejected
O004071;L0008558;V029;D001;06.03.2025;3300000;6,93;3071000;E;20.03.2025;rejected
O004072;L0008559;V008;D010;24.11.2025;4200000;2,84;4080000;H;08.12.2025;rejected
O004073;L0008560;V008;D013;17.07.2025;4200000;5,31;3976000;E;31.07.2025;rejected
O004074;L0008562;V035;D013;03.09.2025;7900000;0,0;7900000;E;17.09.2025;rejected
O004075;L0008566;V002;D005;12.06.2026;3900000;7,12;3622000;H;26.06.2026;rejected
O004076;L0008568;V018;D003;27.08.2026;4700000;6,81;4380000;E;10.09.2026;expired
O004077;L0008570;V032;D009;09.05.2026;6200000;10,53;5547000;E;23.05.2026;rejected
O004078;L0008571;V008;D002;10.08.2026;4200000;3,55;4050000;E;24.08.2026;rejected
O004079;L0008574;V026;D009;09.12.2025;2900000;10,29;2601000;E;23.12.2025;accepted
O004080;L0008575;V009;D003;10.06.2026;4900000;3,64;4721000;E;24.06.2026;rejected
O004081;L0008576;V026;D007;25.02.2026;2900000;3,81;2789000;H;11.03.2026;rejected
O004082;L0008577;V034;D003;01.05.2026;6100000;2,79;5930000;H;15.05.2026;rejected
O004083;L0008582;V018;D011;02.01.2025;4700000;0,0;4700000;H;16.01.2025;rejected
O004084;L0008583;V034;D014;26.02.2025;6100000;3,96;5858000;H;12.03.2025;rejected
O004085;L0008584;V019;D012;15.07.2026;4500000;3,64;4336000;E;29.07.2026;rejected
O004086;L0008586;V018;D003;29.08.2026;4700000;6,2;4408000;E;12.09.2026;open
O004087;L0008588;V009;D004;08.09.2025;4900000;1,1;4846000;H;22.09.2025;rejected
O004088;L0008589;V002;D002;23.10.2025;3900000;9,21;3540000;H;06.11.2025;accepted
O004089;L0008591;V031;D001;10.04.2025;10800000;5,62;10193000;E;24.04.2025;rejected
O004090;L0008592;V004;D011;11.04.2026;5100000;6,31;4778000;H;25.04.2026;rejected
O004091;L0008593;V017;D012;24.09.2025;4100000;3,22;3967000;H;08.10.2025;rejected
O004092;L0008596;V027;D002;16.07.2026;3700000;4,26;3542000;E;30.07.2026;rejected
O004093;L0008601;V016;D006;19.04.2025;5300000;1,92;5198000;H;03.05.2025;accepted
O004094;L0008602;V002;D010;10.05.2025;3900000;6,44;3648000;H;24.05.2025;rejected
O004095;L0008604;V018;D004;14.02.2026;4700000;1,56;4626000;E;28.02.2026;rejected
O004096;L0008605;V003;D006;15.09.2025;4650000;1,83;4564000;E;29.09.2025;accepted
O004097;L0008609;V005;D006;19.06.2025;6900000;0,0;6900000;H;03.07.2025;rejected
O004098;L0008610;V005;D009;28.01.2025;6900000;4,73;6573000;H;11.02.2025;rejected
O004099;L0008612;V001;D006;14.08.2025;3450000;99,0;3414000;E;28.08.2025;rejected
O004100;L0008615;V032;D002;04.07.2025;6200000;7,28;5748000;H;18.07.2025;rejected
O004101;L0008616;V008;D007;16.02.2026;4200000;6,21;3939000;E;02.03.2026;rejected
O004102;L0008619;V004;D006;25.01.2025;5100000;3,62;4915000;H;08.02.2025;rejected
O004103;L0008620;V003;D004;20.11.2025;4650000;9,6;4203000;H;04.12.2025;rejected
O004104;L0008622;V004;D013;24.11.2025;5100000;2,1;4992000;H;08.12.2025;rejected
O004105;L0008624;V024;D001;16.04.2026;2650000;0,0;2650000;E;30.04.2026;rejected
O004106;L0008625;V001;D001;28.08.2026;3450000;4,85;3282000;H;11.09.2026;open
O004107;L0008628;V026;D002;01.08.2026;2900000;8,16;2663000;H;15.08.2026;accepted
O004108;L0008630;V038;D010;01.12.2025;22000000;0,88;21805000;H;15.12.2025;rejected
O004109;L0008637;V003;D003;05.01.2026;4650000;3,66;4479000;H;19.01.2026;rejected
O004110;L0008639;V020;D002;05.06.2025;6600000;2,09;6462000;H;19.06.2025;rejected
O004111;L0008642;V010;D007;17.03.2025;4600000;2,1;4503000;H;31.03.2025;rejected
O004112;L0008645;V028;D007;02.04.2025;4000000;4,45;3821000;H;16.04.2025;rejected
O004113;L0008648;V033;D001;12.12.2025;5400000;7,56;4991000;E;26.12.2025;accepted
O004114;L0008649;V021;D001;27.02.2026;7400000;7,32;6858000;H;13.03.2026;accepted
O004115;L0008650;V020;D005;14.08.2025;6600000;3,66;6358000;E;28.08.2025;rejected
O004116;L0008651;V010;D001;18.03.2026;4600000;3,72;4428000;E;01.04.2026;rejected
O004117;L0008655;V032;D002;23.07.2025;6200000;2,17;6065000;E;06.08.2025;rejected
O004118;L0008658;V018;D001;10.12.2025;4700000;6,87;4377000;H;24.12.2025;accepted
O004119;L0008661;V032;D002;26.11.2025;6200000;4,46;5923000;E;10.12.2025;rejected
O004120;L0008662;V015;D007;15.08.2026;16800000;1,07;16620000;H;29.08.2026;rejected
O004121;L0008663;V017;D001;15.06.2026;4100000;7,08;3809000;H;29.06.2026;accepted
O004122;L0008664;V031;D007;09.03.2026;10800000;7,0;10044000;E;23.03.2026;accepted
O004123;L0008665;V032;D001;19.05.2026;6200000;5,3;5871000;H;02.06.2026;rejected
O004124;L0008670;V026;D006;25.07.2025;2900000;3,8;2789000;H;08.08.2025;rejected
O004125;L0008671;V010;D002;26.01.2026;4600000;6,14;4317000;E;09.02.2026;rejected
O004126;L0008672;V010;D001;07.10.2025;4600000;3,22;4451000;E;21.10.2025;rejected
O004127;L0008673;V028;D005;05.05.2026;4000000;3,79;3848000;H;19.05.2026;rejected
O004128;L0008675;V008;D011;31.07.2026;4200000;9,29;3809000;H;14.08.2026;accepted
O004129;L0008676;V026;D014;15.07.2025;2900000;2,05;2840000;E;29.07.2025;rejected
O004130;L0008678;V028;D006;24.11.2025;4000000;7,22;3711000;H;08.12.2025;rejected
O004131;L0008680;V028;D004;06.01.2026;4000000;3,54;3858000;H;20.01.2026;rejected
O004132;L0008683;V033;D010;30.03.2026;5400000;2,77;5250000;E;13.04.2026;accepted
O004133;L0008684;V008;D012;22.08.2026;4200000;0,0;4200000;H;05.09.2026;expired
O004134;L0008686;V026;D001;25.04.2025;2900000;1,65;2852000;E;09.05.2025;accepted
O004135;L0008689;V002;D002;06.12.2025;3900000;6,59;3643000;E;20.12.2025;accepted
O004136;L0008695;V029;D005;08.03.2025;3300000;8,08;3033000;H;22.03.2025;accepted
O004137;L0008698;V026;D012;03.01.2025;2900000;4,19;2778000;H;17.01.2025;rejected
O004138;L0008701;V008;D008;20.08.2026;4200000;3,13;4068000;H;03.09.2026;accepted
O004139;L0008703;V024;D003;10.04.2025;2650000;6,45;2479000;E;24.04.2025;rejected
O004140;L0008704;V013;D004;23.11.2024;11200000;1,93;10983000;H;07.12.2024;rejected
O004141;L0008705;V011;D001;23.01.2026;6400000;7,09;5946000;H;06.02.2026;rejected
O004142;L0008706;V002;D003;26.11.2025;3900000;3,47;3764000;E;10.12.2025;accepted
O004143;L0008710;V025;D001;05.06.2025;3050000;1,67;2999000;E;19.06.2025;accepted
O004144;L0008711;V022;D007;24.06.2026;9800000;6,44;9168000;H;08.07.2026;rejected
O004145;L0008713;V024;D005;27.01.2025;2650000;8,36;2428000;H;10.02.2025;rejected
O004146;L0008714;V026;D010;08.11.2024;2900000;2,13;2838000;E;22.11.2024;accepted
O004147;L0008719;V028;D002;26.02.2026;4000000;5,26;3789000;H;12.03.2026;accepted
O004148;L0008721;V017;D011;27.04.2026;4100000;2,46;3999000;H;11.05.2026;accepted
O004149;L0008722;V005;D007;04.08.2025;6900000;4,87;6563000;E;18.08.2025;accepted
O004150;L0008723;V006;D002;24.03.2026;7800000;5,5;7371000;E;07.04.2026;accepted
O004151;L0008724;V034;D006;22.09.2025;6100000;4,16;5846000;H;06.10.2025;rejected
O004152;L0008725;V030;D009;08.08.2026;11900000;3,16;11523000;H;22.08.2026;open
O004153;L0008729;V014;D007;03.12.2024;12300000;5,41;11634000;E;17.12.2024;rejected
O004154;L0008732;V001;D007;09.06.2026;3450000;4,9;3280000;E;23.06.2026;rejected
O004155;L0008740;V003;D011;06.07.2026;4650000;5,35;4401000;H;20.07.2026;accepted
O004156;L0008746;V018;D003;09.12.2025;4700000;4,11;4507000;E;23.12.2025;accepted
O004157;L0008747;V025;D001;11.01.2025;3050000;1,62;3000000;E;25.01.2025;rejected
O004158;L0008748;V034;D010;25.06.2026;6100000;4,71;5812000;H;09.07.2026;rejected
O004159;L0008749;V028;D007;14.03.2026;4000000;0,0;4000000;H;28.03.2026;rejected
O004160;L0008750;V028;D008;01.01.2026;4000000;2,31;3907000;H;15.01.2026;rejected
O004161;L0008751;V026;D003;18.05.2026;2900000;0,0;2900000;E;01.06.2026;rejected
O004162;L0008752;V032;D007;29.05.2025;6200000;2,57;6040000;H;12.06.2025;rejected
O004163;L0008753;V033;D009;19.02.2026;5400000;4,75;5143000;E;05.03.2026;accepted
O004164;L0008756;V033;D004;10.03.2025;5400000;4,98;5131000;E;24.03.2025;rejected
O004165;L0008757;V005;D003;24.01.2026;6900000;5,43;6525000;E;07.02.2026;rejected
O004166;L0008760;V031;D005;25.10.2025;10800000;2,31;10550000;H;08.11.2025;accepted
O004167;L0008762;V026;D009;21.04.2025;2900000;4,36;2773000;E;05.05.2025;rejected
O004168;L0008763;V010;D009;09.03.2026;4600000;2,78;4472000;E;23.03.2026;accepted
O004169;L0008764;V022;D002;08.10.2024;9800000;5,82;9229000;E;22.10.2024;accepted
O004170;L0008765;V011;D009;08.01.2026;6400000;4,67;6101000;H;22.01.2026;accepted
O004171;L0008766;V012;D001;21.07.2026;7100000;3,8;6830000;E;04.08.2026;rejected
O004172;L0008767;V021;D003;23.12.2025;7400000;4,2;7088000;H;06.01.2026;accepted
O004173;L0008769;V008;D003;16.06.2025;4200000;2,37;4100000;H;30.06.2025;rejected
O004174;L0008770;V028;D012;28.01.2026;4000000;4,92;3803000;E;11.02.2026;rejected
O004175;L0008774;V036;D003;26.04.2025;14200000;1,06;14049000;H;10.05.2025;accepted
O004176;L0008775;V008;D003;28.07.2025;4200000;5,99;3948000;H;11.08.2025;rejected
O004177;L0008776;V021;D006;03.04.2026;7400000;5,52;6991000;H;17.04.2026;rejected
O004178;L0008777;V024;D001;11.02.2026;2650000;0,1;2647000;H;25.02.2026;rejected
O004179;L0008779;V010;D008;24.11.2025;4600000;5,29;4356000;E;08.12.2025;rejected
O004180;L0008783;V008;D006;13.06.2026;4200000;5,25;3979000;H;27.06.2026;accepted
O004181;L0008785;V028;D007;04.03.2025;4000000;4,56;3817000;E;18.03.2025;rejected
O004182;L0008787;V005;D006;11.06.2026;6900000;3,14;6683000;E;25.06.2026;accepted
O004183;L0008788;V021;D003;16.10.2025;7400000;7,0;6881000;H;30.10.2025;accepted
O004184;L0008789;V029;D009;08.06.2026;3300000;4,22;3160000;H;22.06.2026;rejected
O004185;L0008790;V002;D007;11.04.2025;3900000;3,69;3756000;E;25.04.2025;accepted
O004186;L0008793;V001;D001;23.12.2025;3450000;3,81;3318000;E;06.01.2026;accepted
O004187;L0008795;V021;D001;31.10.2025;7400000;0,01;7399000;H;14.11.2025;accepted
O004188;L0008796;V034;D002;14.04.2026;6100000;8,01;5611000;E;28.04.2026;accepted
O004189;L0008797;V001;D005;24.03.2025;3450000;2,64;3359000;H;07.04.2025;rejected
O004190;L0008799;V026;D007;17.02.2025;2900000;8,11;2664000;E;03.03.2025;rejected
O004191;L0008800;V033;D002;02.02.2026;5400000;7,81;4978000;H;16.02.2026;accepted
O004192;L0008801;V016;D002;13.07.2026;5300000;1,97;5195000;E;27.07.2026;rejected
O004193;L0008802;V026;D007;01.03.2025;2900000;6,47;2712000;E;15.03.2025;rejected
O004194;L0008803;V002;D007;11.08.2026;3900000;4,29;3732000;H;25.08.2026;accepted
O004195;L0008804;V029;D004;30.12.2024;3300000;5,39;3122000;E;13.01.2025;accepted
O004196;L0008806;V028;D008;07.07.2025;4000000;5,62;3775000;H;21.07.2025;rejected
O004197;L0008810;V002;D005;26.10.2024;3900000;1,77;3830000;H;09.11.2024;accepted
O004198;L0008812;V004;D003;19.08.2026;5100000;4,32;4879000;E;02.09.2026;accepted
O004199;L0008816;V021;D005;17.11.2025;7400000;8,09;6801000;H;01.12.2025;rejected
O004200;L0008818;V009;D011;14.04.2026;4900000;2,81;4762000;E;28.04.2026;rejected
O004201;L0008825;V027;D004;25.05.2026;3700000;6,17;3471000;H;08.06.2026;accepted
O004202;L0008826;V002;D004;27.12.2025;3900000;6,9;3630000;H;10.01.2026;rejected
O004203;L0008827;V029;D001;20.02.2025;3300000;4,68;3145000;H;06.03.2025;rejected
O004204;L0008828;V025;D014;06.08.2025;3050000;3,23;2951000;H;20.08.2025;accepted
O004205;L0008830;V024;D004;20.04.2026;2650000;4,86;2521000;H;04.05.2026;rejected
O004206;L0008831;V019;D001;07.07.2026;4500000;5,16;4267000;H;21.07.2026;rejected
O004207;L0008833;V010;D013;07.05.2026;4600000;8,0;4231000;E;21.05.2026;accepted
O004208;L0008834;V003;D005;26.08.2026;4650000;3,27;4498000;H;09.09.2026;expired
O004209;L0008835;V016;D010;13.10.2025;5300000;8,05;4873000;H;27.10.2025;rejected
O004210;L0008836;V025;D003;07.05.2026;3050000;4,45;2914000;E;21.05.2026;rejected
O004211;L0008837;V020;D007;03.07.2026;6600000;6,16;6193000;H;17.07.2026;rejected
O004212;L0008839;V031;D002;27.05.2025;10800000;5,05;10255000;H;10.06.2025;accepted
O004213;L0008840;V024;D003;29.12.2025;2650000;5,52;2503000;E;12.01.2026;accepted
O004214;L0008841;V011;D003;29.04.2026;6400000;7,77;5902000;E;13.05.2026;accepted
O004215;L0008844;V011;D008;09.01.2026;6400000;6,12;6008000;H;23.01.2026;rejected
O004216;L0008848;V025;D014;16.07.2026;3050000;5,31;2888000;E;30.07.2026;rejected
O004217;L0008850;V032;D007;21.07.2026;6200000;7,28;5748000;H;04.08.2026;accepted
O004218;L0008854;V021;D007;13.12.2025;7400000;4,64;7056000;H;27.12.2025;accepted
O004219;L0008855;V003;D005;11.08.2025;4650000;0,94;4606000;H;25.08.2025;rejected
O004220;L0008859;V012;D003;26.02.2025;7100000;5,09;6738000;H;12.03.2025;rejected
O004221;L0008862;V032;D011;22.12.2025;6200000;0,53;6167000;H;05.01.2026;accepted
O004222;L0008863;V009;D001;22.11.2024;4900000;5,47;4632000;E;06.12.2024;rejected
O004223;L0008866;V028;D001;22.09.2025;4000000;7,87;3685000;E;06.10.2025;accepted
O004224;L0008867;V025;D003;06.04.2026;3050000;5,37;2886000;H;20.04.2026;rejected
O004225;L0008870;V032;D003;04.01.2025;6200000;1,07;6133000;H;18.01.2025;rejected
O004226;L0008871;V023;D001;29.05.2025;15900000;9,72;14355000;H;12.06.2025;accepted
O004227;L0008875;V020;D013;02.12.2025;6600000;5,35;6246000;E;16.12.2025;accepted
O004228;L0008878;V027;D012;11.10.2025;3700000;9,01;3366000;E;25.10.2025;accepted
O004229;L0008879;V001;D005;25.10.2024;3450000;3,37;3333000;H;08.11.2024;rejected
O004230;L0008880;V025;D001;05.08.2025;3050000;4,36;2916000;E;19.08.2025;accepted
O004231;L0008881;V018;D002;06.02.2025;4700000;8,4;4305000;E;20.02.2025;rejected
O004232;L0008883;V027;D004;24.06.2026;3700000;0,0;3700000;H;08.07.2026;rejected
O004233;L0008884;V019;D009;23.12.2024;4500000;7,11;4180000;H;06.01.2025;accepted
O004234;L0008886;V007;D005;23.06.2026;14500000;5,4;13716000;E;07.07.2026;rejected
O004235;L0008887;V009;D005;18.05.2026;4900000;0,0;4900000;E;01.06.2026;rejected
O004236;L0008888;V032;D004;07.01.2026;6200000;4,66;5911000;E;21.01.2026;accepted
O004237;L0008890;V029;D004;28.08.2026;3300000;6,7;3078000;E;11.09.2026;expired
O004238;L0008891;V028;D006;27.06.2026;4000000;0,03;3998000;E;11.07.2026;accepted
O004239;L0008892;V026;D002;15.08.2026;2900000;5,35;;E;29.08.2026;rejected
O004240;L0008893;V002;D004;03.05.2025;3900000;4,67;3717000;E;17.05.2025;accepted
O004241;L0008896;V012;D014;24.06.2025;7100000;2,14;6947000;E;08.07.2025;rejected
O004242;L0008900;V033;D001;16.02.2026;5400000;6,01;5075000;E;02.03.2026;rejected
O004243;L0008904;V022;D004;29.09.2025;9800000;1,68;9635000;H;13.10.2025;rejected
O004244;L0008905;V010;D006;30.08.2025;4600000;1,74;4519000;E;13.09.2025;accepted
O004245;L0008906;V030;D003;01.08.2026;11900000;3,62;11469000;E;15.08.2026;rejected
O004246;L0008908;V018;D002;29.09.2025;4700000;8,44;4303000;E;13.10.2025;rejected
O004247;L0008910;V026;D005;02.07.2026;2900000;150,0;2729000;H;16.07.2026;rejected
O004248;L0008912;V009;D005;31.12.2024;4900000;4,61;4674000;H;14.01.2025;rejected
O004249;L0008913;V002;D008;12.05.2025;3900000;4,43;3727000;E;26.05.2025;rejected
O004250;L0008917;V024;D007;31.03.2026;2650000;9,85;2388000;E;14.04.2026;rejected
O004251;L0008919;V018;D007;16.06.2025;4700000;4,03;4510000;E;30.06.2025;accepted
O004252;L0008921;V002;D003;30.06.2025;3900000;3,63;3758000;H;14.07.2025;accepted
O004253;L0008922;V026;D004;14.11.2025;2900000;3,7;2792000;H;28.11.2025;accepted
O004254;L0008930;V027;D003;16.06.2025;3700000;5,11;3510000;E;30.06.2025;accepted
O004255;L0008937;V024;D014;05.07.2025;2650000;5,8;2496000;H;19.07.2025;rejected
O004256;L0008938;V012;D010;11.12.2025;7100000;6,1;6666000;E;25.12.2025;rejected
O004257;L0008946;V017;D009;14.07.2026;4100000;0,41;4083000;H;28.07.2026;rejected
O004258;L0008949;V008;D004;04.04.2026;4200000;5,02;3989000;H;18.04.2026;accepted
O004259;L0008951;V034;D001;02.06.2026;6100000;5,92;5738000;H;16.06.2026;rejected
O004260;L0008955;V017;D002;05.10.2024;4100000;3,24;3967000;H;19.10.2024;rejected
O004261;L0008956;V017;D002;12.12.2024;4100000;4,99;3895000;H;26.12.2024;accepted
O004262;L0008957;V010;D001;12.05.2025;4600000;0,83;4561000;H;26.05.2025;rejected
O004263;L0008958;V029;D008;07.01.2025;3300000;1,14;3262000;H;21.01.2025;accepted
O004264;L0008959;V017;D001;01.07.2026;4100000;4,44;3917000;E;15.07.2026;rejected
O004265;L0008960;V028;D005;31.03.2026;4000000;6,32;3747000;H;14.04.2026;rejected
O004266;L0008965;V015;D009;03.08.2026;16800000;7,56;15529000;H;17.08.2026;rejected
O004267;L0008967;V035;D004;17.09.2024;7900000;5,39;7473000;H;01.10.2024;rejected
O004268;L0008971;V024;D009;03.10.2025;2650000;4,64;2527000;H;17.10.2025;accepted
O004269;L0008973;V012;D002;13.10.2025;7100000;4,08;6810000;H;27.10.2025;rejected
O004270;L0008975;V029;D003;22.01.2025;3300000;4,03;3167000;E;05.02.2025;accepted
O004271;L0008976;V004;D013;06.02.2026;5100000;7,29;4728000;H;20.02.2026;accepted
O004272;L0008979;V035;D005;07.05.2026;7900000;4,99;7505000;H;21.05.2026;rejected
O004273;L0008980;V005;D001;21.10.2025;6900000;3,01;6692000;H;04.11.2025;accepted
O004274;L0008981;V025;D008;21.04.2025;3050000;2,71;2967000;H;05.05.2025;rejected
O004275;L0008982;V024;D004;30.12.2025;2650000;8,02;2437000;H;13.01.2026;accepted
O004276;L0008985;V028;D003;17.04.2026;4000000;7,58;3696000;H;01.05.2026;accepted
O004277;L0008986;V021;D001;04.12.2025;7400000;6,41;6925000;H;18.12.2025;rejected
O004278;L0008987;V016;D007;24.01.2026;5300000;5,83;4990000;H;07.02.2026;rejected
O004279;L0008989;V008;D004;25.04.2026;4200000;6,73;3917000;E;09.05.2026;accepted
O004280;L0008992;V028;D001;24.10.2025;4000000;2,47;3901000;E;07.11.2025;accepted
O004281;L0008994;V024;D001;08.06.2026;2650000;7,82;2442000;H;22.06.2026;rejected
O004282;L0009000;V019;D008;10.09.2025;4500000;4,93;4277000;H;24.09.2025;rejected
O004283;L0009001;V016;D003;05.06.2026;5300000;0,52;5272000;E;19.06.2026;rejected
O004284;L0009002;V028;D001;09.10.2024;4000000;1,51;3939000;H;23.10.2024;rejected
O004285;L0009005;V034;D002;05.01.2026;6100000;9,81;5501000;E;19.01.2026;accepted
O004286;L0009006;V028;D008;29.03.2025;4000000;7,67;3693000;E;12.04.2025;accepted
O004287;L0009007;V025;D010;28.12.2024;3050000;7,25;2828000;H;11.01.2025;accepted
O004288;L0009011;V021;D006;23.06.2026;7400000;99,0;7255000;H;07.07.2026;rejected
O004289;L0009016;V022;D002;08.10.2024;9800000;3,72;9435000;E;22.10.2024;rejected
O004290;L0009021;V024;D005;22.07.2025;2650000;4,93;2519000;E;05.08.2025;accepted
O004291;L0009029;V026;D002;16.09.2025;2900000;7,12;2693000;H;30.09.2025;rejected
O004292;L0009030;V001;D005;04.09.2025;3450000;6,13;3238000;H;18.09.2025;rejected
O004293;L0009031;V034;D001;19.08.2026;6100000;2,03;5976000;H;02.09.2026;accepted
O004294;L0009034;V028;D004;25.09.2025;4000000;4,71;3811000;H;09.10.2025;accepted
O004295;L0009037;V017;D005;23.03.2026;4100000;3,36;3962000;H;06.04.2026;rejected
O004296;L0009042;V032;D003;02.05.2025;6200000;4,51;5920000;E;16.05.2025;rejected
O004297;L0009043;V028;D001;28.09.2024;4000000;9,5;3620000;E;12.10.2024;accepted
O004298;L0009044;V004;D010;14.10.2024;5100000;1,4;5028000;H;28.10.2024;rejected
O004299;L0009045;V014;D007;15.11.2025;12300000;5,91;11572000;H;29.11.2025;rejected
O004300;L0009048;V019;D009;18.03.2026;4500000;2,96;4366000;H;01.04.2026;rejected
O004301;L0009049;V018;D006;21.01.2026;4700000;7,0;4370000;H;04.02.2026;rejected
O004302;L0009050;V019;D006;08.07.2025;4500000;6,27;4218000;E;22.07.2025;accepted
O004303;L0009051;V025;D001;14.08.2026;3050000;6,99;2836000;H;28.08.2026;open
O004304;L0009053;V001;D007;17.12.2024;3450000;7,47;3192000;H;31.12.2024;accepted
O004305;L0009059;V008;D006;29.07.2025;4200000;5,2;3981000;E;12.08.2025;accepted
O004306;L0009060;V001;D012;03.11.2025;3450000;6,97;3209000;E;17.11.2025;accepted
O004307;L0009061;V019;D010;30.03.2026;4500000;3,63;4336000;E;13.04.2026;rejected
O004308;L0009063;V002;D002;10.01.2025;3900000;3,04;3781000;E;24.01.2025;accepted
O004309;L0009065;V008;D013;28.08.2025;4200000;5,48;3969000;H;11.09.2025;rejected
O004310;L0009068;V032;D001;25.02.2026;6200000;9,19;5630000;H;11.03.2026;accepted
O004311;L0009072;V017;D004;27.05.2026;4100000;4,63;3910000;E;10.06.2026;rejected
O004312;L0009075;V003;D002;30.09.2024;4650000;3,35;4494000;E;14.10.2024;rejected
O004313;L0009076;V033;D002;04.07.2026;5400000;9,33;4896000;E;18.07.2026;rejected
O004314;L0009077;V029;D004;06.12.2025;3300000;6,12;3098000;E;20.12.2025;rejected
O004315;L0009078;V014;D007;29.09.2025;12300000;8,92;11203000;H;13.10.2025;rejected
O004316;L0009080;V023;D002;02.04.2026;15900000;3,41;15358000;H;16.04.2026;accepted
O004317;L0009081;V034;D003;28.07.2025;6100000;5,72;5751000;E;11.08.2025;rejected
O004318;L0009083;V029;D004;06.02.2026;3300000;8,44;3021000;E;20.02.2026;accepted
O004319;L0009085;V015;D005;11.06.2025;16800000;1,22;16594000;H;25.06.2025;accepted
O004320;L0009088;V009;D004;30.01.2026;4900000;5,06;4652000;H;13.02.2026;rejected
O004321;L0009090;V017;D001;17.02.2026;4100000;6,95;3815000;E;03.03.2026;accepted
O004322;L0009094;V008;D001;09.06.2026;4200000;5,49;3969000;E;23.06.2026;accepted
O004323;L0009096;V025;D014;31.07.2026;3050000;6,28;2858000;E;14.08.2026;rejected
O004324;L0009097;V018;D009;05.09.2025;4700000;3,13;4552000;H;19.09.2025;rejected
O004325;L0009100;V011;D002;20.06.2026;6400000;7,96;5890000;H;04.07.2026;accepted
O004326;L0009103;V011;D007;20.01.2025;6400000;4,68;6100000;E;03.02.2025;rejected
O004327;L0009105;V029;D005;09.10.2025;3300000;3,94;3170000;E;23.10.2025;accepted
O004328;L0009106;V018;D010;18.11.2024;4700000;4,65;4481000;E;02.12.2024;rejected
O004329;L0009108;V032;D004;26.05.2026;6200000;3,91;5957000;E;09.06.2026;accepted
O004330;L0009110;V006;D001;24.10.2024;7800000;6,43;7298000;E;07.11.2024;rejected
O004331;L0009112;V032;D006;03.06.2025;6200000;1,24;6122000;E;17.06.2025;rejected
O004332;L0009115;V018;D001;24.07.2025;4700000;4,98;4465000;E;07.08.2025;accepted
O004333;L0009116;V029;D003;09.07.2025;3300000;2,67;3212000;E;23.07.2025;accepted
O004334;L0009123;V013;D001;07.06.2025;11200000;4,5;10696000;E;21.06.2025;rejected
O004335;L0009124;V010;D013;06.01.2026;4600000;1,94;4510000;E;20.01.2026;accepted
O004336;L0009127;V032;D001;21.04.2025;6200000;4,4;5927000;E;05.05.2025;rejected
O004337;L0009128;V018;D009;01.04.2026;4700000;0,0;4700000;H;15.04.2026;rejected
O004338;L0009129;V009;D004;14.05.2026;4900000;4,01;4703000;E;28.05.2026;accepted
O004339;L0009130;V032;D002;09.12.2025;6200000;5,3;5871000;E;23.12.2025;accepted
O004340;L0009132;V026;D005;03.10.2025;2900000;4,5;2769000;H;17.10.2025;accepted
O004341;L0009133;V011;D004;19.11.2025;6400000;6,46;5986000;H;03.12.2025;accepted
O004342;L0009134;V035;D009;13.12.2025;7900000;7,02;7345000;H;27.12.2025;accepted
O004343;L0009138;V009;D006;16.05.2026;4900000;7,04;4555000;H;30.05.2026;rejected
O004344;L0009140;V018;D004;18.10.2024;4700000;2,35;4589000;E;01.11.2024;rejected
O004345;L0009141;V005;D001;16.02.2026;6900000;3,15;6682000;H;02.03.2026;rejected
O004346;L0009142;V018;D007;23.12.2025;4700000;4,34;4496000;H;06.01.2026;rejected
O004347;L0009144;V027;D012;19.12.2024;3700000;4,43;3535000;E;02.01.2025;accepted
O004348;L0009149;V027;D002;25.02.2026;3700000;4,78;3523000;E;11.03.2026;rejected
O004349;L0009150;V032;D004;28.05.2026;6200000;6,28;5810000;H;11.06.2026;accepted
O004350;L0009151;V028;D003;17.12.2025;4000000;5,6;3776000;H;31.12.2025;rejected
O004351;L0009152;V003;D011;20.09.2024;4650000;6,01;4370000;E;04.10.2024;rejected
O004352;L0009153;V006;D003;14.02.2026;7800000;7,36;7225000;H;28.02.2026;rejected
O004353;L0009155;V009;D005;20.05.2025;4900000;7,15;4549000;E;03.06.2025;accepted
O004354;L0009156;V004;D005;28.04.2026;5100000;4,32;4879000;H;12.05.2026;rejected
O004355;L0009160;V018;D009;27.11.2024;4700000;2,25;4594000;H;11.12.2024;accepted
O004356;L0009162;V035;D001;27.12.2024;7900000;5,95;7430000;E;10.01.2025;rejected
O004357;L0009164;V024;D007;07.01.2026;2650000;8,11;;E;21.01.2026;accepted
O004358;L0009167;V024;D006;18.11.2025;2650000;3,5;2557000;E;02.12.2025;accepted
O004359;L0009169;V017;D004;10.08.2026;4100000;8,28;3760000;H;24.08.2026;expired
O004360;L0009171;V011;D003;21.03.2025;6400000;1,87;6280000;E;04.04.2025;accepted
O004361;L0009172;V011;D009;10.07.2026;6400000;4,59;6106000;H;24.07.2026;rejected
O004362;L0009173;V019;D002;01.10.2025;4500000;7,91;4144000;E;15.10.2025;rejected
O004363;L0009174;V028;D002;06.06.2026;4000000;3,76;3849000;H;20.06.2026;accepted
O004364;L0009176;V015;D010;26.06.2026;16800000;8,02;15451000;H;10.07.2026;rejected
O004365;L0009177;V001;D005;15.08.2026;3450000;5,93;3245000;E;29.08.2026;open
O004366;L0009178;V013;D003;13.11.2024;11200000;7,49;10361000;E;27.11.2024;accepted
O004367;L0009179;V002;D003;22.12.2025;3900000;4,23;3735000;H;05.01.2026;accepted
O004368;L0009184;V026;D013;14.10.2025;2900000;3,3;2804000;H;28.10.2025;rejected
O004369;L0009185;V008;D005;12.05.2025;4200000;3,58;4049000;E;26.05.2025;accepted
O004370;L0009186;V011;D007;11.02.2025;6400000;4,61;6104000;H;25.02.2025;rejected
O004371;L0009190;V026;D004;17.02.2025;2900000;2,98;2813000;E;03.03.2025;rejected
O004372;L0009192;V026;D002;25.05.2026;2900000;4,98;2755000;H;08.06.2026;accepted
O004373;L0009195;V026;D010;25.03.2026;2900000;2,51;2827000;E;08.04.2026;rejected
O004374;L0009196;V033;D013;16.02.2026;5400000;2,07;5288000;E;02.03.2026;rejected
O004375;L0009197;V032;D005;26.06.2025;6200000;9,88;5587000;E;10.07.2025;accepted
O004376;L0009198;V008;D011;22.11.2025;4200000;6,99;3906000;E;06.12.2025;accepted
O004377;L0009201;V009;D014;26.03.2025;4900000;4,12;4698000;H;09.04.2025;accepted
O004378;L0009202;V020;D005;17.12.2025;6600000;4,79;6283000;H;31.12.2025;rejected
O004379;L0009204;V026;D010;14.02.2026;2900000;6,7;2705000;H;28.02.2026;rejected
O004380;L0009205;V008;D009;27.04.2026;4200000;5,81;3955000;E;11.05.2026;accepted
O004381;L0009206;V030;D004;12.03.2026;11900000;7,86;10964000;H;26.03.2026;rejected
O004382;L0009207;V011;D004;14.10.2024;6400000;2,74;6224000;H;28.10.2024;rejected
O004383;L0009208;V016;D003;06.07.2026;5300000;4,04;5086000;H;20.07.2026;rejected
O004384;L0009209;V018;D003;29.05.2025;4700000;2,15;4599000;H;12.06.2025;accepted
O004385;L0009211;V017;D009;08.09.2025;4100000;6,18;3846000;H;22.09.2025;rejected
O004386;L0009213;V010;D007;15.06.2026;4600000;0,03;4598000;H;29.06.2026;rejected
O004387;L0009214;V022;D001;16.10.2025;9800000;3,71;9436000;E;30.10.2025;rejected
O004388;L0009215;V022;D010;07.07.2025;9800000;5,4;9271000;E;21.07.2025;accepted
O004389;L0009218;V024;D003;30.06.2025;2650000;3,99;2544000;E;14.07.2025;rejected
O004390;L0009219;V006;D003;09.07.2025;7800000;5,08;7403000;H;23.07.2025;accepted
O004391;L0009220;V034;D007;21.08.2026;6100000;2,19;5966000;E;04.09.2026;rejected
O004392;L0009221;V011;D006;10.11.2025;6400000;2,52;6238000;E;24.11.2025;rejected
O004393;L0009222;V029;D002;22.05.2026;3300000;7,8;3042000;H;05.06.2026;accepted
O004394;L0009224;V018;D008;19.11.2024;4700000;2,21;4596000;E;03.12.2024;rejected
O004395;L0009228;V018;D003;21.03.2026;4700000;3,89;4517000;H;04.04.2026;accepted
O004396;L0009230;V006;D003;30.06.2026;7800000;3,65;7515000;H;14.07.2026;accepted
O004397;L0009231;V029;D009;13.08.2025;3300000;5,12;3131000;H;27.08.2025;accepted
O004398;L0009232;V001;D009;14.08.2025;3450000;2,96;3347000;H;28.08.2025;rejected
O004399;L0009233;V012;D004;19.05.2026;7100000;2,06;6953000;H;02.06.2026;accepted
O004400;L0009234;V008;D006;08.06.2026;4200000;10,1;3775000;E;22.06.2026;rejected
O004401;L0009236;V029;D010;22.03.2025;3300000;4,48;3152000;H;05.04.2025;rejected
O004402;L0009237;V017;D009;23.06.2026;4100000;2,37;4002000;H;07.07.2026;accepted
O004403;L0009239;V009;D002;22.01.2026;4900000;8,62;4477000;H;05.02.2026;rejected
O004404;L0009240;V017;D010;25.05.2026;4100000;4,56;3913000;E;08.06.2026;accepted
O004405;L0009241;V018;D004;02.06.2025;4700000;0,39;4681000;H;16.06.2025;rejected
O004406;L0009243;V034;D003;06.07.2026;6100000;4,69;5813000;E;20.07.2026;rejected
O004407;L0009245;V032;D010;27.03.2025;6200000;4,48;5922000;H;10.04.2025;rejected
O004408;L0009248;V024;D005;24.03.2025;2650000;3,68;2552000;E;07.04.2025;rejected
O004409;L0009249;V034;D007;22.06.2026;6100000;5,97;5735000;H;06.07.2026;accepted
O004410;L0009250;V027;D005;21.11.2024;3700000;6,63;3454000;E;05.12.2024;accepted
O004411;L0009252;V012;D001;15.02.2025;7100000;3,02;6885000;H;01.03.2025;accepted
O004412;L0009253;V028;D005;30.05.2026;4000000;4,26;3829000;H;13.06.2026;accepted
O004413;L0009254;V008;D001;26.05.2026;4200000;1,54;4135000;E;09.06.2026;accepted
O004414;L0009257;V034;D011;16.12.2025;6100000;5,65;5755000;E;30.12.2025;rejected
O004415;L0009258;V017;D010;02.07.2025;4100000;1,33;4045000;H;16.07.2025;accepted
O004416;L0009259;V029;D003;13.05.2026;3300000;3,43;3186000;E;27.05.2026;rejected
O004417;L0009260;V029;D002;22.09.2025;3300000;5,86;3106000;H;06.10.2025;rejected
O004418;L0009262;V029;D002;22.07.2025;3300000;6,76;3076000;H;05.08.2025;rejected
O004419;L0009263;V025;D004;09.06.2026;3050000;5,71;2875000;E;23.06.2026;rejected
O004420;L0009264;V033;D008;20.01.2026;5400000;4,46;5159000;E;03.02.2026;rejected
O004421;L0009265;V038;D011;04.05.2026;22000000;3,95;21131000;E;18.05.2026;rejected
O004422;L0009267;V005;D001;30.03.2026;6900000;4,07;6619000;H;13.04.2026;accepted
O004423;L0009269;V012;D013;20.06.2025;7100000;3,69;6838000;E;04.07.2025;accepted
O004424;L0009270;V002;D003;02.05.2025;3900000;2,53;3801000;E;16.05.2025;rejected
O004425;L0009273;V003;D007;16.06.2025;4650000;5,6;4389000;E;30.06.2025;accepted
O004426;L0009274;V008;D011;09.10.2024;4200000;2,36;4100000;H;23.10.2024;accepted
O004427;L0009279;V001;D002;28.04.2026;3450000;5,86;3247000;H;12.05.2026;rejected
O004428;L0009280;V034;D005;26.12.2025;6100000;5,0;5794000;E;09.01.2026;accepted
O004429;L0009281;V025;D001;09.12.2024;3050000;1,64;2999000;H;23.12.2024;accepted
O004430;L0009283;V018;D008;10.04.2026;4700000;0,0;4700000;H;24.04.2026;rejected
O004431;L0009284;V027;D006;22.07.2025;3700000;7,12;3436000;H;05.08.2025;rejected
O004432;L0009285;V008;D001;19.03.2025;4200000;5,89;3952000;E;02.04.2025;accepted
O004433;L0009290;V009;D010;20.06.2026;4900000;6,36;4588000;H;04.07.2026;accepted
O004434;L0009291;V017;D003;30.10.2025;4100000;5,96;3855000;E;13.11.2025;accepted
O004435;L0009292;V008;D002;19.01.2026;4200000;4,38;4016000;E;02.02.2026;rejected
O004436;L0009293;V024;D004;19.08.2026;2650000;4,78;2523000;H;02.09.2026;open
O004437;L0009294;V018;D003;23.01.2025;4700000;9,13;4270000;E;06.02.2025;accepted
O004438;L0009296;V008;D005;02.01.2026;4200000;4,48;4011000;H;16.01.2026;accepted
O004439;L0009299;V008;D002;18.01.2025;4200000;6,18;3940000;E;01.02.2025;rejected
O004440;L0009300;V020;D009;26.03.2026;6600000;0,0;6600000;H;09.04.2026;rejected
O004441;L0009301;V010;D012;08.06.2026;4600000;3,33;4447000;E;22.06.2026;accepted
O004442;L0009302;V001;D002;05.07.2025;3450000;3,38;3333000;E;19.07.2025;accepted
O004443;L0009304;V037;D009;23.05.2026;17500000;7,24;16233000;H;06.06.2026;rejected
O004444;L0009308;V010;D001;13.07.2026;4600000;4,82;4378000;E;27.07.2026;rejected
O004445;L0009311;V018;D003;21.02.2025;4700000;8,25;4312000;E;07.03.2025;accepted
O004446;L0009312;V001;D006;11.06.2025;3450000;5,84;3248000;E;25.06.2025;rejected
O004447;L0009313;V036;D004;02.05.2026;14200000;4,33;13585000;H;16.05.2026;rejected
O004448;L0009314;V033;D002;06.12.2025;5400000;3,69;5200000;H;20.12.2025;rejected
O004449;L0009317;V026;D007;07.08.2026;2900000;4,77;2761000;E;21.08.2026;accepted
O004450;L0009318;V035;D010;28.11.2025;7900000;5,18;7490000;H;12.12.2025;accepted
O004451;L0009320;V001;D002;02.08.2025;3450000;5,44;3262000;H;16.08.2025;accepted
O004452;L0009321;V004;D008;05.09.2025;5100000;0,81;5058000;H;19.09.2025;rejected
O004453;L0009322;V017;D010;18.04.2025;4100000;5,42;3877000;H;02.05.2025;rejected
O004454;L0009325;V001;D003;01.10.2025;3450000;3,37;3333000;H;15.10.2025;accepted
O004455;L0009326;V019;D003;21.07.2025;4500000;1,77;4420000;E;04.08.2025;accepted
O004456;L0009327;V011;D008;08.08.2026;6400000;1,08;6331000;H;22.08.2026;rejected
O004457;L0009328;V024;D003;28.08.2026;2650000;6,69;2472000;H;11.09.2026;expired
O004458;L0009331;V018;D012;30.04.2025;4700000;7,91;4328000;H;14.05.2025;accepted
O004459;L0009332;V010;D005;12.03.2026;4600000;5,01;4369000;E;26.03.2026;rejected
O004460;L0009334;V015;D001;25.05.2026;16800000;3,29;16247000;H;08.06.2026;rejected
O004461;L0009335;V004;D010;06.11.2025;5100000;1,19;5039000;H;20.11.2025;rejected
O004462;L0009339;V029;D004;09.02.2026;3300000;8,72;3012000;H;23.02.2026;rejected
O004463;L0009340;V008;D005;24.11.2025;4200000;4,03;4030000;H;08.12.2025;rejected
O004464;L0009341;V008;D007;13.06.2025;4200000;4,27;4020000;E;27.06.2025;rejected
O004465;L0009342;V016;D003;16.01.2025;5300000;6,04;4979000;H;30.01.2025;rejected
O004466;L0009343;V009;D001;28.04.2026;4900000;5,91;4610000;E;12.05.2026;accepted
O004467;L0009352;V012;D002;18.06.2026;7100000;7,46;6570000;H;02.07.2026;rejected
O004468;L0009353;V003;D004;06.08.2026;4650000;3,06;4507000;E;20.08.2026;rejected
O004469;L0009354;V019;D010;21.03.2025;4500000;1,24;4444000;H;04.04.2025;rejected
O004470;L0009356;V034;D008;20.04.2026;6100000;5,44;5768000;H;04.05.2026;accepted
O004471;L0009358;V002;D013;21.08.2026;3900000;6,42;3649000;H;04.09.2026;expired
O004472;L0009359;V002;D002;26.05.2025;3900000;2,7;3794000;H;09.06.2025;accepted
O004473;L0009360;V024;D003;08.08.2026;2650000;3,61;2554000;H;22.08.2026;rejected
O004474;L0009362;V026;D011;29.06.2026;2900000;3,74;2791000;E;13.07.2026;rejected
O004475;L0009364;V026;D010;17.07.2026;2900000;8,99;2639000;H;31.07.2026;rejected
O004476;L0009365;V026;D012;21.10.2025;2900000;6,82;2702000;E;04.11.2025;rejected
O004477;L0009367;V025;D009;24.02.2026;3050000;7,06;2834000;E;10.03.2026;accepted
O004478;L0009370;V017;D003;03.01.2026;4100000;-5,0;3980000;E;17.01.2026;accepted
O004479;L0009371;V017;D008;17.08.2026;4100000;3,59;3952000;E;31.08.2026;accepted
O004480;L0009372;V027;D007;31.07.2026;3700000;3,13;3584000;E;14.08.2026;rejected
O004481;L0009374;V024;D007;05.06.2025;2650000;0,66;2632000;E;19.06.2025;rejected
O004482;L0009375;V019;D002;02.04.2026;4500000;5,43;4255000;H;16.04.2026;rejected
O004483;L0009376;V035;D010;05.07.2025;7900000;3,82;7598000;H;19.07.2025;rejected
O004484;L0009377;V003;D004;19.06.2026;4650000;7,68;4293000;E;03.07.2026;accepted
O004485;L0009380;V008;D006;21.05.2026;4200000;8,46;3844000;E;04.06.2026;rejected
O004486;L0009382;V034;D013;02.03.2026;6100000;3,76;5870000;H;16.03.2026;accepted
O004487;L0009383;V022;D007;04.08.2025;9800000;7,51;9063000;H;18.08.2025;accepted
O004488;L0009389;V026;D001;26.12.2024;2900000;7,46;2683000;E;09.01.2025;accepted
O004489;L0009390;V002;D002;11.06.2026;3900000;4,99;3705000;H;25.06.2026;accepted
O004490;L0009394;V014;D002;28.01.2026;12300000;4,48;11748000;H;11.02.2026;accepted
O004491;L0009395;V013;D001;25.01.2025;11200000;2,16;10958000;E;08.02.2025;rejected
O004492;L0009396;V026;D007;23.08.2025;2900000;3,43;2800000;E;06.09.2025;rejected
O004493;L0009397;V028;D006;13.06.2025;4000000;4,3;3827000;H;27.06.2025;rejected
O004494;L0009398;V017;D001;25.12.2025;4100000;150,0;3848000;H;08.01.2026;rejected
O004495;L0009399;V020;D008;16.02.2026;6600000;5,29;6250000;E;02.03.2026;rejected
O004496;L0009400;V001;D005;04.05.2026;3450000;6,3;3232000;H;18.05.2026;rejected
O004497;L0009401;V027;D007;09.06.2026;3700000;9,84;3335000;H;23.06.2026;accepted
O004498;L0009402;V008;D006;18.10.2024;4200000;7,62;3880000;E;01.11.2024;accepted
O004499;L0009403;V025;D007;27.10.2025;3050000;2,91;2961000;E;10.11.2025;accepted
O004500;L0009404;V022;D010;02.02.2026;9800000;2,65;9540000;H;16.02.2026;rejected
O004501;L0009406;V004;D005;20.02.2025;5100000;3,16;4938000;E;06.03.2025;accepted
O004502;L0009408;V033;D008;26.01.2026;5400000;5,22;5118000;H;09.02.2026;rejected
O004503;L0009410;V008;D003;16.03.2026;4200000;3,26;4063000;E;30.03.2026;accepted
O004504;L0009414;V001;D004;10.03.2026;3450000;5,11;3273000;E;24.03.2026;accepted
O004505;L0009417;V005;D009;07.03.2026;6900000;4,7;6575000;H;21.03.2026;accepted
O004506;L0009418;V020;D007;06.07.2026;6600000;3,89;6343000;H;20.07.2026;rejected
O004507;L0009422;V016;D004;23.06.2026;5300000;3,04;5138000;E;07.07.2026;rejected
O004508;L0009425;V026;D004;21.11.2025;2900000;4,54;2768000;H;05.12.2025;rejected
O004509;L0009427;V034;D001;31.03.2026;6100000;7,97;5613000;H;14.04.2026;accepted
O004510;L0009430;V028;D008;19.03.2025;4000000;9,59;3616000;H;02.04.2025;accepted
O004511;L0009431;V020;D003;17.10.2025;6600000;4,74;6287000;H;31.10.2025;rejected
O004512;L0009436;V022;D003;05.12.2024;9800000;3,91;9416000;H;19.12.2024;accepted
O004513;L0009438;V008;D009;10.09.2025;4200000;5,71;3960000;H;24.09.2025;rejected
O004514;L0009440;V027;D007;24.04.2025;3700000;6,7;3452000;E;08.05.2025;rejected
O004515;L0009442;V003;D011;14.12.2024;4650000;6,74;4336000;E;28.12.2024;accepted
O004516;L0009444;V034;D006;11.12.2025;6100000;3,93;5860000;E;25.12.2025;rejected
O004517;L0009445;V018;D008;01.04.2026;4700000;6,19;4409000;E;15.04.2026;accepted
O004518;L0009447;V017;D006;01.07.2026;4100000;6,02;3853000;E;15.07.2026;rejected
O004519;L0009448;V020;D007;04.06.2026;6600000;2,74;6418000;H;18.06.2026;accepted
O004520;L0009449;V017;D004;02.03.2026;4100000;5,75;3864000;H;16.03.2026;accepted
O004521;L0009450;V032;D006;17.01.2026;6200000;6,18;5817000;H;31.01.2026;rejected
O004522;L0009451;V005;D006;27.10.2025;6900000;2,77;6709000;E;10.11.2025;rejected
O004523;L0009452;V019;D002;02.08.2025;4500000;-5,0;4328000;H;16.08.2025;accepted
O004524;L0009454;V020;D003;19.12.2024;6600000;4,54;6300000;E;02.01.2025;rejected
O004525;L0009456;V008;D005;01.04.2026;4200000;2,16;4109000;E;15.04.2026;accepted
O004526;L0009457;V029;D007;04.11.2025;3300000;7,0;3069000;E;18.11.2025;accepted
O004527;L0009458;V001;D005;21.02.2026;3450000;3,51;3328000;H;07.03.2026;accepted
O004528;L0009460;V019;D001;24.07.2025;4500000;6,51;4207000;H;07.08.2025;accepted
O004529;L0009461;V027;D010;03.06.2026;3700000;2,81;3596000;H;17.06.2026;accepted
O004530;L0009462;V010;D012;12.02.2025;4600000;6,31;4309000;E;26.02.2025;rejected
O004531;L0009464;V031;D007;05.06.2026;10800000;5,62;10193000;H;19.06.2026;accepted
O004532;L0009465;V033;D008;04.04.2026;5400000;8,5;4941000;E;18.04.2026;accepted
O004533;L0009467;V034;D010;30.08.2025;6100000;2,94;5920000;E;13.09.2025;rejected
O004534;L0009468;V020;D001;24.04.2026;6600000;1,29;6514000;H;08.05.2026;rejected
O004535;L0009469;V027;D002;06.01.2026;3700000;1,98;3626000;H;20.01.2026;accepted
O004536;L0009471;V024;D001;01.05.2025;2650000;10,57;2369000;E;15.05.2025;accepted
O004537;L0009477;V010;D005;19.07.2025;4600000;5,94;4326000;H;02.08.2025;rejected
O004538;L0009482;V037;D004;13.03.2026;17500000;3,21;16937000;H;27.03.2026;rejected
O004539;L0009484;V022;D008;13.11.2025;9800000;4,8;9329000;E;27.11.2025;accepted
O004540;L0009485;V017;D002;06.01.2026;4100000;2,37;4002000;E;20.01.2026;accepted
O004541;L0009486;V029;D004;24.03.2025;3300000;1,87;3238000;H;07.04.2025;rejected
O004542;L0009490;V010;D007;29.10.2025;4600000;0,0;4600000;E;12.11.2025;rejected
O004543;L0009495;V029;D001;08.08.2026;3300000;7,21;3061000;H;22.08.2026;accepted
O004544;L0009500;V028;D003;06.10.2025;4000000;4,5;3819000;E;20.10.2025;rejected
O004545;L0009501;V026;D003;10.06.2026;2900000;3,25;2805000;H;24.06.2026;rejected
O004546;L0009502;V011;D013;15.09.2025;6400000;0,0;6400000;E;29.09.2025;rejected
O004547;L0009506;V010;D014;31.03.2025;4600000;0,0;4600000;H;14.04.2025;accepted
O004548;L0009507;V034;D008;11.08.2025;6100000;4,8;5807000;H;25.08.2025;rejected
O004549;L0009508;V024;D003;22.08.2026;2650000;8,05;2436000;E;05.09.2026;accepted
O004550;L0009510;V025;D002;22.07.2025;3050000;2,02;2988000;H;05.08.2025;accepted
O004551;L0009512;V020;D011;06.03.2026;6600000;4,5;6302000;H;20.03.2026;rejected
O004552;L0009514;V018;D001;15.12.2025;4700000;3,36;4541000;H;29.12.2025;accepted
O004553;L0009515;V028;D001;26.12.2025;4000000;1,27;3949000;H;09.01.2026;accepted
O004554;L0009520;V028;D004;12.01.2026;4000000;4,93;3802000;H;26.01.2026;rejected
O004555;L0009521;V021;D004;04.12.2025;7400000;2,96;7181000;H;18.12.2025;rejected
O004556;L0009522;V032;D007;13.04.2026;6200000;6,13;5820000;E;27.04.2026;rejected
O004557;L0009524;V001;D011;10.06.2025;3450000;7,22;3200000;H;24.06.2025;accepted
O004558;L0009531;V018;D001;02.12.2024;4700000;2,54;4580000;H;16.12.2024;accepted
O004559;L0009538;V001;D002;10.09.2025;3450000;6,1;3239000;E;24.09.2025;accepted
O004560;L0009539;V035;D009;21.04.2025;7900000;5,15;7493000;H;05.05.2025;rejected
O004561;L0009541;V024;D009;29.03.2025;2650000;7,88;2441000;H;12.04.2025;rejected
O004562;L0009542;V028;D001;21.08.2026;4000000;2,73;3890000;H;04.09.2026;accepted
O004563;L0009546;V005;D002;23.02.2026;6900000;5,78;6501000;H;09.03.2026;accepted
O004564;L0009547;V019;D005;29.09.2025;4500000;6,9;4189000;E;13.10.2025;rejected
O004565;L0009548;V032;D003;10.04.2026;6200000;3,57;5978000;H;24.04.2026;rejected
O004566;L0009550;V030;D007;17.07.2026;11900000;7,31;11030000;H;31.07.2026;accepted
O004567;L0009551;V027;D012;23.03.2026;3700000;1,65;3639000;E;06.04.2026;rejected
O004568;L0009556;V004;D002;14.07.2026;5100000;5,56;4816000;H;28.07.2026;rejected
O004569;L0009558;V033;D002;26.05.2026;5400000;1,79;5303000;H;09.06.2026;rejected
O004570;L0009565;V033;D006;12.09.2025;5400000;3,55;5208000;E;26.09.2025;rejected
O004571;L0009568;V011;D009;06.08.2025;6400000;4,53;6110000;H;20.08.2025;rejected
O004572;L0009569;V010;D004;11.03.2025;4600000;4,76;4381000;H;25.03.2025;rejected
O004573;L0009570;V034;D003;17.07.2026;6100000;2,38;5954000;E;31.07.2026;accepted
O004574;L0009571;V014;D001;20.05.2025;12300000;2,88;11946000;H;03.06.2025;accepted
O004575;L0009572;V008;D004;27.05.2026;4200000;2,31;4102000;H;10.06.2026;accepted
O004576;L0009573;V020;D001;19.01.2026;6600000;4,96;6272000;H;02.02.2026;rejected
O004577;L0009574;V026;D002;27.05.2026;2900000;5,89;2729000;E;10.06.2026;accepted
O004578;L0009575;V023;D005;18.07.2026;15900000;0,36;15842000;E;01.08.2026;rejected
O004579;L0009578;V026;D001;28.03.2026;2900000;4,92;2757000;H;11.04.2026;rejected
O004580;L0009579;V026;D001;21.02.2026;2900000;1,97;2842000;H;07.03.2026;rejected
O004581;L0009580;V027;D001;01.07.2025;3700000;6,58;3456000;E;15.07.2025;accepted
O004582;L0009583;V028;D003;08.05.2026;4000000;7,96;3681000;H;22.05.2026;accepted
O004583;L0009585;V036;D004;17.08.2026;14200000;2,34;13867000;H;31.08.2026;rejected
O004584;L0009586;V008;D006;10.06.2025;4200000;4,91;3993000;H;24.06.2025;rejected
O004585;L0009587;V032;D004;01.01.2026;6200000;4,16;5941000;E;15.01.2026;accepted
O004586;L0009590;V024;D013;16.04.2025;2650000;6,54;2476000;E;30.04.2025;rejected
O004587;L0009592;V010;D003;07.05.2026;4600000;5,07;4366000;H;21.05.2026;rejected
O004588;L0009593;V001;D002;16.02.2026;3450000;8,3;3163000;H;02.03.2026;accepted
O004589;L0009598;V028;D004;30.06.2026;4000000;1,7;3932000;H;14.07.2026;rejected
O004590;L0009599;V009;D002;13.12.2024;4900000;8,69;4474000;H;27.12.2024;rejected
O004591;L0009601;V001;D006;26.01.2026;3450000;7,37;3195000;H;09.02.2026;accepted
O004592;L0009602;V016;D010;15.06.2026;5300000;4,58;5057000;E;29.06.2026;accepted
O004593;L0009603;V012;D004;21.10.2024;7100000;7,4;6574000;H;04.11.2024;accepted
O004594;L0009604;V033;D012;27.02.2025;5400000;0,41;5377000;H;13.03.2025;rejected
O004595;L0009605;V032;D002;31.12.2024;6200000;8,25;5688000;H;14.01.2025;rejected
O004596;L0009606;V029;D002;23.01.2026;3300000;99,0;3238000;E;06.02.2026;rejected
O004597;L0009607;V024;D007;03.05.2025;2650000;7,6;2448000;H;17.05.2025;accepted
O004598;L0009609;V024;D003;30.12.2024;2650000;3,97;2544000;E;13.01.2025;accepted
O004599;L0009612;V029;D005;20.09.2025;3300000;5,28;3125000;H;04.10.2025;accepted
O004600;L0009619;V019;D008;25.04.2025;4500000;0,26;4488000;E;09.05.2025;rejected
O004601;L0009620;V019;D004;21.02.2026;4500000;1,33;4440000;H;07.03.2026;rejected
O004602;L0009621;V019;D001;18.12.2025;4500000;5,77;4240000;E;01.01.2026;accepted
O004603;L0009622;V037;D007;11.06.2026;17500000;5,32;16569000;H;25.06.2026;rejected
O004604;L0009624;V002;D004;17.01.2025;3900000;7,76;3597000;H;31.01.2025;accepted
O004605;L0009628;V001;D013;09.01.2025;3450000;5,11;3273000;H;23.01.2025;rejected
O004606;L0009634;V026;D003;23.10.2025;2900000;4,77;2761000;H;06.11.2025;accepted
O004607;L0009635;V034;D009;08.08.2026;6100000;6,21;5721000;E;22.08.2026;expired
O004608;L0009638;V033;D006;11.04.2026;5400000;3,15;5229000;H;25.04.2026;rejected
O004609;L0009640;V004;D011;06.04.2026;5100000;4,05;4893000;H;20.04.2026;accepted
O004610;L0009641;V029;D013;23.10.2025;3300000;4,03;3167000;H;06.11.2025;accepted
O004611;L0009642;V029;D005;01.08.2026;3300000;8,17;3030000;E;15.08.2026;rejected
O004612;L0009644;V033;D002;07.12.2024;5400000;5,26;5116000;E;21.12.2024;accepted
O004613;L0009645;V026;D005;11.09.2024;2900000;6,93;2699000;H;25.09.2024;accepted
O004614;L0009647;V011;D003;04.08.2025;6400000;2,27;;E;18.08.2025;rejected
O004615;L0009648;V002;D003;25.12.2025;3900000;4,56;3722000;H;08.01.2026;rejected
O004616;L0009649;V012;D003;24.08.2026;7100000;3,41;6857000;E;07.09.2026;open
O004617;L0009652;V032;D009;24.02.2026;6200000;4,06;5948000;H;10.03.2026;accepted
O004618;L0009653;V032;D005;20.09.2025;6200000;5,12;5882000;H;04.10.2025;rejected
O004619;L0009654;V019;D013;22.06.2026;4500000;0,39;4482000;H;06.07.2026;rejected
O004620;L0009655;V017;D001;09.05.2025;4100000;7,8;3780000;E;23.05.2025;accepted
O004621;L0009656;V027;D002;27.08.2025;3700000;6,21;3470000;E;10.09.2025;accepted
O004622;L0009659;V012;D001;18.04.2025;7100000;6,85;6613000;E;02.05.2025;accepted
O004623;L0009660;V010;D003;12.12.2024;4600000;2,76;4473000;H;26.12.2024;accepted
O004624;L0009663;V009;D001;08.01.2026;4900000;2,74;4765000;H;22.01.2026;rejected
O004625;L0009664;V014;D003;03.05.2025;12300000;1,77;12082000;H;17.05.2025;rejected
O004626;L0009665;V018;D006;08.04.2025;4700000;6,02;4417000;E;22.04.2025;accepted
O004627;L0009669;V008;D003;18.03.2026;4200000;6,82;3913000;E;01.04.2026;accepted
O004628;L0009674;V023;D009;06.12.2024;15900000;3,0;15423000;E;20.12.2024;rejected
O004629;L0009676;V005;D009;15.04.2026;6900000;0,0;6900000;H;29.04.2026;rejected
O004630;L0009677;V028;D003;01.12.2025;4000000;5,04;3798000;E;15.12.2025;accepted
O004631;L0009678;V023;D005;10.03.2026;15900000;0,18;15871000;H;24.03.2026;accepted
O004632;L0009679;V025;D008;27.10.2025;3050000;8,54;2789000;H;10.11.2025;accepted
O004633;L0009683;V021;D002;08.12.2025;7400000;6,13;6946000;E;22.12.2025;rejected
O004634;L0009684;V001;D001;21.06.2025;3450000;3,28;3336000;E;05.07.2025;rejected
O004635;L0009690;V005;D002;11.05.2026;6900000;6,78;6432000;H;25.05.2026;rejected
O004636;L0009694;V002;D009;16.06.2025;3900000;5,41;3688000;E;30.06.2025;rejected
O004637;L0009698;V016;D003;23.05.2026;5300000;2,88;5147000;E;06.06.2026;rejected
O004638;L0009701;V016;D007;31.12.2025;5300000;5,38;5015000;E;14.01.2026;accepted
O004639;L0009702;V028;D002;12.01.2026;4000000;2,23;3910000;H;26.01.2026;accepted
O004640;L0009704;V009;D008;02.02.2026;4900000;3,36;4735000;H;16.02.2026;accepted
O004641;L0009705;V019;D003;23.04.2026;4500000;8,06;4137000;H;07.05.2026;rejected
O004642;L0009708;V015;D004;08.05.2026;16800000;1,28;16584000;H;22.05.2026;accepted
O004643;L0009710;V032;D005;18.07.2026;6200000;4,91;5895000;E;01.08.2026;rejected
O004644;L0009711;V026;D007;23.04.2025;2900000;2,18;2836000;E;07.05.2025;rejected
O004645;L0009713;V003;D010;16.12.2024;4650000;6,19;4362000;E;30.12.2024;rejected
O004646;L0009714;V003;D010;26.08.2026;4650000;3,99;4464000;H;09.09.2026;open
O004647;L0009715;V017;D004;14.07.2025;4100000;1,57;4035000;H;28.07.2025;accepted
O004648;L0009717;V026;D005;31.07.2026;2900000;4,08;2781000;H;14.08.2026;accepted
O004649;L0009719;V027;D004;02.12.2025;3700000;7,47;3423000;E;16.12.2025;rejected
O004650;L0009720;V028;D001;27.03.2026;4000000;4,38;;E;10.04.2026;accepted
O004651;L0009723;V017;D003;21.03.2026;4100000;0,06;4097000;H;04.04.2026;rejected
O004652;L0009730;V016;D004;15.08.2025;5300000;3,7;5104000;H;29.08.2025;accepted
O004653;L0009731;V018;D002;30.09.2025;4700000;5,32;4450000;E;14.10.2025;rejected
O004654;L0009734;V008;D001;13.02.2025;4200000;3,19;4065000;E;27.02.2025;rejected
O004655;L0009735;V027;D006;26.03.2026;3700000;6,19;3470000;E;09.04.2026;accepted
O004656;L0009739;V022;D006;11.06.2026;9800000;4,78;9331000;H;25.06.2026;rejected
O004657;L0009741;V035;D010;29.09.2025;7900000;5,25;7485000;H;13.10.2025;rejected
O004658;L0009742;V002;D001;08.01.2026;3900000;1,66;3835000;H;22.01.2026;rejected
O004659;L0009743;V025;D013;14.03.2026;3050000;6,09;2864000;E;28.03.2026;rejected
O004660;L0009745;V024;D012;19.04.2025;2650000;2,97;2571000;H;03.05.2025;rejected
O004661;L0009747;V019;D011;02.12.2025;4500000;5,11;4270000;H;16.12.2025;accepted
O004662;L0009748;V016;D011;16.02.2026;5300000;3,51;5113000;E;02.03.2026;accepted
O004663;L0009750;V032;D008;17.10.2024;6200000;5,16;5880000;H;31.10.2024;rejected
O004664;L0009753;V035;D007;03.10.2025;7900000;4,18;7569000;H;17.10.2025;rejected
O004665;L0009754;V014;D001;05.12.2024;12300000;5,79;11588000;E;19.12.2024;accepted
O004666;L0009763;V035;D010;20.09.2025;7900000;4,55;7540000;H;04.10.2025;rejected
O004667;L0009764;V008;D004;22.06.2026;4200000;6,28;3936000;H;06.07.2026;rejected
O004668;L0009766;V024;D011;18.02.2025;2650000;5,59;2501000;H;04.03.2025;rejected
O004669;L0009770;V006;D009;22.08.2026;7800000;4,75;7429000;E;05.09.2026;expired
O004670;L0009771;V012;D013;23.09.2025;7100000;6,63;6629000;E;07.10.2025;rejected
O004671;L0009773;V013;D003;09.02.2026;11200000;5,52;10581000;H;23.02.2026;accepted
O004672;L0009778;V005;D011;07.08.2026;6900000;5,44;6524000;H;21.08.2026;rejected
O004673;L0009779;V024;D010;15.09.2025;2650000;2,42;2585000;E;29.09.2025;accepted
O004674;L0009780;V017;D001;16.10.2024;4100000;3,09;3973000;H;30.10.2024;accepted
O004675;L0009783;V008;D003;15.07.2026;4200000;0,0;4200000;H;29.07.2026;accepted
O004676;L0009785;V033;D005;23.05.2025;5400000;5,93;5079000;H;06.06.2025;accepted
O004677;L0009786;V032;D005;04.05.2026;6200000;8,24;5689000;H;18.05.2026;rejected
O004678;L0009787;V008;D003;25.02.2025;4200000;3,3;4061000;H;11.03.2025;rejected
O004679;L0009788;V035;D004;09.12.2024;7900000;5,53;7463000;H;23.12.2024;rejected
O004680;L0009789;V018;D010;10.03.2025;4700000;6,54;4392000;E;24.03.2025;rejected
O004681;L0009790;V026;D009;25.02.2026;2900000;2,65;2823000;E;11.03.2026;rejected
O004682;L0009792;V019;D012;23.05.2025;4500000;7,95;4142000;H;06.06.2025;rejected
O004683;L0009793;V024;D001;04.04.2026;2650000;0,0;2650000;E;18.04.2026;rejected
O004684;L0009798;V027;D008;13.05.2026;3700000;5,69;3489000;E;27.05.2026;accepted
O004685;L0009799;V016;D001;28.01.2025;5300000;6,02;4980000;H;11.02.2025;accepted
O004686;L0009800;V033;D002;20.01.2026;5400000;7,07;5018000;H;03.02.2026;rejected
O004687;L0009801;V034;D005;25.02.2026;6100000;3,46;5888000;H;11.03.2026;rejected
O004688;L0009802;V016;D012;24.01.2026;5300000;4,51;5060000;E;07.02.2026;rejected
O004689;L0009804;V012;D002;25.03.2026;7100000;0,0;7100000;H;08.04.2026;rejected
O004690;L0009805;V001;D002;23.05.2026;3450000;5,15;3272000;H;06.06.2026;rejected
O004691;L0009810;V026;D012;01.08.2026;2900000;2,28;2833000;H;15.08.2026;open
O004692;L0009811;V003;D001;29.10.2025;4650000;6,84;4331000;H;12.11.2025;rejected
O004693;L0009814;V008;D007;31.03.2026;4200000;5,8;3956000;E;14.04.2026;rejected
O004694;L0009819;V008;D004;08.08.2026;4200000;1,9;4120000;H;22.08.2026;rejected
O004695;L0009821;V026;D003;07.06.2025;2900000;3,57;2796000;E;21.06.2025;rejected
O004696;L0009825;V025;D007;30.12.2024;3050000;2,29;2980000;E;13.01.2025;rejected
O004697;L0009827;V003;D003;12.08.2026;4650000;4,01;4463000;E;26.08.2026;accepted
O004698;L0009828;V026;D007;18.05.2026;2900000;3,11;2809000;E;01.06.2026;rejected
O004699;L0009829;V008;D002;23.06.2025;4200000;2,11;4111000;E;07.07.2025;rejected
O004700;L0009834;V002;D003;20.09.2025;3900000;7,03;3625000;E;04.10.2025;accepted
O004701;L0009836;V011;D007;08.07.2025;6400000;4,9;6086000;E;22.07.2025;accepted
O004702;L0009837;V019;D006;15.11.2025;4500000;0,04;4498000;H;29.11.2025;accepted
O004703;L0009838;V024;D001;25.09.2025;2650000;7,57;2449000;H;09.10.2025;accepted
O004704;L0009839;V036;D010;05.08.2026;14200000;0,0;14200000;H;19.08.2026;open
O004705;L0009841;V009;D006;05.01.2026;4900000;1,89;4807000;E;19.01.2026;accepted
O004706;L0009842;V017;D001;26.09.2025;4100000;6,9;3816000;H;10.10.2025;accepted
O004707;L0009844;V028;D005;10.11.2025;4000000;4,63;3814000;H;24.11.2025;rejected
O004708;L0009847;V024;D006;20.11.2024;2650000;6,11;2488000;H;04.12.2024;rejected
O004709;L0009848;V021;D001;31.01.2026;7400000;5,85;6967000;E;14.02.2026;rejected
O004710;L0009851;V026;D004;03.01.2025;2900000;2,92;2815000;H;17.01.2025;rejected
O004711;L0009853;V017;D008;01.05.2026;4100000;1,14;4053000;E;15.05.2026;rejected
O004712;L0009856;V003;D009;24.03.2025;4650000;2,56;4531000;H;07.04.2025;rejected
O004713;L0009858;V020;D001;23.03.2026;6600000;5,98;6205000;H;06.04.2026;rejected
O004714;L0009860;V020;D012;19.08.2025;6600000;9,1;5999000;E;02.09.2025;rejected
O004715;L0009864;V026;D010;08.05.2026;2900000;0,97;2871000;H;22.05.2026;rejected
O004716;L0009865;V019;D009;15.10.2025;4500000;5,95;4232000;E;29.10.2025;rejected
O004717;L0009868;V027;D010;29.04.2025;3700000;3,05;3587000;H;13.05.2025;accepted
O004718;L0009876;V020;D005;15.03.2025;6600000;7,35;6115000;H;29.03.2025;rejected
O004719;L0009880;V026;D006;17.08.2026;2900000;5,22;2748000;H;31.08.2026;open
O004720;L0009884;V012;D013;27.01.2025;7100000;0,27;7080000;E;10.02.2025;accepted
O004721;L0009885;V027;D002;04.04.2026;3700000;3,56;3568000;E;18.04.2026;accepted
O004722;L0009887;V011;D001;13.04.2026;6400000;4,45;6115000;H;27.04.2026;rejected
O004723;L0009888;V033;D003;16.04.2026;5400000;5,97;5077000;H;30.04.2026;rejected
O004724;L0009891;V018;D002;02.04.2025;4700000;5,34;4449000;H;16.04.2025;rejected
O004725;L0009893;V016;D006;22.08.2026;5300000;9,06;4819000;H;05.09.2026;accepted
O004726;L0009894;V019;D003;27.07.2026;4500000;7,26;4173000;E;10.08.2026;rejected
O004727;L0009895;V024;D008;13.09.2025;2650000;12,0;2332000;H;27.09.2025;accepted
O004728;L0009897;V017;D014;22.11.2025;4100000;6,19;3846000;E;06.12.2025;accepted
O004729;L0009904;V017;D006;20.06.2026;4100000;2,96;3978000;H;04.07.2026;rejected
O004730;L0009905;V010;D005;10.08.2026;4600000;3,15;4455000;E;24.08.2026;accepted
O004731;L0009906;V028;D014;25.08.2026;4000000;0,98;3960000;H;08.09.2026;expired
O004732;L0009908;V033;D004;20.09.2025;5400000;3,1;5232000;H;04.10.2025;accepted
O004733;L0009911;V003;D012;14.10.2024;4650000;5,37;4400000;H;28.10.2024;rejected
O004734;L0009916;V035;D002;18.08.2025;7900000;3,92;7590000;E;01.09.2025;accepted
O004735;L0009917;V028;D008;16.12.2024;4000000;7,88;;E;30.12.2024;rejected
O004736;L0009921;V031;D007;25.10.2025;10800000;9,06;9821000;H;08.11.2025;rejected
O004737;L0009925;V032;D004;26.01.2026;6200000;6,04;5825000;H;09.02.2026;rejected
O004738;L0009934;V018;D011;07.10.2024;4700000;9,48;4254000;E;21.10.2024;accepted
O004739;L0009936;V008;D008;21.10.2024;4200000;5,11;3985000;E;04.11.2024;accepted
O004740;L0009937;V027;D006;13.05.2025;3700000;0,0;3700000;E;27.05.2025;rejected
O004741;L0009939;V024;D003;07.10.2025;2650000;1,51;2610000;H;21.10.2025;accepted
O004742;L0009942;V024;D003;05.01.2026;2650000;8,66;2420000;H;19.01.2026;rejected
O004743;L0009948;V028;D005;16.06.2026;4000000;4,21;3831000;H;30.06.2026;accepted
O004744;L0009951;V031;D006;22.08.2026;10800000;1,31;10658000;H;05.09.2026;expired
O004745;L0009952;V034;D008;28.05.2026;6100000;0,75;6054000;E;11.06.2026;rejected
O004746;L0009954;V027;D014;04.12.2024;3700000;1,94;3628000;E;18.12.2024;accepted
O004747;L0009955;V011;D004;22.08.2025;6400000;3,32;6187000;E;05.09.2025;rejected
O004748;L0009956;V004;D009;12.07.2025;5100000;5,15;4837000;E;26.07.2025;rejected
O004749;L0009957;V002;D006;11.06.2026;3900000;3,46;3765000;E;25.06.2026;accepted
O004750;L0009958;V007;D013;15.11.2025;14500000;4,31;13875000;E;29.11.2025;accepted
O004751;L0009961;V027;D008;28.05.2026;3700000;4,3;3540000;H;11.06.2026;rejected
O004752;L0009966;V028;D002;08.03.2025;4000000;1,21;3951000;H;22.03.2025;rejected
O004753;L0009967;V002;D002;13.06.2026;3900000;3,09;3779000;E;27.06.2026;accepted
O004754;L0009969;V018;D005;20.10.2025;4700000;6,08;4414000;H;03.11.2025;accepted
O004755;L0009970;V029;D002;28.10.2025;3300000;1,51;3250000;E;11.11.2025;rejected
O004756;L0009971;V028;D003;24.07.2025;4000000;3,71;3851000;H;07.08.2025;rejected
O004757;L0009975;V009;D007;16.04.2026;4900000;1,9;4807000;E;30.04.2026;accepted
O004758;L0009976;V004;D011;06.02.2025;5100000;9,63;4609000;H;20.02.2025;rejected
O004759;L0009978;V003;D003;23.05.2025;4650000;8,53;4253000;E;06.06.2025;rejected
O004760;L0009979;V025;D003;12.09.2025;3050000;2,68;2968000;H;26.09.2025;accepted
O004761;L0009980;V014;D004;27.05.2026;12300000;8,08;11305000;H;10.06.2026;rejected
O004762;L0009983;V017;D006;09.02.2026;4100000;1,7;4030000;H;23.02.2026;accepted
O004763;L0009984;V013;D005;06.11.2024;11200000;4,17;10733000;E;20.11.2024;rejected
O004764;L0009989;V031;D008;14.08.2026;10800000;4,0;10368000;E;28.08.2026;rejected
O004765;L0009993;V019;D014;10.07.2025;4500000;6,33;4215000;E;24.07.2025;rejected
O004766;L0009994;V035;D014;13.10.2025;7900000;4,1;7575000;H;27.10.2025;rejected
O004767;L0009995;V019;D006;18.05.2026;4500000;6,09;4225000;H;01.06.2026;rejected
O004768;L0009997;V030;D008;09.11.2024;11900000;7,12;11052000;E;23.11.2024;rejected
O004769;L0009998;V031;D002;11.03.2025;10800000;7,05;10038000;E;25.03.2025;accepted
O004770;L0010004;V029;D004;31.10.2024;3300000;0,0;3300000;E;14.11.2024;rejected
O004771;L0010009;V008;D004;15.05.2026;4200000;1,23;4148000;H;29.05.2026;rejected
O004772;L0010010;V028;D003;27.10.2025;4000000;5,48;3780000;H;10.11.2025;accepted
O004773;L0010011;V010;D003;13.04.2026;4600000;6,89;4283000;H;27.04.2026;rejected
O004774;L0010013;V034;D005;14.03.2025;6100000;2,19;5966000;H;28.03.2025;rejected
O004775;L0010015;V028;D001;18.12.2025;4000000;1,88;3924000;H;01.01.2026;rejected
O004776;L0010018;V008;D004;28.04.2025;4200000;3,78;4041000;E;12.05.2025;rejected
O004777;L0010019;V017;D002;21.08.2025;4100000;2,55;3995000;H;04.09.2025;accepted
O004778;L0010023;V018;D012;25.10.2024;4700000;2,73;4571000;H;08.11.2024;rejected
O004779;L0010024;V030;D004;23.07.2026;11900000;3,17;11523000;E;06.08.2026;rejected
O004780;L0010026;V008;D001;25.04.2026;4200000;2,64;4089000;E;09.05.2026;rejected
O004781;L0010029;V027;D007;28.05.2026;3700000;2,37;3612000;H;11.06.2026;rejected
O004782;L0010030;V024;D001;03.11.2025;2650000;7,53;2450000;E;17.11.2025;rejected
O004783;L0010031;V001;D005;27.01.2025;3450000;3,0;3346000;H;10.02.2025;rejected
O004784;L0010035;V033;D005;18.10.2025;5400000;4,36;5164000;E;01.11.2025;rejected
O004785;L0010036;V028;D003;16.05.2026;4000000;3,07;3877000;E;30.05.2026;rejected
O004786;L0010040;V005;D006;21.02.2026;6900000;3,87;6633000;H;07.03.2026;rejected
O004787;L0010041;V009;D003;20.08.2025;4900000;5,96;4607000;H;03.09.2025;accepted
O004788;L0010042;V010;D007;13.10.2025;4600000;6,53;4299000;H;27.10.2025;accepted
O004789;L0010044;V028;D004;31.03.2026;4000000;3,5;3860000;E;14.04.2026;accepted
O004790;L0010045;V009;D001;12.11.2024;4900000;4,03;4702000;H;26.11.2024;accepted
O004791;L0010047;V013;D002;24.11.2025;11200000;3,41;10818000;H;08.12.2025;rejected
O004792;L0010048;V010;D011;17.02.2026;4600000;3,85;4422000;H;03.03.2026;rejected
O004793;L0010052;V019;D008;20.03.2026;4500000;3,32;4350000;E;03.04.2026;accepted
O004794;L0010053;V018;D009;30.12.2024;4700000;5,12;4459000;H;13.01.2025;rejected
O004795;L0010054;V029;D014;05.11.2024;3300000;5,36;3123000;H;19.11.2024;rejected
O004796;L0010055;V010;D004;25.03.2026;4600000;7,6;4250000;E;08.04.2026;rejected
O004797;L0010056;V005;D007;04.09.2025;6900000;6,28;6466000;H;18.09.2025;rejected
O004798;L0010059;V033;D002;15.10.2025;5400000;7,32;5004000;E;29.10.2025;accepted
O004799;L0010061;V028;D012;03.08.2026;4000000;4,43;3822000;H;17.08.2026;rejected
O004800;L0010063;V033;D004;13.06.2025;5400000;3,94;5186000;H;27.06.2025;rejected
O004801;L0010064;V034;D011;20.09.2025;6100000;3,81;5867000;H;04.10.2025;rejected
O004802;L0010069;V011;D010;09.08.2025;6400000;4,91;6085000;H;23.08.2025;accepted
O004803;L0010072;V017;D001;11.05.2026;4100000;0,99;4059000;E;25.05.2026;rejected
O004804;L0010073;V002;D011;11.01.2025;3900000;3,58;3760000;E;25.01.2025;rejected
O004805;L0010074;V033;D003;29.03.2025;5400000;2,55;5262000;E;12.04.2025;rejected
O004806;L0010075;V024;D008;05.03.2025;2650000;2,56;2582000;H;19.03.2025;accepted
O004807;L0010077;V004;D010;24.08.2026;5100000;3,44;4924000;H;07.09.2026;open
O004808;L0010078;V033;D006;21.07.2026;5400000;3,99;5184000;E;04.08.2026;accepted
O004809;L0010081;V003;D014;14.02.2026;4650000;2,36;4540000;H;28.02.2026;rejected
O004810;L0010083;V017;D008;27.09.2025;4100000;7,19;3805000;E;11.10.2025;accepted
O004811;L0010086;V018;D007;28.08.2026;4700000;3,01;4558000;H;11.09.2026;expired
O004812;L0010087;V014;D006;02.07.2026;12300000;6,03;11557000;H;16.07.2026;rejected
O004813;L0010089;V008;D004;18.07.2026;4200000;1,2;4149000;H;01.08.2026;rejected
O004814;L0010091;V013;D004;23.06.2025;11200000;3,87;10766000;H;07.07.2025;rejected
O004815;L0010092;V029;D002;01.04.2025;3300000;4,8;3141000;E;15.04.2025;rejected
O004816;L0010093;V032;D002;12.03.2026;6200000;4,43;5925000;H;26.03.2026;accepted
O004817;L0010094;V001;D012;22.07.2026;3450000;3,82;3318000;E;05.08.2026;rejected
O004818;L0010097;V001;D011;28.12.2024;3450000;5,11;3273000;H;11.01.2025;rejected
O004819;L0010098;V028;D004;21.10.2025;4000000;10,67;;H;04.11.2025;rejected
O004820;L0010100;V003;D003;07.02.2026;4650000;0,72;4616000;H;21.02.2026;rejected
O004821;L0010101;V001;D003;08.02.2025;3450000;6,05;3241000;H;22.02.2025;rejected
O004822;L0010104;V018;D009;15.08.2026;4700000;1,23;4642000;H;29.08.2026;rejected
O004823;L0010105;V020;D008;16.01.2026;6600000;0,0;6600000;E;30.01.2026;rejected
O004824;L0010110;V029;D007;24.11.2025;3300000;6,35;3090000;E;08.12.2025;accepted
O004825;L0010112;V003;D006;10.10.2024;4650000;5,65;4387000;H;24.10.2024;accepted
O004826;L0010113;V027;D001;15.11.2025;3700000;1,88;3630000;E;29.11.2025;rejected
O004827;L0010115;V024;D004;29.09.2025;2650000;6,26;2484000;H;13.10.2025;accepted
O004828;L0010116;V018;D001;26.02.2026;4700000;6,39;4399000;E;12.03.2026;rejected
O004829;L0010119;V021;D001;05.03.2026;7400000;5,78;6971000;E;19.03.2026;rejected
O004830;L0010124;V036;D012;03.08.2026;14200000;8,56;12984000;E;17.08.2026;rejected
O004831;L0010128;V006;D009;24.01.2026;7800000;7,6;7207000;H;07.02.2026;rejected
O004832;L0010129;V020;D003;05.02.2026;6600000;8,82;6017000;H;19.02.2026;accepted
O004833;L0010131;V029;D003;27.07.2026;3300000;7,09;3066000;H;10.08.2026;accepted
O004834;L0010133;V025;D010;05.12.2025;3050000;8,88;2779000;H;19.12.2025;rejected
O004835;L0010134;V017;D005;13.04.2026;4100000;5,2;3886000;H;27.04.2026;accepted
O004836;L0010138;V027;D002;13.12.2025;3700000;6,33;3465000;E;27.12.2025;accepted
O004837;L0010142;V004;D013;07.05.2025;5100000;0,0;5100000;E;21.05.2025;accepted
O004838;L0010148;V029;D007;14.03.2026;3300000;4,29;3158000;E;28.03.2026;accepted
O004839;L0010149;V028;D011;28.08.2025;4000000;2,65;3894000;H;11.09.2025;accepted
O004840;L0010151;V032;D003;05.06.2025;6200000;7,82;5715000;E;19.06.2025;accepted
O004841;L0010155;V012;D005;04.10.2024;7100000;4,63;6771000;H;18.10.2024;rejected
O004842;L0010164;V025;D003;13.05.2025;3050000;6,34;2856000;H;27.05.2025;rejected
O004843;L0010166;V002;D006;03.08.2026;3900000;8,28;3577000;H;17.08.2026;accepted
O004844;L0010168;V026;D004;03.10.2024;2900000;4,16;2779000;H;17.10.2024;accepted
O004845;L0010171;V033;D003;27.03.2025;5400000;7,03;5020000;E;10.04.2025;accepted
O004846;L0010173;V018;D006;19.11.2025;4700000;6,77;4381000;E;03.12.2025;accepted
O004847;L0010178;V027;D014;23.05.2026;3700000;2,0;3626000;E;06.06.2026;accepted
O004848;L0010180;V026;D005;28.01.2026;2900000;5,85;2730000;H;11.02.2026;rejected
O004849;L0010182;V034;D010;15.07.2025;6100000;4,5;5825000;H;29.07.2025;rejected
O004850;L0010183;V017;D010;06.02.2025;4100000;0,0;4100000;H;20.02.2025;rejected
O004851;L0010186;V016;D003;06.08.2026;5300000;4,12;5081000;E;20.08.2026;rejected
O004852;L0010188;V003;D003;20.06.2026;4650000;7,02;4323000;H;04.07.2026;rejected
O004853;L0010189;V008;D005;11.06.2026;4200000;5,9;3952000;E;25.06.2026;rejected
O004854;L0010190;V032;D006;05.02.2025;6200000;3,15;6004000;H;19.02.2025;rejected
O004855;L0010193;V009;D012;29.09.2025;4900000;5,4;4635000;H;13.10.2025;rejected
O004856;L0010194;V024;D005;30.06.2025;2650000;3,82;2548000;E;14.07.2025;rejected
O004857;L0010196;V017;D010;26.07.2025;4100000;7,67;3785000;H;09.08.2025;accepted
O004858;L0010198;V002;D009;06.12.2025;3900000;6,32;3653000;H;20.12.2025;accepted
O004859;L0010199;V028;D004;13.06.2026;4000000;5,66;3773000;H;27.06.2026;rejected
O004860;L0010201;V036;D001;02.04.2026;14200000;8,28;13023000;E;16.04.2026;accepted
O004861;L0010206;V018;D009;22.11.2025;4700000;3,16;4551000;E;06.12.2025;rejected
O004862;L0010207;V007;D001;08.08.2026;14500000;4,59;13834000;H;22.08.2026;rejected
O004863;L0010208;V029;D005;05.09.2025;3300000;3,63;3180000;H;19.09.2025;accepted
O004864;L0010212;V022;D010;22.06.2026;9800000;6,94;9120000;E;06.07.2026;accepted
O004865;L0010213;V009;D005;20.05.2025;4900000;2,11;4796000;E;03.06.2025;rejected
O004866;L0010216;V033;D002;11.12.2025;5400000;5,24;5117000;H;25.12.2025;rejected
O004867;L0010218;V022;D002;25.11.2025;9800000;4,71;9338000;E;09.12.2025;rejected
O004868;L0010219;V004;D008;24.02.2025;5100000;6,3;4778000;E;10.03.2025;accepted
O004869;L0010220;V038;D007;05.12.2025;22000000;4,44;21024000;E;19.12.2025;accepted
O004870;L0010233;V024;D001;27.06.2025;2650000;1,39;2613000;E;11.07.2025;rejected
O004871;L0010234;V010;D003;01.07.2026;4600000;4,2;4406000;H;15.07.2026;accepted
O004872;L0010237;V034;D014;16.06.2026;6100000;4,49;5825000;E;30.06.2026;rejected
O004873;L0010238;V017;D004;01.12.2025;4100000;1,56;4036000;E;15.12.2025;accepted
O004874;L0010240;V002;D009;20.01.2026;3900000;7,06;3624000;H;03.02.2026;rejected
O004875;L0010241;V028;D010;02.02.2026;4000000;2,11;3915000;E;16.02.2026;rejected
O004876;L0010243;V035;D003;10.05.2025;7900000;5,3;7481000;H;24.05.2025;accepted
O004877;L0010246;V019;D001;23.02.2026;4500000;10,76;4015000;E;09.03.2026;rejected
O004878;L0010247;V026;D005;29.09.2025;2900000;8,39;2656000;E;13.10.2025;rejected
O004879;L0010252;V026;D004;05.12.2025;2900000;8,63;2649000;E;19.12.2025;accepted
O004880;L0010253;V021;D004;04.06.2025;7400000;4,83;7042000;H;18.06.2025;accepted
O004881;L0010254;V030;D003;13.01.2025;11900000;5,87;11201000;E;27.01.2025;rejected
O004882;L0010256;V029;D008;04.01.2025;3300000;4,63;3147000;H;18.01.2025;rejected
O004883;L0010261;V014;D003;23.04.2025;12300000;4,89;11698000;E;07.05.2025;rejected
O004884;L0010262;V028;D003;18.11.2025;4000000;1,44;3942000;H;02.12.2025;rejected
O004885;L0010263;V016;D012;24.12.2024;5300000;10,73;4731000;H;07.01.2025;accepted
O004886;L0010266;V017;D008;12.07.2025;4100000;7,52;3791000;H;26.07.2025;accepted
O004887;L0010267;V020;D004;11.09.2025;6600000;3,5;6368000;H;25.09.2025;rejected
O004888;L0010270;V001;D007;26.09.2025;3450000;5,46;3261000;E;10.10.2025;rejected
O004889;L0010274;V026;D007;05.02.2026;2900000;1,58;2854000;E;19.02.2026;accepted
O004890;L0010276;V024;D007;21.05.2025;2650000;2,68;2578000;E;04.06.2025;accepted
O004891;L0010277;V026;D008;18.05.2026;2900000;0,0;2900000;H;01.06.2026;rejected
O004892;L0010283;V028;D004;01.05.2025;4000000;2,79;3888000;E;15.05.2025;rejected
O004893;L0010286;V027;D009;27.02.2026;3700000;5,47;3497000;H;13.03.2026;rejected
O004894;L0010287;V018;D003;15.06.2026;4700000;4,77;4475000;H;29.06.2026;rejected
O004895;L0010288;V022;D003;02.03.2026;9800000;3,06;9499000;H;16.03.2026;rejected
O004896;L0010291;V008;D012;07.03.2026;4200000;6,32;3934000;E;21.03.2026;accepted
O004897;L0010292;V032;D004;14.08.2026;6200000;3,2;6001000;E;28.08.2026;accepted
O004898;L0010293;V032;D002;24.06.2026;6200000;3,86;5960000;E;08.07.2026;accepted
O004899;L0010294;V002;D002;11.03.2025;3900000;6,03;3664000;H;25.03.2025;rejected
O004900;L0010295;V019;D009;06.03.2026;4500000;2,99;4365000;H;20.03.2026;rejected
O004901;L0010296;V016;D004;12.04.2025;5300000;0,0;5300000;E;26.04.2025;rejected
O004902;L0010297;V027;D001;03.10.2025;3700000;7,73;3414000;H;17.10.2025;accepted
O004903;L0010299;V016;D007;07.08.2025;5300000;6,77;4941000;H;21.08.2025;rejected
O004904;L0010304;V027;D003;29.05.2026;3700000;5,4;3500000;E;12.06.2026;accepted
O004905;L0010305;V025;D006;09.03.2026;3050000;3,78;2934000;E;23.03.2026;accepted
O004906;L0010307;V025;D007;19.05.2025;3050000;9,71;2753000;E;02.06.2025;accepted
O004907;L0010315;V026;D009;09.09.2025;2900000;6,5;2711000;H;23.09.2025;accepted
O004908;L0010316;V020;D009;04.06.2025;6600000;5,94;6208000;E;18.06.2025;accepted
O004909;L0010317;V020;D002;13.10.2025;6600000;6,87;6146000;E;27.10.2025;accepted
O004910;L0010318;V003;D008;21.11.2024;4650000;3,99;4464000;E;05.12.2024;accepted
O004911;L0010319;V017;D007;17.02.2026;4100000;5,19;3887000;E;03.03.2026;rejected
O004912;L0010321;V019;D010;29.08.2026;4500000;1,54;4430000;H;12.09.2026;open
O004913;L0010322;V019;D002;23.09.2025;4500000;3,13;4359000;H;07.10.2025;rejected
O004914;L0010323;V010;D003;10.02.2026;4600000;5,94;4326000;E;24.02.2026;accepted
O004915;L0010325;V001;D011;28.02.2026;3450000;7,74;3182000;H;14.03.2026;rejected
O004916;L0010326;V035;D006;07.01.2026;7900000;5,95;7429000;H;21.01.2026;accepted
O004917;L0010327;V002;D012;16.09.2025;3900000;9,89;;E;30.09.2025;rejected
O004918;L0010329;V025;D004;02.05.2026;3050000;2,85;2962000;H;16.05.2026;accepted
O004919;L0010330;V016;D003;10.04.2025;5300000;0,77;5259000;E;24.04.2025;accepted
O004920;L0010331;V030;D003;03.11.2025;11900000;4,54;11359000;H;17.11.2025;rejected
O004921;L0010333;V027;D003;07.06.2025;3700000;3,32;3577000;H;21.06.2025;rejected
O004922;L0010334;V001;D013;26.03.2025;3450000;5,45;3261000;H;09.04.2025;accepted
O004923;L0010336;V017;D001;20.01.2025;4100000;1,86;4023000;E;03.02.2025;rejected
O004924;L0010337;V033;D003;26.06.2026;5400000;0,0;5400000;E;10.07.2026;rejected
O004925;L0010338;V011;D004;04.11.2024;6400000;4,83;6090000;E;18.11.2024;rejected
O004926;L0010339;V034;D014;25.10.2024;6100000;8,63;5573000;H;08.11.2024;rejected
O004927;L0010342;V005;D010;03.03.2025;6900000;7,64;6373000;E;17.03.2025;rejected
O004928;L0010344;V035;D002;12.07.2025;7900000;8,1;7260000;H;26.07.2025;rejected
O004929;L0010346;V009;D006;03.04.2026;4900000;4,11;4698000;H;17.04.2026;rejected
O004930;L0010347;V028;D003;01.07.2026;4000000;6,71;3731000;E;15.07.2026;accepted
O004931;L0010348;V002;D001;24.07.2025;3900000;3,92;3747000;E;07.08.2025;rejected
O004932;L0010350;V034;D003;19.03.2026;6100000;9,12;5543000;H;02.04.2026;rejected
O004933;L0010352;V013;D002;31.03.2025;11200000;2,31;10941000;E;14.04.2025;rejected
O004934;L0010354;V025;D008;10.08.2026;3050000;6,31;2857000;H;24.08.2026;accepted
O004935;L0010356;V028;D001;29.07.2026;4000000;5,65;3773000;H;12.08.2026;accepted
O004936;L0010357;V025;D004;15.08.2025;3050000;4,51;2912000;E;29.08.2025;rejected
O004937;L0010359;V022;D006;14.02.2025;9800000;4,89;9321000;H;28.02.2025;rejected
O004938;L0010360;V018;D014;13.08.2025;4700000;6,05;4415000;E;27.08.2025;rejected
O004939;L0010362;V014;D012;31.03.2025;12300000;3,29;11895000;H;14.04.2025;accepted
O004940;L0010365;V017;D001;06.11.2025;4100000;5,04;3893000;E;20.11.2025;accepted
O004941;L0010366;V026;D007;02.05.2026;2900000;6,23;2719000;H;16.05.2026;rejected
O004942;L0010368;V035;D009;23.01.2025;7900000;1,48;7783000;H;06.02.2025;rejected
O004943;L0010369;V013;D013;24.07.2026;11200000;10,09;10069000;E;07.08.2026;accepted
O004944;L0010375;V002;D003;31.10.2025;3900000;8,73;3559000;E;14.11.2025;rejected
O004945;L0010377;V020;D001;29.08.2025;6600000;4,38;6310000;E;12.09.2025;rejected
O004946;L0010378;V020;D007;13.12.2024;6600000;4,2;6322000;E;27.12.2024;rejected
O004947;L0010382;V024;D002;15.12.2025;2650000;4,24;2537000;E;29.12.2025;rejected
O004948;L0010383;V027;D003;09.02.2026;3700000;4,52;3532000;H;23.02.2026;accepted
O004949;L0010385;V025;D010;09.04.2026;3050000;7,43;2823000;H;23.04.2026;rejected
O004950;L0010386;V004;D002;04.11.2025;5100000;4,42;4874000;E;18.11.2025;rejected
O004951;L0010391;V018;D007;19.08.2025;4700000;7,24;4359000;E;02.09.2025;rejected
O004952;L0010394;V025;D003;23.08.2025;3050000;1,44;3006000;H;06.09.2025;rejected
O004953;L0010395;V019;D001;21.09.2024;4500000;0,19;4491000;H;05.10.2024;rejected
O004954;L0010396;V028;D004;28.08.2026;4000000;3,01;3879000;H;11.09.2026;expired
O004955;L0010403;V026;D005;09.06.2026;2900000;3,99;2784000;H;23.06.2026;accepted
O004956;L0010405;V010;D011;31.10.2024;4600000;5,56;4344000;H;14.11.2024;accepted
O004957;L0010406;V017;D001;22.06.2026;4100000;3,05;3975000;H;06.07.2026;accepted
O004958;L0010412;V026;D008;20.07.2026;2900000;150,0;2728000;E;03.08.2026;accepted
O004959;L0010413;V011;D003;17.03.2025;6400000;2,86;6217000;E;31.03.2025;rejected
O004960;L0010414;V027;D002;15.06.2026;3700000;5,47;3497000;E;29.06.2026;rejected
O004961;L0010425;V004;D010;21.02.2026;5100000;4,32;4879000;H;07.03.2026;accepted
O004962;L0010427;V008;D006;16.08.2025;4200000;4,06;4029000;E;30.08.2025;rejected
O004963;L0010431;V028;D013;06.08.2026;4000000;7,62;3695000;E;20.08.2026;rejected
O004964;L0010433;V027;D001;08.11.2024;3700000;5,19;3507000;H;22.11.2024;rejected
O004965;L0010437;V007;D005;11.07.2026;14500000;8,2;13311000;E;25.07.2026;rejected
O004966;L0010438;V021;D004;08.12.2025;7400000;0,0;7400000;E;22.12.2025;rejected
O004967;L0010442;V033;D006;02.03.2026;5400000;6,37;5055000;H;16.03.2026;accepted
O004968;L0010443;V004;D010;02.10.2025;5100000;5,57;4816000;H;16.10.2025;accepted
O004969;L0010444;V005;D004;01.05.2026;6900000;3,65;6647000;H;15.05.2026;rejected
O004970;L0010445;V021;D007;10.08.2026;7400000;9,47;6699000;E;24.08.2026;accepted
O004971;L0010448;V038;D007;02.02.2026;22000000;9,93;19816000;H;16.02.2026;accepted
O004972;L0010449;V022;D006;22.02.2025;9800000;4,33;9375000;E;08.03.2025;accepted
O004973;L0010450;V027;D014;21.04.2025;3700000;2,49;3607000;H;05.05.2025;accepted
O004974;L0010451;V030;D002;26.01.2026;11900000;0,0;11900000;E;09.02.2026;rejected
O004975;L0010455;V002;D003;03.08.2026;3900000;3,63;3758000;H;17.08.2026;rejected
O004976;L0010456;V027;D009;16.01.2026;3700000;5,21;3507000;E;30.01.2026;accepted
O004977;L0010458;V001;D010;11.02.2026;3450000;1,59;3395000;E;25.02.2026;accepted
O004978;L0010459;V004;D007;28.04.2026;5100000;5,98;4795000;E;12.05.2026;rejected
O004979;L0010460;V005;D006;19.10.2024;6900000;8,45;6317000;H;02.11.2024;rejected
O004980;L0010461;V004;D002;20.11.2025;5100000;7,34;4725000;E;04.12.2025;accepted
O004981;L0010463;V033;D010;13.08.2026;5400000;3,44;5214000;E;27.08.2026;accepted
O004982;L0010464;V032;D001;12.07.2025;6200000;5,71;5846000;E;26.07.2025;rejected
O004983;L0010466;V028;D002;17.09.2025;4000000;1,07;3957000;H;01.10.2025;rejected
O004984;L0010468;V020;D007;05.11.2025;6600000;4,96;6272000;E;19.11.2025;rejected
O004985;L0010469;V001;D007;01.11.2025;3450000;4,86;3282000;H;15.11.2025;rejected
O004986;L0010470;V033;D010;08.06.2026;5400000;8,28;4952000;E;22.06.2026;rejected
O004987;L0010471;V009;D003;17.07.2026;4900000;1,69;4817000;H;31.07.2026;rejected
O004988;L0010476;V009;D004;23.10.2025;4900000;7,72;4521000;E;06.11.2025;rejected
O004989;L0010479;V012;D002;26.01.2026;7100000;0,0;7100000;E;09.02.2026;rejected
O004990;L0010480;V016;D011;13.04.2026;5300000;6,57;4951000;H;27.04.2026;rejected
O004991;L0010481;V029;D003;04.08.2025;3300000;1,04;3265000;E;18.08.2025;accepted
O004992;L0010482;V011;D007;09.12.2024;6400000;1,82;6283000;E;23.12.2024;accepted
O004993;L0010485;V019;D010;22.04.2026;4500000;5,69;4244000;H;06.05.2026;rejected
O004994;L0010486;V005;D005;04.05.2026;6900000;5,88;6494000;E;18.05.2026;rejected
O004995;L0010488;V013;D011;25.03.2025;11200000;1,52;11030000;H;08.04.2025;rejected
O004996;L0010489;V034;D001;01.02.2025;6100000;3,26;5900000;E;15.02.2025;rejected
O004997;L0010495;V006;D005;03.10.2025;7800000;5,23;7392000;E;17.10.2025;rejected
O004998;L0010497;V012;D001;25.06.2025;7100000;9,17;6448000;H;09.07.2025;accepted
O004999;L0010505;V020;D001;25.05.2026;6600000;7,36;6114000;H;08.06.2026;rejected
O005000;L0010508;V001;D002;09.09.2025;3450000;10,54;3086000;E;23.09.2025;accepted
O005001;L0010510;V024;D002;21.02.2026;2650000;6,14;2487000;E;07.03.2026;rejected
O005002;L0010512;V024;D002;13.10.2025;2650000;0,32;2641000;E;27.10.2025;rejected
O005003;L0010514;V024;D001;20.07.2026;2650000;6,92;2466000;E;03.08.2026;rejected
O005004;L0010517;V019;D005;01.06.2026;4500000;5,09;4271000;E;15.06.2026;rejected
O005005;L0010518;V001;D007;18.11.2024;3450000;2,88;3350000;H;02.12.2024;rejected
O005006;L0010519;V005;D001;29.04.2025;6900000;2,6;6720000;E;13.05.2025;rejected
O005007;L0010524;V016;D006;17.01.2026;5300000;4,48;5062000;E;31.01.2026;accepted
O005008;L0010525;V003;D004;08.09.2025;4650000;5,43;4397000;E;22.09.2025;rejected
O005009;L0010526;V036;D002;26.09.2024;14200000;4,44;13569000;H;10.10.2024;rejected
O005010;L0010527;V020;D007;16.04.2026;6600000;7,31;6117000;H;30.04.2026;accepted
O005011;L0010528;V009;D010;06.10.2025;4900000;7,12;4551000;H;20.10.2025;rejected
O005012;L0010530;V024;D005;02.02.2026;2650000;3,0;2570000;H;16.02.2026;rejected
O005013;L0010531;V010;D002;02.05.2026;4600000;4,42;4396000;H;16.05.2026;rejected
O005014;L0010533;V005;D002;19.04.2025;6900000;3,18;6680000;E;03.05.2025;rejected
O005015;L0010549;V028;D005;30.03.2026;4000000;2,45;3901000;E;13.04.2026;accepted
O005016;L0010550;V009;D005;23.09.2025;4900000;1,67;4818000;H;07.10.2025;rejected
O005017;L0010553;V002;D004;11.07.2026;3900000;4,06;3741000;H;25.07.2026;rejected
O005018;L0010554;V010;D012;02.05.2026;4600000;0,07;4596000;H;16.05.2026;rejected
O005019;L0010558;V024;D001;14.03.2025;2650000;1,13;2620000;H;28.03.2025;rejected
O005020;L0010560;V035;D006;31.01.2025;7900000;5,58;7459000;E;14.02.2025;rejected
O005021;L0010564;V024;D001;26.02.2026;2650000;1,57;2608000;H;12.03.2026;accepted
O005022;L0010565;V002;D007;14.07.2026;3900000;4,36;3729000;H;28.07.2026;rejected
O005023;L0010567;V004;D009;30.06.2025;5100000;3,33;4930000;E;14.07.2025;rejected
O005024;L0010569;V018;D001;13.06.2026;4700000;5,7;4432000;H;27.06.2026;accepted
O005025;L0010570;V033;D006;20.06.2026;5400000;7,14;5014000;H;04.07.2026;accepted
O005026;L0010571;V019;D009;20.08.2026;4500000;4,48;4298000;H;03.09.2026;expired
O005027;L0010574;V025;D004;07.08.2026;3050000;1,9;2992000;H;21.08.2026;rejected
O005028;L0010579;V025;D001;14.04.2025;3050000;7,14;2832000;H;28.04.2025;accepted
O005029;L0010584;V003;D006;29.08.2026;4650000;0,42;4630000;E;12.09.2026;expired
O005030;L0010586;V029;D007;20.08.2025;3300000;4,56;3149000;E;03.09.2025;rejected
O005031;L0010588;V019;D003;31.03.2025;4500000;1,01;4454000;H;14.04.2025;accepted
O005032;L0010592;V029;D002;13.10.2025;3300000;5,57;3116000;E;27.10.2025;accepted
O005033;L0010594;V019;D013;28.05.2025;4500000;4,22;4310000;H;11.06.2025;accepted
O005034;L0010595;V017;D003;19.02.2026;4100000;5,24;3884000;H;05.03.2026;rejected
O005035;L0010596;V029;D004;26.11.2025;3300000;4,06;3166000;E;10.12.2025;accepted
O005036;L0010601;V019;D008;14.08.2026;4500000;2,7;4378000;H;28.08.2026;rejected
O005037;L0010602;V026;D004;11.09.2025;2900000;4,14;2780000;H;25.09.2025;accepted
O005038;L0010603;V026;D001;21.08.2026;2900000;7,3;2688000;H;04.09.2026;open
O005039;L0010604;V021;D002;26.05.2025;7400000;1,37;7298000;H;09.06.2025;rejected
O005040;L0010608;V012;D009;01.07.2025;7100000;1,2;7014000;E;15.07.2025;rejected
O005041;L0010610;V017;D002;23.12.2024;4100000;3,71;3948000;H;06.01.2025;rejected
O005042;L0010612;V009;D012;21.10.2024;4900000;2,13;4795000;H;04.11.2024;accepted
O005043;L0010614;V017;D002;21.08.2026;4100000;6,62;3828000;H;04.09.2026;open
O005044;L0010616;V022;D007;20.07.2026;9800000;0,41;9760000;H;03.08.2026;rejected
O005045;L0010619;V024;D005;18.07.2025;2650000;5,46;2505000;H;01.08.2025;rejected
O005046;L0010622;V002;D001;02.02.2026;3900000;2,36;3807000;H;16.02.2026;rejected
O005047;L0010623;V034;D010;24.10.2025;6100000;4,67;5815000;H;07.11.2025;rejected
O005048;L0010626;V029;D008;05.05.2025;3300000;8,09;3032000;H;19.05.2025;rejected
O005049;L0010627;V014;D001;30.03.2026;12300000;3,43;11878000;H;13.04.2026;accepted
O005050;L0010628;V004;D002;19.10.2024;5100000;6,21;4783000;E;02.11.2024;accepted
O005051;L0010632;V027;D002;01.12.2025;3700000;3,28;;H;15.12.2025;rejected
O005052;L0010634;V028;D001;05.02.2026;4000000;3,18;3872000;E;19.02.2026;rejected
O005053;L0010635;V019;D001;03.10.2025;4500000;4,97;4276000;E;17.10.2025;accepted
O005054;L0010637;V011;D007;02.05.2025;6400000;9,02;5822000;H;16.05.2025;accepted
O005055;L0010640;V026;D004;26.01.2026;2900000;5,64;2736000;E;09.02.2026;accepted
O005056;L0010643;V004;D001;26.12.2025;5100000;4,15;4888000;H;09.01.2026;accepted
O005057;L0010648;V003;D004;09.06.2025;4650000;1,91;4561000;H;23.06.2025;rejected
O005058;L0010650;V026;D007;03.08.2026;2900000;3,76;2790000;E;17.08.2026;accepted
O005059;L0010651;V034;D007;16.02.2026;6100000;4,6;5819000;H;02.03.2026;rejected
O005060;L0010655;V008;D006;19.05.2025;4200000;3,45;4055000;E;02.06.2025;rejected
O005061;L0010657;V015;D006;01.10.2025;16800000;0,82;16661000;E;15.10.2025;rejected
O005062;L0010661;V012;D004;18.12.2025;7100000;6,4;6645000;E;01.01.2026;rejected
O005063;L0010663;V013;D003;03.07.2025;11200000;4,98;10642000;H;17.07.2025;rejected
O005064;L0010664;V017;D008;27.08.2026;4100000;0,12;4095000;E;10.09.2026;open
O005065;L0010665;V001;D002;10.03.2026;3450000;4,51;3294000;H;24.03.2026;accepted
O005066;L0010666;V034;D010;13.04.2026;6100000;5,2;5782000;E;27.04.2026;accepted
O005067;L0010668;V028;D008;06.03.2026;4000000;6,01;3759000;H;20.03.2026;rejected
O005068;L0010669;V012;D002;08.11.2025;7100000;3,76;6833000;E;22.11.2025;accepted
O005069;L0010671;V024;D008;10.08.2026;2650000;6,1;2488000;H;24.08.2026;rejected
O005070;L0010673;V004;D003;05.06.2025;5100000;6,01;4793000;H;19.06.2025;accepted
O005071;L0010677;V019;D005;20.10.2025;4500000;5,95;4232000;E;03.11.2025;accepted
O005072;L0010678;V021;D005;27.09.2024;7400000;6,19;6942000;H;11.10.2024;rejected
O005073;L0010679;V002;D010;05.03.2026;3900000;6,48;3647000;H;19.03.2026;rejected
O005074;L0010681;V005;D002;23.05.2026;6900000;3,72;6643000;E;06.06.2026;rejected
O005075;L0010682;V008;D013;13.07.2026;4200000;7,35;3891000;H;27.07.2026;rejected
O005076;L0010683;V034;D003;11.06.2026;6100000;2,38;5954000;H;25.06.2026;rejected
O005077;L0010684;V010;D003;08.12.2025;4600000;5,18;4361000;E;22.12.2025;accepted
O005078;L0010687;V026;D003;06.05.2026;2900000;8,32;2658000;H;20.05.2026;accepted
O005079;L0010688;V017;D003;23.05.2026;4100000;4,22;3926000;H;06.06.2026;rejected
O005080;L0010694;V027;D007;02.06.2025;3700000;3,47;3571000;E;16.06.2025;rejected
O005081;L0010698;V024;D008;21.02.2026;2650000;6,34;2482000;H;07.03.2026;rejected
O005082;L0010699;V028;D001;21.05.2026;4000000;4,87;3805000;E;04.06.2026;accepted
O005083;L0010700;V005;D005;31.03.2025;6900000;1,84;6773000;H;14.04.2025;rejected
O005084;L0010703;V019;D005;19.11.2025;4500000;9,55;4070000;H;03.12.2025;accepted
O005085;L0010704;V021;D004;11.02.2025;7400000;4,01;7103000;H;25.02.2025;rejected
O005086;L0010705;V033;D001;05.03.2026;5400000;4,63;5150000;H;19.03.2026;accepted
O005087;L0010707;V017;D003;31.10.2025;4100000;3,36;3962000;H;14.11.2025;rejected
O005088;L0010709;V021;D007;14.05.2025;7400000;4,46;7070000;E;28.05.2025;rejected
O005089;L0010713;V033;D002;21.07.2026;5400000;7,88;4974000;H;04.08.2026;rejected
O005090;L0010715;V028;D001;15.06.2026;4000000;-5,0;3952000;H;29.06.2026;accepted
O005091;L0010717;V005;D003;25.08.2025;6900000;6,78;6432000;E;08.09.2025;rejected
O005092;L0010719;V030;D009;11.05.2026;11900000;2,22;11635000;E;25.05.2026;accepted
O005093;L0010721;V010;D009;04.12.2024;4600000;5,74;4335000;E;18.12.2024;rejected
O005094;L0010722;V029;D006;06.09.2025;3300000;0,81;3273000;H;20.09.2025;accepted
O005095;L0010723;V005;D010;26.06.2026;6900000;5,71;6505000;H;10.07.2026;rejected
O005096;L0010724;V026;D006;16.01.2025;2900000;6,35;2715000;E;30.01.2025;accepted
O005097;L0010725;V009;D010;25.05.2026;4900000;4,79;4665000;E;08.06.2026;rejected
O005098;L0010726;V017;D004;30.06.2025;4100000;5,49;3875000;E;14.07.2025;rejected
O005099;L0010729;V001;D014;28.05.2026;3450000;9,21;3132000;H;11.06.2026;accepted
O005100;L0010732;V027;D004;07.06.2025;3700000;3,84;3557000;H;21.06.2025;rejected
O005101;L0010733;V011;D007;08.08.2025;6400000;4,73;6097000;E;22.08.2025;rejected
O005102;L0010735;V012;D008;13.04.2026;7100000;9,5;6425000;E;27.04.2026;rejected
O005103;L0010736;V030;D003;06.11.2025;11900000;5,06;11298000;H;20.11.2025;rejected
O005104;L0010738;V034;D004;02.04.2025;6100000;5,32;5775000;H;16.04.2025;rejected
O005105;L0010739;V016;D007;06.06.2026;5300000;7,11;4923000;H;20.06.2026;rejected
O005106;L0010743;V026;D007;09.03.2026;2900000;2,52;2826000;E;23.03.2026;accepted
O005107;L0010744;V026;D007;16.08.2025;2900000;3,62;2795000;E;30.08.2025;accepted
O005108;L0010745;V028;D002;27.07.2026;4000000;5,2;3791000;E;10.08.2026;accepted
O005109;L0010747;V009;D005;29.01.2025;4900000;5,03;4653000;H;12.02.2025;accepted
O005110;L0010748;V032;D009;13.01.2025;6200000;6,63;5788000;H;27.01.2025;rejected
O005111;L0010749;V029;D003;24.09.2025;3300000;7,67;3046000;E;08.10.2025;accepted
O005112;L0010750;V028;D013;22.06.2026;4000000;3,43;3862000;E;06.07.2026;rejected
O005113;L0010751;V025;D009;24.06.2026;3050000;10,32;2735000;H;08.07.2026;accepted
O005114;L0010752;V028;D004;24.09.2024;4000000;3,67;3853000;H;08.10.2024;rejected
O005115;L0010754;V002;D004;27.08.2025;3900000;6,46;3648000;H;10.09.2025;rejected
O005116;L0010756;V036;D014;17.06.2025;14200000;4,3;13589000;H;01.07.2025;rejected
O005117;L0010757;V017;D007;13.08.2025;4100000;3,17;3969000;E;27.08.2025;rejected
O005118;L0010759;V028;D005;22.01.2025;4000000;5,2;3791000;H;05.02.2025;rejected
O005119;L0010761;V004;D006;21.03.2026;5100000;6,0;4793000;H;04.04.2026;accepted
O005120;L0010762;V027;D005;09.09.2025;3700000;2,53;3606000;E;23.09.2025;rejected
O005121;L0010763;V020;D001;24.08.2026;6600000;1,21;6520000;E;07.09.2026;open
O005122;L0010766;V024;D003;11.06.2026;2650000;6,44;2479000;E;25.06.2026;accepted
O005123;L0010767;V014;D009;28.08.2026;12300000;4,59;11735000;E;11.09.2026;open
O005124;L0010769;V029;D004;04.12.2025;3300000;5,78;3109000;E;18.12.2025;rejected
O005125;L0010770;V019;D003;10.11.2025;4500000;0,29;4486000;H;24.11.2025;rejected
O005126;L0010773;V009;D012;30.05.2026;4900000;6,6;4576000;E;13.06.2026;rejected
O005127;L0010775;V001;D003;14.10.2024;3450000;2,8;3353000;E;28.10.2024;accepted
O005128;L0010776;V019;D006;10.10.2024;4500000;2,5;4387000;E;24.10.2024;accepted
O005129;L0010778;V031;D010;12.05.2025;10800000;5,91;10161000;E;26.05.2025;rejected
O005130;L0010780;V017;D002;02.05.2025;4100000;6,25;3843000;E;16.05.2025;accepted
O005131;L0010783;V026;D001;02.09.2025;2900000;0,0;2900000;E;16.09.2025;rejected
O005132;L0010784;V017;D011;28.04.2026;4100000;6,64;3827000;H;12.05.2026;accepted
O005133;L0010785;V016;D013;30.05.2026;5300000;6,43;4959000;H;13.06.2026;accepted
O005134;L0010786;V019;D002;07.07.2025;4500000;1,65;4425000;H;21.07.2025;rejected
O005135;L0010789;V016;D001;15.10.2025;5300000;2,73;5155000;E;29.10.2025;accepted
O005136;L0010791;V008;D010;13.04.2026;4200000;3,18;4066000;H;27.04.2026;rejected
O005137;L0010792;V019;D002;10.02.2025;4500000;6,92;4188000;H;24.02.2025;rejected
O005138;L0010795;V021;D009;03.08.2026;7400000;0,0;7400000;H;17.08.2026;rejected
O005139;L0010796;V017;D002;06.03.2026;4100000;8,77;3740000;E;20.03.2026;rejected
O005140;L0010797;V003;D005;16.10.2025;4650000;1,92;4560000;H;30.10.2025;rejected
O005141;L0010798;V031;D006;24.06.2026;10800000;0,65;10729000;E;08.07.2026;rejected
O005142;L0010800;V005;D003;16.09.2024;6900000;1,45;6800000;H;30.09.2024;rejected
O005143;L0010802;V020;D005;28.07.2026;6600000;6,27;6185000;H;11.08.2026;accepted
O005144;L0010804;V034;D005;14.04.2025;6100000;7,44;5645000;H;28.04.2025;accepted
O005145;L0010806;V003;D001;09.05.2026;4650000;7,02;4323000;E;23.05.2026;accepted
O005146;L0010808;V022;D001;02.02.2026;9800000;8,59;8957000;E;16.02.2026;rejected
O005147;L0010815;V016;D003;24.07.2026;5300000;4,22;5076000;H;07.08.2026;accepted
O005148;L0010816;V001;D010;06.01.2025;3450000;150,0;3187000;E;20.01.2025;accepted
O005149;L0010817;V033;D005;30.06.2025;5400000;5,09;5125000;E;14.07.2025;accepted
O005150;L0010818;V026;D001;28.07.2026;2900000;1,34;2861000;H;11.08.2026;rejected
O005151;L0010819;V017;D001;14.08.2026;4100000;2,68;3990000;E;28.08.2026;accepted
O005152;L0010821;V019;D012;08.09.2025;4500000;1,61;4427000;H;22.09.2025;rejected
O005153;L0010822;V026;D004;02.06.2025;2900000;4,41;2772000;E;16.06.2025;rejected
O005154;L0010826;V007;D013;24.10.2025;14500000;4,2;13891000;H;07.11.2025;rejected
O005155;L0010828;V019;D001;28.04.2025;4500000;2,83;4372000;E;12.05.2025;accepted
O005156;L0010830;V028;D001;25.08.2026;4000000;0,12;3995000;H;08.09.2026;rejected
O005157;L0010832;V034;D011;23.02.2026;6100000;6,49;5704000;E;09.03.2026;accepted
O005158;L0010833;V028;D001;10.10.2025;4000000;2,4;3904000;E;24.10.2025;accepted
O005159;L0010835;V029;D004;02.03.2026;3300000;2,85;3206000;E;16.03.2026;accepted
O005160;L0010836;V019;D008;13.04.2026;4500000;1,37;4438000;H;27.04.2026;accepted
O005161;L0010839;V009;D005;11.05.2026;4900000;3,94;4706000;E;25.05.2026;accepted
O005162;L0010843;V019;D013;23.11.2024;4500000;-5,0;4326000;E;07.12.2024;rejected
O005163;L0010848;V002;D011;17.03.2026;3900000;3,73;3754000;H;31.03.2026;accepted
O005164;L0010850;V020;D014;16.02.2026;6600000;7,5;6105000;H;02.03.2026;accepted
O005165;L0010852;V008;D005;20.11.2025;4200000;1,98;4116000;H;04.12.2025;accepted
O005166;L0010853;V029;D006;23.12.2024;3300000;7,92;3038000;E;06.01.2025;rejected
O005167;L0010859;V002;D006;05.01.2026;3900000;3,13;3778000;E;19.01.2026;rejected
O005168;L0010860;V013;D001;09.06.2026;11200000;5,54;10579000;E;23.06.2026;rejected
O005169;L0010861;V028;D004;22.12.2025;4000000;1,21;3951000;E;05.01.2026;rejected
O005170;L0010862;V029;D006;10.11.2025;3300000;4,2;3161000;H;24.11.2025;accepted
O005171;L0010863;V017;D003;26.12.2025;4100000;6,05;3851000;H;09.01.2026;accepted
O005172;L0010865;V008;D006;10.01.2026;4200000;7,97;3865000;E;24.01.2026;rejected
O005173;L0010867;V035;D002;09.10.2025;7900000;3,44;7628000;H;23.10.2025;accepted
O005174;L0010869;V028;D006;03.01.2025;4000000;8,76;3649000;H;17.01.2025;rejected
O005175;L0010871;V030;D014;08.08.2026;11900000;2,06;11654000;H;22.08.2026;rejected
O005176;L0010874;V009;D007;28.07.2026;4900000;5,76;4617000;H;11.08.2026;rejected
O005177;L0010878;V029;D014;22.11.2025;3300000;5,94;3103000;H;06.12.2025;accepted
O005178;L0010881;V036;D003;19.12.2025;14200000;0,92;14069000;H;02.01.2026;accepted
O005179;L0010890;V034;D003;21.11.2024;6100000;4,57;5821000;H;05.12.2024;accepted
O005180;L0010892;V033;D002;27.05.2025;5400000;6,82;5031000;H;10.06.2025;accepted
O005181;L0010894;V013;D004;28.11.2025;11200000;5,48;10586000;E;12.12.2025;rejected
O005182;L0010895;V003;D004;17.03.2025;4650000;10,4;4166000;H;31.03.2025;accepted
O005183;L0010896;V016;D001;25.08.2025;5300000;3,26;5127000;H;08.09.2025;rejected
O005184;L0010899;V013;D006;08.06.2026;11200000;6,94;10422000;E;22.06.2026;rejected
O005185;L0010903;V008;D012;28.08.2026;4200000;6,59;3923000;H;11.09.2026;open
O005186;L0010904;V003;D003;16.04.2025;4650000;1,29;4590000;E;30.04.2025;rejected
O005187;L0010908;V009;D008;15.06.2026;4900000;7,1;4551000;E;29.06.2026;rejected
O005188;L0010915;V025;D009;23.07.2026;3050000;3,28;2949000;E;06.08.2026;accepted
O005189;L0010918;V013;D008;28.07.2025;11200000;7,06;10409000;E;11.08.2025;accepted
O005190;L0010919;V028;D014;03.07.2025;4000000;2,14;3914000;E;17.07.2025;accepted
O005191;L0010920;V025;D005;25.05.2026;3050000;12,0;2684000;H;08.06.2026;rejected
O005192;L0010922;V027;D002;13.06.2025;3700000;8,44;3387000;E;27.06.2025;rejected
O005193;L0010923;V019;D001;21.10.2025;4500000;1,85;4416000;E;04.11.2025;rejected
O005194;L0010925;V035;D004;17.01.2026;7900000;1,15;7809000;H;31.01.2026;rejected
O005195;L0010927;V024;D002;09.06.2026;2650000;4,4;2533000;H;23.06.2026;accepted
O005196;L0010928;V006;D004;18.08.2026;7800000;1,46;7686000;E;01.09.2026;open
O005197;L0010930;V032;D001;23.03.2026;6200000;4,48;5922000;E;06.04.2026;accepted
O005198;L0010932;V027;D006;09.06.2025;3700000;5,46;3497000;H;23.06.2025;rejected
O005199;L0010933;V016;D010;11.04.2026;5300000;4,34;5069000;H;25.04.2026;rejected
O005200;L0010935;V020;D002;08.11.2024;6600000;7,83;6083000;E;22.11.2024;rejected
O005201;L0010936;V026;D006;18.12.2025;2900000;2,79;2819000;H;01.01.2026;accepted
O005202;L0010940;V026;D012;26.11.2024;2900000;3,2;2807000;H;10.12.2024;accepted
O005203;L0010941;V033;D002;23.07.2026;5400000;5,23;5117000;E;06.08.2026;rejected
O005204;L0010942;V008;D006;24.09.2025;4200000;3,11;4069000;E;08.10.2025;accepted
O005205;L0010943;V009;D012;28.12.2024;4900000;2,72;4766000;E;11.01.2025;rejected
O005206;L0010944;V019;D005;11.09.2025;4500000;1,07;4451000;E;25.09.2025;rejected
O005207;L0010945;V019;D008;15.04.2025;4500000;5,48;4253000;H;29.04.2025;rejected
O005208;L0010947;V025;D005;11.06.2026;3050000;4,26;2920000;E;25.06.2026;rejected
O005209;L0010950;V018;D007;26.03.2026;4700000;7,03;4369000;E;09.04.2026;rejected
O005210;L0010951;V019;D001;19.05.2026;4500000;3,73;4332000;H;02.06.2026;accepted
O005211;L0010952;V029;D007;10.06.2025;3300000;8,75;3011000;H;24.06.2025;accepted
O005212;L0010960;V021;D005;12.10.2024;7400000;3,66;7129000;H;26.10.2024;rejected
O005213;L0010963;V022;D008;17.08.2026;9800000;3,79;9428000;H;31.08.2026;open
O005214;L0010964;V018;D002;29.07.2026;4700000;5,79;4427000;E;12.08.2026;rejected
O005215;L0010966;V026;D005;24.07.2026;2900000;6,15;2721000;H;07.08.2026;rejected
O005216;L0010968;V010;D006;30.10.2025;4600000;0,66;4569000;E;13.11.2025;rejected
O005217;L0010969;V010;D002;21.07.2026;4600000;4,71;4383000;E;04.08.2026;accepted
O005218;L0010970;V025;D001;17.07.2025;3050000;2,21;2982000;H;31.07.2025;accepted
O005219;L0010974;V010;D010;10.03.2026;4600000;3,41;4443000;E;24.03.2026;accepted
O005220;L0010975;V028;D004;26.08.2026;4000000;2,86;3885000;H;09.09.2026;expired
O005221;L0010981;V016;D007;07.01.2026;5300000;0,0;5300000;E;21.01.2026;rejected
O005222;L0010982;V003;D003;21.10.2025;4650000;1,51;4579000;H;04.11.2025;rejected
O005223;L0010983;V006;D005;17.08.2026;7800000;9,39;7067000;E;31.08.2026;rejected
O005224;L0010985;V015;D006;16.05.2026;16800000;6,63;15686000;E;30.05.2026;rejected
O005225;L0010986;V019;D001;07.07.2025;4500000;6,37;4213000;H;21.07.2025;rejected
O005226;L0010987;V038;D008;24.08.2026;22000000;5,8;20724000;E;07.09.2026;expired
O005227;L0010988;V001;D014;09.10.2024;3450000;3,54;3327000;H;23.10.2024;rejected
O005228;L0010989;V025;D001;10.12.2025;3050000;3,62;2939000;E;24.12.2025;accepted
O005229;L0010992;V008;D012;04.06.2025;4200000;3,2;4065000;E;18.06.2025;rejected
O005230;L0010996;V001;D005;09.10.2025;3450000;9,77;3112000;E;23.10.2025;accepted
O005231;L0010997;V033;D006;13.02.2026;5400000;1,14;5338000;E;27.02.2026;rejected
O005232;L0010998;V034;D002;17.03.2026;6100000;1,07;6034000;E;31.03.2026;rejected
O005233;L0010999;V027;D009;03.04.2026;3700000;5,39;3500000;H;17.04.2026;rejected
O005234;L0011000;V025;D011;14.03.2026;3050000;6,57;2849000;H;28.03.2026;rejected
O005235;L0011002;V010;D014;24.02.2026;4600000;5,46;4348000;E;10.03.2026;accepted
O005236;L0011006;V035;D003;14.07.2025;7900000;5,42;7471000;E;28.07.2025;accepted
O005237;L0011009;V003;D014;26.07.2025;4650000;3,63;4481000;H;09.08.2025;rejected
O005238;L0011010;V006;D001;30.09.2025;7800000;2,38;7614000;H;14.10.2025;rejected
O005239;L0011011;V025;D002;01.11.2025;3050000;3,51;2942000;E;15.11.2025;rejected
O005240;L0011012;V027;D009;02.01.2026;3700000;3,74;3561000;E;16.01.2026;accepted
O005241;L0011013;V038;D007;09.02.2026;22000000;6,7;20525000;H;23.02.2026;rejected
O005242;L0011014;V035;D001;13.09.2025;7900000;7,87;7278000;E;27.09.2025;accepted
O005243;L0011016;V003;D006;09.05.2025;4650000;0,9;4608000;H;23.05.2025;rejected
O005244;L0011017;V024;D003;02.02.2026;2650000;7,01;2464000;H;16.02.2026;rejected
O005245;L0011019;V012;D013;08.10.2025;7100000;5,71;6694000;E;22.10.2025;rejected
O005246;L0011020;V025;D003;04.09.2025;3050000;1,44;3005000;H;18.09.2025;accepted
O005247;L0011021;V011;D014;27.11.2024;6400000;8,74;5840000;E;11.12.2024;rejected
O005248;L0011027;V001;D003;02.01.2026;3450000;3,86;3316000;E;16.01.2026;rejected
O005249;L0011031;V035;D001;25.08.2026;7900000;2,97;7665000;E;08.09.2026;open
O005250;L0011033;V016;D009;13.05.2026;5300000;3,03;5139000;E;27.05.2026;rejected
O005251;L0011036;V027;D007;12.01.2026;3700000;2,14;3620000;H;26.01.2026;rejected
O005252;L0011038;V002;D007;20.07.2026;3900000;7,0;3626000;H;03.08.2026;rejected
O005253;L0011039;V009;D009;07.03.2025;4900000;4,34;4687000;H;21.03.2025;rejected
O005254;L0011040;V029;D006;27.10.2025;3300000;4,06;3166000;E;10.11.2025;rejected
O005255;L0011044;V008;D013;31.12.2024;4200000;4,49;4011000;H;14.01.2025;accepted
O005256;L0011049;V029;D003;25.08.2025;3300000;4,07;3165000;H;08.09.2025;accepted
O005257;L0011050;V017;D005;16.02.2026;4100000;0,0;4100000;H;02.03.2026;rejected
O005258;L0011051;V033;D003;09.05.2026;5400000;11,16;4797000;H;23.05.2026;accepted
O005259;L0011052;V027;D009;25.08.2025;3700000;4,8;3522000;H;08.09.2025;accepted
O005260;L0011053;V018;D005;11.07.2026;4700000;5,77;4428000;H;25.07.2026;accepted
O005261;L0011056;V019;D002;14.07.2025;4500000;2,85;4371000;E;28.07.2025;rejected
O005262;L0011057;V018;D003;13.12.2025;4700000;1,06;4650000;E;27.12.2025;rejected
O005263;L0011058;V002;D002;27.05.2025;3900000;3,52;3762000;E;10.06.2025;rejected
O005264;L0011059;V029;D005;05.11.2024;3300000;5,64;3113000;E;19.11.2024;accepted
O005265;L0011061;V016;D001;31.07.2026;5300000;3,78;5099000;E;14.08.2026;rejected
O005266;L0011064;V028;D003;22.04.2026;4000000;3,83;3846000;H;06.05.2026;rejected
O005267;L0011065;V012;D004;20.02.2026;7100000;8,09;6525000;H;06.03.2026;rejected
O005268;L0011069;V033;D004;30.04.2026;5400000;3,51;5210000;H;14.05.2026;rejected
O005269;L0011070;V009;D001;01.06.2026;4900000;3,83;4712000;E;15.06.2026;rejected
O005270;L0011073;V018;D008;29.08.2026;4700000;4,32;4497000;H;12.09.2026;expired
O005271;L0011076;V017;D006;05.06.2025;4100000;3,13;3971000;E;19.06.2025;accepted
O005272;L0011078;V001;D013;03.08.2026;3450000;7,6;3187000;E;17.08.2026;open
O005273;L0011079;V008;D001;09.01.2026;4200000;4,38;4015000;E;23.01.2026;rejected
O005274;L0011080;V027;D009;27.02.2026;3700000;0,0;3700000;E;13.03.2026;rejected
O005275;L0011081;V035;D001;10.09.2025;7900000;5,31;7480000;H;24.09.2025;rejected
O005276;L0011083;V018;D007;05.09.2025;4700000;9,08;4273000;H;19.09.2025;accepted
O005277;L0011085;V023;D002;06.01.2025;15900000;4,8;15136000;E;20.01.2025;rejected
O005278;L0011087;V002;D003;02.03.2026;3900000;6,25;3656000;H;16.03.2026;accepted
O005279;L0011088;V007;D008;15.12.2025;14500000;1,5;14282000;H;29.12.2025;rejected
O005280;L0011089;V001;D010;16.07.2025;3450000;4,67;3288000;H;30.07.2025;accepted
O005281;L0011090;V010;D006;21.04.2026;4600000;9,45;4165000;E;05.05.2026;accepted
O005282;L0011094;V017;D010;08.07.2026;4100000;5,84;3860000;E;22.07.2026;rejected
O005283;L0011097;V034;D003;10.06.2026;6100000;5,06;5791000;E;24.06.2026;rejected
O005284;L0011101;V019;D003;03.05.2025;4500000;0,77;4465000;E;17.05.2025;accepted
O005285;L0011103;V028;D011;26.03.2026;4000000;3,57;3857000;E;09.04.2026;rejected
O005286;L0011104;V008;D001;25.09.2025;4200000;5,07;3987000;H;09.10.2025;rejected
O005287;L0011105;V003;D003;08.10.2025;4650000;1,38;4585000;H;22.10.2025;accepted
O005288;L0011106;V033;D006;26.11.2024;5400000;4,47;5158000;H;10.12.2024;rejected
O005289;L0011109;V022;D011;25.03.2025;9800000;6,94;9119000;E;08.04.2025;rejected
O005290;L0011110;V019;D008;25.07.2025;4500000;5,04;4273000;H;08.08.2025;accepted
O005291;L0011111;V004;D014;24.08.2026;5100000;3,13;4940000;H;07.09.2026;open
O005292;L0011117;V017;D001;15.12.2025;4100000;4,92;3898000;H;29.12.2025;rejected
O005293;L0011119;V004;D001;24.11.2025;5100000;4,22;4884000;H;08.12.2025;accepted
O005294;L0011120;V012;D001;15.11.2025;7100000;3,61;6843000;E;29.11.2025;rejected
O005295;L0011121;V025;D006;13.08.2025;3050000;2,72;2967000;E;27.08.2025;rejected
O005296;L0011122;V026;D002;04.04.2025;2900000;6,59;2708000;H;18.04.2025;accepted
O005297;L0011123;V017;D005;14.03.2026;4100000;0,0;4100000;E;28.03.2026;rejected
O005298;L0011126;V017;D001;27.01.2026;4100000;0,0;4100000;H;10.02.2026;rejected
O005299;L0011127;V011;D007;23.02.2026;6400000;5,01;6079000;H;09.03.2026;accepted
O005300;L0011129;V029;D003;29.09.2025;3300000;2,4;3220000;E;13.10.2025;accepted
O005301;L0011132;V027;D003;05.03.2025;3700000;0,0;3700000;H;19.03.2025;accepted
O005302;L0011133;V019;D008;31.07.2026;4500000;6,27;4217000;E;14.08.2026;rejected
O005303;L0011134;V017;D001;15.06.2026;4100000;1,8;4026000;E;29.06.2026;rejected
O005304;L0011135;V026;D010;25.08.2025;2900000;4,08;2781000;E;08.09.2025;accepted
O005305;L0011136;V010;D006;07.10.2025;4600000;0,0;4600000;H;21.10.2025;accepted
O005306;L0011144;V024;D008;13.08.2026;2650000;1,93;2598000;E;27.08.2026;expired
O005307;L0011146;V035;D002;07.07.2025;7900000;1,26;7800000;H;21.07.2025;rejected
O005308;L0011149;V026;D002;11.06.2026;2900000;3,84;2788000;H;25.06.2026;rejected
O005309;L0011150;V008;D006;02.07.2026;4200000;7,34;3891000;H;16.07.2026;accepted
O005310;L0011151;V004;D003;13.04.2026;5100000;0,0;5100000;E;27.04.2026;rejected
O005311;L0011152;V027;D001;07.10.2025;3700000;5,58;3493000;E;21.10.2025;accepted
O005312;L0011153;V034;D009;01.04.2025;6100000;4,03;5854000;E;15.04.2025;accepted
O005313;L0011155;V017;D004;10.04.2025;4100000;4,51;3915000;H;24.04.2025;rejected
O005314;L0011156;V028;D002;28.10.2025;4000000;6,47;3741000;H;11.11.2025;accepted
O005315;L0011160;V010;D004;09.06.2026;4600000;4,79;4379000;H;23.06.2026;rejected
O005316;L0011161;V010;D006;04.04.2025;4600000;7,0;4278000;E;18.04.2025;rejected
O005317;L0011165;V015;D013;22.04.2026;16800000;2,17;16435000;H;06.05.2026;rejected
O005318;L0011167;V011;D008;10.07.2025;6400000;2,56;6235000;H;24.07.2025;accepted
O005319;L0011170;V008;D011;07.02.2026;4200000;4,82;3997000;E;21.02.2026;accepted
O005320;L0011172;V026;D006;06.12.2025;2900000;0,0;2900000;E;20.12.2025;accepted
O005321;L0011177;V019;D012;09.06.2025;4500000;6,13;4224000;H;23.06.2025;rejected
O005322;L0011179;V008;D010;21.05.2026;4200000;2,57;4091000;E;04.06.2026;accepted
O005323;L0011184;V004;D001;22.09.2025;5100000;3,55;4918000;E;06.10.2025;rejected
O005324;L0011185;V028;D005;31.03.2025;4000000;3,09;3876000;H;14.04.2025;accepted
O005325;L0011187;V019;D001;06.09.2025;4500000;6,41;4211000;E;20.09.2025;rejected
O005326;L0011190;V021;D007;06.12.2024;7400000;4,45;7070000;H;20.12.2024;rejected
O005327;L0011191;V010;D005;15.03.2025;4600000;5,03;4368000;H;29.03.2025;accepted
O005328;L0011193;V009;D007;01.04.2025;4900000;8,05;4505000;H;15.04.2025;rejected
O005329;L0011195;V028;D014;19.12.2025;4000000;1,33;3946000;H;02.01.2026;rejected
O005330;L0011196;V027;D007;09.12.2024;3700000;6,56;3457000;H;23.12.2024;accepted
O005331;L0011200;V008;D007;30.06.2025;4200000;3,64;4047000;E;14.07.2025;rejected
O005332;L0011202;V008;D010;10.05.2025;4200000;4,45;4012000;E;24.05.2025;accepted
O005333;L0011203;V024;D013;10.08.2026;2650000;2,21;2591000;E;24.08.2026;expired
O005334;L0011206;V019;D003;07.08.2026;4500000;7,37;4168000;E;21.08.2026;accepted
O005335;L0011211;V019;D003;25.12.2025;4500000;2,39;4392000;H;08.01.2026;rejected
O005336;L0011212;V021;D008;19.05.2025;7400000;4,51;7066000;H;02.06.2025;rejected
O005337;L0011217;V027;D003;27.06.2026;3700000;0,0;3700000;H;11.07.2026;rejected
O005338;L0011218;V004;D009;28.06.2025;5100000;6,2;4783000;H;12.07.2025;accepted
O005339;L0011225;V022;D001;09.02.2026;9800000;5,47;9263000;H;23.02.2026;rejected
O005340;L0011228;V029;D003;08.01.2025;3300000;7,26;3060000;H;22.01.2025;rejected
O005341;L0011230;V026;D002;02.01.2026;2900000;5,92;2728000;H;16.01.2026;rejected
O005342;L0011231;V024;D011;07.04.2026;2650000;1,74;2603000;H;21.04.2026;rejected
O005343;L0011235;V036;D005;31.05.2025;14200000;2,2;13887000;E;14.06.2025;rejected
O005344;L0011236;V001;D007;08.05.2025;3450000;6,43;3228000;H;22.05.2025;rejected
O005345;L0011240;V025;D003;21.07.2025;3050000;6,05;2865000;E;04.08.2025;accepted
O005346;L0011242;V028;D011;08.01.2026;4000000;3,54;3858000;E;22.01.2026;rejected
O005347;L0011243;V024;D002;06.05.2026;2650000;3,75;2550000;H;20.05.2026;accepted
O005348;L0011246;V029;D004;20.12.2025;3300000;5,95;3103000;E;03.01.2026;accepted
O005349;L0011249;V001;D003;07.10.2024;3450000;6,23;3234000;E;21.10.2024;rejected
O005350;L0011250;V029;D014;26.01.2026;3300000;3,98;3168000;E;09.02.2026;accepted
O005351;L0011252;V004;D011;06.12.2025;5100000;5,0;4844000;E;20.12.2025;rejected
O005352;L0011254;V030;D004;14.03.2025;11900000;4,1;11412000;H;28.03.2025;rejected
O005353;L0011256;V017;D009;09.03.2026;4100000;3,42;3959000;H;23.03.2026;rejected
O005354;L0011258;V006;D001;08.11.2024;7800000;5,35;7382000;H;22.11.2024;rejected
O005355;L0011262;V029;D004;26.05.2025;3300000;4,0;3167000;H;09.06.2025;accepted
O005356;L0011263;V013;D005;01.04.2026;11200000;3,97;10755000;E;15.04.2026;rejected
O005357;L0011268;V002;D001;06.07.2026;3900000;8,16;3581000;H;20.07.2026;accepted
O005358;L0011271;V034;D004;27.07.2026;6100000;3,45;5889000;H;10.08.2026;rejected
O005359;L0011273;V019;D006;24.03.2026;4500000;3,09;4360000;E;07.04.2026;rejected
O005360;L0011274;V029;D002;26.01.2026;3300000;5,44;3120000;H;09.02.2026;accepted
O005361;L0011276;V018;D002;19.05.2025;4700000;6,21;4408000;E;02.06.2025;rejected
O005362;L0011277;V030;D002;29.01.2026;11900000;7,06;11059000;H;12.02.2026;accepted
O005363;L0011278;V012;D012;08.06.2026;7100000;2,95;6890000;H;22.06.2026;accepted
O005364;L0011280;V033;D001;29.07.2026;5400000;2,09;5287000;H;12.08.2026;rejected
O005365;L0011281;V033;D007;04.11.2024;5400000;6,6;5043000;H;18.11.2024;rejected
O005366;L0011282;V002;D004;29.08.2026;3900000;4,45;3726000;H;12.09.2026;open
O005367;L0011285;V027;D001;27.06.2025;3700000;4,43;3536000;H;11.07.2025;accepted
O005368;L0011286;V018;D007;29.12.2025;4700000;3,05;4556000;E;12.01.2026;rejected
O005369;L0011289;V029;D006;09.07.2026;3300000;4,97;3135000;H;23.07.2026;rejected
O005370;L0011292;V018;D002;10.12.2024;4700000;3,86;4518000;E;24.12.2024;accepted
O005371;L0011296;V029;D004;30.10.2025;3300000;8,72;3012000;E;13.11.2025;accepted
O005372;L0011298;V011;D007;11.11.2024;6400000;2,88;6215000;H;25.11.2024;rejected
O005373;L0011301;V018;D008;29.08.2025;4700000;2,35;4589000;E;12.09.2025;accepted
O005374;L0011303;V024;D002;10.08.2026;2650000;3,12;2567000;H;24.08.2026;accepted
O005375;L0011306;V002;D005;20.10.2025;3900000;5,04;3703000;H;03.11.2025;accepted
O005376;L0011309;V009;D003;07.10.2025;4900000;6,89;4562000;H;21.10.2025;rejected
O005377;L0011311;V020;D014;22.06.2026;6600000;1,26;6516000;E;06.07.2026;rejected
O005378;L0011312;V017;D007;06.07.2026;4100000;3,37;3961000;E;20.07.2026;accepted
O005379;L0011315;V034;D011;23.03.2026;6100000;3,29;5899000;H;06.04.2026;accepted
O005380;L0011319;V011;D007;24.11.2025;6400000;3,7;6162000;E;08.12.2025;rejected
O005381;L0011321;V004;D003;01.12.2025;5100000;3,19;4937000;H;15.12.2025;rejected
O005382;L0011322;V032;D013;05.10.2024;6200000;5,57;5854000;H;19.10.2024;rejected
O005383;L0011327;V022;D001;05.05.2025;9800000;5,19;9291000;E;19.05.2025;rejected
O005384;L0011328;V001;D008;24.08.2026;3450000;6,17;3237000;E;07.09.2026;open
O005385;L0011329;V004;D003;26.11.2025;5100000;6,78;4754000;H;10.12.2025;accepted
O005386;L0011330;V002;D013;24.02.2026;3900000;4,38;3729000;H;10.03.2026;rejected
O005387;L0011331;V018;D008;01.01.2026;4700000;5,41;4445000;E;15.01.2026;rejected
O005388;L0011332;V034;D007;17.01.2026;6100000;2,18;5967000;E;31.01.2026;rejected
O005389;L0011333;V007;D003;14.10.2024;14500000;4,46;13853000;H;28.10.2024;rejected
O005390;L0011335;V003;D003;06.06.2026;4650000;0,64;4620000;H;20.06.2026;rejected
O005391;L0011337;V013;D001;23.07.2025;11200000;1,65;11015000;E;06.08.2025;rejected
O005392;L0011338;V026;D001;17.11.2025;2900000;0,0;2900000;E;01.12.2025;accepted
O005393;L0011341;V017;D002;31.05.2025;4100000;4,14;3930000;H;14.06.2025;accepted
O005394;L0011342;V005;D003;08.09.2025;6900000;4,39;6596000;E;22.09.2025;rejected
O005395;L0011346;V014;D001;30.04.2026;12300000;2,92;11940000;H;14.05.2026;rejected
O005396;L0011347;V025;D002;26.08.2025;3050000;6,8;2842000;H;09.09.2025;accepted
O005397;L0011349;V025;D008;21.08.2025;3050000;4,88;2901000;H;04.09.2025;rejected
O005398;L0011351;V028;D002;06.03.2025;4000000;3,94;3842000;E;20.03.2025;rejected
O005399;L0011354;V028;D003;02.03.2026;4000000;7,43;3702000;H;16.03.2026;accepted
O005400;L0011359;V038;D004;07.01.2026;22000000;5,6;20768000;E;21.01.2026;rejected
O005401;L0011361;V006;D004;13.01.2026;7800000;0,0;7800000;H;27.01.2026;rejected
O005402;L0011363;V028;D007;15.07.2025;4000000;2,48;3900000;E;29.07.2025;rejected
O005403;L0011367;V008;D005;17.06.2026;4200000;4,41;4014000;E;01.07.2026;rejected
O005404;L0011370;V008;D008;15.11.2025;4200000;0,49;4179000;E;29.11.2025;rejected
O005405;L0011371;V008;D002;07.11.2024;4200000;3,64;4046000;H;21.11.2024;rejected
O005406;L0011373;V001;D003;05.11.2025;3450000;1,11;3411000;H;19.11.2025;accepted
O005407;L0011375;V022;D004;26.09.2025;9800000;2,92;9513000;H;10.10.2025;rejected
O005408;L0011376;V003;D004;14.04.2025;4650000;7,97;4279000;E;28.04.2025;accepted
O005409;L0011379;V020;D004;17.09.2025;6600000;4,29;6316000;H;01.10.2025;rejected
O005410;L0011380;V011;D004;20.08.2025;6400000;2,38;6247000;H;03.09.2025;rejected
O005411;L0011385;V019;D011;17.05.2025;4500000;5,55;4250000;E;31.05.2025;accepted
O005412;L0011388;V033;D002;28.05.2026;5400000;2,47;5266000;E;11.06.2026;rejected
O005413;L0011390;V010;D004;24.06.2026;4600000;0,0;4600000;H;08.07.2026;rejected
O005414;L0011391;V007;D010;22.05.2026;14500000;6,56;13548000;H;05.06.2026;rejected
O005415;L0011393;V018;D010;24.04.2026;4700000;6,39;4399000;H;08.05.2026;accepted
O005416;L0011394;V024;D003;14.02.2025;2650000;4,81;2522000;H;28.02.2025;rejected
O005417;L0011395;V028;D006;04.11.2024;4000000;5,48;3780000;H;18.11.2024;rejected
O005418;L0011396;V035;D002;11.04.2026;7900000;5,23;7486000;H;25.04.2026;rejected
O005419;L0011399;V018;D007;08.09.2025;4700000;8,15;4316000;E;22.09.2025;accepted
O005420;L0011403;V007;D002;21.08.2025;14500000;0,0;14500000;E;04.09.2025;rejected
O005421;L0011406;V029;D007;07.08.2025;3300000;4,57;3149000;H;21.08.2025;accepted
O005422;L0011408;V019;D001;05.06.2026;4500000;3,1;4360000;H;19.06.2026;accepted
O005423;L0011411;V034;D008;24.01.2026;6100000;2,36;5955000;E;07.02.2026;rejected
O005424;L0011413;V017;D001;24.10.2025;4100000;3,29;3965000;H;07.11.2025;rejected
O005425;L0011416;V027;D003;08.11.2024;3700000;4,09;3548000;H;22.11.2024;accepted
O005426;L0011418;V002;D010;18.06.2026;3900000;3,01;3782000;E;02.07.2026;accepted
O005427;L0011420;V033;D011;29.10.2025;5400000;2,85;5245000;E;12.11.2025;rejected
O005428;L0011426;V027;D004;12.10.2024;3700000;3,58;3567000;H;26.10.2024;rejected
O005429;L0011427;V019;D004;27.09.2024;4500000;2,18;4402000;H;11.10.2024;rejected
O005430;L0011428;V019;D004;30.07.2026;4500000;1,56;4429000;H;13.08.2026;rejected
O005431;L0011429;V024;D006;09.06.2026;2650000;2,77;2576000;E;23.06.2026;accepted
O005432;L0011432;V019;D001;28.01.2026;4500000;3,15;4358000;H;11.02.2026;accepted
O005433;L0011434;V019;D010;04.08.2025;4500000;4,38;4302000;H;18.08.2025;rejected
O005434;L0011436;V025;D003;17.11.2025;3050000;5,61;2878000;E;01.12.2025;rejected
O005435;L0011437;V001;D006;30.07.2026;3450000;7,02;3207000;E;13.08.2026;rejected
O005436;L0011439;V033;D001;30.07.2026;5400000;4,31;5167000;H;13.08.2026;rejected
O005437;L0011440;V002;D007;17.02.2025;3900000;4,87;3710000;H;03.03.2025;rejected
O005438;L0011441;V011;D009;22.10.2025;6400000;4,56;6107000;H;05.11.2025;accepted
O005439;L0011442;V019;D010;20.09.2025;4500000;7,91;4143000;H;04.10.2025;rejected
O005440;L0011443;V035;D003;04.01.2025;7900000;3,48;7624000;H;18.01.2025;rejected
O005441;L0011444;V011;D008;14.07.2025;6400000;2,9;6214000;E;28.07.2025;rejected
O005442;L0011445;V026;D006;17.08.2026;2900000;0,6;2882000;E;31.08.2026;open
O005443;L0011446;V024;D004;14.03.2025;2650000;3,09;2568000;H;28.03.2025;accepted
O005444;L0011448;V018;D001;21.11.2024;4700000;3,87;4518000;E;05.12.2024;accepted
O005445;L0011449;V025;D007;10.04.2026;3050000;3,63;2939000;H;24.04.2026;rejected
O005446;L0011450;V029;D007;02.06.2026;3300000;7,13;3064000;H;16.06.2026;rejected
O005447;L0011456;V008;D012;17.01.2025;4200000;3,1;4069000;H;31.01.2025;accepted
O005448;L0011457;V011;D007;13.11.2025;6400000;2,68;6228000;H;27.11.2025;rejected
O005449;L0011459;V011;D001;06.03.2026;6400000;1,55;6300000;H;20.03.2026;rejected
O005450;L0011460;V012;D002;15.12.2025;7100000;1,79;6973000;E;29.12.2025;rejected
O005451;L0011462;V022;D001;27.10.2025;9800000;5,66;9245000;H;10.11.2025;accepted
O005452;L0011463;V038;D006;27.12.2024;22000000;6,43;20585000;H;10.01.2025;accepted
O005453;L0011464;V024;D003;02.03.2026;2650000;0,0;2650000;H;16.03.2026;rejected
O005454;L0011467;V027;D005;22.07.2025;3700000;6,07;3475000;H;05.08.2025;accepted
O005455;L0011469;V026;D006;02.04.2026;2900000;1,79;2848000;E;16.04.2026;rejected
O005456;L0011472;V029;D001;01.08.2026;3300000;4,7;3144000;H;15.08.2026;accepted
O005457;L0011473;V001;D004;24.10.2025;3450000;2,8;3353000;H;07.11.2025;rejected
O005458;L0011475;V020;D001;28.10.2025;6600000;2,25;6451000;E;11.11.2025;rejected
O005459;L0011476;V029;D001;05.03.2026;3300000;1,68;3244000;H;19.03.2026;accepted
O005460;L0011477;V019;D004;12.02.2026;4500000;3,91;4324000;H;26.02.2026;rejected
O005461;L0011480;V017;D005;30.01.2025;4100000;3,56;3954000;E;13.02.2025;accepted
O005462;L0011481;V024;D004;07.07.2025;2650000;7,1;2461000;H;21.07.2025;accepted
O005463;L0011482;V008;D002;16.05.2025;4200000;2,33;4102000;E;30.05.2025;rejected
O005464;L0011483;V026;D014;27.07.2026;2900000;1,98;2842000;E;10.08.2026;rejected
O005465;L0011484;V005;D011;03.01.2025;6900000;4,01;6623000;E;17.01.2025;accepted
O005466;L0011485;V028;D007;27.12.2024;4000000;3,69;3852000;E;10.01.2025;rejected
O005467;L0011486;V005;D001;29.10.2024;6900000;8,2;6334000;E;12.11.2024;accepted
O005468;L0011487;V006;D007;14.10.2024;7800000;5,92;7338000;E;28.10.2024;rejected
O005469;L0011491;V031;D007;22.07.2025;10800000;2,63;10515000;E;05.08.2025;rejected
O005470;L0011492;V011;D001;31.07.2025;6400000;8,28;5869000;H;14.08.2025;rejected
O005471;L0011495;V028;D008;14.07.2025;4000000;4,68;3812000;E;28.07.2025;rejected
O005472;L0011496;V030;D003;12.01.2026;11900000;0,97;11785000;E;26.01.2026;accepted
O005473;L0011499;V009;D001;08.09.2025;4900000;6,79;4567000;H;22.09.2025;rejected
O005474;L0011500;V010;D001;05.08.2026;4600000;7,61;4250000;H;19.08.2026;rejected
O005475;L0011502;V007;D010;13.08.2025;14500000;4,41;13860000;E;27.08.2025;rejected
O005476;L0011505;V026;D013;30.06.2025;2900000;11,23;2574000;E;14.07.2025;rejected
O005477;L0011506;V018;D002;17.05.2025;4700000;7,77;4334000;H;31.05.2025;rejected
O005478;L0011510;V018;D003;05.01.2026;4700000;3,6;4530000;H;19.01.2026;rejected
O005479;L0011511;V019;D014;29.11.2025;4500000;4,64;4291000;E;13.12.2025;rejected
O005480;L0011512;V022;D001;03.06.2025;9800000;3,06;9500000;H;17.06.2025;accepted
O005481;L0011513;V024;D009;24.07.2025;2650000;2,22;2591000;H;07.08.2025;rejected
O005482;L0011514;V035;D008;19.08.2026;7900000;3,09;7656000;E;02.09.2026;open
O005483;L0011516;V029;D007;15.08.2026;3300000;4,63;3147000;E;29.08.2026;rejected
O005484;L0011517;V029;D003;18.02.2026;3300000;6,95;3070000;H;04.03.2026;rejected
O005485;L0011518;V017;D004;26.01.2026;4100000;8,55;3749000;E;09.02.2026;rejected
O005486;L0011520;V033;D008;24.01.2026;5400000;0,0;5400000;H;07.02.2026;rejected
O005487;L0011522;V025;D004;20.04.2026;3050000;5,99;2867000;H;04.05.2026;rejected
O005488;L0011523;V034;D006;21.08.2025;6100000;5,52;5763000;H;04.09.2025;rejected
O005489;L0011524;V020;D004;21.03.2026;6600000;3,61;6361000;E;04.04.2026;accepted
O005490;L0011526;V026;D002;11.04.2025;2900000;4,96;2756000;E;25.04.2025;accepted
O005491;L0011528;V002;D004;25.04.2026;3900000;9,38;3534000;E;09.05.2026;rejected
O005492;L0011529;V018;D003;01.08.2025;4700000;6,08;4414000;E;15.08.2025;rejected
O005493;L0011533;V032;D008;30.07.2025;6200000;2,29;6057000;E;13.08.2025;rejected
O005494;L0011534;V020;D002;27.08.2025;6600000;4,68;6290000;E;10.09.2025;accepted
O005495;L0011535;V017;D003;24.04.2026;4100000;5,21;;E;08.05.2026;accepted
O005496;L0011537;V013;D001;28.10.2025;11200000;1,82;10996000;H;11.11.2025;rejected
O005497;L0011538;V030;D010;30.10.2025;11900000;2,18;11640000;E;13.11.2025;rejected
O005498;L0011539;V016;D003;29.07.2026;5300000;3,36;5121000;H;12.08.2026;rejected
O005499;L0011540;V027;D003;21.10.2025;3700000;3,14;3583000;H;04.11.2025;accepted
O005500;L0011546;V010;D001;13.11.2025;4600000;6,12;4318000;H;27.11.2025;rejected
O005501;L0011548;V027;D013;03.08.2026;3700000;1,08;3659000;H;17.08.2026;rejected
O005502;L0011550;V029;D007;21.11.2024;3300000;1,04;3265000;E;05.12.2024;rejected
O005503;L0011551;V007;D003;25.03.2025;14500000;2,12;14192000;E;08.04.2025;rejected
O005504;L0011552;V017;D008;06.02.2026;4100000;7,83;3778000;H;20.02.2026;accepted
O005505;L0011553;V019;D011;03.12.2024;4500000;8,52;4116000;H;17.12.2024;rejected
O005506;L0011556;V027;D003;16.07.2026;3700000;5,32;3503000;H;30.07.2026;accepted
O005507;L0011559;V033;D003;13.08.2025;5400000;11,14;4798000;H;27.08.2025;rejected
O005508;L0011562;V027;D005;15.07.2026;3700000;5,83;3484000;E;29.07.2026;rejected
O005509;L0011563;V016;D009;15.04.2025;5300000;7,61;4896000;E;29.04.2025;rejected
O005510;L0011564;V035;D006;12.05.2026;7900000;8,26;7247000;E;26.05.2026;rejected
O005511;L0011565;V011;D014;29.09.2025;6400000;8,29;5869000;H;13.10.2025;rejected
O005512;L0011566;V011;D005;05.08.2025;6400000;2,74;6224000;H;19.08.2025;rejected
O005513;L0011569;V034;D001;11.05.2026;6100000;3,96;5858000;H;25.05.2026;rejected
O005514;L0011570;V027;D008;27.02.2025;3700000;2,43;3609000;H;13.03.2025;accepted
O005515;L0011577;V032;D001;02.07.2026;6200000;6,9;5772000;H;16.07.2026;rejected
O005516;L0011578;V010;D003;11.07.2025;4600000;1,12;4548000;H;25.07.2025;rejected
O005517;L0011580;V019;D009;06.03.2026;4500000;7,52;4161000;H;20.03.2026;rejected
O005518;L0011581;V028;D007;26.03.2026;4000000;1,32;3947000;H;09.04.2026;rejected
O005519;L0011585;V018;D002;11.04.2026;4700000;99,0;4391000;E;25.04.2026;rejected
O005520;L0011589;V004;D002;04.07.2025;5100000;4,1;4890000;H;18.07.2025;accepted
O005521;L0011590;V027;D003;11.08.2025;3700000;1,56;3642000;E;25.08.2025;accepted
O005522;L0011592;V004;D003;05.01.2026;5100000;2,51;4972000;H;19.01.2026;rejected
O005523;L0011593;V017;D001;08.06.2026;4100000;8,93;3734000;H;22.06.2026;rejected
O005524;L0011595;V019;D002;20.06.2025;4500000;2,79;4374000;E;04.07.2025;rejected
O005525;L0011601;V018;D011;02.05.2026;4700000;3,63;4529000;H;16.05.2026;rejected
O005526;L0011603;V024;D004;13.09.2025;2650000;8,0;2437000;H;27.09.2025;rejected
O005527;L0011604;V022;D012;26.03.2026;9800000;6,46;9166000;E;09.04.2026;rejected
O005528;L0011605;V025;D008;17.03.2025;3050000;6,06;2865000;H;31.03.2025;accepted
O005529;L0011608;V027;D007;21.04.2025;3700000;6,93;3443000;H;05.05.2025;accepted
O005530;L0011609;V014;D001;23.04.2026;12300000;5,86;11579000;H;07.05.2026;rejected
O005531;L0011610;V019;D003;09.02.2026;4500000;3,23;4354000;H;23.02.2026;accepted
O005532;L0011612;V028;D007;31.12.2025;4000000;1,68;3932000;H;14.01.2026;accepted
O005533;L0011616;V032;D003;20.10.2025;6200000;7,73;5720000;E;03.11.2025;accepted
O005534;L0011622;V004;D004;15.04.2026;5100000;5,35;4827000;H;29.04.2026;rejected
O005535;L0011626;V026;D003;10.04.2025;2900000;3,17;2807000;E;24.04.2025;accepted
O005536;L0011627;V012;D005;04.04.2026;7100000;0,43;7069000;H;18.04.2026;rejected
O005537;L0011628;V016;D005;02.04.2026;5300000;7,15;4921000;H;16.04.2026;rejected
O005538;L0011630;V024;D010;25.03.2025;2650000;0,24;2643000;E;08.04.2025;accepted
O005539;L0011634;V008;D005;09.07.2026;4200000;4,62;4005000;H;23.07.2026;accepted
O005540;L0011635;V022;D002;02.08.2025;9800000;5,79;9232000;E;16.08.2025;rejected
O005541;L0011636;V016;D004;22.08.2026;5300000;7,16;4920000;H;05.09.2026;open
O005542;L0011640;V024;D008;04.02.2026;2650000;2,98;2571000;H;18.02.2026;rejected
O005543;L0011642;V038;D004;14.06.2025;22000000;2,42;21467000;H;28.06.2025;rejected
O005544;L0011645;V024;D003;19.08.2026;2650000;4,21;2538000;H;02.09.2026;open
O005545;L0011647;V022;D006;23.07.2026;9800000;2,28;9576000;E;06.08.2026;rejected
O005546;L0011648;V011;D005;07.07.2026;6400000;8,06;5884000;H;21.07.2026;rejected
O005547;L0011649;V036;D008;16.02.2026;14200000;0,0;14200000;E;02.03.2026;rejected
O005548;L0011650;V032;D001;27.06.2025;6200000;6,66;5787000;H;11.07.2025;rejected
O005549;L0011652;V004;D002;02.11.2024;5100000;1,89;5003000;H;16.11.2024;accepted
O005550;L0011656;V003;D004;19.06.2026;4650000;3,57;4484000;H;03.07.2026;rejected
O005551;L0011657;V008;D003;18.03.2026;4200000;3,9;4036000;E;01.04.2026;accepted
O005552;L0011658;V008;D009;18.12.2025;4200000;0,32;4186000;H;01.01.2026;rejected
O005553;L0011663;V018;D001;29.12.2025;4700000;7,48;4348000;E;12.01.2026;rejected
O005554;L0011664;V025;D005;27.05.2026;3050000;0,0;3050000;H;10.06.2026;rejected
O005555;L0011665;V025;D001;10.01.2026;3050000;2,07;2986000;H;24.01.2026;accepted
O005556;L0011667;V030;D003;24.11.2025;11900000;7,38;11021000;E;08.12.2025;rejected
O005557;L0011668;V016;D002;19.02.2026;5300000;7,58;4898000;E;05.03.2026;accepted
O005558;L0011671;V032;D013;08.06.2026;6200000;6,46;5799000;E;22.06.2026;rejected
O005559;L0011672;V027;D005;22.09.2025;3700000;150,0;3461000;H;06.10.2025;rejected
O005560;L0011675;V016;D008;22.09.2025;5300000;3,12;5134000;E;06.10.2025;rejected
O005561;L0011676;V029;D010;04.10.2025;3300000;4,77;3142000;E;18.10.2025;rejected
O005562;L0011679;V016;D008;25.02.2025;5300000;2,35;5175000;H;11.03.2025;rejected
O005563;L0011681;V019;D001;20.07.2026;4500000;4,97;4276000;H;03.08.2026;rejected
O005564;L0011682;V027;D013;01.03.2025;3700000;3,55;3568000;E;15.03.2025;rejected
O005565;L0011683;V030;D007;14.08.2025;11900000;5,57;11237000;E;28.08.2025;rejected
O005566;L0011686;V002;D001;24.06.2026;3900000;5,2;3697000;H;08.07.2026;accepted
O005567;L0011690;V027;D002;23.05.2026;3700000;4,72;3525000;H;06.06.2026;accepted
O005568;L0011691;V025;D001;27.03.2026;3050000;7,51;2820000;E;10.04.2026;rejected
O005569;L0011692;V036;D005;06.12.2025;14200000;2,06;13907000;H;20.12.2025;rejected
O005570;L0011693;V002;D003;15.06.2026;3900000;11,77;3441000;E;29.06.2026;accepted
O005571;L0011694;V025;D001;11.10.2024;3050000;6,42;2854000;E;25.10.2024;accepted
O005572;L0011695;V029;D005;03.03.2026;3300000;7,52;3051000;H;17.03.2026;rejected
O005573;L0011696;V018;D002;22.08.2025;4700000;7,67;4339000;H;05.09.2025;rejected
O005574;L0011697;V027;D002;14.05.2026;3700000;2,37;3612000;H;28.05.2026;accepted
O005575;L0011699;V038;D007;12.06.2026;22000000;1,25;21725000;E;26.06.2026;rejected
O005576;L0011700;V026;D008;05.01.2026;2900000;2,61;2824000;E;19.01.2026;rejected
O005577;L0011704;V001;D001;27.02.2026;3450000;7,67;3185000;H;13.03.2026;rejected
O005578;L0011707;V026;D005;16.03.2026;2900000;5,7;2734000;H;30.03.2026;rejected
O005579;L0011708;V023;D008;13.07.2026;15900000;2,1;15565000;H;27.07.2026;rejected
O005580;L0011713;V017;D013;20.06.2026;4100000;0,29;4088000;H;04.07.2026;rejected
O005581;L0011720;V005;D007;07.05.2026;6900000;3,79;6638000;E;21.05.2026;rejected
O005582;L0011722;V034;D003;28.01.2026;6100000;8,33;5591000;E;11.02.2026;accepted
O005583;L0011723;V018;D004;21.08.2025;4700000;3,78;4522000;E;04.09.2025;accepted
O005584;L0011726;V008;D003;06.01.2025;4200000;2,95;4075000;E;20.01.2025;rejected
O005585;L0011732;V019;D006;16.09.2025;4500000;1,5;4432000;H;30.09.2025;rejected
O005586;L0011734;V035;D002;14.09.2024;7900000;0,67;7846000;E;28.09.2024;accepted
O005587;L0011735;V010;D014;15.05.2026;4600000;1,96;4509000;E;29.05.2026;rejected
O005588;L0011737;V005;D003;11.11.2025;6900000;5,09;6549000;H;25.11.2025;accepted
O005589;L0011738;V017;D008;13.07.2026;4100000;3,6;3952000;H;27.07.2026;rejected
O005590;L0011741;V019;D009;03.07.2025;4500000;8,35;4124000;H;17.07.2025;rejected
O005591;L0011745;V029;D002;13.12.2025;3300000;1,7;3243000;E;27.12.2025;accepted
O005592;L0011747;V035;D006;27.06.2026;7900000;1,05;7817000;E;11.07.2026;accepted
O005593;L0011749;V029;D006;24.12.2025;3300000;1,67;3244000;E;07.01.2026;accepted
O005594;L0011750;V028;D002;07.03.2026;4000000;1,11;3955000;H;21.03.2026;rejected
O005595;L0011753;V024;D002;12.08.2026;2650000;9,83;2389000;E;26.08.2026;rejected
O005596;L0011756;V026;D002;30.07.2026;2900000;2,62;2823000;E;13.08.2026;accepted
O005597;L0011759;V032;D003;20.07.2026;6200000;6,78;5779000;E;03.08.2026;accepted
O005598;L0011760;V019;D004;16.10.2024;4500000;7,47;4163000;E;30.10.2024;accepted
O005599;L0011761;V021;D003;28.06.2025;7400000;4,51;7066000;H;12.07.2025;accepted
O005600;L0011762;V003;D002;17.09.2025;4650000;0,0;4650000;H;01.10.2025;rejected
O005601;L0011764;V026;D003;17.08.2026;2900000;4,24;2777000;H;31.08.2026;accepted
O005602;L0011766;V026;D012;29.05.2025;2900000;4,84;2759000;E;12.06.2025;accepted
O005603;L0011767;V017;D008;10.01.2026;4100000;9,22;3722000;H;24.01.2026;accepted
O005604;L0011768;V025;D005;20.05.2026;3050000;0,79;3025000;E;03.06.2026;rejected
O005605;L0011769;V019;D003;06.03.2025;4500000;5,65;4245000;H;20.03.2025;accepted
O005606;L0011770;V038;D013;11.04.2026;22000000;2,23;21508000;H;25.04.2026;rejected
O005607;L0011775;V024;D009;06.08.2026;2650000;3,79;2549000;H;20.08.2026;rejected
O005608;L0011776;V032;D002;22.05.2026;6200000;7,87;5712000;E;05.06.2026;accepted
O005609;L0011777;V010;D008;07.12.2024;4600000;9,02;4184000;H;21.12.2024;accepted
O005610;L0011778;V018;D010;30.09.2025;4700000;4,39;4493000;E;14.10.2025;accepted
O005611;L0011779;V018;D002;12.04.2025;4700000;4,6;4483000;H;26.04.2025;rejected
O005612;L0011784;V008;D004;12.12.2025;4200000;6,11;3943000;E;26.12.2025;rejected
O005613;L0011788;V012;D003;27.06.2025;7100000;4,64;6770000;E;11.07.2025;accepted
O005614;L0011789;V028;D007;27.06.2025;4000000;5,07;3797000;H;11.07.2025;rejected
O005615;L0011791;V022;D002;29.07.2026;9800000;2,2;9584000;E;12.08.2026;rejected
O005616;L0011794;V034;D005;06.06.2026;6100000;5,52;5763000;E;20.06.2026;rejected
O005617;L0011795;V002;D007;19.03.2026;3900000;1,97;3823000;E;02.04.2026;rejected
O005618;L0011796;V004;D012;27.12.2025;5100000;7,83;4700000;H;10.01.2026;rejected
O005619;L0011797;V029;D003;17.04.2026;3300000;5,77;3109000;H;01.05.2026;rejected
O005620;L0011798;V017;D002;18.09.2025;4100000;5,56;3872000;H;02.10.2025;rejected
O005621;L0011799;V002;D003;31.01.2026;3900000;7,78;3596000;E;14.02.2026;rejected
O005622;L0011800;V019;D006;04.05.2026;4500000;1,98;4410000;H;18.05.2026;accepted
O005623;L0011801;V017;D001;20.05.2026;4100000;7,74;3782000;H;03.06.2026;rejected
O005624;L0011802;V011;D003;24.07.2025;6400000;1,79;6285000;E;07.08.2025;rejected
O005625;L0011805;V014;D007;16.03.2026;12300000;10,98;10949000;H;30.03.2026;rejected
O005626;L0011806;V027;D001;29.08.2025;3700000;7,26;3431000;H;12.09.2025;accepted
O005627;L0011810;V029;D004;07.06.2025;3300000;4,13;3163000;H;21.06.2025;rejected
O005628;L0011812;V029;D006;23.07.2025;3300000;1,2;3260000;H;06.08.2025;rejected
O005629;L0011816;V026;D010;08.12.2025;2900000;3,29;2804000;H;22.12.2025;rejected
O005630;L0011817;V028;D007;30.04.2026;4000000;4,02;3839000;E;14.05.2026;accepted
O005631;L0011821;V029;D001;16.03.2026;3300000;4,4;3154000;H;30.03.2026;accepted
O005632;L0011822;V034;D013;20.03.2026;6100000;7,04;5670000;H;03.04.2026;rejected
O005633;L0011823;V027;D009;09.06.2025;3700000;4,88;3519000;H;23.06.2025;rejected
O005634;L0011826;V019;D007;20.10.2025;4500000;7,51;4162000;E;03.11.2025;accepted
O005635;L0011827;V025;D003;02.01.2026;3050000;8,51;2790000;H;16.01.2026;accepted
O005636;L0011832;V029;D005;10.01.2026;3300000;5,65;3113000;H;24.01.2026;rejected
O005637;L0011836;V018;D002;26.06.2025;4700000;3,33;4543000;E;10.07.2025;accepted
O005638;L0011837;V022;D008;11.06.2026;9800000;4,09;9399000;E;25.06.2026;rejected
O005639;L0011838;V005;D001;04.07.2026;6900000;0,85;6841000;H;18.07.2026;rejected
O005640;L0011839;V033;D004;18.07.2025;5400000;0,39;5378000;H;01.08.2025;accepted
O005641;L0011840;V004;D003;18.11.2024;5100000;4,49;4870000;E;02.12.2024;rejected
O005642;L0011841;V018;D001;04.04.2026;4700000;8,07;;H;18.04.2026;accepted
O005643;L0011842;V002;D007;14.10.2024;3900000;3,96;3745000;H;28.10.2024;rejected
O005644;L0011843;V003;D014;19.02.2026;4650000;5,22;4407000;H;05.03.2026;rejected
O005645;L0011844;V029;D006;05.01.2026;3300000;6,06;3100000;E;19.01.2026;accepted
O005646;L0011845;V035;D006;20.02.2026;7900000;5,59;7458000;E;06.03.2026;rejected
O005647;L0011846;V003;D004;07.02.2026;4650000;5,39;4399000;E;21.02.2026;accepted
O005648;L0011848;V003;D004;10.07.2025;4650000;1,02;4602000;H;24.07.2025;accepted
O005649;L0011850;V008;D013;01.09.2025;4200000;3,12;4068000;E;15.09.2025;rejected
O005650;L0011851;V017;D002;11.12.2025;4100000;7,34;3798000;E;25.12.2025;accepted
O005651;L0011854;V032;D013;17.08.2026;6200000;0,0;6200000;H;31.08.2026;rejected
O005652;L0011855;V025;D003;04.04.2025;3050000;4,76;2904000;E;18.04.2025;rejected
O005653;L0011857;V011;D005;18.04.2026;6400000;4,61;6105000;E;02.05.2026;rejected
O005654;L0011858;V026;D004;30.04.2025;2900000;8,2;2662000;E;14.05.2025;accepted
O005655;L0011860;V028;D002;07.03.2026;4000000;2,89;3884000;E;21.03.2026;rejected
O005656;L0011862;V026;D004;27.02.2025;2900000;2,7;2821000;E;13.03.2025;rejected
O005657;L0011867;V014;D005;02.03.2026;12300000;2,78;11957000;E;16.03.2026;accepted
O005658;L0011868;V027;D005;10.11.2025;3700000;2,53;3606000;H;24.11.2025;accepted
O005659;L0011869;V018;D003;23.12.2025;4700000;6,87;4376000;E;06.01.2026;accepted
O005660;L0011872;V035;D010;10.11.2025;7900000;99,0;7801000;E;24.11.2025;rejected
O005661;L0011877;V022;D004;14.08.2025;9800000;99,0;9300000;E;28.08.2025;rejected
O005662;L0011882;V038;D003;25.03.2025;22000000;1,82;21598000;E;08.04.2025;rejected
O005663;L0011886;V029;D014;01.12.2025;3300000;10,31;2959000;E;15.12.2025;accepted
O005664;L0011888;V018;D005;18.03.2025;4700000;9,4;4258000;E;01.04.2025;rejected
O005665;L0011890;V026;D002;14.08.2026;2900000;4,24;2776000;H;28.08.2026;accepted
O005666;L0011894;V024;D014;10.09.2025;2650000;6,67;2473000;H;24.09.2025;accepted
O005667;L0011895;V024;D006;26.06.2026;2650000;6,27;2483000;H;10.07.2026;accepted
O005668;L0011896;V029;D005;07.08.2026;3300000;2,53;3216000;H;21.08.2026;accepted
O005669;L0011898;V035;D006;28.11.2025;7900000;3,7;7607000;E;12.12.2025;accepted
O005670;L0011901;V037;D001;09.07.2026;17500000;2,4;17080000;E;23.07.2026;rejected
O005671;L0011903;V010;D006;13.11.2025;4600000;2,95;4464000;E;27.11.2025;rejected
O005672;L0011905;V002;D013;10.06.2026;3900000;5,51;3685000;H;24.06.2026;accepted
O005673;L0011906;V017;D014;29.07.2025;4100000;3,69;3948000;E;12.08.2025;accepted
O005674;L0011910;V004;D004;15.01.2025;5100000;2,58;4968000;H;29.01.2025;rejected
O005675;L0011913;V004;D003;10.02.2026;5100000;3,54;4919000;E;24.02.2026;rejected
O005676;L0011916;V034;D008;30.04.2026;6100000;4,97;5796000;H;14.05.2026;accepted
O005677;L0011917;V027;D011;08.06.2026;3700000;2,64;3602000;E;22.06.2026;rejected
O005678;L0011918;V017;D002;22.06.2026;4100000;5,17;3887000;E;06.07.2026;rejected
O005679;L0011919;V018;D007;13.01.2025;4700000;5,02;4463000;H;27.01.2025;rejected
O005680;L0011920;V029;D010;29.09.2025;3300000;3,91;3171000;E;13.10.2025;accepted
O005681;L0011921;V017;D004;14.07.2026;4100000;10,45;3671000;H;28.07.2026;rejected
O005682;L0011923;V027;D003;12.05.2025;3700000;3,06;3586000;E;26.05.2025;accepted
O005683;L0011924;V011;D001;30.03.2026;6400000;5,13;6071000;E;13.04.2026;rejected
O005684;L0011925;V017;D004;06.02.2025;4100000;10,5;3669000;E;20.02.2025;accepted
O005685;L0011927;V025;D006;30.07.2026;3050000;6,88;2840000;H;13.08.2026;rejected
O005686;L0011928;V033;D002;09.04.2026;5400000;4,55;5154000;H;23.04.2026;accepted
O005687;L0011930;V025;D005;03.03.2025;3050000;6,47;2852000;H;17.03.2025;rejected
O005688;L0011935;V002;D004;31.12.2025;3900000;3,8;3751000;H;14.01.2026;accepted
O005689;L0011936;V019;D010;26.06.2026;4500000;4,41;4301000;E;10.07.2026;rejected
O005690;L0011940;V012;D002;28.05.2026;7100000;3,61;6843000;H;11.06.2026;rejected
O005691;L0011942;V011;D007;26.02.2025;6400000;8,05;5884000;H;12.03.2025;rejected
O005692;L0011944;V020;D001;24.03.2025;6600000;6,94;6142000;E;07.04.2025;rejected
O005693;L0011947;V010;D002;20.02.2026;4600000;2,12;4502000;H;06.03.2026;rejected
O005694;L0011948;V014;D004;13.04.2026;12300000;3,17;11909000;H;27.04.2026;accepted
O005695;L0011950;V028;D003;04.01.2025;4000000;0,0;4000000;H;18.01.2025;accepted
O005696;L0011952;V019;D014;26.09.2025;4500000;7,66;4155000;H;10.10.2025;accepted
O005697;L0011953;V034;D002;20.08.2026;6100000;7,5;5642000;E;03.09.2026;open
O005698;L0011954;V029;D006;02.12.2024;3300000;7,04;3067000;E;16.12.2024;accepted
O005699;L0011961;V026;D001;11.03.2025;2900000;5,77;2732000;H;25.03.2025;accepted
O005700;L0011962;V033;D006;03.12.2024;5400000;1,51;5318000;E;17.12.2024;rejected
O005701;L0011963;V033;D002;03.02.2026;5400000;3,57;5207000;H;17.02.2026;rejected
O005702;L0011964;V017;D001;30.07.2025;4100000;4,59;3911000;H;13.08.2025;rejected
O005703;L0011965;V027;D008;23.07.2025;3700000;6,61;3455000;E;06.08.2025;accepted
O005704;L0011966;V028;D004;04.08.2026;4000000;5,51;3779000;H;18.08.2026;rejected
O005705;L0011968;V022;D014;07.03.2025;9800000;4,71;9338000;E;21.03.2025;rejected
O005706;L0011969;V027;D004;22.01.2026;3700000;6,75;3450000;E;05.02.2026;rejected
O005707;L0011973;V029;D007;11.01.2025;3300000;2,8;3207000;H;25.01.2025;rejected
O005708;L0011976;V017;D006;16.06.2026;4100000;6,37;3838000;E;30.06.2026;accepted
O005709;L0011980;V003;D002;02.07.2025;4650000;1,34;4587000;E;16.07.2025;accepted
O005710;L0011983;V034;D002;20.06.2026;6100000;3,77;;E;04.07.2026;rejected
O005711;L0011984;V028;D007;10.08.2026;4000000;2,5;3900000;H;24.08.2026;accepted
O005712;L0011985;V031;D006;01.06.2026;10800000;2,13;10569000;H;15.06.2026;accepted
O005713;L0011986;V010;D008;20.04.2026;4600000;2,57;4481000;E;04.05.2026;rejected
O005714;L0011994;V034;D003;11.09.2025;6100000;2,4;5953000;H;25.09.2025;rejected
O005715;L0011996;V023;D013;23.10.2025;15900000;7,51;14705000;H;06.11.2025;rejected
O005716;L0011997;V018;D012;27.08.2025;4700000;8,82;4285000;E;10.09.2025;rejected
O005717;L0011998;V025;D005;23.07.2026;3050000;2,38;2977000;E;06.08.2026;accepted
O005718;L0012003;V010;D005;09.02.2026;4600000;6,11;4318000;H;23.02.2026;rejected
O005719;L0012006;V009;D004;26.06.2026;4900000;7,46;;E;10.07.2026;rejected
O005720;L0012008;V009;D003;15.12.2025;4900000;3,81;4713000;H;29.12.2025;rejected
O005721;L0012009;V032;D008;28.07.2025;6200000;4,52;5919000;E;11.08.2025;rejected
O005722;L0012010;V028;D001;05.12.2025;4000000;6,84;3726000;E;19.12.2025;accepted
O005723;L0012013;V001;D002;13.12.2025;3450000;4,49;3294000;H;27.12.2025;accepted
O005724;L0012014;V002;D007;27.03.2025;3900000;2,95;3785000;H;10.04.2025;rejected
O005725;L0012016;V017;D011;20.08.2026;4100000;7,92;3775000;H;03.09.2026;rejected
O005726;L0012017;V028;D007;01.06.2026;4000000;3,99;3840000;H;15.06.2026;accepted
O005727;L0012020;V018;D008;01.08.2026;4700000;3,35;;E;15.08.2026;accepted
O005728;L0012021;V026;D011;20.05.2025;2900000;6,92;2699000;H;03.06.2025;accepted
O005729;L0012023;V001;D013;30.07.2026;3450000;1,39;3402000;H;13.08.2026;open
O005730;L0012024;V010;D004;14.04.2025;4600000;6,6;4296000;E;28.04.2025;accepted
O005731;L0012029;V017;D003;19.12.2024;4100000;2,01;4017000;H;02.01.2025;rejected
O005732;L0012030;V010;D010;10.11.2025;4600000;4,15;4408000;E;24.11.2025;accepted
O005733;L0012031;V026;D003;20.06.2025;2900000;4,68;2764000;E;04.07.2025;rejected
O005734;L0012032;V005;D013;14.05.2025;6900000;2,38;6735000;E;28.05.2025;accepted
O005735;L0012037;V028;D001;26.03.2026;4000000;3,64;3854000;E;09.04.2026;accepted
O005736;L0012038;V024;D003;20.11.2025;2650000;4,01;2543000;E;04.12.2025;accepted
O005737;L0012040;V028;D014;16.09.2025;4000000;4,47;3821000;E;30.09.2025;rejected
O005738;L0012041;V009;D001;04.12.2024;4900000;3,43;4732000;H;18.12.2024;rejected
O005739;L0012044;V011;D005;25.01.2025;6400000;3,96;6146000;H;08.02.2025;rejected
O005740;L0012045;V005;D011;19.03.2026;6900000;4,05;6620000;E;02.04.2026;accepted
O005741;L0012046;V025;D007;15.12.2025;3050000;11,16;2709000;E;29.12.2025;accepted
O005742;L0012048;V026;D002;16.12.2025;2900000;3,07;2811000;H;30.12.2025;rejected
O005743;L0012049;V025;D008;20.08.2026;3050000;10,13;2740000;H;03.09.2026;accepted
O005744;L0012050;V032;D002;16.05.2026;6200000;5,12;5882000;H;30.05.2026;rejected
O005745;L0012053;V034;D008;07.10.2024;6100000;6,1;5727000;E;21.10.2024;accepted
O005746;L0012057;V035;D002;07.03.2026;7900000;7,15;7335000;E;21.03.2026;rejected
O005747;L0012059;V025;D001;19.04.2025;3050000;2,77;2965000;E;03.05.2025;accepted
O005748;L0012060;V020;D005;06.04.2026;6600000;6,17;6192000;H;20.04.2026;accepted
O005749;L0012062;V009;D006;28.06.2025;4900000;4,37;4685000;H;12.07.2025;rejected
O005750;L0012065;V017;D008;31.07.2025;4100000;4,33;3922000;H;14.08.2025;rejected
O005751;L0012069;V008;D010;26.01.2026;4200000;4,11;4027000;H;09.02.2026;accepted
O005752;L0012074;V034;D007;24.02.2025;6100000;3,49;5887000;E;10.03.2025;rejected
O005753;L0012076;V028;D004;04.06.2025;4000000;3,64;3854000;H;18.06.2025;accepted
O005754;L0012077;V033;D004;28.07.2025;5400000;2,39;5270000;H;11.08.2025;rejected
O005755;L0012078;V029;D001;10.07.2026;3300000;4,45;3153000;E;24.07.2026;rejected
O005756;L0012079;V009;D001;06.05.2026;4900000;2,77;4764000;E;20.05.2026;rejected
O005757;L0012084;V029;D001;26.03.2025;3300000;7,35;3057000;H;09.04.2025;rejected
O005758;L0012088;V034;D009;17.09.2025;6100000;5,63;5756000;E;01.10.2025;rejected
O005759;L0012089;V017;D001;04.08.2026;4100000;7,6;3788000;H;18.08.2026;accepted
O005760;L0012090;V024;D003;03.02.2025;2650000;1,6;2607000;E;17.02.2025;rejected
O005761;L0012092;V018;D004;07.05.2026;4700000;0,0;4700000;E;21.05.2026;accepted
O005762;L0012093;V020;D001;30.06.2025;6600000;5,98;6205000;H;14.07.2025;accepted
O005763;L0012095;V029;D002;14.07.2025;3300000;5,04;3133000;H;28.07.2025;rejected
O005764;L0012096;V019;D007;13.07.2026;4500000;8,88;4100000;E;27.07.2026;accepted
O005765;L0012099;V036;D005;13.08.2026;14200000;7,79;13093000;E;27.08.2026;rejected
O005766;L0012102;V008;D001;02.06.2025;4200000;6,63;3921000;H;16.06.2025;rejected
O005767;L0012103;V028;D012;17.06.2026;4000000;2,88;3884000;H;01.07.2026;rejected
O005768;L0012104;V009;D004;15.05.2026;4900000;1,6;4821000;H;29.05.2026;rejected
O005769;L0012105;V033;D004;23.06.2026;5400000;4,85;5138000;H;07.07.2026;rejected
O005770;L0012112;V034;D004;28.11.2025;6100000;6,68;5692000;E;12.12.2025;rejected
O005771;L0012113;V019;D010;25.07.2026;4500000;2,36;4393000;H;08.08.2026;accepted
O005772;L0012117;V008;D004;09.06.2026;4200000;7,05;3903000;E;23.06.2026;rejected
O005773;L0012118;V034;D012;05.05.2026;6100000;3,71;5873000;E;19.05.2026;accepted
O005774;L0012121;V028;D007;24.04.2025;4000000;6,93;3722000;E;08.05.2025;accepted
O005775;L0012122;V019;D002;10.03.2025;4500000;0,55;4475000;H;24.03.2025;rejected
O005776;L0012123;V009;D007;05.03.2026;4900000;0,0;4900000;E;19.03.2026;accepted
O005777;L0012125;V032;D010;02.06.2025;6200000;3,95;5955000;E;16.06.2025;accepted
O005778;L0012126;V026;D004;11.08.2025;2900000;3,7;2792000;E;25.08.2025;rejected
O005779;L0012128;V029;D008;02.12.2025;3300000;4,92;3137000;E;16.12.2025;rejected
O005780;L0012129;V001;D003;08.09.2025;3450000;2,47;3364000;E;22.09.2025;rejected
O005781;L0012132;V026;D001;21.08.2025;2900000;5,32;2745000;E;04.09.2025;accepted
O005782;L0012133;V001;D008;23.12.2025;3450000;0,21;3442000;E;06.01.2026;rejected
O005783;L0012134;V016;D008;14.04.2025;5300000;3,18;5131000;E;28.04.2025;accepted
O005784;L0012135;V025;D001;16.08.2025;3050000;5,6;2879000;H;30.08.2025;rejected
O005785;L0012136;V002;D014;24.06.2026;3900000;6,47;3647000;E;08.07.2026;rejected
O005786;L0012137;V028;D006;18.03.2026;4000000;6,01;3759000;E;01.04.2026;accepted
O005787;L0012138;V034;D006;16.03.2026;6100000;6,14;5725000;H;30.03.2026;rejected
O005788;L0012139;V008;D005;27.09.2025;4200000;9,27;3810000;H;11.10.2025;rejected
O005789;L0012140;V001;D012;06.07.2026;3450000;4,03;3310000;H;20.07.2026;rejected
O005790;L0012143;V028;D013;26.02.2026;4000000;4,16;3833000;H;12.03.2026;rejected
O005791;L0012144;V034;D002;13.11.2025;6100000;8,46;5583000;H;27.11.2025;rejected
O005792;L0012145;V025;D013;24.02.2026;3050000;4,57;2910000;H;10.03.2026;rejected
O005793;L0012147;V009;D010;13.07.2026;4900000;4,02;4703000;H;27.07.2026;accepted
O005794;L0012148;V010;D002;06.08.2025;4600000;4,64;4386000;H;20.08.2025;rejected
O005795;L0012149;V018;D003;17.07.2026;4700000;7,85;4331000;E;31.07.2026;rejected
O005796;L0012150;V019;D007;27.11.2025;4500000;3,12;4359000;H;11.12.2025;rejected
O005797;L0012151;V029;D003;01.07.2026;3300000;4,64;3146000;H;15.07.2026;rejected
O005798;L0012153;V006;D009;26.08.2025;7800000;2,72;7587000;E;09.09.2025;rejected
O005799;L0012154;V008;D013;12.04.2025;4200000;6,06;3945000;E;26.04.2025;rejected
O005800;L0012155;V034;D006;17.03.2026;6100000;5,16;5785000;H;31.03.2026;rejected
O005801;L0012156;V024;D002;24.07.2025;2650000;6,71;2472000;H;07.08.2025;rejected
O005802;L0012157;V019;D012;05.06.2025;4500000;2,94;4367000;E;19.06.2025;rejected
O005803;L0012158;V018;D004;22.05.2025;4700000;6,02;4417000;H;05.06.2025;accepted
O005804;L0012159;V032;D002;30.03.2026;6200000;3,52;5982000;E;13.04.2026;rejected
O005805;L0012161;V006;D003;03.08.2026;7800000;6,17;7319000;H;17.08.2026;rejected
O005806;L0012162;V027;D002;15.06.2026;3700000;4,89;3519000;E;29.06.2026;accepted
O005807;L0012163;V019;D008;04.08.2026;4500000;6,73;4197000;E;18.08.2026;accepted
O005808;L0012164;V007;D009;26.12.2024;14500000;5,05;13767000;H;09.01.2025;rejected
O005809;L0012167;V009;D007;29.08.2025;4900000;5,76;4617000;E;12.09.2025;accepted
O005810;L0012171;V028;D007;26.04.2025;4000000;4,78;3808000;H;10.05.2025;rejected
O005811;L0012172;V018;D003;12.01.2026;4700000;4,13;4505000;H;26.01.2026;rejected
O005812;L0012173;V033;D002;11.02.2026;5400000;4,4;5162000;H;25.02.2026;accepted
O005813;L0012175;V024;D003;31.12.2025;2650000;5,89;2493000;H;14.01.2026;rejected
O005814;L0012176;V020;D008;15.12.2025;6600000;2,33;6446000;E;29.12.2025;accepted
O005815;L0012178;V004;D004;15.04.2026;5100000;4,7;4860000;H;29.04.2026;rejected
O005816;L0012182;V033;D008;21.02.2026;5400000;0,0;5400000;H;07.03.2026;rejected
O005817;L0012183;V008;D001;13.03.2026;4200000;3,1;4069000;E;27.03.2026;accepted
O005818;L0012186;V026;D013;28.07.2025;2900000;4,97;2755000;H;11.08.2025;rejected
O005819;L0012187;V003;D007;19.08.2026;4650000;5,03;4416000;H;02.09.2026;accepted
O005820;L0012188;V019;D009;16.05.2025;4500000;4,11;4314000;E;30.05.2025;rejected
O005821;L0012189;V026;D009;23.09.2025;2900000;4,9;2757000;E;07.10.2025;rejected
O005822;L0012190;V007;D010;22.10.2025;14500000;0,0;14500000;E;05.11.2025;accepted
O005823;L0012191;V004;D001;19.11.2024;5100000;7,06;4739000;H;03.12.2024;accepted
O005824;L0012194;V001;D008;25.04.2025;3450000;2,26;3371000;H;09.05.2025;rejected
O005825;L0012195;V027;D004;18.10.2025;3700000;1,87;3630000;E;01.11.2025;accepted
O005826;L0012197;V019;D002;05.06.2026;4500000;4,66;4290000;H;19.06.2026;rejected
O005827;L0012199;V024;D010;29.01.2026;2650000;5,63;2500000;H;12.02.2026;rejected
O005828;L0012201;V002;D009;12.08.2025;3900000;5,17;3698000;H;26.08.2025;rejected
O005829;L0012202;V011;D005;19.12.2025;6400000;7,23;5937000;H;02.01.2026;rejected
O005830;L0012206;V035;D007;04.12.2025;7900000;0,4;7868000;E;18.12.2025;accepted
O005831;L0012208;V024;D007;18.08.2025;2650000;5,89;2493000;H;01.09.2025;rejected
O005832;L0012210;V017;D001;23.06.2025;4100000;4,18;3928000;H;07.07.2025;rejected
O005833;L0012211;V028;D003;17.06.2026;4000000;5,75;3770000;E;01.07.2026;rejected
O005834;L0012214;V025;D002;26.08.2025;3050000;4,78;2904000;H;09.09.2025;rejected
O005835;L0012217;V025;D007;12.09.2025;3050000;4,98;2898000;E;26.09.2025;accepted
O005836;L0012219;V008;D010;17.07.2025;4200000;2,53;4093000;H;31.07.2025;rejected
O005837;L0012221;V013;D010;11.03.2026;11200000;7,85;10321000;H;25.03.2026;rejected
O005838;L0012225;V013;D010;30.10.2025;11200000;4,32;10716000;H;13.11.2025;rejected
O005839;L0012227;V016;D006;04.06.2026;5300000;0,73;5261000;E;18.06.2026;accepted
O005840;L0012229;V013;D005;30.11.2024;11200000;2,2;10953000;H;14.12.2024;rejected
O005841;L0012232;V018;D003;05.05.2026;4700000;0,0;4700000;E;19.05.2026;accepted
O005842;L0012233;V020;D007;16.03.2026;6600000;2,59;6428000;H;30.03.2026;rejected
O005843;L0012234;V008;D001;29.09.2025;4200000;3,65;4046000;H;13.10.2025;accepted
O005844;L0012235;V020;D003;09.01.2025;6600000;3,15;6392000;E;23.01.2025;accepted
O005845;L0012236;V034;D013;20.06.2025;6100000;1,45;6011000;H;04.07.2025;accepted
O005846;L0012237;V029;D009;23.05.2025;3300000;3,29;3191000;H;06.06.2025;accepted
O005847;L0012238;V026;D001;05.11.2025;2900000;9,88;2613000;H;19.11.2025;rejected
O005848;L0012241;V024;D005;02.02.2026;2650000;3,65;2553000;E;16.02.2026;accepted
O005849;L0012243;V024;D008;27.03.2025;2650000;6,58;2475000;H;10.04.2025;rejected
O005850;L0012247;V010;D007;27.01.2025;4600000;2,83;4469000;E;10.02.2025;rejected
O005851;L0012255;V025;D010;16.11.2024;3050000;5,18;2892000;E;30.11.2024;accepted
O005852;L0012264;V016;D010;26.02.2026;5300000;7,34;4911000;E;12.03.2026;rejected
O005853;L0012266;V014;D010;20.02.2026;12300000;3,46;11874000;H;06.03.2026;rejected
O005854;L0012267;V016;D009;27.08.2026;5300000;4,26;5074000;H;10.09.2026;open
O005855;L0012271;V001;D014;22.05.2025;3450000;4,41;3297000;E;05.06.2025;rejected
O005856;L0012272;V029;D003;04.08.2025;3300000;1,59;3247000;E;18.08.2025;rejected
O005857;L0012275;V008;D007;15.08.2026;4200000;7,06;3903000;H;29.08.2026;rejected
O005858;L0012277;V033;D002;30.06.2026;5400000;5,11;5124000;E;14.07.2026;accepted
O005859;L0012278;V027;D007;01.08.2026;3700000;5,39;3500000;H;15.08.2026;accepted
O005860;L0012279;V008;D001;13.09.2024;4200000;4,68;4003000;E;27.09.2024;rejected
O005861;L0012280;V018;D014;02.10.2025;4700000;1,93;4609000;E;16.10.2025;accepted
O005862;L0012281;V034;D002;25.04.2026;6100000;3,3;;H;09.05.2026;accepted
O005863;L0012282;V019;D002;22.07.2025;4500000;2,48;4388000;H;05.08.2025;rejected
O005864;L0012283;V016;D010;29.04.2025;5300000;2,33;5176000;H;13.05.2025;rejected
O005865;L0012286;V003;D002;20.11.2025;4650000;2,37;4539000;E;04.12.2025;rejected
O005866;L0012287;V024;D001;23.06.2025;2650000;7,12;2461000;E;07.07.2025;rejected
O005867;L0012289;V008;D002;25.04.2025;4200000;1,39;4141000;E;09.05.2025;rejected
O005868;L0012291;V020;D001;02.12.2025;6600000;0,89;6541000;H;16.12.2025;rejected
O005869;L0012292;V024;D003;27.01.2026;2650000;2,65;2579000;H;10.02.2026;rejected
O005870;L0012300;V028;D003;06.06.2026;4000000;3,27;3869000;H;20.06.2026;accepted
O005871;L0012302;V032;D004;07.04.2026;6200000;7,11;5759000;E;21.04.2026;rejected
O005872;L0012304;V006;D001;30.05.2025;7800000;4,61;7440000;H;13.06.2025;rejected
O005873;L0012307;V017;D002;22.10.2024;4100000;1,76;4027000;H;05.11.2024;accepted
O005874;L0012308;V033;D007;18.09.2025;5400000;5,43;5106000;E;02.10.2025;rejected
O005875;L0012310;V029;D006;29.04.2025;3300000;6,13;3097000;E;13.05.2025;accepted
O005876;L0012311;V002;D014;04.08.2026;3900000;2,57;3799000;E;18.08.2026;rejected
O005877;L0012313;V016;D002;27.12.2025;5300000;0,0;5300000;E;10.01.2026;rejected
O005878;L0012324;V008;D006;30.06.2025;4200000;10,41;3762000;H;14.07.2025;accepted
O005879;L0012327;V029;D003;10.06.2026;3300000;2,52;3216000;E;24.06.2026;rejected
O005880;L0012328;V002;D005;03.08.2026;3900000;3,82;3751000;H;17.08.2026;expired
O005881;L0012329;V028;D007;10.03.2025;4000000;3,08;3876000;H;24.03.2025;accepted
O005882;L0012330;V029;D006;20.06.2026;3300000;2,89;3204000;E;04.07.2026;rejected
O005883;L0012333;V032;D002;21.02.2026;6200000;6,28;5810000;H;07.03.2026;rejected
O005884;L0012336;V012;D002;03.06.2025;7100000;5,54;6706000;E;17.06.2025;rejected
O005885;L0012338;V011;D001;16.01.2026;6400000;2,38;6247000;H;30.01.2026;rejected
O005886;L0012340;V009;D007;17.07.2025;4900000;0,0;4900000;E;31.07.2025;accepted
O005887;L0012342;V021;D003;19.08.2026;7400000;3,08;7172000;E;02.09.2026;open
O005888;L0012345;V029;D007;30.07.2026;3300000;1,55;3248000;E;13.08.2026;accepted
O005889;L0012346;V032;D003;23.10.2025;6200000;0,46;6171000;E;06.11.2025;rejected
O005890;L0012347;V010;D002;04.08.2026;4600000;0,57;4573000;E;18.08.2026;rejected
O005891;L0012349;V019;D013;14.04.2026;4500000;6,44;4210000;H;28.04.2026;accepted
O005892;L0012350;V028;D009;05.06.2026;4000000;6,46;3741000;E;19.06.2026;accepted
O005893;L0012355;V014;D001;29.01.2026;12300000;0,94;12183000;E;12.02.2026;rejected
O005894;L0012359;V032;D005;12.02.2026;6200000;5,34;5868000;E;26.02.2026;rejected
O005895;L0012364;V028;D010;09.10.2025;4000000;4,31;3827000;E;23.10.2025;accepted
O005896;L0012365;V033;D004;29.09.2025;5400000;10,05;4857000;H;13.10.2025;accepted
O005897;L0012367;V021;D005;30.07.2026;7400000;8,04;6805000;E;13.08.2026;rejected
O005898;L0012368;V011;D007;27.06.2026;6400000;0,71;6354000;H;11.07.2026;rejected
O005899;L0012369;V020;D005;25.07.2026;6600000;7,69;6092000;E;08.08.2026;accepted
O005900;L0012371;V027;D001;24.11.2025;3700000;6,15;3472000;H;08.12.2025;accepted
O005901;L0012374;V019;D001;06.07.2026;4500000;0,0;4500000;H;20.07.2026;accepted
O005902;L0012380;V022;D003;15.10.2025;9800000;7,34;9080000;H;29.10.2025;rejected
O005903;L0012383;V006;D005;25.09.2024;7800000;5,38;7380000;H;09.10.2024;accepted
O005904;L0012385;V014;D006;14.07.2025;12300000;3,43;11878000;E;28.07.2025;rejected
O005905;L0012388;V022;D004;28.05.2026;9800000;1,91;9612000;E;11.06.2026;accepted
O005906;L0012389;V034;D002;15.09.2025;6100000;0,0;6100000;H;29.09.2025;rejected
O005907;L0012392;V029;D009;19.06.2026;3300000;3,07;3198000;E;03.07.2026;rejected
O005908;L0012393;V027;D004;12.06.2026;3700000;5,68;3489000;H;26.06.2026;accepted
O005909;L0012397;V035;D005;15.09.2025;7900000;7,17;7333000;H;29.09.2025;rejected
O005910;L0012398;V032;D003;23.08.2025;6200000;2,35;6054000;H;06.09.2025;accepted
O005911;L0012399;V018;D006;29.07.2025;4700000;4,41;4492000;E;12.08.2025;rejected
O005912;L0012402;V028;D005;12.05.2025;4000000;4,9;3804000;H;26.05.2025;rejected
O005913;L0012404;V028;D005;07.05.2026;4000000;2,44;3902000;H;21.05.2026;accepted
O005914;L0012405;V013;D003;08.08.2026;11200000;6,54;10467000;E;22.08.2026;accepted
O005915;L0012406;V010;D002;27.07.2026;4600000;6,18;4315000;E;10.08.2026;rejected
O005916;L0012410;V024;D003;14.01.2026;2650000;7,62;2447000;H;28.01.2026;rejected
O005917;L0012412;V011;D007;27.06.2025;6400000;5,18;6068000;E;11.07.2025;rejected
O005918;L0012415;V019;D008;30.05.2026;4500000;4,34;4304000;E;13.06.2026;rejected
O005919;L0012417;V007;D004;02.03.2026;14500000;0,94;14363000;H;16.03.2026;rejected
O005920;L0012418;V018;D014;10.11.2025;4700000;3,56;4532000;E;24.11.2025;accepted
O005921;L0012424;V032;D007;27.07.2026;6200000;0,01;6199000;H;10.08.2026;rejected
O005922;L0012426;V007;D009;21.03.2026;14500000;0,0;14500000;E;04.04.2026;rejected
O005923;L0012431;V018;D007;07.02.2026;4700000;3,48;4536000;H;21.02.2026;accepted
O005924;L0012433;V027;D005;23.06.2026;3700000;1,53;3643000;H;07.07.2026;accepted
O005925;L0012434;V013;D003;20.07.2026;11200000;5,22;10615000;H;03.08.2026;rejected
O005926;L0012435;V001;D001;22.07.2026;3450000;2,57;3361000;E;05.08.2026;rejected
O005927;L0012436;V012;D007;21.03.2026;7100000;8,81;6474000;H;04.04.2026;rejected
O005928;L0012437;V034;D005;27.08.2025;6100000;5,8;5746000;E;10.09.2025;rejected
O005929;L0012439;V024;D011;28.06.2025;2650000;5,27;2510000;E;12.07.2025;rejected
O005930;L0012441;V019;D005;10.06.2026;4500000;9,59;4068000;H;24.06.2026;accepted
O005931;L0012442;V033;D002;03.05.2025;5400000;0,0;5400000;E;17.05.2025;accepted
O005932;L0012443;V024;D007;16.12.2025;2650000;3,45;2558000;E;30.12.2025;accepted
O005933;L0012445;V014;D007;21.10.2024;12300000;9,05;11187000;H;04.11.2024;accepted
O005934;L0012446;V015;D008;13.09.2025;16800000;5,31;15907000;E;27.09.2025;rejected
O005935;L0012447;V016;D004;11.02.2026;5300000;3,15;5133000;E;25.02.2026;accepted
O005936;L0012448;V032;D001;02.02.2026;6200000;4,81;5901000;E;16.02.2026;rejected
O005937;L0012449;V029;D001;26.05.2025;3300000;4,05;3166000;H;09.06.2025;accepted
O005938;L0012450;V026;D002;08.06.2026;2900000;7,99;2668000;E;22.06.2026;accepted
O005939;L0012457;V031;D009;10.11.2025;10800000;10,75;9639000;E;24.11.2025;accepted
O005940;L0012458;V020;D013;07.08.2026;6600000;3,32;6380000;H;21.08.2026;rejected
O005941;L0012459;V024;D002;20.09.2025;2650000;4,94;2518000;E;04.10.2025;rejected
O005942;L0012463;V025;D001;22.06.2026;3050000;6,71;2845000;H;06.07.2026;accepted
O005943;L0012466;V009;D014;12.02.2026;4900000;2,91;4757000;H;26.02.2026;rejected
O005944;L0012468;V010;D001;03.12.2025;4600000;4,97;4371000;H;17.12.2025;rejected
O005945;L0012471;V017;D004;15.09.2025;4100000;5,73;3865000;H;29.09.2025;rejected
O005946;L0012473;V029;D008;03.03.2025;3300000;0,2;3293000;E;17.03.2025;rejected
O005947;L0012474;V027;D009;24.03.2025;3700000;4,71;3525000;H;07.04.2025;rejected
O005948;L0012477;V019;D001;08.04.2026;4500000;6,54;4205000;E;22.04.2026;accepted
O005949;L0012480;V015;D008;30.06.2026;16800000;4,41;16059000;H;14.07.2026;rejected
O005950;L0012483;V010;D002;20.01.2026;4600000;4,27;4403000;H;03.02.2026;rejected
O005951;L0012486;V027;D014;27.08.2026;3700000;4,51;3533000;E;10.09.2026;expired
O005952;L0012488;V027;D003;10.11.2025;3700000;1,9;3629000;H;24.11.2025;rejected
O005953;L0012489;V010;D001;30.11.2024;4600000;3,84;4423000;H;14.12.2024;rejected
O005954;L0012493;V010;D004;13.03.2026;4600000;8,04;4229000;E;27.03.2026;accepted
O005955;L0012494;V026;D001;18.02.2026;2900000;1,69;2851000;H;04.03.2026;accepted
O005956;L0012495;V026;D004;03.02.2025;2900000;1,57;2854000;H;17.02.2025;accepted
O005957;L0012497;V020;D009;18.03.2026;6600000;0,24;6584000;E;01.04.2026;rejected
O005958;L0012498;V010;D003;06.02.2026;4600000;4,5;4393000;H;20.02.2026;accepted
O005959;L0012499;V003;D002;11.08.2026;4650000;6,48;4348000;H;25.08.2026;accepted
O005960;L0012500;V027;D002;13.03.2026;3700000;3,24;3580000;H;27.03.2026;rejected
O005961;L0012504;V002;D003;23.06.2026;3900000;3,52;3762000;H;07.07.2026;accepted
O005962;L0012506;V024;D002;17.04.2026;2650000;0,22;2644000;H;01.05.2026;rejected
O005963;L0012508;V029;D012;13.04.2026;3300000;3,83;3173000;H;27.04.2026;accepted
O005964;L0012509;V018;D008;03.11.2025;4700000;5,4;4446000;H;17.11.2025;accepted
O005965;L0012511;V009;D005;03.03.2026;4900000;7,11;4551000;H;17.03.2026;accepted
O005966;L0012513;V002;D005;07.10.2025;3900000;4,66;3718000;H;21.10.2025;accepted
O005967;L0012514;V003;D011;09.06.2026;4650000;5,14;4410000;H;23.06.2026;rejected
O005968;L0012515;V003;D003;02.07.2026;4650000;10,0;4185000;E;16.07.2026;rejected
O005969;L0012517;V015;D007;23.12.2024;16800000;6,51;15707000;H;06.01.2025;accepted
O005970;L0012518;V026;D003;24.02.2025;2900000;4,72;2763000;H;10.03.2025;accepted
O005971;L0012519;V028;D001;05.05.2025;4000000;4,48;3820000;E;19.05.2025;accepted
O005972;L0012521;V003;D001;17.07.2025;4650000;7,36;4307000;H;31.07.2025;accepted
O005973;L0012522;V003;D008;26.02.2025;4650000;5,77;4381000;E;12.03.2025;rejected
O005974;L0012523;V027;D001;14.04.2025;3700000;2,18;3619000;H;28.04.2025;rejected
O005975;L0012525;V011;D005;02.10.2025;6400000;4,54;6109000;E;16.10.2025;rejected
O005976;L0012530;V024;D002;03.11.2025;2650000;3,04;2569000;E;17.11.2025;rejected
O005977;L0012534;V034;D004;16.06.2025;6100000;2,12;5970000;H;30.06.2025;rejected
O005978;L0012535;V001;D010;10.11.2025;3450000;6,58;3222000;E;24.11.2025;accepted
O005979;L0012536;V017;D006;03.08.2026;4100000;3,93;3938000;H;17.08.2026;rejected
O005980;L0012539;V027;D001;17.07.2026;3700000;6,15;3472000;H;31.07.2026;accepted
O005981;L0012540;V017;D010;05.10.2024;4100000;6,08;3850000;H;19.10.2024;accepted
O005982;L0012541;V027;D003;23.01.2026;3700000;6,61;3455000;H;06.02.2026;rejected
O005983;L0012542;V027;D001;07.10.2025;3700000;0,84;3668000;E;21.10.2025;rejected
O005984;L0012544;V027;D001;04.12.2025;3700000;0,0;3700000;H;18.12.2025;rejected
O005985;L0012545;V005;D002;01.01.2025;6900000;4,52;6588000;H;15.01.2025;rejected
O005986;L0012547;V027;D004;11.05.2026;3700000;2,47;3608000;H;25.05.2026;accepted
O005987;L0012548;V024;D003;20.08.2026;2650000;5,65;;E;03.09.2026;rejected
O005988;L0012554;V026;D003;10.06.2025;2900000;5,61;2737000;H;24.06.2025;accepted
O005989;L0012556;V002;D007;12.06.2025;3900000;4,77;3714000;H;26.06.2025;rejected
O005990;L0012557;V016;D004;24.07.2025;5300000;6,58;4951000;E;07.08.2025;accepted
O005991;L0012559;V017;D003;19.05.2025;4100000;4,54;3913000;H;02.06.2025;rejected
O005992;L0012561;V029;D009;22.05.2025;3300000;4,22;3160000;E;05.06.2025;rejected
O005993;L0012562;V033;D002;02.05.2026;5400000;7,2;5011000;E;16.05.2026;accepted
O005994;L0012565;V018;D011;21.07.2026;4700000;5,59;4437000;E;04.08.2026;rejected
O005995;L0012568;V038;D007;14.12.2024;22000000;4,54;;E;28.12.2024;rejected
O005996;L0012571;V028;D008;26.02.2026;4000000;4,64;3814000;H;12.03.2026;accepted
O005997;L0012572;V002;D002;19.05.2025;3900000;4,07;3741000;H;02.06.2025;rejected
O005998;L0012573;V031;D007;24.01.2026;10800000;6,55;10092000;H;07.02.2026;rejected
O005999;L0012575;V028;D002;16.02.2026;4000000;2,59;3896000;E;02.03.2026;accepted
O006000;L0012577;V004;D002;18.12.2025;5100000;3,09;4942000;H;01.01.2026;rejected
O006001;L0012579;V009;D004;20.11.2025;4900000;6,36;4588000;H;04.12.2025;rejected
O006002;L0012582;V005;D006;15.05.2026;6900000;3,9;6631000;H;29.05.2026;rejected
O006003;L0012584;V015;D004;30.01.2026;16800000;7,71;15504000;E;13.02.2026;rejected
O006004;L0012586;V002;D004;08.07.2026;3900000;3,28;3771000;E;22.07.2026;rejected
O006005;L0012592;V027;D001;04.07.2026;3700000;3,32;3577000;E;18.07.2026;accepted
O006006;L0012594;V021;D002;13.08.2026;7400000;5,61;6984000;E;27.08.2026;accepted
O006007;L0012595;V028;D008;11.05.2026;4000000;6,25;3749000;H;25.05.2026;rejected
O006008;L0012596;V027;D005;22.04.2025;3700000;9,09;3363000;H;06.05.2025;accepted
O006009;L0012598;V020;D001;24.10.2024;6600000;8,0;6071000;E;07.11.2024;rejected
O006010;L0012599;V024;D002;13.12.2024;2650000;2,71;2578000;H;27.12.2024;accepted
O006011;L0012604;V026;D006;22.03.2025;2900000;3,52;2797000;H;05.04.2025;rejected
O006012;L0012606;V018;D004;25.02.2026;4700000;4,12;4506000;H;11.03.2026;rejected
O006013;L0012607;V012;D001;11.11.2024;7100000;5,37;6718000;E;25.11.2024;accepted
O006014;L0012608;V019;D002;26.01.2026;4500000;1,09;4451000;E;09.02.2026;rejected
O006015;L0012609;V003;D006;02.02.2026;4650000;5,2;4408000;E;16.02.2026;accepted
O006016;L0012611;V018;D005;15.08.2025;4700000;9,4;4258000;H;29.08.2025;rejected
O006017;L0012612;V027;D002;28.03.2026;3700000;1,66;3638000;E;11.04.2026;accepted
O006018;L0012613;V021;D003;08.07.2026;7400000;3,45;7144000;E;22.07.2026;accepted
O006019;L0012615;V025;D014;18.08.2026;3050000;6,01;2866000;H;01.09.2026;rejected
O006020;L0012617;V027;D003;04.06.2026;3700000;7,73;3414000;E;18.06.2026;rejected
O006021;L0012620;V008;D005;12.03.2026;4200000;5,0;3990000;H;26.03.2026;rejected
O006022;L0012624;V018;D002;24.07.2025;4700000;5,49;4441000;H;07.08.2025;rejected
O006023;L0012625;V035;D014;29.12.2025;7900000;5,93;7431000;E;12.01.2026;rejected
O006024;L0012627;V018;D009;13.03.2026;4700000;2,82;4567000;E;27.03.2026;rejected
O006025;L0012630;V002;D011;04.03.2025;3900000;0,33;3886000;E;18.03.2025;accepted
O006026;L0012631;V029;D011;20.05.2026;3300000;6,41;3088000;H;03.06.2026;rejected
O006027;L0012633;V001;D005;26.12.2025;3450000;6,23;3235000;H;09.01.2026;rejected
O006028;L0012635;V019;D006;24.11.2025;4500000;4,82;4283000;H;08.12.2025;rejected
O006029;L0012636;V008;D003;06.01.2026;4200000;5,63;3963000;H;20.01.2026;rejected
O006030;L0012640;V007;D005;17.03.2026;14500000;0,98;14357000;E;31.03.2026;rejected
O006031;L0012641;V006;D007;23.01.2026;7800000;4,38;7458000;H;06.02.2026;rejected
O006032;L0012642;V034;D007;03.01.2026;6100000;8,19;5600000;E;17.01.2026;accepted
O006033;L0012645;V029;D007;02.12.2024;3300000;1,79;3240000;H;16.12.2024;accepted
O006034;L0012648;V028;D008;22.11.2025;4000000;3,7;3852000;H;06.12.2025;rejected
O006035;L0012650;V019;D003;25.07.2025;4500000;7,53;4161000;H;08.08.2025;rejected
O006036;L0012651;V019;D005;06.05.2025;4500000;3,87;4325000;H;20.05.2025;rejected
O006037;L0012656;V002;D001;04.06.2025;3900000;3,04;3781000;H;18.06.2025;accepted
O006038;L0012657;V001;D003;16.06.2025;3450000;2,59;3360000;H;30.06.2025;accepted
O006039;L0012658;V030;D006;24.07.2026;11900000;8,96;10833000;H;07.08.2026;accepted
O006040;L0012659;V024;D003;24.02.2025;2650000;5,69;2499000;E;10.03.2025;accepted
O006041;L0012661;V025;D009;15.11.2025;3050000;3,35;2947000;E;29.11.2025;rejected
O006042;L0012663;V029;D006;11.06.2025;3300000;6,03;3101000;H;25.06.2025;rejected
O006043;L0012665;V017;D003;12.08.2025;4100000;7,34;3798000;H;26.08.2025;rejected
O006044;L0012669;V011;D014;18.03.2026;6400000;3,81;6156000;E;01.04.2026;accepted
O006045;L0012672;V032;D001;22.06.2026;6200000;3,21;6000000;H;06.07.2026;accepted
O006046;L0012675;V022;D013;22.05.2026;9800000;0,97;9704000;H;05.06.2026;rejected
O006047;L0012676;V002;D002;15.08.2025;3900000;6,87;3631000;E;29.08.2025;rejected
O006048;L0012679;V026;D007;15.04.2026;2900000;4,76;2761000;E;29.04.2026;rejected
O006049;L0012681;V009;D007;28.04.2025;4900000;6,96;4558000;H;12.05.2025;rejected
O006050;L0012683;V026;D007;05.04.2025;2900000;3,53;2797000;H;19.04.2025;rejected
O006051;L0012685;V017;D003;05.05.2025;4100000;0,0;4100000;E;19.05.2025;rejected
O006052;L0012688;V020;D005;07.03.2026;6600000;6,38;6179000;H;21.03.2026;rejected
O006053;L0012691;V004;D011;08.07.2025;5100000;4,68;4861000;E;22.07.2025;accepted
O006054;L0012692;V008;D002;29.09.2025;4200000;4,87;3995000;H;13.10.2025;accepted
O006055;L0012693;V016;D001;18.03.2026;5300000;5,41;;E;01.04.2026;rejected
O006056;L0012696;V019;D002;15.01.2025;4500000;4,54;4295000;E;29.01.2025;rejected
O006057;L0012698;V008;D012;02.12.2024;4200000;2,65;4088000;H;16.12.2024;rejected
O006058;L0012700;V018;D008;28.02.2026;4700000;4,45;4490000;H;14.03.2026;rejected
O006059;L0012701;V009;D005;08.09.2025;4900000;5,38;4636000;H;22.09.2025;rejected
O006060;L0012702;V025;D002;27.05.2025;3050000;5,41;2885000;H;10.06.2025;rejected
O006061;L0012704;V028;D003;13.07.2026;4000000;3,83;3846000;H;27.07.2026;rejected
O006062;L0012705;V029;D002;26.08.2026;3300000;4,89;3138000;H;09.09.2026;open
O006063;L0012706;V003;D003;03.09.2025;4650000;8,26;4266000;H;17.09.2025;rejected
O006064;L0012707;V033;D007;17.07.2026;5400000;0,0;5400000;H;31.07.2026;accepted
O006065;L0012708;V002;D005;22.10.2025;3900000;5,14;3699000;E;05.11.2025;accepted
O006066;L0012714;V019;D001;15.05.2025;4500000;0,81;4463000;E;29.05.2025;accepted
O006067;L0012715;V018;D001;28.03.2026;4700000;3,03;4557000;E;11.04.2026;rejected
O006068;L0012717;V035;D002;17.07.2026;7900000;1,55;;H;31.07.2026;rejected
O006069;L0012718;V023;D003;19.05.2026;15900000;3,12;15403000;H;02.06.2026;accepted
O006070;L0012721;V026;D004;20.08.2026;2900000;0,0;2900000;E;03.09.2026;open
O006071;L0012722;V011;D009;13.10.2025;6400000;5,77;6030000;E;27.10.2025;rejected
O006072;L0012724;V010;D006;15.08.2025;4600000;2,73;4474000;H;29.08.2025;accepted
O006073;L0012725;V026;D010;04.03.2026;2900000;6,98;2697000;H;18.03.2026;rejected
O006074;L0012726;V025;D007;18.06.2026;3050000;0,32;3040000;H;02.07.2026;rejected
O006075;L0012727;V011;D012;30.06.2026;6400000;5,69;6035000;H;14.07.2026;accepted
O006076;L0012728;V019;D001;16.04.2026;4500000;1,57;4429000;E;30.04.2026;accepted
O006077;L0012731;V018;D003;29.11.2025;4700000;0,65;4669000;H;13.12.2025;rejected
O006078;L0012734;V010;D004;24.01.2026;4600000;8,09;4227000;E;07.02.2026;rejected
O006079;L0012736;V028;D009;09.05.2025;4000000;5,54;3778000;E;23.05.2025;rejected
O006080;L0012737;V006;D010;17.08.2026;7800000;4,42;7455000;E;31.08.2026;rejected
O006081;L0012741;V019;D002;19.06.2026;4500000;6,32;4215000;H;03.07.2026;expired
O006082;L0012743;V017;D004;21.12.2024;4100000;7,61;3787000;H;04.01.2025;accepted
O006083;L0012745;V003;D003;19.05.2026;4650000;1,49;4580000;H;02.06.2026;accepted
O006084;L0012747;V035;D002;25.04.2025;7900000;7,34;7320000;E;09.05.2025;rejected
O006085;L0012749;V010;D010;25.04.2026;4600000;5,16;4362000;H;09.05.2026;rejected
O006086;L0012751;V032;D003;28.04.2025;6200000;2,99;6014000;E;12.05.2025;accepted
O006087;L0012755;V028;D002;28.10.2024;4000000;6,33;3746000;E;11.11.2024;rejected
O006088;L0012758;V022;D010;24.08.2026;9800000;2,93;9512000;H;07.09.2026;open
O006089;L0012760;V019;D005;27.07.2026;4500000;2,08;4406000;E;10.08.2026;rejected
O006090;L0012767;V017;D007;23.04.2026;4100000;10,38;3674000;H;07.05.2026;rejected
O006091;L0012768;V027;D001;05.01.2026;3700000;2,26;3616000;H;19.01.2026;rejected
O006092;L0012773;V027;D007;01.06.2026;3700000;5,66;3490000;H;15.06.2026;rejected
O006093;L0012775;V025;D003;31.10.2024;3050000;9,15;2770000;H;14.11.2024;accepted
O006094;L0012776;V008;D003;25.04.2025;4200000;1,9;4120000;H;09.05.2025;accepted
O006095;L0012777;V012;D009;19.03.2026;7100000;1,27;7010000;E;02.04.2026;rejected
O006096;L0012778;V011;D011;11.07.2026;6400000;7,18;5940000;E;25.07.2026;rejected
O006097;L0012779;V017;D011;23.04.2025;4100000;3,84;3942000;H;07.05.2025;rejected
O006098;L0012780;V035;D004;09.09.2025;7900000;3,13;7652000;H;23.09.2025;rejected
O006099;L0012781;V025;D010;03.06.2025;3050000;4,15;2923000;E;17.06.2025;rejected
O006100;L0012782;V019;D006;06.10.2025;4500000;7,21;4175000;H;20.10.2025;rejected
O006101;L0012785;V025;D007;04.09.2024;3050000;6,22;2860000;H;18.09.2024;accepted
O006102;L0012786;V027;D009;09.06.2026;3700000;5,48;3497000;E;23.06.2026;rejected
O006103;L0012787;V030;D006;18.12.2025;11900000;6,26;11155000;E;01.01.2026;accepted
O006104;L0012790;V010;D002;27.05.2026;4600000;1,77;4518000;E;10.06.2026;rejected
O006105;L0012792;V002;D003;15.05.2025;3900000;4,93;3707000;E;29.05.2025;rejected
O006106;L0012793;V005;D001;25.08.2025;6900000;8,9;6285000;E;08.09.2025;rejected
O006107;L0012798;V002;D004;07.02.2026;3900000;2,18;3814000;E;21.02.2026;rejected
O006108;L0012799;V006;D003;28.05.2026;7800000;3,24;7546000;H;11.06.2026;accepted
O006109;L0012801;V001;D005;03.07.2026;3450000;6,18;3236000;H;17.07.2026;rejected
O006110;L0012802;V032;D006;24.03.2026;6200000;1,03;6135000;E;07.04.2026;accepted
O006111;L0012803;V027;D005;04.01.2025;3700000;1,76;3634000;E;18.01.2025;rejected
O006112;L0012807;V014;D002;30.09.2024;12300000;3,75;11839000;E;14.10.2024;rejected
O006113;L0012808;V004;D010;03.01.2026;5100000;3,89;4901000;H;17.01.2026;accepted
O006114;L0012811;V003;D003;13.03.2026;4650000;2,92;4514000;H;27.03.2026;accepted
O006115;L0012812;V019;D002;27.01.2026;4500000;3,49;4342000;H;10.02.2026;rejected
O006116;L0012815;V016;D002;02.02.2026;5300000;4,67;5052000;E;16.02.2026;rejected
O006117;L0012816;V029;D009;10.04.2025;3300000;7,73;3044000;H;24.04.2025;accepted
O006118;L0012821;V022;D001;22.09.2025;9800000;8,47;8969000;H;06.10.2025;rejected
O006119;L0012824;V010;D001;26.12.2024;4600000;9,21;4176000;H;09.01.2025;accepted
O006120;L0012825;V034;D005;09.12.2025;6100000;5,12;5787000;H;23.12.2025;rejected
O006121;L0012827;V002;D004;19.12.2025;3900000;8,55;3566000;H;02.01.2026;rejected
O006122;L0012829;V017;D003;13.04.2026;4100000;2,78;3986000;H;27.04.2026;accepted
O006123;L0012830;V007;D007;30.06.2025;14500000;0,87;14374000;H;14.07.2025;rejected
O006124;L0012831;V022;D012;12.01.2026;9800000;6,18;9193000;E;26.01.2026;accepted
O006125;L0012832;V002;D014;02.04.2026;3900000;2,49;3802000;E;16.04.2026;accepted
O006126;L0012837;V034;D005;09.02.2026;6100000;0,06;6096000;E;23.02.2026;rejected
O006127;L0012839;V032;D013;21.03.2025;6200000;5,43;5863000;E;04.04.2025;accepted
O006128;L0012842;V028;D010;05.06.2026;4000000;5,29;3788000;H;19.06.2026;accepted
O006129;L0012846;V011;D012;27.08.2026;6400000;1,76;6287000;E;10.09.2026;open
O006130;L0012850;V026;D002;25.03.2026;2900000;0,0;2900000;H;08.04.2026;rejected
O006131;L0012858;V012;D006;02.03.2026;7100000;6,75;;H;16.03.2026;rejected
O006132;L0012860;V010;D004;06.06.2026;4600000;4,09;4411000;H;20.06.2026;rejected
O006133;L0012861;V003;D004;17.12.2025;4650000;4,8;4426000;E;31.12.2025;rejected
O006134;L0012865;V028;D008;06.08.2026;4000000;5,28;3788000;E;20.08.2026;rejected
O006135;L0012866;V027;D006;06.02.2026;3700000;3,17;3582000;H;20.02.2026;rejected
O006136;L0012867;V026;D014;18.06.2025;2900000;5,1;2752000;E;02.07.2025;accepted
O006137;L0012869;V018;D007;30.01.2026;4700000;3,78;4522000;H;13.02.2026;rejected
O006138;L0012872;V036;D003;06.09.2025;14200000;0,98;14060000;H;20.09.2025;rejected
O006139;L0012874;V033;D006;17.11.2025;5400000;4,26;5169000;H;01.12.2025;rejected
O006140;L0012875;V020;D001;22.09.2025;6600000;3,14;6392000;H;06.10.2025;rejected
O006141;L0012877;V017;D007;28.11.2025;4100000;7,44;3794000;H;12.12.2025;rejected
O006142;L0012880;V024;D002;28.01.2026;2650000;4,44;2532000;H;11.02.2026;rejected
O006143;L0012883;V024;D008;09.06.2025;2650000;9,71;2392000;H;23.06.2025;rejected
O006144;L0012886;V017;D002;16.12.2024;4100000;4,42;3918000;H;30.12.2024;rejected
O006145;L0012887;V015;D001;16.12.2025;16800000;1,69;16515000;H;30.12.2025;accepted
O006146;L0012889;V024;D012;06.06.2026;2650000;3,59;2554000;H;20.06.2026;rejected
O006147;L0012890;V020;D010;13.10.2025;6600000;3,51;6368000;H;27.10.2025;accepted
O006148;L0012893;V019;D012;12.03.2026;4500000;4,34;4304000;H;26.03.2026;accepted
O006149;L0012895;V018;D004;07.01.2026;4700000;1,91;4610000;H;21.01.2026;rejected
O006150;L0012898;V005;D007;25.07.2026;6900000;4,62;6581000;E;08.08.2026;rejected
O006151;L0012899;V020;D002;29.01.2026;6600000;3,79;6349000;H;12.02.2026;rejected
O006152;L0012901;V001;D011;01.07.2026;3450000;6,04;3241000;H;15.07.2026;accepted
O006153;L0012903;V003;D005;08.12.2025;4650000;1,43;4583000;E;22.12.2025;rejected
O006154;L0012904;V033;D009;11.10.2025;5400000;5,55;5100000;H;25.10.2025;accepted
O006155;L0012905;V032;D002;02.05.2025;6200000;7,87;5711000;E;16.05.2025;accepted
O006156;L0012906;V028;D009;16.03.2026;4000000;1,52;3939000;E;30.03.2026;rejected
O006157;L0012911;V024;D008;03.08.2026;2650000;5,03;2516000;E;17.08.2026;accepted
O006158;L0012912;V010;D002;01.02.2025;4600000;4,93;4373000;H;15.02.2025;rejected
O006159;L0012916;V008;D005;15.12.2025;4200000;12,0;3696000;E;29.12.2025;accepted
O006160;L0012919;V017;D006;10.12.2025;4100000;2,47;3998000;E;24.12.2025;rejected
O006161;L0012921;V001;D007;03.10.2024;3450000;2,63;3359000;H;17.10.2024;rejected
O006162;L0012922;V019;D010;02.03.2026;4500000;2,93;4368000;H;16.03.2026;rejected
O006163;L0012923;V025;D014;23.06.2025;3050000;1,93;2991000;E;07.07.2025;accepted
O006164;L0012925;V013;D006;24.06.2026;11200000;1,67;11012000;H;08.07.2026;rejected
O006165;L0012927;V019;D004;06.04.2026;4500000;5,97;4231000;E;20.04.2026;accepted
O006166;L0012930;V012;D007;20.10.2025;7100000;4,88;6753000;H;03.11.2025;accepted
O006167;L0012932;V021;D011;16.06.2025;7400000;5,19;7015000;E;30.06.2025;rejected
O006168;L0012933;V010;D003;25.07.2025;4600000;7,4;4259000;H;08.08.2025;rejected
O006169;L0012936;V029;D005;15.01.2026;3300000;1,3;3257000;H;29.01.2026;rejected
O006170;L0012941;V016;D010;15.06.2026;5300000;7,61;4896000;H;29.06.2026;rejected
O006171;L0012944;V017;D005;22.05.2026;4100000;11,67;3621000;E;05.06.2026;rejected
O006172;L0012946;V010;D002;08.08.2025;4600000;8,41;4213000;H;22.08.2025;accepted
O006173;L0012947;V027;D003;08.11.2025;3700000;7,14;3435000;H;22.11.2025;accepted
O006174;L0012948;V004;D003;20.11.2024;5100000;2,59;4967000;H;04.12.2024;rejected
O006175;L0012950;V017;D010;26.11.2025;4100000;2,38;4002000;E;10.12.2025;rejected
O006176;L0012951;V016;D004;04.07.2025;5300000;3,49;5114000;E;18.07.2025;accepted
O006177;L0012952;V001;D002;06.04.2026;3450000;1,74;3389000;E;20.04.2026;rejected
O006178;L0012954;V026;D002;15.08.2025;2900000;8,48;2654000;H;29.08.2025;accepted
O006179;L0012955;V006;D002;13.01.2025;7800000;9,8;7035000;E;27.01.2025;accepted
O006180;L0012957;V002;D006;08.05.2026;3900000;1,16;3854000;E;22.05.2026;accepted
O006181;L0012958;V026;D007;02.01.2025;2900000;3,61;2795000;H;16.01.2025;rejected
O006182;L0012959;V009;D004;01.05.2025;4900000;4,92;4659000;E;15.05.2025;accepted
O006183;L0012961;V017;D012;23.12.2024;4100000;6,54;3831000;H;06.01.2025;rejected
O006184;L0012963;V005;D001;22.04.2026;6900000;3,23;6677000;E;06.05.2026;rejected
O006185;L0012964;V028;D001;31.05.2025;4000000;4,58;3816000;H;14.06.2025;rejected
O006186;L0012967;V004;D004;18.10.2024;5100000;8,84;4649000;E;01.11.2024;rejected
O006187;L0012968;V010;D003;13.02.2026;4600000;1,25;4542000;E;27.02.2026;rejected
O006188;L0012970;V005;D003;09.12.2025;6900000;3,0;6692000;E;23.12.2025;rejected
O006189;L0012971;V010;D003;07.11.2025;4600000;5,72;4336000;E;21.11.2025;rejected
O006190;L0012974;V037;D010;30.04.2026;17500000;6,19;16417000;H;14.05.2026;rejected
O006191;L0012975;V031;D010;07.07.2025;10800000;4,09;10358000;H;21.07.2025;accepted
O006192;L0012977;V035;D005;19.05.2026;7900000;99,0;7662000;H;02.06.2026;rejected
O006193;L0012978;V001;D007;11.09.2025;3450000;5,9;3246000;H;25.09.2025;rejected
O006194;L0012982;V009;D006;11.03.2025;4900000;3,5;4728000;E;25.03.2025;accepted
O006195;L0012983;V008;D004;11.07.2026;4200000;6,3;3935000;E;25.07.2026;accepted
O006196;L0012985;V032;D006;10.08.2026;6200000;2,49;6045000;H;24.08.2026;rejected
O006197;L0012988;V005;D003;30.04.2026;6900000;5,16;6543000;E;14.05.2026;rejected
O006198;L0012989;V016;D005;10.12.2025;5300000;1,43;5224000;H;24.12.2025;rejected
O006199;L0012990;V008;D013;23.04.2026;4200000;5,94;3950000;H;07.05.2026;rejected
O006200;L0012994;V026;D010;30.08.2025;2900000;6,29;2717000;H;13.09.2025;rejected
O006201;L0012995;V001;D002;23.06.2025;3450000;1,7;3391000;H;07.07.2025;rejected
O006202;L0012996;V021;D010;23.03.2026;7400000;7,02;6880000;H;06.04.2026;rejected
O006203;L0012997;V002;D001;06.12.2024;3900000;0,62;3875000;H;20.12.2024;accepted
O006204;L0012998;V004;D005;03.09.2025;5100000;9,36;4622000;H;17.09.2025;rejected
O006205;L0012999;V012;D001;13.06.2026;7100000;8,0;6532000;E;27.06.2026;rejected
O006206;L0013000;V027;D008;19.09.2025;3700000;5,63;3491000;E;03.10.2025;accepted
O006207;L0013001;V029;D003;20.06.2025;3300000;5,24;3127000;H;04.07.2025;accepted
O006208;L0013003;V014;D002;21.04.2026;12300000;8,22;11288000;H;05.05.2026;rejected
O006209;L0013005;V008;D001;12.01.2026;4200000;4,15;4025000;E;26.01.2026;rejected
O006210;L0013006;V020;D010;01.09.2025;6600000;4,57;6298000;E;15.09.2025;rejected
O006211;L0013010;V026;D001;19.02.2026;2900000;11,0;2580000;H;05.03.2026;rejected
O006212;L0013012;V024;D007;01.05.2026;2650000;7,42;2453000;E;15.05.2026;accepted
O006213;L0013013;V031;D011;18.08.2026;10800000;2,36;10545000;E;01.09.2026;rejected
O006214;L0013014;V018;D001;11.10.2024;4700000;6,75;4382000;E;25.10.2024;rejected
O006215;L0013016;V019;D003;25.06.2026;4500000;5,08;4271000;E;09.07.2026;rejected
O006216;L0013017;V021;D001;09.05.2026;7400000;1,84;7264000;E;23.05.2026;rejected
O006217;L0013018;V014;D003;09.06.2025;12300000;4,21;11782000;H;23.06.2025;rejected
O006218;L0013019;V033;D004;02.12.2024;5400000;5,04;5127000;H;16.12.2024;rejected
O006219;L0013022;V019;D005;06.10.2025;4500000;0,0;4500000;E;20.10.2025;accepted
O006220;L0013024;V019;D012;11.02.2026;4500000;1,91;4414000;E;25.02.2026;rejected
O006221;L0013027;V002;D007;12.05.2026;3900000;6,42;3649000;H;26.05.2026;accepted
O006222;L0013028;V025;D002;12.05.2025;3050000;5,24;2890000;E;26.05.2025;rejected
O006223;L0013031;V019;D010;29.03.2025;4500000;1,64;4426000;H;12.04.2025;rejected
O006224;L0013032;V017;D004;03.01.2025;4100000;7,97;3773000;H;17.01.2025;accepted
O006225;L0013033;V025;D003;30.08.2025;3050000;3,39;2946000;H;13.09.2025;accepted
O006226;L0013034;V029;D007;21.03.2026;3300000;7,68;3046000;E;04.04.2026;accepted
O006227;L0013036;V009;D007;22.07.2025;4900000;5,82;4614000;H;05.08.2025;accepted
O006228;L0013038;V028;D006;15.12.2025;4000000;1,93;3922000;E;29.12.2025;rejected
O006229;L0013042;V024;D003;05.08.2026;2650000;3,46;2558000;H;19.08.2026;accepted
O006230;L0013044;V026;D012;06.05.2026;2900000;5,1;2752000;E;20.05.2026;accepted
O006231;L0013046;V019;D014;01.12.2025;4500000;8,86;4101000;E;15.12.2025;rejected
O006232;L0013047;V019;D009;22.09.2025;4500000;4,42;4301000;H;06.10.2025;rejected
O006233;L0013050;V017;D001;28.08.2025;4100000;3,87;3941000;H;11.09.2025;accepted
O006234;L0013051;V033;D007;22.07.2025;5400000;6,67;5039000;H;05.08.2025;rejected
O006235;L0013053;V012;D008;22.12.2025;7100000;6,79;6617000;E;05.01.2026;rejected
O006236;L0013055;V018;D002;03.12.2025;4700000;0,0;4700000;E;17.12.2025;accepted
O006237;L0013058;V025;D002;14.04.2026;3050000;5,55;2880000;E;28.04.2026;accepted
O006238;L0013060;V017;D011;28.08.2026;4100000;6,14;3848000;H;11.09.2026;expired
O006239;L0013061;V019;D002;11.06.2026;4500000;3,22;4355000;H;25.06.2026;rejected
O006240;L0013063;V029;D008;15.07.2026;3300000;1,02;3266000;H;29.07.2026;rejected
O006241;L0013065;V027;D005;11.06.2026;3700000;5,92;3481000;H;25.06.2026;rejected
O006242;L0013066;V009;D012;13.02.2025;4900000;2,46;4779000;E;27.02.2025;accepted
O006243;L0013070;V014;D013;30.06.2025;12300000;2,67;11971000;E;14.07.2025;accepted
O006244;L0013071;V029;D002;02.07.2026;3300000;7,05;3067000;E;16.07.2026;rejected
O006245;L0013074;V029;D006;04.02.2026;3300000;6,34;3090000;H;18.02.2026;accepted
O006246;L0013075;V010;D007;28.08.2026;4600000;150,0;4484000;E;11.09.2026;open
O006247;L0013076;V018;D004;01.10.2024;4700000;3,04;4557000;H;15.10.2024;rejected
O006248;L0013078;V020;D010;01.04.2026;6600000;3,05;6398000;H;15.04.2026;accepted
O006249;L0013079;V029;D008;08.07.2026;3300000;2,76;3209000;H;22.07.2026;accepted
O006250;L0013080;V019;D005;04.08.2025;4500000;3,21;4355000;H;18.08.2025;rejected
O006251;L0013081;V001;D010;09.06.2025;3450000;5,15;3272000;H;23.06.2025;rejected
O006252;L0013082;V026;D004;15.09.2025;2900000;1,66;2851000;E;29.09.2025;accepted
O006253;L0013083;V032;D004;24.02.2025;6200000;3,69;5970000;E;10.03.2025;rejected
O006254;L0013085;V009;D004;28.02.2026;4900000;4,02;4702000;E;14.03.2026;accepted
O006255;L0013086;V024;D004;04.12.2024;2650000;5,68;2499000;H;18.12.2024;accepted
O006256;L0013088;V027;D008;08.12.2025;3700000;8,35;3390000;H;22.12.2025;rejected
O006257;L0013091;V010;D007;27.11.2025;4600000;150,0;4519000;E;11.12.2025;rejected
O006258;L0013093;V024;D009;23.07.2025;2650000;6,09;2488000;E;06.08.2025;accepted
O006259;L0013095;V017;D001;23.01.2026;4100000;3,39;3961000;E;06.02.2026;rejected
O006260;L0013096;V027;D001;27.01.2025;3700000;3,54;3569000;E;10.02.2025;accepted
O006261;L0013098;V008;D001;11.03.2025;4200000;11,39;3721000;E;25.03.2025;accepted
O006262;L0013102;V032;D001;22.04.2025;6200000;1,15;6128000;H;06.05.2025;accepted
O006263;L0013103;V003;D009;28.11.2024;4650000;3,99;4464000;E;12.12.2024;accepted
O006264;L0013105;V024;D007;06.10.2025;2650000;4,89;2520000;H;20.10.2025;rejected
O006265;L0013106;V028;D006;10.01.2026;4000000;10,88;3564000;E;24.01.2026;rejected
O006266;L0013107;V019;D010;12.01.2026;4500000;8,57;4114000;E;26.01.2026;accepted
O006267;L0013110;V009;D003;18.11.2024;4900000;3,54;4726000;E;02.12.2024;accepted
O006268;L0013112;V035;D005;12.04.2025;7900000;4,94;7509000;H;26.04.2025;rejected
O006269;L0013121;V006;D001;04.06.2026;7800000;7,6;7207000;H;18.06.2026;accepted
O006270;L0013122;V017;D007;27.02.2025;4100000;6,64;3827000;H;13.03.2025;rejected
O006271;L0013123;V001;D001;26.08.2025;3450000;4,67;3288000;E;09.09.2025;accepted
O006272;L0013125;V017;D005;30.09.2025;4100000;5,36;3880000;H;14.10.2025;rejected
O006273;L0013128;V025;D009;25.12.2024;3050000;3,02;2957000;H;08.01.2025;rejected
O006274;L0013130;V035;D006;01.01.2025;7900000;9,32;7163000;E;15.01.2025;rejected
O006275;L0013133;V033;D006;03.12.2025;5400000;2,01;5291000;E;17.12.2025;rejected
O006276;L0013134;V021;D003;02.03.2026;7400000;3,89;7112000;E;16.03.2026;rejected
O006277;L0013135;V026;D008;30.07.2026;2900000;7,89;2671000;E;13.08.2026;rejected
O006278;L0013136;V010;D005;17.11.2025;4600000;1,24;4542000;H;01.12.2025;accepted
O006279;L0013141;V038;D006;23.06.2026;22000000;4,67;20972000;H;07.07.2026;rejected
O006280;L0013143;V008;D009;02.01.2026;4200000;0,13;4194000;H;16.01.2026;rejected
O006281;L0013144;V036;D008;11.11.2025;14200000;5,78;13378000;E;25.11.2025;rejected
O006282;L0013145;V012;D008;01.12.2025;7100000;2,24;6941000;E;15.12.2025;accepted
O006283;L0013146;V025;D001;13.07.2026;3050000;8,67;2785000;H;27.07.2026;accepted
O006284;L0013158;V032;D003;09.07.2026;6200000;2,49;6045000;E;23.07.2026;rejected
O006285;L0013160;V019;D008;31.12.2025;4500000;5,87;4235000;H;14.01.2026;accepted
O006286;L0013161;V012;D004;07.07.2026;7100000;6,78;6618000;E;21.07.2026;rejected
O006287;L0013165;V032;D004;14.01.2025;6200000;3,28;5996000;E;28.01.2025;rejected
O006288;L0013166;V002;D002;03.12.2024;3900000;6,96;3628000;H;17.12.2024;rejected
O006289;L0013169;V035;D003;25.03.2025;7900000;4,42;7550000;H;08.04.2025;accepted
O006290;L0013170;V025;D008;27.06.2026;3050000;0,0;3050000;E;11.07.2026;rejected
O006291;L0013171;V009;D001;29.06.2026;4900000;3,21;4742000;E;13.07.2026;rejected
O006292;L0013172;V025;D002;21.12.2024;3050000;5,28;2888000;H;04.01.2025;accepted
O006293;L0013173;V009;D001;25.05.2026;4900000;1,99;4802000;E;08.06.2026;rejected
O006294;L0013174;V032;D002;25.11.2024;6200000;4,42;5926000;E;09.12.2024;accepted
O006295;L0013175;V021;D003;17.03.2026;7400000;1,88;7260000;E;31.03.2026;accepted
O006296;L0013176;V004;D014;03.12.2024;5100000;1,88;5004000;E;17.12.2024;rejected
O006297;L0013177;V009;D002;16.07.2025;4900000;4,05;4701000;H;30.07.2025;accepted
O006298;L0013178;V032;D003;15.07.2025;6200000;3,21;6001000;H;29.07.2025;rejected
O006299;L0013179;V030;D006;04.06.2026;11900000;6,49;11128000;H;18.06.2026;rejected
O006300;L0013180;V026;D004;25.11.2024;2900000;2,97;2813000;E;09.12.2024;accepted
O006301;L0013181;V029;D009;19.11.2025;3300000;2,75;3209000;H;03.12.2025;accepted
O006302;L0013186;V020;D002;12.05.2025;6600000;0,02;6598000;H;26.05.2025;accepted
O006303;L0013192;V003;D003;25.05.2026;4650000;3,42;4490000;E;08.06.2026;accepted
O006304;L0013193;V021;D001;24.05.2025;7400000;7,08;6876000;H;07.06.2025;rejected
O006305;L0013200;V006;D006;27.07.2026;7800000;3,09;7558000;E;10.08.2026;accepted
O006306;L0013202;V008;D013;11.04.2025;4200000;2,48;4096000;H;25.04.2025;rejected
O006307;L0013203;V028;D002;01.08.2026;4000000;7,26;3709000;E;15.08.2026;rejected
O006308;L0013207;V029;D007;30.06.2025;3300000;3,35;3189000;H;14.07.2025;rejected
O006309;L0013208;V017;D008;08.08.2026;4100000;5,12;3890000;H;22.08.2026;rejected
O006310;L0013210;V026;D002;24.04.2026;2900000;4,48;2769000;H;08.05.2026;rejected
O006311;L0013211;V031;D009;22.01.2026;10800000;2,72;10506000;H;05.02.2026;rejected
O006312;L0013214;V025;D004;21.12.2024;3050000;10,39;2733000;E;04.01.2025;accepted
O006313;L0013215;V014;D005;08.07.2026;12300000;8,56;11246000;H;22.07.2026;accepted
O006314;L0013216;V008;D009;14.01.2026;4200000;5,35;3975000;H;28.01.2026;accepted
O006315;L0013219;V001;D001;20.06.2026;3450000;3,28;3336000;E;04.07.2026;rejected
O006316;L0013221;V017;D003;28.10.2025;4100000;5,42;3877000;H;11.11.2025;accepted
O006317;L0013223;V018;D001;19.03.2026;4700000;6,17;4410000;H;02.04.2026;rejected
O006318;L0013224;V028;D004;28.07.2026;4000000;2,92;3883000;H;11.08.2026;expired
O006319;L0013225;V017;D004;08.03.2025;4100000;8,28;3760000;E;22.03.2025;accepted
O006320;L0013228;V032;D001;13.05.2026;6200000;2,47;6046000;H;27.05.2026;rejected
O006321;L0013229;V036;D003;03.11.2025;14200000;6,89;13221000;E;17.11.2025;rejected
O006322;L0013230;V026;D002;31.03.2026;2900000;1,79;2848000;H;14.04.2026;rejected
O006323;L0013232;V027;D004;16.06.2026;3700000;3,35;3576000;E;30.06.2026;rejected
O006324;L0013233;V008;D001;17.06.2025;4200000;3,3;4061000;H;01.07.2025;accepted
O006325;L0013234;V019;D007;05.11.2024;4500000;6,18;4222000;H;19.11.2024;accepted
O006326;L0013239;V026;D008;02.09.2025;2900000;9,0;2638000;E;16.09.2025;rejected
O006327;L0013246;V027;D003;01.04.2026;3700000;2,91;3592000;E;15.04.2026;rejected
O006328;L0013247;V008;D007;18.03.2026;4200000;5,71;3960000;H;01.04.2026;accepted
O006329;L0013248;V017;D013;25.05.2026;4100000;0,0;4100000;H;08.06.2026;accepted
O006330;L0013249;V007;D008;12.06.2026;14500000;0,07;14489000;H;26.06.2026;rejected
O006331;L0013251;V013;D004;20.04.2026;11200000;6,04;10523000;E;04.05.2026;rejected
O006332;L0013253;V006;D010;09.02.2026;7800000;4,39;7457000;H;23.02.2026;rejected
O006333;L0013254;V033;D005;20.06.2025;5400000;2,89;5243000;E;04.07.2025;rejected
O006334;L0013257;V010;D010;09.06.2025;4600000;5,44;4349000;H;23.06.2025;accepted
O006335;L0013258;V008;D007;26.06.2026;4200000;6,69;3919000;E;10.07.2026;rejected
O006336;L0013260;V022;D005;27.08.2026;9800000;1,62;9640000;H;10.09.2026;open
O006337;L0013261;V017;D007;19.02.2026;4100000;5,66;3868000;H;05.03.2026;rejected
O006338;L0013263;V012;D011;30.01.2026;7100000;4,33;6792000;H;13.02.2026;rejected
O006339;L0013265;V030;D006;15.07.2026;11900000;3,33;11503000;E;29.07.2026;rejected
O006340;L0013268;V022;D010;02.06.2026;9800000;2,13;9591000;H;16.06.2026;accepted
O006341;L0013269;V026;D006;10.01.2025;2900000;5,13;2751000;E;24.01.2025;rejected
O006342;L0013270;V022;D005;30.04.2026;9800000;0,37;9763000;H;14.05.2026;rejected
O006343;L0013272;V006;D014;27.11.2025;7800000;0,62;7751000;E;11.12.2025;rejected
O006344;L0013273;V018;D003;23.07.2025;4700000;5,98;4418000;E;06.08.2025;accepted
O006345;L0013274;V008;D003;11.11.2025;4200000;1,33;4144000;H;25.11.2025;rejected
O006346;L0013275;V005;D003;09.07.2026;6900000;1,08;6825000;E;23.07.2026;accepted
O006347;L0013277;V026;D006;18.08.2026;2900000;5,33;2745000;H;01.09.2026;expired
O006348;L0013279;V009;D008;10.08.2026;4900000;2,82;4761000;H;24.08.2026;rejected
O006349;L0013283;V001;D002;11.04.2026;3450000;5,06;3275000;H;25.04.2026;accepted
O006350;L0013288;V025;D006;09.02.2026;3050000;2,72;2966000;E;23.02.2026;rejected
O006351;L0013289;V026;D009;01.11.2025;2900000;7,62;2678000;H;15.11.2025;rejected
O006352;L0013291;V005;D001;23.04.2026;6900000;4,56;6585000;H;07.05.2026;rejected
O006353;L0013294;V026;D003;07.07.2025;2900000;0,0;2900000;H;21.07.2025;rejected
O006354;L0013297;V002;D004;29.08.2026;3900000;7,3;3615000;E;12.09.2026;open
O006355;L0013298;V025;D003;26.06.2026;3050000;5,12;2893000;E;10.07.2026;accepted
O006356;L0013299;V024;D003;21.02.2025;2650000;5,26;2510000;E;07.03.2025;accepted
O006357;L0013300;V010;D006;02.07.2026;4600000;5,96;4325000;E;16.07.2026;rejected
O006358;L0013301;V024;D002;02.05.2026;2650000;3,52;2556000;E;16.05.2026;rejected
O006359;L0013305;V035;D012;26.11.2025;7900000;1,18;7806000;E;10.12.2025;accepted
O006360;L0013306;V017;D002;07.12.2024;4100000;4,66;3909000;E;21.12.2024;accepted
O006361;L0013307;V011;D006;08.08.2025;6400000;6,07;6011000;H;22.08.2025;accepted
O006362;L0013308;V001;D003;01.06.2026;3450000;6,3;3232000;E;15.06.2026;accepted
O006363;L0013310;V016;D005;21.02.2026;5300000;2,74;5154000;H;07.03.2026;rejected
O006364;L0013315;V011;D009;08.06.2026;6400000;5,87;6024000;E;22.06.2026;rejected
O006365;L0013316;V018;D007;07.08.2025;4700000;2,76;4570000;H;21.08.2025;accepted
O006366;L0013317;V024;D007;10.08.2026;2650000;11,7;2339000;H;24.08.2026;rejected
O006367;L0013322;V016;D008;04.12.2025;5300000;4,67;5052000;E;18.12.2025;rejected
O006368;L0013324;V024;D004;12.05.2026;2650000;2,48;2584000;E;26.05.2026;accepted
O006369;L0013325;V024;D009;10.06.2026;2650000;5,21;2511000;E;24.06.2026;rejected
O006370;L0013327;V004;D001;11.11.2025;5100000;7,83;4700000;H;25.11.2025;rejected
O006371;L0013328;V002;D007;11.12.2025;3900000;4,7;3716000;E;25.12.2025;accepted
O006372;L0013329;V018;D009;30.06.2025;4700000;7,2;4361000;H;14.07.2025;accepted
O006373;L0013331;V029;D001;10.07.2026;3300000;3,68;3178000;E;24.07.2026;accepted
O006374;L0013332;V022;D001;01.12.2025;9800000;4,14;9394000;H;15.12.2025;rejected
O006375;L0013334;V020;D003;03.07.2026;6600000;4,86;6278000;H;17.07.2026;accepted
O006376;L0013336;V028;D010;11.12.2025;4000000;6,2;;E;25.12.2025;rejected
O006377;L0013337;V033;D004;20.12.2025;5400000;2,2;5281000;E;03.01.2026;rejected
O006378;L0013341;V027;D004;16.09.2025;3700000;3,9;3555000;E;30.09.2025;accepted
O006379;L0013345;V019;D008;13.09.2025;4500000;5,41;4256000;E;27.09.2025;accepted
O006380;L0013346;V011;D001;14.04.2026;6400000;3,72;6161000;E;28.04.2026;accepted
O006381;L0013355;V035;D003;09.09.2024;7900000;0,0;7900000;E;23.09.2024;rejected
O006382;L0013357;V019;D010;06.06.2026;4500000;3,8;4328000;H;20.06.2026;rejected
O006383;L0013361;V003;D007;23.06.2025;4650000;2,23;4546000;E;07.07.2025;rejected
O006384;L0013362;V010;D004;02.06.2026;4600000;6,76;4288000;H;16.06.2026;rejected
O006385;L0013364;V034;D009;24.07.2026;6100000;2,85;5926000;E;07.08.2026;accepted
O006386;L0013367;V009;D003;20.04.2026;4900000;7,01;4556000;H;04.05.2026;rejected
O006387;L0013368;V028;D001;09.06.2025;4000000;0,59;3976000;E;23.06.2025;rejected
O006388;L0013370;V033;D001;02.12.2024;5400000;7,71;4983000;H;16.12.2024;rejected
O006389;L0013377;V001;D004;26.03.2026;3450000;6,18;3236000;H;09.04.2026;accepted
O006390;L0013381;V029;D008;13.07.2026;3300000;7,65;3047000;E;27.07.2026;accepted
O006391;L0013384;V008;D010;15.06.2026;4200000;6,13;3942000;E;29.06.2026;accepted
O006392;L0013387;V008;D001;29.09.2025;4200000;4,91;3993000;E;13.10.2025;rejected
O006393;L0013389;V026;D003;22.05.2026;2900000;1,87;2845000;E;05.06.2026;accepted
O006394;L0013402;V008;D014;29.08.2025;4200000;5,8;3956000;H;12.09.2025;accepted
O006395;L0013403;V017;D014;06.06.2026;4100000;4,14;3930000;E;20.06.2026;accepted
O006396;L0013405;V002;D012;26.01.2026;3900000;1,11;3856000;H;09.02.2026;rejected
O006397;L0013407;V028;D008;28.07.2025;4000000;5,54;3778000;H;11.08.2025;accepted
O006398;L0013408;V010;D011;22.02.2025;4600000;9,58;4159000;E;08.03.2025;rejected
O006399;L0013410;V003;D003;23.08.2025;4650000;1,15;4596000;H;06.09.2025;rejected
O006400;L0013413;V025;D003;06.08.2026;3050000;7,92;2808000;E;20.08.2026;rejected
O006401;L0013415;V006;D006;20.12.2024;7800000;0,26;7779000;E;03.01.2025;rejected
O006402;L0013416;V017;D003;03.02.2025;4100000;7,51;3791000;H;17.02.2025;rejected
O006403;L0013417;V025;D013;09.03.2026;3050000;7,01;2836000;H;23.03.2026;accepted
O006404;L0013419;V029;D009;19.03.2026;3300000;5,22;3127000;H;02.04.2026;accepted
O006405;L0013423;V004;D005;04.07.2026;5100000;3,22;4935000;E;18.07.2026;accepted
O006406;L0013424;V033;D007;25.12.2025;5400000;3,23;5225000;E;08.01.2026;accepted
O006407;L0013425;V025;D001;14.04.2025;3050000;6,26;2858000;E;28.04.2025;accepted
O006408;L0013427;V028;D007;18.11.2024;4000000;6,59;3736000;H;02.12.2024;accepted
O006409;L0013428;V026;D009;07.07.2026;2900000;1,58;2854000;H;21.07.2026;accepted
O006410;L0013430;V019;D003;27.08.2026;4500000;4,46;4299000;E;10.09.2026;expired
O006411;L0013432;V002;D009;05.08.2026;3900000;5,81;3673000;E;19.08.2026;rejected
O006412;L0013433;V035;D001;15.12.2025;7900000;1,98;7743000;E;29.12.2025;rejected
O006413;L0013438;V016;D002;04.03.2025;5300000;5,33;5017000;H;18.03.2025;rejected
O006414;L0013441;V012;D006;07.11.2025;7100000;5,52;6708000;E;21.11.2025;rejected
O006415;L0013443;V018;D003;23.10.2025;4700000;0,8;4662000;H;06.11.2025;rejected
O006416;L0013447;V016;D001;25.02.2026;5300000;6,45;4958000;H;11.03.2026;rejected
O006417;L0013449;V010;D001;27.07.2026;4600000;2,73;4474000;H;10.08.2026;rejected
O006418;L0013450;V017;D006;08.01.2026;4100000;3,95;3938000;E;22.01.2026;accepted
O006419;L0013451;V020;D003;08.08.2025;6600000;0,0;6600000;H;22.08.2025;rejected
O006420;L0013452;V029;D001;25.04.2026;3300000;5,66;3113000;E;09.05.2026;accepted
O006421;L0013454;V033;D002;04.05.2026;5400000;8,32;4950000;H;18.05.2026;rejected
O006422;L0013456;V011;D004;24.01.2026;6400000;4,84;6090000;H;07.02.2026;accepted
O006423;L0013460;V012;D011;02.01.2026;7100000;8,27;6512000;H;16.01.2026;rejected
O006424;L0013461;V022;D006;19.12.2025;9800000;8,42;8974000;E;02.01.2026;accepted
O006425;L0013463;V019;D011;03.12.2025;4500000;2,0;4409000;H;17.12.2025;accepted
O006426;L0013465;V025;D010;02.08.2025;3050000;2,68;2968000;E;16.08.2025;rejected
O006427;L0013468;V031;D010;08.01.2025;10800000;5,89;10163000;H;22.01.2025;accepted
O006428;L0013471;V008;D014;15.12.2025;4200000;4,95;3991000;H;29.12.2025;rejected
O006429;L0013474;V034;D001;06.07.2026;6100000;5,37;5772000;H;20.07.2026;rejected
O006430;L0013475;V011;D001;04.08.2026;6400000;3,18;6196000;H;18.08.2026;accepted
O006431;L0013479;V022;D007;21.07.2025;9800000;4,87;9323000;H;04.08.2025;rejected
O006432;L0013481;V017;D006;09.12.2025;4100000;0,96;4060000;H;23.12.2025;accepted
O006433;L0013483;V033;D003;23.03.2026;5400000;6,47;5050000;H;06.04.2026;accepted
O006434;L0013485;V027;D009;15.06.2026;3700000;4,24;3543000;E;29.06.2026;rejected
O006435;L0013488;V029;D007;26.08.2026;3300000;0,86;3271000;E;09.09.2026;open
O006436;L0013490;V003;D006;17.02.2025;4650000;5,89;4376000;H;03.03.2025;accepted
O006437;L0013492;V029;D011;22.10.2025;3300000;7,1;3065000;H;05.11.2025;accepted
O006438;L0013493;V025;D013;25.07.2026;3050000;1,83;2994000;H;08.08.2026;rejected
O006439;L0013498;V024;D002;29.06.2026;2650000;9,43;2400000;E;13.07.2026;accepted
O006440;L0013506;V017;D005;20.05.2026;4100000;0,6;4075000;E;03.06.2026;accepted
O006441;L0013507;V017;D011;10.09.2024;4100000;1,77;4027000;E;24.09.2024;accepted
O006442;L0013509;V029;D006;14.03.2025;3300000;7,51;3052000;E;28.03.2025;accepted
O006443;L0013515;V035;D001;20.03.2026;7900000;10,31;7085000;E;03.04.2026;accepted
O006444;L0013517;V016;D002;11.04.2026;5300000;0,0;5300000;E;25.04.2026;rejected
O006445;L0013519;V029;D001;27.01.2026;3300000;6,59;3082000;E;10.02.2026;accepted
O006446;L0013523;V008;D004;12.03.2026;4200000;2,96;4075000;H;26.03.2026;accepted
O006447;L0013527;V028;D010;20.02.2026;4000000;0,15;3994000;E;06.03.2026;rejected
O006448;L0013528;V011;D012;12.08.2026;6400000;5,53;6046000;H;26.08.2026;accepted
O006449;L0013530;V008;D009;15.01.2026;4200000;1,08;4154000;E;29.01.2026;rejected
O006450;L0013531;V013;D004;27.08.2026;11200000;4,89;10652000;H;10.09.2026;expired
O006451;L0013532;V031;D003;23.01.2026;10800000;2,89;10488000;E;06.02.2026;rejected
O006452;L0013539;V012;D009;20.12.2025;7100000;7,0;6603000;H;03.01.2026;accepted
O006453;L0013540;V036;D005;18.08.2025;14200000;4,29;13590000;H;01.09.2025;rejected
O006454;L0013543;V001;D007;08.09.2025;3450000;6,36;3230000;E;22.09.2025;rejected
O006455;L0013548;V031;D002;25.06.2026;10800000;5,07;10251000;H;09.07.2026;rejected
O006456;L0013550;V017;D002;21.08.2026;4100000;5,19;3887000;E;04.09.2026;expired
O006457;L0013552;V032;D013;15.07.2026;6200000;3,44;5986000;E;29.07.2026;rejected
O006458;L0013553;V020;D007;16.03.2026;6600000;1,43;6505000;H;30.03.2026;rejected
O006459;L0013557;V020;D010;12.05.2025;6600000;5,41;6242000;H;26.05.2025;rejected
O006460;L0013558;V029;D001;07.02.2026;3300000;6,29;3092000;H;21.02.2026;rejected
O006461;L0013561;V032;D001;17.08.2026;6200000;5,39;5865000;H;31.08.2026;open
O006462;L0013566;V003;D003;29.07.2025;4650000;0,46;4628000;E;12.08.2025;rejected
O006463;L0013567;V020;D010;25.07.2025;6600000;0,81;6546000;H;08.08.2025;rejected
O006464;L0013568;V027;D005;20.06.2026;3700000;2,92;3591000;H;04.07.2026;accepted
O006465;L0013569;V008;D009;30.05.2026;4200000;7,13;3900000;H;13.06.2026;rejected
O006466;L0013571;V032;D001;12.02.2026;6200000;2,94;6017000;H;26.02.2026;rejected
O006467;L0013573;V027;D006;24.03.2025;3700000;4,15;3546000;H;07.04.2025;rejected
O006468;L0013575;V019;D007;27.12.2025;4500000;5,78;4239000;H;10.01.2026;rejected
O006469;L0013577;V024;D002;04.06.2026;2650000;3,74;2550000;E;18.06.2026;rejected
O006470;L0013579;V020;D008;11.09.2025;6600000;0,27;6582000;E;25.09.2025;rejected
O006471;L0013580;V034;D004;26.09.2024;6100000;6,53;5701000;H;10.10.2024;rejected
O006472;L0013582;V028;D001;20.12.2025;4000000;0,28;3988000;E;03.01.2026;accepted
O006473;L0013583;V004;D008;06.02.2026;5100000;1,33;5032000;H;20.02.2026;accepted
O006474;L0013584;V027;D008;07.07.2026;3700000;6,9;3444000;E;21.07.2026;rejected
O006475;L0013585;V011;D003;05.12.2024;6400000;7,24;5936000;H;19.12.2024;accepted
O006476;L0013586;V010;D009;21.10.2024;4600000;6,53;4299000;H;04.11.2024;accepted
O006477;L0013587;V005;D002;21.01.2026;6900000;1,86;6771000;H;04.02.2026;accepted
O006478;L0013588;V013;D004;19.03.2025;11200000;0,53;11140000;H;02.04.2025;rejected
O006479;L0013590;V024;D011;18.03.2026;2650000;4,0;2544000;H;01.04.2026;rejected
O006480;L0013592;V016;D002;17.11.2025;5300000;0,0;5300000;E;01.12.2025;rejected
O006481;L0013594;V014;D001;10.05.2025;12300000;6,04;11557000;H;24.05.2025;accepted
O006482;L0013595;V028;D001;15.02.2025;4000000;5,28;3788000;H;01.03.2025;accepted
O006483;L0013596;V011;D006;29.04.2026;6400000;5,37;6056000;H;13.05.2026;accepted
O006484;L0013597;V020;D001;14.10.2025;6600000;0,0;6600000;H;28.10.2025;accepted
O006485;L0013599;V008;D007;17.10.2025;4200000;4,41;4014000;H;31.10.2025;rejected
O006486;L0013600;V035;D002;16.11.2024;7900000;4,87;7515000;H;30.11.2024;rejected
O006487;L0013601;V025;D005;16.08.2025;3050000;1,93;2991000;H;30.08.2025;rejected
O006488;L0013603;V016;D002;17.10.2024;5300000;5,42;5012000;H;31.10.2024;rejected
O006489;L0013604;V028;D004;29.08.2025;4000000;4,73;3810000;H;12.09.2025;rejected
O006490;L0013606;V025;D007;24.10.2025;3050000;5,3;2888000;H;07.11.2025;accepted
O006491;L0013607;V028;D008;30.12.2025;4000000;6,26;3749000;E;13.01.2026;accepted
O006492;L0013611;V017;D011;10.04.2025;4100000;4,95;3897000;E;24.04.2025;rejected
O006493;L0013614;V003;D011;09.06.2025;4650000;10,74;4150000;E;23.06.2025;accepted
O006494;L0013615;V025;D004;05.09.2025;3050000;7,83;2811000;E;19.09.2025;accepted
O006495;L0013616;V002;D008;25.09.2025;3900000;5,38;3690000;H;09.10.2025;rejected
O006496;L0013618;V019;D004;07.05.2026;4500000;0,0;4500000;E;21.05.2026;rejected
O006497;L0013619;V010;D002;07.07.2025;4600000;7,47;4256000;H;21.07.2025;rejected
O006498;L0013620;V034;D003;08.06.2026;6100000;6,76;5687000;H;22.06.2026;rejected
O006499;L0013623;V025;D004;25.09.2025;3050000;3,07;2956000;H;09.10.2025;rejected
O006500;L0013625;V009;D006;31.05.2025;4900000;8,08;4504000;E;14.06.2025;rejected
O006501;L0013626;V011;D002;03.02.2025;6400000;1,63;6295000;E;17.02.2025;rejected
O006502;L0013628;V019;D002;18.08.2025;4500000;6,53;4206000;H;01.09.2025;rejected
O006503;L0013632;V024;D005;17.11.2025;2650000;0,0;2650000;H;01.12.2025;accepted
O006504;L0013633;V027;D004;26.05.2025;3700000;4,41;3536000;H;09.06.2025;rejected
O006505;L0013634;V029;D013;26.05.2026;3300000;3,41;3187000;H;09.06.2026;rejected
O006506;L0013635;V011;D003;07.03.2025;6400000;6,44;;H;21.03.2025;rejected
O006507;L0013638;V004;D003;22.11.2025;5100000;7,94;4695000;E;06.12.2025;rejected
O006508;L0013639;V010;D003;25.09.2025;4600000;1,31;4539000;H;09.10.2025;rejected
O006509;L0013641;V026;D004;22.04.2026;2900000;3,96;2785000;H;06.05.2026;accepted
O006510;L0013643;V027;D003;13.08.2026;3700000;0,4;3685000;H;27.08.2026;rejected
O006511;L0013645;V003;D013;03.04.2026;4650000;6,48;4348000;H;17.04.2026;rejected
O006512;L0013648;V008;D002;24.11.2025;4200000;5,67;3962000;H;08.12.2025;accepted
O006513;L0013649;V011;D007;04.07.2026;6400000;6,18;6004000;H;18.07.2026;accepted
O006514;L0013652;V008;D003;11.11.2024;4200000;3,01;4073000;H;25.11.2024;accepted
O006515;L0013654;V025;D001;14.11.2025;3050000;1,48;3004000;H;28.11.2025;rejected
O006516;L0013655;V034;D009;01.03.2025;6100000;6,36;5712000;H;15.03.2025;accepted
O006517;L0013656;V024;D006;26.08.2026;2650000;5,56;2502000;E;09.09.2026;accepted
O006518;L0013659;V005;D008;30.06.2025;6900000;4,58;6583000;H;14.07.2025;accepted
O006519;L0013660;V033;D003;04.06.2025;5400000;6,59;5044000;H;18.06.2025;rejected
O006520;L0013661;V003;D006;01.07.2026;4650000;0,42;4630000;E;15.07.2026;rejected
O006521;L0013662;V008;D003;16.11.2024;4200000;5,31;3976000;H;30.11.2024;rejected
O006522;L0013664;V019;D010;04.12.2024;4500000;0,0;4500000;E;18.12.2024;rejected
O006523;L0013667;V028;D003;06.06.2025;4000000;3,29;3868000;E;20.06.2025;rejected
O006524;L0013670;V005;D010;29.08.2026;6900000;8,0;6347000;H;12.09.2026;expired
O006525;L0013671;V010;D007;28.10.2025;4600000;9,52;4161000;E;11.11.2025;accepted
O006526;L0013676;V024;D002;23.12.2024;2650000;2,25;2590000;H;06.01.2025;accepted
O006527;L0013678;V007;D012;21.03.2026;14500000;150,0;13497000;H;04.04.2026;rejected
O006528;L0013681;V014;D009;06.06.2025;12300000;5,13;11668000;E;20.06.2025;accepted
O006529;L0013682;V006;D002;12.03.2026;7800000;8,45;7140000;E;26.03.2026;rejected
O006530;L0013685;V038;D001;08.01.2025;22000000;4,77;20951000;H;22.01.2025;accepted
O006531;L0013686;V019;D013;24.09.2025;4500000;2,74;4376000;E;08.10.2025;rejected
O006532;L0013688;V017;D002;26.05.2025;4100000;3,64;3950000;H;09.06.2025;rejected
O006533;L0013689;V018;D007;22.07.2026;4700000;0,0;4700000;H;05.08.2026;rejected
O006534;L0013692;V026;D002;12.06.2026;2900000;5,55;2738000;H;26.06.2026;accepted
O006535;L0013696;V031;D002;21.02.2025;10800000;2,99;10476000;H;07.03.2025;rejected
O006536;L0013697;V014;D010;21.03.2025;12300000;7,15;11420000;H;04.04.2025;rejected
O006537;L0013699;V012;D007;12.01.2026;7100000;3,7;6837000;H;26.01.2026;accepted
O006538;L0013701;V011;D001;30.04.2026;6400000;7,17;5941000;E;14.05.2026;rejected
O006539;L0013702;V010;D001;23.02.2026;4600000;5,93;4327000;E;09.03.2026;rejected
O006540;L0013703;V026;D011;17.11.2025;2900000;3,85;;E;01.12.2025;rejected
O006541;L0013704;V011;D004;28.10.2024;6400000;2,03;6270000;E;11.11.2024;rejected
O006542;L0013705;V019;D003;12.12.2024;4500000;5,09;4271000;H;26.12.2024;rejected
O006543;L0013706;V026;D001;03.04.2025;2900000;6,5;2711000;E;17.04.2025;rejected
O006544;L0013708;V007;D003;23.04.2026;14500000;4,12;13901000;H;07.05.2026;rejected
O006545;L0013712;V028;D004;11.03.2025;4000000;1,85;3925000;E;25.03.2025;accepted
O006546;L0013713;V037;D003;10.03.2025;17500000;5,7;16503000;H;24.03.2025;rejected
O006547;L0013714;V008;D004;29.08.2026;4200000;3,42;4056000;H;12.09.2026;open
O006548;L0013716;V014;D001;06.10.2025;12300000;3,63;11854000;E;20.10.2025;rejected
O006549;L0013720;V018;D007;28.10.2024;4700000;6,58;4390000;H;11.11.2024;rejected
O006550;L0013726;V008;D007;16.02.2026;4200000;2,0;4115000;E;02.03.2026;rejected
O006551;L0013727;V016;D001;07.08.2026;5300000;4,99;5035000;E;21.08.2026;open
O006552;L0013731;V002;D002;15.09.2025;3900000;0,7;3872000;H;29.09.2025;rejected
O006553;L0013733;V004;D013;22.02.2025;5100000;5,08;4840000;E;08.03.2025;accepted
O006554;L0013736;V027;D002;02.03.2026;3700000;3,62;3566000;E;16.03.2026;accepted
O006555;L0013737;V014;D005;22.06.2026;12300000;4,88;11699000;E;06.07.2026;rejected
O006556;L0013738;V001;D005;30.06.2025;3450000;4,7;3287000;E;14.07.2025;rejected
O006557;L0013740;V018;D001;21.07.2025;4700000;5,98;4418000;H;04.08.2025;rejected
O006558;L0013741;V017;D001;03.02.2025;4100000;5,34;3881000;H;17.02.2025;accepted
O006559;L0013742;V018;D014;03.03.2025;4700000;6,53;4392000;H;17.03.2025;accepted
O006560;L0013749;V013;D010;28.07.2025;11200000;4,17;10733000;H;11.08.2025;accepted
O006561;L0013750;V001;D004;06.12.2025;3450000;2,83;3352000;H;20.12.2025;accepted
O006562;L0013751;V011;D001;26.06.2026;6400000;3,48;6177000;H;10.07.2026;rejected
O006563;L0013753;V008;D002;09.03.2026;4200000;3,18;4066000;E;23.03.2026;accepted
O006564;L0013756;V005;D001;27.05.2025;6900000;1,15;6820000;H;10.06.2025;rejected
O006565;L0013757;V026;D003;16.12.2025;2900000;1,75;2849000;H;30.12.2025;accepted
O006566;L0013759;V002;D003;10.07.2025;3900000;3,33;3770000;H;24.07.2025;rejected
O006567;L0013760;V008;D002;20.06.2026;4200000;4,99;3990000;H;04.07.2026;accepted
O006568;L0013762;V001;D006;27.07.2026;3450000;4,96;3278000;H;10.08.2026;accepted
O006569;L0013763;V011;D014;30.07.2025;6400000;3,64;6167000;E;13.08.2025;accepted
O006570;L0013766;V017;D008;17.11.2025;4100000;2,16;4011000;E;01.12.2025;rejected
O006571;L0013768;V026;D008;09.02.2026;2900000;5,95;2727000;E;23.02.2026;accepted
O006572;L0013773;V028;D004;22.12.2025;4000000;6,06;3757000;E;05.01.2026;accepted
O006573;L0013784;V028;D002;19.08.2025;4000000;1,35;3945000;H;02.09.2025;rejected
O006574;L0013785;V006;D002;22.12.2025;7800000;7,71;7198000;E;05.01.2026;rejected
O006575;L0013788;V033;D010;31.05.2025;5400000;9,07;4910000;E;14.06.2025;accepted
O006576;L0013789;V017;D003;05.09.2025;4100000;3,35;3962000;H;19.09.2025;accepted
O006577;L0013791;V021;D005;28.01.2026;7400000;2,61;7206000;E;11.02.2026;rejected
O006578;L0013792;V017;D002;18.08.2026;4100000;2,61;3993000;E;01.09.2026;expired
O006579;L0013797;V002;D004;16.12.2025;3900000;3,4;3767000;H;30.12.2025;accepted
O006580;L0013799;V031;D001;06.11.2025;10800000;5,78;10175000;E;20.11.2025;rejected
O006581;L0013801;V009;D012;23.06.2026;4900000;4,61;4674000;H;07.07.2026;rejected
O006582;L0013804;V030;D004;10.04.2025;11900000;3,76;11451000;H;24.04.2025;accepted
O006583;L0013808;V017;D007;13.07.2026;4100000;3,1;3972000;E;27.07.2026;rejected
O006584;L0013810;V018;D001;04.09.2025;4700000;3,09;4554000;E;18.09.2025;rejected
O006585;L0013815;V009;D001;04.03.2026;4900000;8,87;4465000;H;18.03.2026;accepted
O006586;L0013816;V016;D006;22.08.2026;5300000;4,83;5043000;H;05.09.2026;open
O006587;L0013819;V021;D002;30.12.2024;7400000;3,6;7133000;E;13.01.2025;rejected
O006588;L0013820;V008;D004;03.03.2026;4200000;3,31;4060000;E;17.03.2026;rejected
O006589;L0013821;V010;D009;07.04.2025;4600000;2,6;4480000;H;21.04.2025;rejected
O006590;L0013822;V001;D007;20.05.2025;3450000;5,01;3277000;H;03.06.2025;rejected
O006591;L0013825;V034;D014;31.07.2026;6100000;4,63;5817000;H;14.08.2026;rejected
O006592;L0013826;V021;D007;03.01.2026;7400000;0,0;7400000;H;17.01.2026;rejected
O006593;L0013827;V018;D002;06.12.2025;4700000;3,32;4544000;E;20.12.2025;accepted
O006594;L0013831;V017;D001;06.04.2026;4100000;0,33;4086000;H;20.04.2026;accepted
O006595;L0013832;V033;D010;13.04.2026;5400000;3,59;5206000;H;27.04.2026;accepted
O006596;L0013835;V006;D010;10.04.2026;7800000;1,99;7645000;H;24.04.2026;rejected
O006597;L0013836;V034;D008;29.06.2026;6100000;4,45;5828000;H;13.07.2026;rejected
O006598;L0013837;V016;D001;28.08.2026;5300000;4,99;5035000;E;11.09.2026;expired
O006599;L0013839;V034;D002;02.06.2025;6100000;4,2;5843000;H;16.06.2025;rejected
O006600;L0013840;V036;D001;08.05.2026;14200000;5,57;13409000;E;22.05.2026;accepted
O006601;L0013841;V013;D001;31.03.2025;11200000;4,79;10663000;H;14.04.2025;accepted
O006602;L0013843;V020;D002;23.01.2025;6600000;2,0;6468000;H;06.02.2025;rejected
O006603;L0013845;V014;D006;28.03.2026;12300000;6,07;11552000;H;11.04.2026;rejected
O006604;L0013849;V035;D003;15.05.2025;7900000;1,49;7782000;H;29.05.2025;accepted
O006605;L0013851;V037;D007;08.05.2026;17500000;4,03;16795000;H;22.05.2026;rejected
O006606;L0013852;V020;D001;15.07.2026;6600000;2,37;6443000;H;29.07.2026;accepted
O006607;L0013855;V024;D007;23.12.2025;2650000;4,12;2540000;E;06.01.2026;accepted
O006608;L0013856;V011;D006;20.04.2026;6400000;4,57;6107000;H;04.05.2026;accepted
O006609;L0013861;V017;D007;04.06.2025;4100000;99,0;4100000;E;18.06.2025;accepted
O006610;L0013863;V026;D001;11.04.2026;2900000;3,85;2788000;E;25.04.2026;accepted
O006611;L0013864;V008;D004;18.08.2026;4200000;0,0;4200000;H;01.09.2026;rejected
O006612;L0013868;V032;D008;27.07.2026;6200000;2,73;6030000;H;10.08.2026;rejected
O006613;L0013870;V024;D006;18.10.2025;2650000;3,31;2562000;E;01.11.2025;rejected
O006614;L0013872;V009;D001;31.03.2025;4900000;0,13;4893000;E;14.04.2025;rejected
O006615;L0013873;V004;D004;03.10.2025;5100000;8,99;4641000;E;17.10.2025;accepted
O006616;L0013874;V001;D008;21.10.2024;3450000;5,64;3255000;E;04.11.2024;rejected
O006617;L0013875;V010;D001;05.11.2025;4600000;4,0;4415000;H;19.11.2025;rejected
O006618;L0013876;V031;D005;09.10.2025;10800000;2,37;10544000;H;23.10.2025;accepted
O006619;L0013880;V014;D013;25.05.2026;12300000;0,42;12248000;E;08.06.2026;rejected
O006620;L0013883;V028;D010;23.07.2025;4000000;4,84;3806000;H;06.08.2025;accepted
O006621;L0013893;V006;D008;24.08.2026;7800000;0,03;7797000;H;07.09.2026;open
O006622;L0013894;V017;D009;03.06.2025;4100000;2,89;3981000;E;17.06.2025;rejected
O006623;L0013896;V025;D008;11.06.2026;3050000;5,99;2867000;H;25.06.2026;rejected
O006624;L0013898;V034;D002;08.03.2025;6100000;8,33;5591000;H;22.03.2025;rejected
O006625;L0013901;V024;D004;06.06.2026;2650000;0,0;2650000;H;20.06.2026;accepted
O006626;L0013902;V029;D009;26.12.2024;3300000;3,88;3171000;E;09.01.2025;accepted
O006627;L0013904;V001;D001;07.11.2024;3450000;3,54;3327000;E;21.11.2024;rejected
O006628;L0013907;V014;D003;29.07.2026;12300000;6,36;11518000;E;12.08.2026;accepted
O006629;L0013910;V035;D003;28.06.2025;7900000;4,48;7546000;E;12.07.2025;rejected
O006630;L0013913;V019;D009;21.07.2026;4500000;0,62;4471000;H;04.08.2026;rejected
O006631;L0013915;V027;D002;01.05.2026;3700000;4,27;3542000;E;15.05.2026;rejected
O006632;L0013917;V028;D008;28.07.2025;4000000;4,21;3831000;H;11.08.2025;rejected
O006633;L0013918;V031;D005;04.04.2025;10800000;2,8;10497000;H;18.04.2025;rejected
O006634;L0013920;V029;D004;13.11.2024;3300000;2,79;3208000;H;27.11.2024;accepted
O006635;L0013921;V029;D001;31.03.2026;3300000;3,05;3199000;H;14.04.2026;rejected
O006636;L0013923;V024;D004;21.03.2025;2650000;0,68;2632000;H;04.04.2025;rejected
O006637;L0013925;V027;D004;05.08.2026;3700000;7,29;3430000;H;19.08.2026;accepted
O006638;L0013926;V029;D008;28.02.2026;3300000;3,87;3172000;H;14.03.2026;accepted
O006639;L0013930;V028;D003;22.07.2026;4000000;4,94;3802000;E;05.08.2026;accepted
O006640;L0013931;V010;D008;16.07.2025;4600000;3,87;4421000;E;30.07.2025;rejected
O006641;L0013932;V018;D004;23.07.2026;4700000;5,97;4419000;E;06.08.2026;accepted
O006642;L0013933;V002;D007;26.06.2026;3900000;5,37;3690000;E;10.07.2026;rejected
O006643;L0013934;V029;D004;04.04.2026;3300000;1,6;3247000;H;18.04.2026;accepted
O006644;L0013935;V012;D002;23.09.2024;7100000;7,19;6589000;H;07.10.2024;rejected
O006645;L0013936;V034;D013;11.02.2026;6100000;4,36;5834000;E;25.02.2026;rejected
O006646;L0013938;V035;D006;10.07.2026;7900000;4,36;7555000;H;24.07.2026;rejected
O006647;L0013941;V002;D003;25.03.2026;3900000;4,79;3713000;E;08.04.2026;rejected
O006648;L0013942;V015;D001;29.08.2026;16800000;3,01;16294000;H;12.09.2026;open
O006649;L0013943;V020;D009;16.12.2025;6600000;9,25;5989000;H;30.12.2025;accepted
O006650;L0013944;V027;D003;04.10.2025;3700000;3,14;3583000;E;18.10.2025;accepted
O006651;L0013947;V030;D012;25.04.2026;11900000;5,13;11289000;H;09.05.2026;rejected
O006652;L0013950;V008;D002;18.06.2026;4200000;8,16;3857000;E;02.07.2026;rejected
O006653;L0013951;V004;D004;16.06.2025;5100000;3,77;4907000;E;30.06.2025;accepted
O006654;L0013953;V020;D003;20.11.2025;6600000;8,27;;H;04.12.2025;accepted
O006655;L0013958;V028;D005;17.03.2026;4000000;2,33;3906000;H;31.03.2026;accepted
O006656;L0013959;V020;D003;03.07.2025;6600000;9,33;5983000;E;17.07.2025;accepted
O006657;L0013960;V009;D002;23.06.2026;4900000;4,66;4671000;E;07.07.2026;rejected
O006658;L0013962;V036;D006;08.06.2026;14200000;10,69;12681000;H;22.06.2026;rejected
O006659;L0013966;V010;D001;30.06.2025;4600000;4,57;4389000;H;14.07.2025;accepted
O006660;L0013968;V034;D005;08.06.2026;6100000;2,7;5935000;H;22.06.2026;rejected
O006661;L0013972;V001;D005;25.08.2025;3450000;2,86;3351000;H;08.09.2025;accepted
O006662;L0013974;V001;D009;09.04.2026;3450000;5,28;3267000;H;23.04.2026;rejected
O006663;L0013978;V031;D001;09.12.2024;10800000;4,51;10313000;E;23.12.2024;rejected
O006664;L0013979;V019;D009;06.06.2025;4500000;2,52;4386000;H;20.06.2025;rejected
O006665;L0013981;V010;D014;16.07.2025;4600000;6,23;4313000;H;30.07.2025;rejected
O006666;L0013982;V001;D003;27.10.2025;3450000;5,54;3258000;E;10.11.2025;accepted
O006667;L0013984;V029;D001;24.07.2026;3300000;1,32;3256000;E;07.08.2026;rejected
O006668;L0013986;V003;D009;24.08.2026;4650000;4,76;4428000;H;07.09.2026;open
O006669;L0013988;V012;D009;26.03.2026;7100000;5,93;6679000;H;09.04.2026;rejected
O006670;L0013989;V028;D007;05.12.2025;4000000;1,28;3948000;E;19.12.2025;rejected
O006671;L0013990;V022;D007;27.12.2024;9800000;5,33;9278000;H;10.01.2025;rejected
O006672;L0013991;V021;D003;19.12.2025;7400000;1,33;7301000;H;02.01.2026;accepted
O006673;L0013994;V027;D007;20.12.2025;3700000;0,0;3700000;E;03.01.2026;rejected
O006674;L0014000;V009;D004;19.12.2024;4900000;3,86;4710000;H;02.01.2025;rejected
O006675;L0014002;V029;D008;20.03.2026;3300000;4,65;3146000;H;03.04.2026;accepted
O006676;L0014005;V009;D001;11.04.2026;4900000;4,95;4657000;E;25.04.2026;accepted
O006677;L0014006;V036;D011;26.12.2024;14200000;11,35;12588000;E;09.01.2025;accepted
O006678;L0014011;V027;D012;27.06.2025;3700000;0,63;3676000;E;11.07.2025;rejected
O006679;L0014012;V024;D011;09.12.2025;2650000;5,14;2513000;H;23.12.2025;rejected
O006680;L0014013;V029;D005;01.08.2026;3300000;7,82;3041000;H;15.08.2026;accepted
O006681;L0014014;V028;D003;03.08.2026;4000000;5,06;3797000;H;17.08.2026;accepted
O006682;L0014018;V028;D006;02.01.2026;4000000;2,2;3911000;H;16.01.2026;rejected
O006683;L0014023;V008;D004;05.09.2024;4200000;5,97;3949000;H;19.09.2024;rejected
O006684;L0014025;V024;D001;11.11.2025;2650000;3,92;2546000;E;25.11.2025;accepted
O006685;L0014026;V016;D003;24.05.2025;5300000;7,35;4910000;H;07.06.2025;rejected
O006686;L0014027;V017;D002;08.07.2025;4100000;7,31;3800000;H;22.07.2025;rejected
O006687;L0014032;V003;D004;07.08.2025;4650000;8,2;4268000;H;21.08.2025;rejected
O006688;L0014033;V028;D011;05.01.2026;4000000;6,79;3728000;H;19.01.2026;rejected
O006689;L0014034;V008;D002;19.05.2025;4200000;3,45;4055000;H;02.06.2025;rejected
O006690;L0014035;V014;D003;13.03.2026;12300000;4,65;11727000;E;27.03.2026;rejected
O006691;L0014037;V005;D011;07.01.2026;6900000;8,05;6344000;E;21.01.2026;accepted
O006692;L0014039;V002;D011;15.12.2025;3900000;1,95;3823000;H;29.12.2025;accepted
O006693;L0014045;V002;D007;25.08.2025;3900000;6,87;3632000;E;08.09.2025;accepted
O006694;L0014049;V003;D006;15.04.2026;4650000;4,83;4425000;H;29.04.2026;rejected
O006695;L0014050;V025;D002;20.05.2025;3050000;3,34;2948000;H;03.06.2025;rejected
O006696;L0014056;V033;D010;24.11.2025;5400000;0,25;5386000;H;08.12.2025;rejected
O006697;L0014058;V028;D009;17.03.2025;4000000;1,9;3923000;H;31.03.2025;accepted
O006698;L0014059;V022;D005;07.02.2026;9800000;5,23;9287000;E;21.02.2026;accepted
O006699;L0014060;V018;D002;24.02.2025;4700000;2,31;4591000;E;10.03.2025;rejected
O006700;L0014061;V028;D003;06.10.2025;4000000;8,23;3670000;H;20.10.2025;accepted
O006701;L0014063;V002;D004;06.05.2026;3900000;3,86;3749000;E;20.05.2026;rejected
O006702;L0014066;V027;D009;15.09.2025;3700000;6,53;3458000;E;29.09.2025;accepted
O006703;L0014067;V037;D008;22.12.2025;17500000;2,52;17059000;H;05.01.2026;rejected
O006704;L0014071;V014;D002;12.04.2025;12300000;6,88;11454000;H;26.04.2025;rejected
O006705;L0014073;V017;D003;05.03.2026;4100000;0,96;4060000;H;19.03.2026;rejected
O006706;L0014074;V013;D001;25.04.2025;11200000;1,93;10983000;H;09.05.2025;accepted
O006707;L0014081;V018;D009;02.12.2025;4700000;5,4;4446000;E;16.12.2025;rejected
O006708;L0014082;V020;D007;19.12.2025;6600000;6,63;6162000;E;02.01.2026;accepted
O006709;L0014085;V018;D004;22.05.2026;4700000;6,57;4391000;H;05.06.2026;accepted
O006710;L0014087;V017;D008;22.06.2026;4100000;3,48;3957000;H;06.07.2026;rejected
O006711;L0014091;V037;D004;01.12.2025;17500000;1,33;17266000;H;15.12.2025;rejected
O006712;L0014092;V009;D007;10.05.2025;4900000;7,8;4517000;H;24.05.2025;rejected
O006713;L0014096;V029;D002;22.08.2025;3300000;4,83;3140000;H;05.09.2025;rejected
O006714;L0014097;V002;D001;09.10.2025;3900000;5,1;3701000;H;23.10.2025;rejected
O006715;L0014100;V018;D007;10.01.2026;4700000;4,03;4510000;E;24.01.2026;accepted
O006716;L0014101;V004;D007;30.12.2024;5100000;4,91;4849000;H;13.01.2025;accepted
O006717;L0014102;V032;D006;31.03.2025;6200000;6,17;5817000;E;14.04.2025;accepted
O006718;L0014113;V029;D003;08.08.2025;3300000;7,79;3042000;E;22.08.2025;accepted
O006719;L0014114;V005;D004;20.10.2025;6900000;3,82;6636000;E;03.11.2025;rejected
O006720;L0014116;V017;D006;08.12.2025;4100000;4,16;3929000;H;22.12.2025;accepted
O006721;L0014119;V002;D005;19.01.2026;3900000;7,8;3595000;H;02.02.2026;accepted
O006722;L0014120;V027;D006;02.03.2026;3700000;1,23;3654000;E;16.03.2026;accepted
O006723;L0014121;V001;D004;10.07.2026;3450000;4,01;3311000;E;24.07.2026;rejected
O006724;L0014123;V037;D013;17.04.2025;17500000;4,43;16724000;H;01.05.2025;rejected
O006725;L0014126;V001;D006;30.05.2025;3450000;7,96;3175000;H;13.06.2025;rejected
O006726;L0014128;V017;D008;12.05.2026;4100000;5,92;3857000;E;26.05.2026;accepted
O006727;L0014130;V026;D013;14.08.2025;2900000;9,91;2612000;H;28.08.2025;accepted
O006728;L0014134;V010;D007;23.08.2025;4600000;4,12;4410000;H;06.09.2025;rejected
O006729;L0014138;V025;D007;19.01.2026;3050000;1,1;3016000;H;02.02.2026;accepted
O006730;L0014141;V026;D007;21.04.2026;2900000;3,72;2792000;H;05.05.2026;rejected
O006731;L0014143;V001;D008;29.10.2025;3450000;6,37;3230000;E;12.11.2025;rejected
O006732;L0014144;V033;D001;04.11.2025;5400000;4,39;5162000;H;18.11.2025;rejected
O006733;L0014145;V001;D010;07.01.2026;3450000;2,95;3348000;H;21.01.2026;rejected
O006734;L0014146;V028;D007;03.04.2026;4000000;4,69;3812000;E;17.04.2026;accepted
O006735;L0014147;V021;D012;24.08.2026;7400000;8,32;6784000;E;07.09.2026;open
O006736;L0014151;V026;D007;14.12.2024;2900000;8,72;2647000;E;28.12.2024;rejected
O006737;L0014155;V029;D010;06.09.2025;3300000;3,62;3180000;H;20.09.2025;rejected
O006738;L0014158;V029;D006;04.09.2025;3300000;2,35;3222000;E;18.09.2025;rejected
O006739;L0014160;V025;D006;21.11.2025;3050000;6,08;2864000;E;05.12.2025;rejected
O006740;L0014164;V028;D001;07.03.2025;4000000;8,81;3647000;H;21.03.2025;rejected
O006741;L0014166;V022;D002;22.09.2025;9800000;0,0;9800000;H;06.10.2025;rejected
O006742;L0014170;V030;D014;10.10.2025;11900000;4,16;11405000;H;24.10.2025;rejected
O006743;L0014171;V034;D006;10.06.2026;6100000;8,39;5588000;E;24.06.2026;accepted
O006744;L0014174;V030;D011;19.02.2026;11900000;4,45;11370000;E;05.03.2026;rejected
O006745;L0014175;V002;D004;03.10.2024;3900000;2,18;3814000;E;17.10.2024;accepted
O006746;L0014178;V010;D011;01.06.2026;4600000;0,2;4590000;H;15.06.2026;rejected
O006747;L0014182;V004;D005;05.05.2025;5100000;1,52;5022000;E;19.05.2025;rejected
O006748;L0014183;V027;D003;26.08.2026;3700000;1,12;3658000;H;09.09.2026;expired
O006749;L0014185;V004;D001;18.02.2026;5100000;4,3;4880000;H;04.03.2026;accepted
O006750;L0014187;V014;D004;31.10.2025;12300000;0,28;12265000;E;14.11.2025;accepted
O006751;L0014193;V020;D012;06.11.2025;6600000;3,22;6387000;E;20.11.2025;rejected
O006752;L0014196;V034;D002;16.03.2026;6100000;3,78;5869000;E;30.03.2026;rejected
O006753;L0014197;V006;D002;21.05.2026;7800000;6,12;7322000;H;04.06.2026;rejected
O006754;L0014198;V026;D007;31.12.2025;2900000;8,15;2663000;H;14.01.2026;accepted
O006755;L0014199;V017;D010;28.04.2026;4100000;7,91;3775000;E;12.05.2026;accepted
O006756;L0014201;V020;D007;12.06.2025;6600000;0,0;6600000;E;26.06.2025;accepted
O006757;L0014202;V024;D002;21.03.2026;2650000;4,64;2526000;H;04.04.2026;rejected
O006758;L0014204;V026;D008;06.01.2026;2900000;3,18;2807000;E;20.01.2026;rejected
O006759;L0014206;V019;D004;05.09.2025;4500000;4,81;4283000;H;19.09.2025;rejected
O006760;L0014208;V008;D009;15.12.2025;4200000;7,89;3868000;H;29.12.2025;rejected
O006761;L0014209;V017;D010;06.11.2025;4100000;3,42;3959000;H;20.11.2025;rejected
O006762;L0014210;V018;D002;08.07.2026;4700000;3,39;4540000;E;22.07.2026;rejected
O006763;L0014211;V017;D002;12.10.2024;4100000;7,1;3808000;E;26.10.2024;accepted
O006764;L0014212;V029;D007;23.03.2026;3300000;5,57;3116000;H;06.04.2026;rejected
O006765;L0014213;V009;D003;14.10.2025;4900000;3,45;4731000;E;28.10.2025;accepted
O006766;L0014214;V031;D002;07.08.2025;10800000;3,41;10432000;H;21.08.2025;rejected
O006767;L0014215;V007;D001;08.08.2026;14500000;3,18;14038000;H;22.08.2026;rejected
O006768;L0014218;V026;D001;26.02.2025;2900000;4,08;2781000;E;12.03.2025;accepted
O006769;L0014219;V017;D007;10.10.2025;4100000;1,15;4052000;E;24.10.2025;rejected
O006770;L0014220;V022;D001;26.12.2024;9800000;3,11;9494000;H;09.01.2025;rejected
O006771;L0014223;V030;D004;22.07.2026;11900000;6,43;11135000;E;05.08.2026;rejected
O006772;L0014227;V028;D004;10.11.2025;4000000;2,09;3916000;E;24.11.2025;rejected
O006773;L0014229;V019;D004;16.10.2025;4500000;2,65;4380000;H;30.10.2025;accepted
O006774;L0014231;V025;D006;11.03.2026;3050000;8,16;2801000;E;25.03.2026;accepted
O006775;L0014233;V017;D005;21.02.2025;4100000;5,59;3870000;H;07.03.2025;rejected
O006776;L0014239;V009;D002;16.04.2026;4900000;3,99;4704000;H;30.04.2026;accepted
O006777;L0014240;V019;D001;10.08.2026;4500000;3,96;4321000;E;24.08.2026;rejected
O006778;L0014245;V002;D014;07.11.2025;3900000;4,64;3718000;E;21.11.2025;rejected
O006779;L0014248;V001;D004;15.12.2025;3450000;3,82;3318000;H;29.12.2025;accepted
O006780;L0014250;V030;D005;15.07.2026;11900000;0,73;11812000;E;29.07.2026;rejected
O006781;L0014252;V026;D006;01.01.2026;2900000;0,75;2878000;E;15.01.2026;rejected
O006782;L0014253;V025;D009;08.10.2025;3050000;6,72;2845000;E;22.10.2025;accepted
O006783;L0014255;V033;D002;27.05.2026;5400000;1,99;;H;10.06.2026;rejected
O006784;L0014257;V032;D002;27.07.2026;6200000;3,47;5984000;H;10.08.2026;accepted
O006785;L0014258;V033;D001;16.12.2025;5400000;1,17;5336000;H;30.12.2025;rejected
O006786;L0014259;V009;D013;09.07.2025;4900000;7,03;4555000;H;23.07.2025;rejected
O006787;L0014260;V011;D005;13.11.2024;6400000;7,66;5909000;E;27.11.2024;accepted
O006788;L0014261;V008;D006;21.07.2025;4200000;5,99;3948000;H;04.08.2025;rejected
O006789;L0014264;V018;D005;24.07.2025;4700000;8,07;4320000;E;07.08.2025;rejected
O006790;L0014266;V033;D003;28.04.2026;5400000;3,52;5209000;H;12.05.2026;rejected
O006791;L0014267;V037;D012;16.06.2025;17500000;4,58;16698000;E;30.06.2025;rejected
O006792;L0014269;V026;D012;13.05.2026;2900000;2,49;2827000;E;27.05.2026;rejected
O006793;L0014271;V010;D001;03.02.2026;4600000;3,54;4437000;E;17.02.2026;accepted
O006794;L0014273;V027;D002;11.08.2025;3700000;4,93;3517000;E;25.08.2025;rejected
O006795;L0014278;V028;D002;29.09.2025;4000000;1,74;3930000;E;13.10.2025;rejected
O006796;L0014279;V003;D008;28.05.2026;4650000;7,8;4287000;E;11.06.2026;rejected
O006797;L0014280;V001;D005;27.05.2026;3450000;6,33;3231000;E;10.06.2026;rejected
O006798;L0014282;V002;D001;30.07.2026;3900000;4,85;3710000;E;13.08.2026;rejected
O006799;L0014284;V010;D001;03.02.2026;4600000;6,33;4309000;H;17.02.2026;accepted
O006800;L0014285;V026;D003;06.12.2024;2900000;3,29;2804000;H;20.12.2024;rejected
O006801;L0014290;V001;D001;24.11.2025;3450000;3,21;3339000;H;08.12.2025;accepted
O006802;L0014293;V014;D014;07.07.2025;12300000;3,14;11913000;H;21.07.2025;rejected
O006803;L0014300;V009;D006;10.10.2024;4900000;0,49;4875000;E;24.10.2024;rejected
O006804;L0014301;V032;D001;21.11.2024;6200000;2,33;6055000;H;05.12.2024;accepted
O006805;L0014303;V002;D009;23.05.2026;3900000;7,67;3600000;E;06.06.2026;accepted
O006806;L0014304;V013;D005;23.02.2026;11200000;5,25;10612000;H;09.03.2026;rejected
O006807;L0014305;V003;D001;24.09.2024;4650000;4,01;4463000;H;08.10.2024;rejected
O006808;L0014308;V032;D007;22.04.2026;6200000;2,55;6042000;H;06.05.2026;rejected
O006809;L0014310;V030;D005;21.03.2025;11900000;8,8;10852000;H;04.04.2025;rejected
O006810;L0014311;V009;D012;30.03.2026;4900000;6,17;4597000;H;13.04.2026;rejected
O006811;L0014313;V020;D003;05.04.2025;6600000;2,82;6414000;H;19.04.2025;rejected
O006812;L0014314;V014;D001;16.05.2026;12300000;6,95;11445000;H;30.05.2026;accepted
O006813;L0014319;V024;D001;05.08.2026;2650000;4,18;2539000;E;19.08.2026;rejected
O006814;L0014320;V010;D005;06.11.2025;4600000;0,52;4576000;H;20.11.2025;accepted
O006815;L0014325;V026;D002;27.03.2026;2900000;5,18;2749000;E;10.04.2026;accepted
O006816;L0014327;V002;D001;31.03.2025;3900000;0,0;3900000;E;14.04.2025;accepted
O006817;L0014328;V003;D001;27.02.2026;4650000;6,71;4338000;H;13.03.2026;rejected
O006818;L0014333;V006;D010;03.06.2026;7800000;5,28;7387000;H;17.06.2026;accepted
O006819;L0014334;V005;D010;24.04.2026;6900000;5,08;6549000;E;08.05.2026;rejected
O006820;L0014335;V028;D004;17.12.2025;4000000;3,76;3849000;H;31.12.2025;accepted
O006821;L0014339;V016;D005;10.08.2026;5300000;4,88;5041000;E;24.08.2026;rejected
O006822;L0014340;V020;D005;05.11.2025;6600000;7,6;6098000;H;19.11.2025;accepted
O006823;L0014342;V027;D005;17.10.2025;3700000;4,61;3529000;H;31.10.2025;accepted
O006824;L0014344;V029;D006;06.06.2026;3300000;2,81;3207000;E;20.06.2026;accepted
O006825;L0014346;V009;D001;03.04.2026;4900000;5,5;4630000;E;17.04.2026;rejected
O006826;L0014347;V028;D003;19.11.2025;4000000;4,54;3818000;E;03.12.2025;rejected
O006827;L0014348;V029;D007;17.11.2025;3300000;1,15;3262000;H;01.12.2025;rejected
O006828;L0014349;V018;D004;01.08.2026;4700000;1,63;4623000;H;15.08.2026;accepted
O006829;L0014353;V017;D002;16.12.2024;4100000;0,56;4076000;H;30.12.2024;accepted
O006830;L0014355;V030;D013;17.07.2025;11900000;6,73;11098000;E;31.07.2025;rejected
O006831;L0014358;V027;D003;13.02.2025;3700000;6,15;3472000;E;27.02.2025;accepted
O006832;L0014359;V002;D007;20.03.2025;3900000;5,89;3670000;E;03.04.2025;accepted
O006833;L0014360;V014;D004;05.05.2026;12300000;5,02;11682000;H;19.05.2026;rejected
O006834;L0014362;V033;D006;25.08.2026;5400000;6,11;5070000;E;08.09.2026;open
O006835;L0014368;V027;D009;19.01.2026;3700000;3,01;3588000;E;02.02.2026;rejected
O006836;L0014370;V012;D002;05.05.2025;7100000;4,26;6797000;H;19.05.2025;rejected
O006837;L0014371;V014;D004;18.06.2025;12300000;7,21;11413000;E;02.07.2025;rejected
O006838;L0014373;V025;D008;14.03.2026;3050000;3,17;2953000;E;28.03.2026;rejected
O006839;L0014374;V022;D013;13.07.2026;9800000;6,76;9137000;H;27.07.2026;rejected
O006840;L0014375;V027;D002;25.09.2025;3700000;1,61;3640000;E;09.10.2025;rejected
O006841;L0014376;V034;D002;12.11.2025;6100000;7,39;5648000;H;26.11.2025;rejected
O006842;L0014378;V018;D003;05.08.2026;4700000;4,36;4495000;H;19.08.2026;rejected
O006843;L0014381;V027;D009;03.07.2025;3700000;4,21;3544000;E;17.07.2025;rejected
O006844;L0014383;V010;D005;27.04.2026;4600000;3,41;4442000;E;11.05.2026;rejected
O006845;L0014386;V016;D013;24.11.2025;5300000;3,44;5117000;H;08.12.2025;rejected
O006846;L0014389;V010;D002;27.06.2025;4600000;5,41;4351000;E;11.07.2025;rejected
O006847;L0014390;V011;D007;17.02.2026;6400000;0,0;6400000;H;03.03.2026;rejected
O006848;L0014391;V027;D003;10.08.2026;3700000;6,24;3469000;H;24.08.2026;rejected
O006849;L0014392;V023;D005;29.08.2026;15900000;2,15;15558000;H;12.09.2026;expired
O006850;L0014393;V010;D004;27.04.2026;4600000;4,86;4376000;H;11.05.2026;rejected
O006851;L0014394;V033;D004;06.01.2026;5400000;8,78;4926000;E;20.01.2026;rejected
O006852;L0014395;V011;D014;02.12.2025;6400000;5,3;6060000;E;16.12.2025;accepted
O006853;L0014396;V019;D004;23.03.2026;4500000;4,14;;E;06.04.2026;rejected
O006854;L0014397;V032;D003;24.12.2025;6200000;5,74;5844000;H;07.01.2026;accepted
O006855;L0014404;V018;D003;26.01.2026;4700000;2,39;4587000;E;09.02.2026;accepted
O006856;L0014405;V016;D003;31.07.2026;5300000;3,77;5100000;E;14.08.2026;rejected
O006857;L0014406;V014;D005;18.08.2025;12300000;4,9;11697000;H;01.09.2025;rejected
O006858;L0014407;V027;D005;03.10.2024;3700000;3,68;3563000;E;17.10.2024;rejected
O006859;L0014409;V033;D004;21.08.2025;5400000;3,82;5193000;H;04.09.2025;accepted
O006860;L0014412;V024;D010;09.02.2026;2650000;3,39;2560000;E;23.02.2026;accepted
O006861;L0014414;V027;D004;26.09.2025;3700000;1,44;3646000;H;10.10.2025;rejected
O006862;L0014416;V004;D004;04.07.2026;5100000;7,63;4711000;E;18.07.2026;rejected
O006863;L0014421;V018;D010;01.01.2026;4700000;0,39;4681000;H;15.01.2026;rejected
O006864;L0014422;V029;D001;28.10.2025;3300000;6,28;3092000;E;11.11.2025;accepted
O006865;L0014423;V030;D002;08.10.2025;11900000;3,8;11447000;E;22.10.2025;rejected
O006866;L0014427;V031;D005;15.12.2025;10800000;5,91;10161000;E;29.12.2025;rejected
O006867;L0014428;V008;D005;31.01.2026;4200000;4,77;3999000;H;14.02.2026;accepted
O006868;L0014431;V016;D007;11.10.2025;5300000;3,83;5096000;E;25.10.2025;accepted
O006869;L0014436;V024;D001;23.03.2026;2650000;3,75;2550000;H;06.04.2026;rejected
O006870;L0014443;V029;D002;15.07.2026;3300000;0,0;3300000;H;29.07.2026;rejected
O006871;L0014444;V034;D004;17.02.2025;6100000;2,51;5947000;E;03.03.2025;rejected
O006872;L0014446;V014;D008;04.08.2026;12300000;4,11;11794000;H;18.08.2026;rejected
O006873;L0014452;V003;D007;09.06.2026;4650000;4,45;4442000;E;23.06.2026;accepted
O006874;L0014453;V017;D008;14.11.2025;4100000;3,74;3946000;H;28.11.2025;rejected
O006875;L0014454;V005;D007;04.12.2025;6900000;3,07;6688000;E;18.12.2025;rejected
O006876;L0014455;V003;D011;05.12.2025;4650000;6,98;4325000;H;19.12.2025;rejected
O006877;L0014457;V034;D012;09.09.2025;6100000;3,14;5908000;E;23.09.2025;rejected
O006878;L0014460;V025;D013;11.06.2026;3050000;6,2;2860000;H;25.06.2026;rejected
O006879;L0014462;V001;D002;26.05.2026;3450000;6,9;3212000;H;09.06.2026;rejected
O006880;L0014464;V021;D005;17.04.2026;7400000;150,0;6830000;H;01.05.2026;rejected
O006881;L0014465;V015;D008;15.06.2026;16800000;1,69;;H;29.06.2026;rejected
O006882;L0014466;V020;D008;09.05.2026;6600000;4,1;6329000;E;23.05.2026;rejected
O006883;L0014468;V025;D001;03.12.2025;3050000;4,7;2906000;H;17.12.2025;accepted
O006884;L0014470;V025;D001;17.03.2025;3050000;5,49;2882000;H;31.03.2025;accepted
O006885;L0014472;V008;D003;07.05.2026;4200000;4,49;4011000;E;21.05.2026;accepted
O006886;L0014473;V018;D002;16.12.2024;4700000;2,59;4578000;H;30.12.2024;rejected
O006887;L0014474;V032;D004;01.06.2026;6200000;6,54;5794000;H;15.06.2026;accepted
O006888;L0014475;V009;D014;06.03.2025;4900000;0,17;4891000;E;20.03.2025;rejected
O006889;L0014477;V008;D007;21.05.2025;4200000;2,68;4087000;E;04.06.2025;accepted
O006890;L0014478;V017;D002;30.03.2026;4100000;2,22;4008000;E;13.04.2026;accepted
O006891;L0014479;V024;D004;18.05.2026;2650000;4,7;2525000;E;01.06.2026;rejected
O006892;L0014480;V031;D002;09.02.2026;10800000;8,18;9916000;E;23.02.2026;accepted
O006893;L0014484;V028;D008;12.04.2025;4000000;8,06;3677000;H;26.04.2025;rejected
O006894;L0014485;V017;D004;23.04.2025;4100000;10,24;3680000;H;07.05.2025;accepted
O006895;L0014487;V004;D009;11.05.2026;5100000;6,53;4767000;E;25.05.2026;rejected
O006896;L0014490;V005;D009;16.12.2025;6900000;2,17;6750000;E;30.12.2025;rejected
O006897;L0014492;V029;D008;16.04.2025;3300000;2,58;3214000;E;30.04.2025;accepted
O006898;L0014495;V032;D006;16.04.2026;6200000;4,59;5915000;E;30.04.2026;accepted
O006899;L0014496;V015;D001;10.08.2026;16800000;0,53;16710000;H;24.08.2026;open
O006900;L0014499;V010;D002;17.05.2025;4600000;7,3;4264000;E;31.05.2025;accepted
O006901;L0014502;V012;D005;05.01.2026;7100000;9,37;6435000;H;19.01.2026;accepted
O006902;L0014503;V028;D003;10.09.2025;4000000;0,05;3998000;E;24.09.2025;rejected
O006903;L0014506;V020;D003;17.03.2026;6600000;3,39;6376000;E;31.03.2026;rejected
O006904;L0014508;V009;D001;24.08.2026;4900000;2,7;4767000;H;07.09.2026;rejected
O006905;L0014512;V019;D006;16.10.2025;4500000;5,95;4232000;H;30.10.2025;accepted
O006906;L0014513;V029;D001;17.11.2025;3300000;3,94;3169000;H;01.12.2025;accepted
O006907;L0014514;V034;D002;09.12.2025;6100000;8,77;5565000;E;23.12.2025;accepted
O006908;L0014515;V034;D009;25.09.2024;6100000;3,23;5903000;H;09.10.2024;accepted
O006909;L0014517;V003;D007;06.05.2026;4650000;3,8;4473000;H;20.05.2026;rejected
O006910;L0014519;V029;D005;18.06.2025;3300000;7,5;3052000;E;02.07.2025;accepted
O006911;L0014521;V010;D013;24.12.2025;4600000;2,28;4495000;H;07.01.2026;accepted
O006912;L0014522;V028;D007;03.09.2025;4000000;3,83;3846000;E;17.09.2025;rejected
O006913;L0014526;V008;D011;03.04.2026;4200000;5,01;3989000;E;17.04.2026;accepted
O006914;L0014528;V025;D006;09.02.2026;3050000;4,95;2898000;H;23.02.2026;accepted
O006915;L0014532;V013;D004;18.06.2026;11200000;4,15;10734000;E;02.07.2026;accepted
O006916;L0014534;V006;D004;18.02.2026;7800000;6,03;7329000;E;04.03.2026;rejected
O006917;L0014535;V007;D003;06.03.2026;14500000;3,68;13966000;H;20.03.2026;accepted
O006918;L0014536;V028;D005;26.04.2025;4000000;3,57;3857000;E;10.05.2025;rejected
O006919;L0014543;V016;D002;02.06.2025;5300000;1,86;5201000;H;16.06.2025;rejected
O006920;L0014547;V026;D002;16.02.2026;2900000;4,36;2773000;E;02.03.2026;accepted
O006921;L0014551;V038;D004;29.01.2026;22000000;4,69;20967000;H;12.02.2026;rejected
O006922;L0014553;V028;D001;14.11.2024;4000000;4,61;3815000;E;28.11.2024;accepted
O006923;L0014557;V012;D013;03.01.2025;7100000;7,49;6568000;H;17.01.2025;rejected
O006924;L0014560;V019;D001;10.06.2026;4500000;1,66;4425000;E;24.06.2026;rejected
O006925;L0014563;V034;D009;25.07.2026;6100000;3,57;5882000;H;08.08.2026;accepted
O006926;L0014565;V030;D007;22.04.2026;11900000;4,04;11418000;E;06.05.2026;rejected
O006927;L0014567;V017;D002;15.12.2025;4100000;2,73;3987000;H;29.12.2025;accepted
O006928;L0014568;V035;D003;24.12.2025;7900000;0,69;7845000;E;07.01.2026;accepted
O006929;L0014570;V005;D014;26.09.2025;6900000;4,8;6568000;H;10.10.2025;rejected
O006930;L0014571;V036;D002;21.01.2026;14200000;9,85;12801000;H;04.02.2026;rejected
O006931;L0014572;V003;D011;27.07.2026;4650000;3,26;4498000;E;10.08.2026;rejected
O006932;L0014573;V004;D004;24.01.2026;5100000;2,98;4948000;H;07.02.2026;rejected
O006933;L0014577;V024;D008;27.04.2026;2650000;3,39;2560000;H;11.05.2026;rejected
O006934;L0014578;V024;D005;13.10.2025;2650000;2,61;2580000;H;27.10.2025;accepted
O006935;L0014580;V029;D008;05.06.2025;3300000;3,45;3186000;H;19.06.2025;rejected
O006936;L0014581;V001;D010;24.07.2025;3450000;6,39;3229000;E;07.08.2025;rejected
O006937;L0014583;V034;D002;08.03.2025;6100000;7,67;5632000;H;22.03.2025;accepted
O006938;L0014588;V029;D003;06.01.2026;3300000;2,22;3226000;H;20.01.2026;accepted
O006939;L0014590;V029;D002;07.09.2024;3300000;7,61;3048000;H;21.09.2024;rejected
O006940;L0014591;V003;D004;28.04.2026;4650000;4,26;4451000;H;12.05.2026;rejected
O006941;L0014596;V029;D008;04.09.2025;3300000;1,04;3265000;E;18.09.2025;rejected
O006942;L0014597;V033;D005;27.11.2024;5400000;8,03;4966000;H;11.12.2024;rejected
O006943;L0014602;V024;D002;15.05.2025;2650000;7,46;2452000;H;29.05.2025;accepted
O006944;L0014604;V003;D002;14.08.2026;4650000;5,07;4414000;H;28.08.2026;open
O006945;L0014610;V002;D002;17.10.2025;3900000;7,6;3603000;H;31.10.2025;rejected
O006946;L0014611;V001;D013;28.08.2026;3450000;5,79;3250000;H;11.09.2026;open
O006947;L0014612;V008;D004;24.08.2026;4200000;3,22;4064000;E;07.09.2026;open
O006948;L0014613;V018;D005;05.10.2024;4700000;5,07;4461000;E;19.10.2024;rejected
O006949;L0014614;V011;D003;06.06.2026;6400000;10,19;5747000;E;20.06.2026;rejected
O006950;L0014615;V019;D007;05.03.2025;4500000;4,95;4277000;E;19.03.2025;rejected
O006951;L0014618;V032;D004;04.05.2026;6200000;8,22;5690000;H;18.05.2026;accepted
O006952;L0014620;V027;D006;07.05.2026;3700000;8,85;3372000;H;21.05.2026;rejected
O006953;L0014621;V008;D007;07.07.2025;4200000;3,13;4068000;H;21.07.2025;rejected
O006954;L0014623;V025;D013;10.11.2025;3050000;2,43;2975000;H;24.11.2025;rejected
O006955;L0014624;V013;D003;22.06.2026;11200000;7,54;10355000;H;06.07.2026;accepted
O006956;L0014626;V028;D007;03.08.2026;4000000;11,48;3540000;E;17.08.2026;accepted
O006957;L0014629;V013;D001;09.01.2025;11200000;3,15;10847000;H;23.01.2025;rejected
O006958;L0014632;V019;D002;30.04.2026;4500000;5,12;4269000;H;14.05.2026;rejected
O006959;L0014633;V001;D005;20.05.2026;3450000;1,59;3395000;H;03.06.2026;rejected
O006960;L0014637;V027;D009;11.04.2026;3700000;7,42;3425000;H;25.04.2026;rejected
O006961;L0014638;V025;D002;14.12.2024;3050000;2,3;2979000;H;28.12.2024;accepted
O006962;L0014640;V019;D002;04.01.2025;4500000;3,61;4337000;H;18.01.2025;rejected
O006963;L0014642;V015;D006;17.04.2025;16800000;7,53;15534000;H;01.05.2025;rejected
O006964;L0014648;V004;D002;15.05.2025;5100000;7,55;4715000;E;29.05.2025;rejected
O006965;L0014649;V027;D011;01.09.2025;3700000;6,45;3461000;H;15.09.2025;rejected
O006966;L0014651;V019;D004;17.08.2026;4500000;5,17;4267000;E;31.08.2026;rejected
O006967;L0014652;V032;D002;21.02.2026;6200000;0,4;6175000;E;07.03.2026;rejected
O006968;L0014654;V002;D003;09.05.2026;3900000;6,29;3654000;E;23.05.2026;accepted
O006969;L0014656;V028;D006;25.12.2025;4000000;0,18;3992000;H;08.01.2026;accepted
O006970;L0014659;V017;D002;24.03.2026;4100000;8,57;3748000;H;07.04.2026;accepted
O006971;L0014661;V009;D004;03.07.2025;4900000;4,4;4684000;H;17.07.2025;rejected
O006972;L0014663;V026;D006;25.12.2025;2900000;7,96;2669000;H;08.01.2026;rejected
O006973;L0014668;V028;D002;27.07.2026;4000000;4,02;3839000;H;10.08.2026;accepted
O006974;L0014675;V011;D007;17.11.2025;6400000;4,91;6086000;H;01.12.2025;rejected
O006975;L0014677;V037;D014;05.05.2026;17500000;6,27;16403000;H;19.05.2026;rejected
O006976;L0014678;V029;D002;25.10.2025;3300000;5,05;3133000;E;08.11.2025;accepted
O006977;L0014680;V017;D003;23.03.2026;4100000;7,84;3778000;H;06.04.2026;accepted
O006978;L0014682;V030;D008;01.07.2025;11900000;0,0;11900000;H;15.07.2025;rejected
O006979;L0014684;V003;D007;07.04.2026;4650000;2,81;4519000;E;21.04.2026;rejected
O006980;L0014686;V011;D013;21.02.2025;6400000;4,96;6082000;H;07.03.2025;rejected
O006981;L0014687;V012;D014;03.09.2025;7100000;3,69;6838000;E;17.09.2025;rejected
O006982;L0014689;V028;D005;13.10.2025;4000000;2,81;3887000;E;27.10.2025;rejected
O006983;L0014690;V028;D009;01.08.2026;4000000;1,59;3936000;H;15.08.2026;rejected
O006984;L0014691;V008;D005;28.05.2026;4200000;5,08;3986000;E;11.06.2026;rejected
O006985;L0014693;V009;D003;29.07.2025;4900000;4,31;4688000;E;12.08.2025;accepted
O006986;L0014695;V033;D002;10.12.2025;5400000;3,49;5211000;H;24.12.2025;rejected
O006987;L0014696;V011;D007;30.10.2024;6400000;1,25;6319000;H;13.11.2024;accepted
O006988;L0014697;V001;D002;27.03.2025;3450000;2,93;3348000;H;10.04.2025;rejected
O006989;L0014698;V013;D007;02.01.2025;11200000;7,47;10362000;E;16.01.2025;rejected
O006990;L0014699;V016;D001;30.10.2025;5300000;3,38;5120000;E;13.11.2025;rejected
O006991;L0014703;V028;D002;03.12.2025;4000000;2,91;3883000;E;17.12.2025;rejected
O006992;L0014707;V014;D009;02.07.2026;12300000;11,65;10867000;E;16.07.2026;rejected
O006993;L0014712;V029;D009;04.05.2026;3300000;2,82;3207000;H;18.05.2026;rejected
O006994;L0014713;V032;D005;17.12.2024;6200000;3,34;5992000;H;31.12.2024;rejected
O006995;L0014714;V006;D007;16.05.2025;7800000;5,61;7362000;H;30.05.2025;rejected
O006996;L0014715;V005;D009;24.06.2025;6900000;3,78;6638000;E;08.07.2025;rejected
O006997;L0014717;V001;D013;18.09.2024;3450000;5,27;3268000;E;02.10.2024;rejected
O006998;L0014718;V021;D002;18.04.2026;7400000;2,16;7239000;H;02.05.2026;rejected
O006999;L0014719;V019;D002;09.04.2026;4500000;2,18;4401000;E;23.04.2026;rejected
O007000;L0014720;V005;D003;14.10.2025;6900000;6,87;6425000;E;28.10.2025;accepted
O007001;L0014722;V026;D004;28.07.2026;2900000;5,66;;E;11.08.2026;accepted
O007002;L0014726;V012;D008;09.12.2025;7100000;9,2;6446000;E;23.12.2025;accepted
O007003;L0014729;V009;D009;18.06.2026;4900000;2,03;4800000;H;02.07.2026;rejected
O007004;L0014732;V022;D002;22.12.2025;9800000;6,01;9211000;H;05.01.2026;rejected
O007005;L0014734;V001;D003;03.04.2026;3450000;3,56;3327000;H;17.04.2026;rejected
O007006;L0014735;V019;D003;19.12.2025;4500000;0,62;4472000;E;02.01.2026;rejected
O007007;L0014740;V031;D014;01.09.2025;10800000;3,61;10410000;E;15.09.2025;accepted
O007008;L0014741;V001;D002;04.12.2025;3450000;6,31;3232000;E;18.12.2025;rejected
O007009;L0014742;V004;D007;25.06.2026;5100000;3,21;4936000;H;09.07.2026;rejected
O007010;L0014745;V010;D007;25.08.2026;4600000;12,0;4048000;H;08.09.2026;open
O007011;L0014747;V025;D003;09.07.2025;3050000;5,16;2892000;E;23.07.2025;accepted
O007012;L0014751;V013;D003;21.04.2026;11200000;6,97;10419000;E;05.05.2026;rejected
O007013;L0014753;V024;D005;13.07.2026;2650000;3,63;2553000;H;27.07.2026;rejected
O007014;L0014757;V001;D002;15.05.2026;3450000;5,61;3256000;E;29.05.2026;accepted
O007015;L0014760;V022;D009;06.05.2026;9800000;6,18;9194000;H;20.05.2026;rejected
O007016;L0014761;V028;D008;08.06.2026;4000000;0,54;3978000;E;22.06.2026;rejected
O007017;L0014763;V016;D001;29.12.2025;5300000;4,09;5083000;H;12.01.2026;rejected
O007018;L0014764;V025;D006;01.09.2025;3050000;3,1;2955000;E;15.09.2025;accepted
O007019;L0014766;V016;D010;17.11.2025;5300000;2,18;5184000;E;01.12.2025;rejected
O007020;L0014769;V016;D002;22.01.2026;5300000;3,36;5121000;E;05.02.2026;accepted
O007021;L0014772;V019;D004;06.07.2026;4500000;7,34;4169000;H;20.07.2026;accepted
O007022;L0014776;V021;D006;05.05.2026;7400000;8,53;6768000;H;19.05.2026;rejected
O007023;L0014777;V010;D002;02.06.2025;4600000;4,66;4385000;H;16.06.2025;accepted
O007024;L0014778;V032;D002;02.03.2026;6200000;3,71;5969000;E;16.03.2026;rejected
O007025;L0014780;V020;D004;17.03.2025;6600000;2,78;6416000;H;31.03.2025;rejected
O007026;L0014785;V035;D005;17.01.2025;7900000;2,98;7664000;H;31.01.2025;rejected
O007027;L0014787;V011;D007;17.09.2025;6400000;4,74;6096000;E;01.10.2025;accepted
O007028;L0014790;V033;D007;10.08.2026;5400000;3,98;5184000;E;24.08.2026;rejected
O007029;L0014791;V020;D010;11.06.2026;6600000;6,09;6197000;E;25.06.2026;rejected
O007030;L0014792;V032;D009;23.02.2026;6200000;5,1;5883000;E;09.03.2026;rejected
O007031;L0014793;V020;D002;10.04.2026;6600000;5,97;6206000;E;24.04.2026;accepted
O007032;L0014794;V031;D010;20.07.2026;10800000;12,0;9504000;E;03.08.2026;rejected
O007033;L0014795;V023;D001;28.07.2025;15900000;5,08;15093000;E;11.08.2025;rejected
O007034;L0014796;V028;D009;16.10.2025;4000000;4,95;3801000;H;30.10.2025;rejected
O007035;L0014801;V038;D005;06.10.2025;22000000;2,91;21360000;E;20.10.2025;rejected
O007036;L0014803;V008;D008;08.10.2024;4200000;0,35;4185000;H;22.10.2024;rejected
O007037;L0014806;V024;D004;15.09.2025;2650000;0,0;2650000;E;29.09.2025;rejected
O007038;L0014809;V005;D001;17.06.2025;6900000;4,71;6574000;E;01.07.2025;accepted
O007039;L0014811;V034;D002;02.02.2026;6100000;5,28;5778000;H;16.02.2026;accepted
O007040;L0014814;V001;D005;10.04.2026;3450000;0,0;3450000;H;24.04.2026;rejected
O007041;L0014815;V001;D009;09.08.2025;3450000;6,49;3226000;E;23.08.2025;rejected
O007042;L0014820;V019;D005;19.05.2025;4500000;6,65;4200000;H;02.06.2025;rejected
O007043;L0014824;V034;D003;07.02.2025;6100000;6,56;5700000;H;21.02.2025;rejected
O007044;L0014827;V022;D012;04.06.2026;9800000;9,57;8861000;H;18.06.2026;rejected
O007045;L0014828;V027;D003;05.11.2024;3700000;2,42;3610000;E;19.11.2024;accepted
O007046;L0014829;V009;D002;14.04.2026;4900000;4,89;4660000;E;28.04.2026;rejected
O007047;L0014836;V006;D008;09.03.2026;7800000;4,52;7447000;E;23.03.2026;rejected
O007048;L0014838;V008;D002;15.11.2024;4200000;8,02;3863000;H;29.11.2024;accepted
O007049;L0014841;V016;D009;30.05.2025;5300000;1,88;5200000;E;13.06.2025;accepted
O007050;L0014844;V019;D001;11.11.2025;4500000;3,76;4330000;E;25.11.2025;accepted
O007051;L0014845;V003;D001;22.04.2026;4650000;0,45;4628000;E;06.05.2026;accepted
O007052;L0014846;V012;D010;05.06.2025;7100000;8,68;6483000;E;19.06.2025;accepted
O007053;L0014850;V018;D004;26.11.2024;4700000;4,56;4485000;H;10.12.2024;rejected
O007054;L0014856;V032;D001;07.06.2025;6200000;3,24;5999000;E;21.06.2025;rejected
O007055;L0014860;V026;D001;14.01.2025;2900000;0,0;2900000;H;28.01.2025;accepted
O007056;L0014862;V006;D011;13.05.2025;7800000;1,58;7676000;H;27.05.2025;rejected
O007057;L0014864;V012;D007;15.12.2025;7100000;5,66;6698000;E;29.12.2025;accepted
O007058;L0014865;V012;D007;29.01.2026;7100000;4,91;6751000;H;12.02.2026;accepted
O007059;L0014867;V032;D008;28.04.2026;6200000;6,73;5782000;E;12.05.2026;rejected
O007060;L0014872;V009;D004;04.11.2024;4900000;4,89;4660000;E;18.11.2024;rejected
O007061;L0014874;V034;D004;24.09.2024;6100000;8,69;5570000;H;08.10.2024;accepted
O007062;L0014879;V032;D006;30.07.2026;6200000;2,49;6045000;E;13.08.2026;rejected
O007063;L0014880;V021;D001;09.04.2026;7400000;5,53;6990000;E;23.04.2026;rejected
O007064;L0014883;V012;D007;23.03.2026;7100000;1,31;7006000;E;06.04.2026;accepted
O007065;L0014888;V019;D007;14.04.2025;4500000;6,21;4220000;E;28.04.2025;rejected
O007066;L0014889;V018;D001;17.10.2025;4700000;3,49;4535000;H;31.10.2025;accepted
O007067;L0014894;V010;D004;19.05.2025;4600000;3,33;4446000;H;02.06.2025;accepted
O007068;L0014896;V012;D002;09.03.2026;7100000;7,16;6591000;E;23.03.2026;accepted
O007069;L0014897;V021;D007;10.06.2026;7400000;3,67;7128000;H;24.06.2026;rejected
O007070;L0014898;V009;D003;25.08.2025;4900000;3,18;4744000;H;08.09.2025;rejected
O007071;L0014901;V010;D002;03.05.2025;4600000;6,41;4305000;E;17.05.2025;rejected
O007072;L0014903;V001;D008;07.01.2026;3450000;3,61;3325000;H;21.01.2026;accepted
O007073;L0014905;V009;D006;23.12.2024;4900000;5,46;4632000;H;06.01.2025;rejected
O007074;L0014909;V025;D010;09.09.2025;3050000;6,8;2842000;H;23.09.2025;accepted
O007075;L0014911;V019;D009;05.03.2026;4500000;3,65;4335000;H;19.03.2026;rejected
O007076;L0014912;V012;D014;23.02.2026;7100000;4,36;6790000;E;09.03.2026;rejected
O007077;L0014914;V028;D002;06.08.2025;4000000;8,52;3659000;E;20.08.2025;rejected
O007078;L0014917;V009;D002;24.11.2025;4900000;4,3;4689000;H;08.12.2025;rejected
O007079;L0014919;V029;D006;24.08.2026;3300000;3,86;3172000;E;07.09.2026;rejected
O007080;L0014920;V018;D001;25.07.2026;4700000;2,93;4562000;E;08.08.2026;rejected
O007081;L0014921;V008;D011;11.02.2025;4200000;6,31;3934000;H;25.02.2025;rejected
O007082;L0014924;V026;D002;14.05.2026;2900000;0,0;2900000;H;28.05.2026;rejected
O007083;L0014926;V035;D002;23.07.2026;7900000;6,02;7424000;E;06.08.2026;accepted
O007084;L0014927;V029;D001;19.06.2025;3300000;2,44;3219000;H;03.07.2025;rejected
O007085;L0014928;V002;D004;29.05.2026;3900000;0,93;3863000;H;12.06.2026;rejected
O007086;L0014934;V020;D001;17.08.2026;6600000;6,21;6190000;H;31.08.2026;accepted
O007087;L0014939;V020;D001;03.03.2026;6600000;4,55;6299000;E;17.03.2026;rejected
O007088;L0014942;V033;D010;03.11.2025;5400000;6,03;5074000;E;17.11.2025;rejected
O007089;L0014949;V028;D003;04.05.2026;4000000;3,51;3859000;H;18.05.2026;rejected
O007090;L0014950;V002;D002;28.08.2026;3900000;5,76;3675000;H;11.09.2026;expired
O007091;L0014951;V024;D001;19.02.2025;2650000;1,48;2610000;H;05.03.2025;rejected
O007092;L0014953;V010;D002;28.01.2025;4600000;7,29;4264000;H;11.02.2025;rejected
O007093;L0014954;V026;D004;28.08.2026;2900000;4,76;2761000;E;11.09.2026;open
O007094;L0014956;V011;D004;06.12.2025;6400000;5,15;6070000;H;20.12.2025;rejected
O007095;L0014958;V017;D013;13.12.2025;4100000;6,81;3820000;H;27.12.2025;rejected
O007096;L0014960;V002;D013;19.12.2025;3900000;4,87;3710000;H;02.01.2026;rejected
O007097;L0014963;V033;D008;29.01.2026;5400000;1,36;5326000;H;12.02.2026;rejected
O007098;L0014965;V017;D004;06.01.2025;4100000;1,05;4056000;H;20.01.2025;accepted
O007099;L0014966;V035;D013;10.08.2026;7900000;6,55;7382000;E;24.08.2026;accepted
O007100;L0014967;V023;D012;12.09.2025;15900000;9,57;14378000;H;26.09.2025;rejected
O007101;L0014970;V024;D002;27.05.2026;2650000;0,6;2634000;E;10.06.2026;rejected
O007102;L0014971;V017;D001;12.01.2026;4100000;7,19;3805000;H;26.01.2026;rejected
O007103;L0014972;V009;D011;10.04.2026;4900000;6,49;4582000;E;24.04.2026;accepted
O007104;L0014976;V027;D004;05.05.2025;3700000;0,35;3687000;H;19.05.2025;rejected
O007105;L0014979;V020;D001;04.01.2025;6600000;4,51;6302000;E;18.01.2025;accepted
O007106;L0014980;V013;D006;23.08.2025;11200000;6,58;10463000;H;06.09.2025;rejected
O007107;L0014982;V020;D002;15.05.2025;6600000;0,75;6550000;H;29.05.2025;accepted
O007108;L0014985;V015;D003;19.02.2026;16800000;5,04;15952000;E;05.03.2026;rejected
O007109;L0014987;V014;D003;02.10.2024;12300000;6,64;11482000;H;16.10.2024;rejected
O007110;L0014988;V004;D007;01.12.2025;5100000;1,91;5002000;H;15.12.2025;rejected
O007111;L0014990;V034;D014;15.11.2025;6100000;3,77;5869000;E;29.11.2025;accepted
O007112;L0014994;V035;D007;28.11.2024;7900000;1,73;7763000;H;12.12.2024;rejected
O007113;L0014995;V006;D001;23.07.2025;7800000;5,27;7388000;H;06.08.2025;rejected
O007114;L0014996;V017;D002;31.07.2026;4100000;0,0;4100000;H;14.08.2026;rejected
